theta,phi,lambda,flags,z4_dev,A_disc,B_disc,A_det,B_det,circulant_err
0.9553166181,0.7853981634,0.4,mobius_z4|circulant_match,1.3450487289265206e-05,3.9999999999408837,3.9999999999408837,1.9999999999999998,1.9999999999999998,0.0
0.05,1.1362830906,5.3498731204,circulant_match,1.323831442916169e-13,4.880085451328432,4.880085451328428,2.0000000000000004,1.9999999999999998,0.0
0.05,0.9190264725,5.3498731204,circulant_match,9.983715658101297e-14,4.823061197958667,4.823061197958668,1.9999999999999998,2.0,0.0
0.7017698543,0.9190264725,0.05,circulant_match,7.044726106794863e-14,3.9958445115188033,3.9958445115188033,2.0000000000000004,2.0000000000000004,0.0
0.7017698543,0.9190264725,6.2331853072,circulant_match,6.305998978694486e-14,3.9958445115188033,3.9958445115188033,2.0000000000000004,2.0000000000000004,0.0
0.7017698543,0.9190264725,3.583248747,circulant_match,4.544732904141015e-14,3.9958445115188033,3.9958445115188033,2.0000000000000004,2.0000000000000004,0.0
0.9653166181,0.7903981634,0.403,circulant_match,3.937599689350057e-14,4.048725187792686,4.048725187792685,2.0,1.9999999999999996,0.0
0.7017698543,0.9190264725,2.6999365602,circulant_match,2.914203267236168e-14,3.9958445115188033,3.9958445115188033,2.0000000000000004,2.0000000000000004,0.0
0.7017698543,0.9190264725,5.3498731204,circulant_match,2.692605570269597e-14,3.9958445115188033,3.9958445115188033,2.0000000000000004,2.0000000000000004,0.0
0.05,0.4845132362,5.3498731204,circulant_match,2.5938621214166617e-14,4.736597457273504,4.736597457273504,2.0,2.0,0.0
0.9653166181,0.7953981634,0.41,circulant_match,1.6705813273385438e-14,4.068866375145579,4.06886637514558,1.9999999999999996,1.9999999999999998,0.0
0.7017698543,0.9190264725,0.9333121867,circulant_match,1.5974581633810142e-14,3.9958445115188033,3.9958445115188033,2.0000000000000004,2.0000000000000004,0.0
0.7017698543,0.9190264725,1.8166243735,circulant_match,1.4500741035693413e-14,3.9958445115188033,3.9958445115188033,2.0000000000000004,2.0000000000000004,0.0
0.9753166181,0.8053981634,0.42,circulant_match,1.3802979191555656e-14,4.138859231467225,4.138859231467225,1.9999999999999993,1.9999999999999993,0.0
0.9353166181,0.7753981634,0.394,circulant_match,1.2682809978676727e-14,3.9052520852771577,3.905252085277157,1.9999999999999998,1.9999999999999996,0.0
0.9253166181,0.7553981634,0.37,circulant_match,1.2127884439125666e-14,3.8007151494896245,3.8007151494896263,2.0,2.0000000000000004,0.0
0.9453166181,0.7753981634,0.39,circulant_match,1.1175816212225643e-14,3.93231635059953,3.932316350599529,1.9999999999999998,1.9999999999999996,0.0
0.9753166181,0.7953981634,0.406,circulant_match,1.0894337445702242e-14,4.098312848257388,4.098312848257386,2.0000000000000004,2.0,0.0
0.05,0.7017698543,5.3498731204,circulant_match,1.0695084443661336e-14,4.774394518025229,4.774394518025229,2.0,1.9999999999999998,0.0
0.2672566181,1.1362830906,5.3498731204,circulant_match,1.0480881692492569e-14,4.528794406659628,4.52879440665963,1.9999999999999996,1.9999999999999998,0.0
0.2672566181,0.9190264725,5.3498731204,circulant_match,1.037806173935944e-14,4.2052011791148365,4.205201179114837,1.9999999999999993,1.9999999999999996,0.0
1.0053166181,0.8103981634,0.415,circulant_match,9.739636741317752e-15,4.251953577524406,4.2519535775244055,1.9999999999999996,1.9999999999999993,0.0
0.05,1.1362830906,2.6999365602,circulant_match,9.600059397877365e-15,4.880085451328432,4.880085451328428,2.0000000000000004,1.9999999999999998,0.0
0.05,1.5707963268,5.3498731204,circulant_match,9.128167018299422e-15,5.007493752084489,5.007493752084487,2.0,1.9999999999999996,0.0
0.2672566181,1.1362830906,2.6999365602,circulant_match,8.992977828545382e-15,4.528794406659628,4.52879440665963,1.9999999999999996,1.9999999999999998,0.0
0.05,1.3535397087,5.3498731204,circulant_match,8.888720382515246e-15,4.942587832011045,4.942587832011044,2.0,1.9999999999999998,0.0
1.1362830906,2.4398227992,4.4665609337,circulant_match,8.644112981583505e-15,7.778431276914343,7.7784312769143416,1.9999999999999993,1.9999999999999991,0.0
0.9253166181,0.7703981634,0.391,circulant_match,8.353275540596474e-15,3.859285452648237,3.859285452648236,1.9999999999999998,1.9999999999999996,0.0
0.9053166181,0.7603981634,0.385,circulant_match,8.34515588764179e-15,3.770302605266731,3.7703026052667328,1.9999999999999991,1.9999999999999996,0.0
0.05,2.8743360355,5.3498731204,circulant_match,7.893716934925325e-15,5.289390322669395,5.289390322669396,1.9999999999999996,1.9999999999999998,0.0
0.9853166181,0.8003981634,0.409,circulant_match,7.444291678311382e-15,4.1487335340588505,4.14873353405885,1.9999999999999998,1.9999999999999996,0.0
1.5707963268,0.05,0.05,circulant_match,7.132750926740045e-15,5.007493752113543,5.007493752113542,2.0,1.9999999999999998,0.0
0.2672566181,0.9190264725,2.6999365602,circulant_match,6.841172296658325e-15,4.2052011791148365,4.205201179114837,1.9999999999999993,1.9999999999999996,0.0
0.2672566181,0.9190264725,1.8166243735,circulant_match,6.8168055347189735e-15,4.2052011791148365,4.205201179114837,1.9999999999999993,1.9999999999999996,0.0
0.9353166181,0.7653981634,0.38,circulant_match,5.8716000160507385e-15,3.8658702699313707,3.8658702699313716,1.9999999999999998,2.0,0.0
0.05,0.9190264725,1.8166243735,circulant_match,5.512120354514498e-15,4.823061197958667,4.823061197958668,1.9999999999999998,2.0,0.0
0.05,2.4398227992,5.3498731204,circulant_match,5.417387826669829e-15,5.231851690077294,5.231851690077294,1.9999999999999998,1.9999999999999998,0.0
0.9453166181,0.7803981634,0.397,circulant_match,5.2192291704247925e-15,3.9521661864561413,3.9521661864561404,2.0,1.9999999999999998,0.0
0.05,1.1362830906,1.8166243735,circulant_match,5.1034043367087296e-15,4.880085451328432,4.880085451328428,2.0000000000000004,1.9999999999999998,0.0
1.5707963268,0.05,5.3498731204,circulant_match,5.085257766256917e-15,5.007493752113543,5.007493752113542,2.0,1.9999999999999998,0.0
0.05,2.6570794174,5.3498731204,circulant_match,5.026748538604307e-15,5.266654064429904,5.266654064429904,2.0,2.0,0.0
1.5707963268,0.05,4.4665609337,circulant_match,4.868869119156276e-15,5.007493752113543,5.007493752113542,2.0,1.9999999999999998,0.0
1.5707963268,0.05,3.583248747,circulant_match,4.765237078709019e-15,5.007493752113543,5.007493752113542,2.0,1.9999999999999998,0.0
0.4845132362,0.9190264725,2.6999365602,circulant_match,4.751962059186864e-15,3.9112521536959637,3.911252153695962,2.0,1.9999999999999996,0.0
0.2672566181,1.1362830906,1.8166243735,circulant_match,4.47545209131181e-15,4.528794406659628,4.52879440665963,1.9999999999999996,1.9999999999999998,0.0
0.7017698543,2.2225661811,1.8166243735,circulant_match,4.39205126597841e-15,7.584621507481588,7.584621507481588,2.0,2.0,0.0
0.4845132362,0.9190264725,5.3498731204,circulant_match,4.324172596470543e-15,3.9112521536959637,3.911252153695962,2.0,1.9999999999999996,0.0
1.5707963268,0.05,1.8166243735,circulant_match,4.324172596470543e-15,5.007493752113543,5.007493752113542,2.0,1.9999999999999998,0.0
0.2672566181,0.7017698543,5.3498731204,circulant_match,4.2276033262255756e-15,3.9200582868361007,3.9200582868361007,2.0,2.0,0.0
1.1362830906,0.7017698543,3.583248747,circulant_match,4.119810118670014e-15,4.278997635649401,4.278997635649402,1.9999999999999998,2.0,0.0
0.2672566181,0.4845132362,5.3498731204,circulant_match,3.911074787101517e-15,3.6930251967205807,3.6930251967205825,1.9999999999999993,1.9999999999999998,0.0
0.05,0.2672566181,5.3498731204,circulant_match,3.723801229870909e-15,4.711654930604949,4.711654930604947,2.0,1.9999999999999998,0.0
0.9153166181,0.7653981634,0.388,circulant_match,3.6299369564111875e-15,3.814293445666528,3.814293445666528,2.0,2.0,0.0
0.2672566181,1.7880529449,5.3498731204,circulant_match,3.602669438238049e-15,5.528924091354396,5.528924091354396,2.0,2.0,0.0
0.2672566181,0.9190264725,6.2331853072,circulant_match,3.374899952755061e-15,4.2052011791148365,4.205201179114837,1.9999999999999993,1.9999999999999996,0.0
0.2672566181,1.5707963268,5.3498731204,circulant_match,3.261317043637671e-15,5.209224950741129,5.20922495074113,1.9999999999999998,2.0,0.0
1.3535397087,3.0915926536,3.583248747,circulant_match,3.1401849173675502e-15,6.268474029090266,6.268474029090266,1.9999999999999996,1.9999999999999998,0.0
1.5707963268,0.05,6.2331853072,circulant_match,3.112970120408428e-15,5.007493752113543,5.007493752113542,2.0,1.9999999999999998,0.0
0.4845132362,1.1362830906,5.3498731204,circulant_match,2.9310728916085627e-15,4.494448644752417,4.494448644752417,1.9999999999999998,2.0,0.0
0.9190264725,0.9190264725,0.05,circulant_match,2.780549076845816e-15,4.443256773681414,4.443256773681414,2.0,2.0,0.0
0.2672566181,0.9190264725,0.05,circulant_match,2.6252505225196554e-15,4.2052011791148365,4.205201179114837,1.9999999999999993,1.9999999999999996,0.0
1.5707963268,0.05,0.9333121867,circulant_match,2.488113585276671e-15,5.007493752113543,5.007493752113542,2.0,1.9999999999999998,0.0
0.9190264725,0.9190264725,5.3498731204,circulant_match,2.374845942191531e-15,4.443256773681414,4.443256773681414,2.0,2.0,0.0
1.1362830906,0.7017698543,0.9333121867,circulant_match,2.3525204118543076e-15,4.278997635649401,4.278997635649402,1.9999999999999998,2.0,0.0
1.1362830906,2.8743360355,0.9333121867,circulant_match,2.3461261221551412e-15,7.381913247641297,7.381913247641297,1.9999999999999998,1.9999999999999998,0.0
0.9190264725,2.2225661811,1.8166243735,circulant_match,2.3188782643185826e-15,7.953615036004992,7.953615036004992,2.0000000000000004,2.0000000000000004,0.0
1.1362830906,0.7017698543,6.2331853072,circulant_match,2.2965537556748906e-15,4.278997635649401,4.278997635649402,1.9999999999999998,2.0,0.0
0.2672566181,1.3535397087,5.3498731204,circulant_match,2.248030287623391e-15,4.870083594590866,4.870083594590866,1.9999999999999998,1.9999999999999998,0.0
0.2672566181,0.4845132362,2.6999365602,circulant_match,2.237726045655905e-15,3.6930251967205807,3.6930251967205825,1.9999999999999993,1.9999999999999998,0.0
0.05,3.0915926536,5.3498731204,circulant_match,2.2037297810228127e-15,5.299144671389987,5.299144671389987,1.9999999999999996,1.9999999999999996,0.0
1.3535397087,0.2672566181,0.05,circulant_match,2.1828308872686455e-15,3.9814315171926875,3.9814315171926857,1.9999999999999998,1.9999999999999993,0.0
0.2672566181,0.7017698543,2.6999365602,circulant_match,2.1812421540521875e-15,3.9200582868361007,3.9200582868361007,2.0,2.0,0.0
0.05,0.4845132362,1.8166243735,circulant_match,2.1355566272775288e-15,4.736597457273504,4.736597457273504,2.0,2.0,0.0
0.2672566181,1.1362830906,0.05,circulant_match,2.06083980778777e-15,4.528794406659628,4.52879440665963,1.9999999999999996,1.9999999999999998,0.0
1.3535397087,0.2672566181,4.4665609337,circulant_match,2.0539125955565396e-15,3.9814315171926875,3.9814315171926857,1.9999999999999998,1.9999999999999993,0.0
0.05,1.1362830906,0.05,circulant_match,2.0013416855710288e-15,4.880085451328432,4.880085451328428,2.0000000000000004,1.9999999999999998,0.0
0.2672566181,1.1362830906,6.2331853072,circulant_match,1.9929972195927004e-15,4.528794406659628,4.52879440665963,1.9999999999999996,1.9999999999999998,0.0
0.2672566181,3.0915926536,5.3498731204,circulant_match,1.9860273225978185e-15,6.526879385475335,6.526879385475335,1.9999999999999998,1.9999999999999998,0.0
0.9190264725,0.9190264725,2.6999365602,circulant_match,1.976695897494813e-15,4.443256773681414,4.443256773681414,2.0,2.0,0.0
0.05,1.1362830906,6.2331853072,circulant_match,1.968574870557028e-15,4.880085451328432,4.880085451328428,2.0000000000000004,1.9999999999999998,0.0
0.05,1.3535397087,1.8166243735,circulant_match,1.9389211565826713e-15,4.942587832011045,4.942587832011044,2.0,1.9999999999999998,0.0
0.2672566181,0.7017698543,1.8166243735,circulant_match,1.831026719408895e-15,3.9200582868361007,3.9200582868361007,2.0,2.0,0.0
0.9190264725,2.6570794174,4.4665609337,circulant_match,1.790180836524724e-15,7.971823817611665,7.971823817611664,2.0,1.9999999999999998,0.0
0.9190264725,0.4845132362,3.583248747,circulant_match,1.787596980229968e-15,2.850902460794493,2.850902460794493,2.0,2.0,0.0
0.2672566181,0.2672566181,5.3498731204,circulant_match,1.787596980229968e-15,3.540579972215216,3.540579972215216,1.9999999999999996,1.9999999999999996,0.0
1.3535397087,0.2672566181,3.583248747,circulant_match,1.7798229048217483e-15,3.9814315171926875,3.9814315171926857,1.9999999999999998,1.9999999999999993,0.0
0.2672566181,0.4845132362,1.8166243735,circulant_match,1.7422013638940487e-15,3.6930251967205807,3.6930251967205825,1.9999999999999993,1.9999999999999998,0.0
1.3535397087,3.0915926536,0.9333121867,circulant_match,1.7235296186091125e-15,6.268474029090266,6.268474029090266,1.9999999999999996,1.9999999999999998,0.0
0.2672566181,3.0915926536,1.8166243735,circulant_match,1.7105745714547284e-15,6.526879385475335,6.526879385475335,1.9999999999999998,1.9999999999999998,0.0
1.3535397087,0.2672566181,6.2331853072,circulant_match,1.7028447152542777e-15,3.9814315171926875,3.9814315171926857,1.9999999999999998,1.9999999999999993,0.0
1.1362830906,0.4845132362,3.583248747,circulant_match,1.6946818973100072e-15,3.5081062376804306,3.5081062376804306,2.0,2.0,0.0
1.3535397087,0.4845132362,6.2331853072,circulant_match,1.683965335188277e-15,4.503058158244439,4.503058158244439,1.9999999999999998,1.9999999999999998,0.0
0.9190264725,0.4845132362,6.2331853072,circulant_match,1.680072297996111e-15,2.850902460794493,2.850902460794493,2.0,2.0,0.0
0.4845132362,1.1362830906,1.8166243735,circulant_match,1.6565800849211523e-15,4.494448644752417,4.494448644752417,1.9999999999999998,2.0,0.0
0.4845132362,1.1362830906,2.6999365602,circulant_match,1.6504651808933464e-15,4.494448644752417,4.494448644752417,1.9999999999999998,2.0,0.0
1.3535397087,0.4845132362,0.9333121867,circulant_match,1.6504651808933464e-15,4.503058158244439,4.503058158244439,1.9999999999999998,1.9999999999999998,0.0
1.1362830906,2.8743360355,4.4665609337,circulant_match,1.64912634795863e-15,7.381913247641297,7.381913247641297,1.9999999999999998,1.9999999999999998,0.0
0.9190264725,0.7017698543,0.9333121867,circulant_match,1.577923392343183e-15,3.5804669480442985,3.5804669480442985,2.0,2.0,0.0
0.05,2.005309563,5.3498731204,circulant_match,1.5765191382383304e-15,5.132246044813915,5.132246044813915,2.0,2.0,0.0
0.05,0.9190264725,6.2331853072,circulant_match,1.5598935989314924e-15,4.823061197958667,4.823061197958668,1.9999999999999998,2.0,0.0
0.9190264725,0.9190264725,3.583248747,circulant_match,1.5423711185402538e-15,4.443256773681414,4.443256773681414,2.0,2.0,0.0
0.2672566181,0.2672566181,1.8166243735,circulant_match,1.535362579956271e-15,3.540579972215216,3.540579972215216,1.9999999999999996,1.9999999999999996,0.0
1.1362830906,0.7017698543,0.05,circulant_match,1.5029073952766851e-15,4.278997635649401,4.278997635649402,1.9999999999999998,2.0,0.0
1.1362830906,2.8743360355,3.583248747,circulant_match,1.4936523181711914e-15,7.381913247641297,7.381913247641297,1.9999999999999998,1.9999999999999998,0.0
0.9190264725,0.9190264725,6.2331853072,circulant_match,1.4890678778930882e-15,4.443256773681414,4.443256773681414,2.0,2.0,0.0
0.2672566181,0.2672566181,2.6999365602,circulant_match,1.457101633618084e-15,3.540579972215216,3.540579972215216,1.9999999999999996,1.9999999999999996,0.0
0.2672566181,2.6570794174,5.3498731204,circulant_match,1.4475537224895361e-15,6.397757025646699,6.3977570256466985,1.9999999999999998,1.9999999999999996,0.0
1.1362830906,0.7017698543,4.4665609337,circulant_match,1.4432899320127035e-15,4.278997635649401,4.278997635649402,1.9999999999999998,2.0,0.0
0.9190264725,2.4398227992,4.4665609337,circulant_match,1.4432899320127035e-15,7.999999070944548,7.999999070944547,1.9999999999999998,1.9999999999999996,0.0
0.2672566181,0.4845132362,0.05,circulant_match,1.4400838045461713e-15,3.6930251967205807,3.6930251967205825,1.9999999999999993,1.9999999999999998,0.0
0.9190264725,0.7017698543,2.6999365602,circulant_match,1.4130832128153975e-15,3.5804669480442985,3.5804669480442985,2.0,2.0,0.0
0.05,2.2225661811,5.3498731204,circulant_match,1.4054300946555646e-15,5.1864115524720384,5.18641155247204,2.0,2.0000000000000004,0.0
1.1362830906,0.7017698543,2.6999365602,circulant_match,1.4043333874306805e-15,4.278997635649401,4.278997635649402,1.9999999999999998,2.0,0.0
0.05,3.0915926536,1.8166243735,circulant_match,1.4010381148703524e-15,5.299144671389987,5.299144671389987,1.9999999999999996,1.9999999999999996,0.0
0.4845132362,0.9190264725,0.05,circulant_match,1.3668035872266427e-15,3.9112521536959637,3.911252153695962,2.0,1.9999999999999996,0.0
1.1362830906,2.6570794174,0.9333121867,circulant_match,1.355199909595506e-15,7.5629075088348525,7.5629075088348525,1.9999999999999998,1.9999999999999998,0.0
1.1362830906,3.0915926536,3.583248747,circulant_match,1.3414875847488985e-15,7.294404922026191,7.2944049220261915,1.9999999999999998,2.0,0.0
0.2672566181,2.2225661811,5.3498731204,circulant_match,1.3409850070281778e-15,6.05927724501992,6.05927724501992,1.9999999999999996,1.9999999999999996,0.0
0.05,0.9190264725,0.05,circulant_match,1.3334236103572998e-15,4.823061197958667,4.823061197958668,1.9999999999999998,2.0,0.0
0.7017698543,0.4845132362,2.6999365602,circulant_match,1.3321411332914424e-15,2.653588067811121,2.6535880678111203,2.0,1.9999999999999998,0.0
0.05,2.8743360355,1.8166243735,circulant_match,1.324147507406233e-15,5.289390322669395,5.289390322669396,1.9999999999999996,1.9999999999999998,0.0
0.2672566181,0.7017698543,0.05,circulant_match,1.2994827337208943e-15,3.9200582868361007,3.9200582868361007,2.0,2.0,0.0
0.2672566181,0.7017698543,6.2331853072,circulant_match,1.2947314098277875e-15,3.9200582868361007,3.9200582868361007,2.0,2.0,0.0
0.7017698543,1.1362830906,2.6999365602,circulant_match,1.2947314098277875e-15,4.783431321185793,4.783431321185793,2.0,2.0,0.0
1.5707963268,0.05,2.6999365602,circulant_match,1.2947314098277875e-15,5.007493752113543,5.007493752113542,2.0,1.9999999999999998,0.0
1.1362830906,2.6570794174,4.4665609337,circulant_match,1.279243008089485e-15,7.5629075088348525,7.5629075088348525,1.9999999999999998,1.9999999999999998,0.0
0.2672566181,0.4845132362,6.2331853072,circulant_match,1.2658490090568385e-15,3.6930251967205807,3.6930251967205825,1.9999999999999993,1.9999999999999998,0.0
0.9190264725,3.0915926536,0.9333121867,circulant_match,1.2539255187600815e-15,7.8946173019961385,7.894617301996138,2.0,1.9999999999999998,0.0
1.3535397087,0.4845132362,0.05,circulant_match,1.2523886564118045e-15,4.503058158244439,4.503058158244439,1.9999999999999998,1.9999999999999998,0.0
1.1362830906,0.2672566181,0.9333121867,circulant_match,1.2412670766236366e-15,2.9623811250133327,2.9623811250133327,1.9999999999999998,1.9999999999999998,0.0
0.4845132362,1.7880529449,5.3498731204,circulant_match,1.2262814116578437e-15,6.153666637746959,6.153666637746959,1.9999999999999996,1.9999999999999996,0.0
1.3535397087,0.2672566181,0.9333121867,circulant_match,1.224080674111502e-15,3.9814315171926875,3.9814315171926857,1.9999999999999998,1.9999999999999993,0.0
0.2672566181,2.4398227992,5.3498731204,circulant_match,1.2212453270876722e-15,6.254335337482051,6.254335337482052,1.9999999999999998,2.0,0.0
0.9190264725,0.4845132362,0.05,circulant_match,1.2008898127460164e-15,2.850902460794493,2.850902460794493,2.0,2.0,0.0
0.7017698543,0.7017698543,0.05,circulant_match,1.2008898127460164e-15,3.261938788241898,3.261938788241898,1.9999999999999998,1.9999999999999998,0.0
1.3535397087,0.2672566181,1.8166243735,circulant_match,1.2008898127460164e-15,3.9814315171926875,3.9814315171926857,1.9999999999999998,1.9999999999999993,0.0
0.9190264725,0.4845132362,0.9333121867,circulant_match,1.1957467920563633e-15,2.850902460794493,2.850902460794493,2.0,2.0,0.0
0.9953166181,0.8053981634,0.412,circulant_match,1.1957467920563633e-15,4.199957271095043,4.199957271095041,1.9999999999999996,1.9999999999999993,0.0
0.0,0.0,0.5235987756,circulant_match,nan,5.0,5.0,1.9999999999999998,1.9999999999999998,0.0
0.05,0.05,5.3498731204,circulant_match,1.609823385706477e-15,4.700892766157013,4.70089276615701,2.0000000000000004,1.9999999999999998,0.0
0.05,0.05,1.8166243735,circulant_match,1.2959208739370123e-15,4.700892766157013,4.70089276615701,2.0000000000000004,1.9999999999999998,0.0
1.1362830906,0.4845132362,6.2331853072,circulant_match,1.1866928732135989e-15,3.5081062376804306,3.5081062376804306,2.0,2.0,0.0
1.3535397087,3.0915926536,4.4665609337,circulant_match,1.1866928732135989e-15,6.268474029090266,6.268474029090266,1.9999999999999996,1.9999999999999998,0.0
0.05,1.1362830906,3.583248747,circulant_match,1.1857187100668868e-15,4.880085451328432,4.880085451328428,2.0000000000000004,1.9999999999999998,0.0
1.1362830906,2.005309563,1.8166243735,circulant_match,1.1801832636420706e-15,7.995409226361925,7.995409226361927,1.9999999999999993,1.9999999999999998,0.0
1.1362830906,2.8743360355,0.05,circulant_match,1.1778964011900897e-15,7.381913247641297,7.381913247641297,1.9999999999999998,1.9999999999999998,0.0
1.1362830906,0.4845132362,0.05,circulant_match,1.1620938331323894e-15,3.5081062376804306,3.5081062376804306,2.0,2.0,0.0
0.7017698543,2.4398227992,1.8166243735,circulant_match,1.1594391321592913e-15,7.780199897249221,7.780199897249224,1.9999999999999998,2.0000000000000004,0.0
0.7017698543,0.4845132362,3.583248747,circulant_match,1.1499898520492853e-15,2.653588067811121,2.6535880678111203,2.0,1.9999999999999998,0.0
0.4845132362,0.9190264725,6.2331853072,circulant_match,1.1379786002407855e-15,3.9112521536959637,3.911252153695962,2.0,1.9999999999999996,0.0
1.3535397087,0.4845132362,4.4665609337,circulant_match,1.0934428697813141e-15,4.503058158244439,4.503058158244439,1.9999999999999998,1.9999999999999998,0.0
0.9190264725,0.2672566181,3.583248747,circulant_match,1.0881460057406233e-15,2.3414641628758526,2.3414641628758526,1.9999999999999998,1.9999999999999998,0.0
1.1362830906,0.4845132362,2.6999365602,circulant_match,1.0681389886409907e-15,3.5081062376804306,3.5081062376804306,2.0,2.0,0.0
1.3535397087,0.4845132362,3.583248747,circulant_match,1.066334393690002e-15,4.503058158244439,4.503058158244439,1.9999999999999998,1.9999999999999998,0.0
0.05,0.4845132362,2.6999365602,circulant_match,1.0532500405730103e-15,4.736597457273504,4.736597457273504,2.0,2.0,0.0
0.2672566181,2.4398227992,1.8166243735,circulant_match,1.0532500405730103e-15,6.254335337482051,6.254335337482052,1.9999999999999998,2.0,0.0
0.05,0.9190264725,2.6999365602,circulant_match,1.0506869391606444e-15,4.823061197958667,4.823061197958668,1.9999999999999998,2.0,0.0
0.7017698543,1.3535397087,5.3498731204,circulant_match,1.0448048107080504e-15,5.554561241514556,5.554561241514556,2.0,2.0,0.0
0.7017698543,1.1362830906,6.2331853072,circulant_match,1.0235750533041806e-15,4.783431321185793,4.783431321185793,2.0,2.0,0.0
1.5707963268,0.2672566181,0.05,circulant_match,1.0235750533041806e-15,5.209224950762865,5.209224950762865,2.0,2.0,0.0
1.3535397087,3.0915926536,1.8166243735,circulant_match,1.0235750533041806e-15,6.268474029090266,6.268474029090266,1.9999999999999996,1.9999999999999998,0.0
1.3535397087,2.005309563,1.8166243735,circulant_match,1.0235750533041806e-15,7.8853141090681715,7.885314109068171,1.9999999999999996,1.9999999999999993,0.0
0.2672566181,0.4845132362,3.583248747,circulant_match,9.964986097963502e-16,3.6930251967205807,3.6930251967205825,1.9999999999999993,1.9999999999999998,0.0
0.2672566181,3.0915926536,6.2331853072,circulant_match,9.930136612989092e-16,6.526879385475335,6.526879385475335,1.9999999999999998,1.9999999999999998,0.0
0.4845132362,2.4398227992,1.8166243735,circulant_match,9.930136612989092e-16,7.159883405123187,7.159883405123187,1.9999999999999998,1.9999999999999998,0.0
1.1362830906,3.0915926536,0.9333121867,circulant_match,9.930136612989092e-16,7.294404922026191,7.2944049220261915,1.9999999999999998,2.0,0.0
0.4845132362,0.9190264725,1.8166243735,circulant_match,9.820925191391734e-16,3.9112521536959637,3.911252153695962,2.0,1.9999999999999996,0.0
1.3535397087,2.6570794174,0.9333121867,circulant_match,9.77990265100482e-16,6.73815503177017,6.73815503177017,1.9999999999999998,1.9999999999999998,0.0
0.4845132362,2.6570794174,1.8166243735,circulant_match,9.682678848994769e-16,7.3295668909707405,7.329566890970742,1.9999999999999993,2.0,0.0
0.9190264725,0.2672566181,0.9333121867,circulant_match,9.550499576785472e-16,2.3414641628758526,2.3414641628758526,1.9999999999999998,1.9999999999999998,0.0
1.1362830906,0.2672566181,3.583248747,circulant_match,9.485749680535094e-16,2.9623811250133327,2.9623811250133327,1.9999999999999998,1.9999999999999998,0.0
1.3535397087,2.8743360355,4.4665609337,circulant_match,9.485749680535094e-16,6.41757616872677,6.41757616872677,1.9999999999999996,1.9999999999999993,0.0
1.1362830906,2.8743360355,5.3498731204,circulant_match,9.485749680535094e-16,7.381913247641297,7.381913247641297,1.9999999999999998,1.9999999999999998,0.0
0.7017698543,2.8743360355,4.4665609337,circulant_match,9.485749680535094e-16,7.940315653341599,7.940315653341598,1.9999999999999996,1.9999999999999993,0.0
1.1362830906,0.9190264725,0.05,circulant_match,9.42055475210265e-16,5.17033742649849,5.17033742649849,2.0,2.0,0.0
0.7017698543,0.4845132362,0.05,circulant_match,9.155133597044475e-16,2.653588067811121,2.6535880678111203,2.0,1.9999999999999998,0.0
0.2672566181,0.2672566181,0.05,circulant_match,9.155133597044475e-16,3.540579972215216,3.540579972215216,1.9999999999999996,1.9999999999999996,0.0
1.3535397087,0.7017698543,6.2331853072,circulant_match,9.155133597044475e-16,5.227709009686446,5.227709009686446,2.0,2.0,0.0
0.7017698543,3.0915926536,4.4665609337,circulant_match,9.155133597044475e-16,7.957561772728355,7.957561772728357,1.9999999999999993,1.9999999999999998,0.0
0.7017698543,3.0915926536,3.583248747,circulant_match,9.104505742017336e-16,7.957561772728355,7.957561772728357,1.9999999999999993,1.9999999999999998,0.0
0.7017698543,0.2672566181,2.6999365602,circulant_match,9.036560719766055e-16,2.234077971048092,2.23407797104809,1.9999999999999998,1.9999999999999993,0.0
1.1362830906,3.0915926536,4.4665609337,circulant_match,8.968100940422724e-16,7.294404922026191,7.2944049220261915,1.9999999999999998,2.0,0.0
0.05,1.3535397087,2.6999365602,circulant_match,8.959775382615402e-16,4.942587832011045,4.942587832011044,2.0,1.9999999999999998,0.0
0.9190264725,0.2672566181,0.05,circulant_match,8.95090418262362e-16,2.3414641628758526,2.3414641628758526,1.9999999999999998,1.9999999999999998,0.0
0.4845132362,1.5707963268,5.3498731204,circulant_match,8.95090418262362e-16,5.650846531773672,5.650846531773672,1.9999999999999998,1.9999999999999998,0.0
0.7017698543,2.8743360355,0.9333121867,circulant_match,8.95090418262362e-16,7.940315653341599,7.940315653341598,1.9999999999999996,1.9999999999999993,0.0
0.9190264725,2.4398227992,1.8166243735,circulant_match,8.95090418262362e-16,7.999999070944548,7.999999070944547,1.9999999999999998,1.9999999999999996,0.0
1.1362830906,2.2225661811,1.8166243735,circulant_match,8.851374477315529e-16,7.94987730857621,7.94987730857621,2.0,2.0,0.0
0.7017698543,3.0915926536,5.3498731204,circulant_match,8.673617379884035e-16,7.957561772728355,7.957561772728357,1.9999999999999993,1.9999999999999998,0.0
0.7017698543,0.7017698543,3.583248747,circulant_match,8.671119018262734e-16,3.261938788241898,3.261938788241898,1.9999999999999998,1.9999999999999998,0.0
0.2672566181,0.2672566181,6.2331853072,circulant_match,8.671119018262734e-16,3.540579972215216,3.540579972215216,1.9999999999999996,1.9999999999999996,0.0
0.9190264725,0.7017698543,6.2331853072,circulant_match,8.671119018262734e-16,3.5804669480442985,3.5804669480442985,2.0,2.0,0.0
0.05,1.5707963268,1.8166243735,circulant_match,8.671119018262734e-16,5.007493752084489,5.007493752084487,2.0,1.9999999999999996,0.0
1.5707963268,0.2672566181,4.4665609337,circulant_match,8.671119018262734e-16,5.209224950762865,5.209224950762865,2.0,2.0,0.0
1.1362830906,3.0915926536,1.8166243735,circulant_match,8.671119018262734e-16,7.294404922026191,7.2944049220261915,1.9999999999999998,2.0,0.0
0.2672566181,0.2672566181,3.583248747,circulant_match,8.617648093045562e-16,3.540579972215216,3.540579972215216,1.9999999999999996,1.9999999999999996,0.0
0.7017698543,3.0915926536,0.9333121867,circulant_match,8.582937747229195e-16,7.957561772728355,7.957561772728357,1.9999999999999993,1.9999999999999998,0.0
0.2672566181,1.3535397087,1.8166243735,circulant_match,8.455206652451151e-16,4.870083594590866,4.870083594590866,1.9999999999999998,1.9999999999999998,0.0
1.1362830906,2.8743360355,1.8166243735,circulant_match,8.455206652451151e-16,7.381913247641297,7.381913247641297,1.9999999999999998,1.9999999999999998,0.0
1.3535397087,2.8743360355,3.583248747,circulant_match,8.349770295452321e-16,6.41757616872677,6.41757616872677,1.9999999999999996,1.9999999999999993,0.0
0.7017698543,0.2672566181,0.05,circulant_match,8.326672684688674e-16,2.234077971048092,2.23407797104809,1.9999999999999998,1.9999999999999993,0.0
1.3535397087,0.2672566181,5.3498731204,circulant_match,8.326672684688674e-16,3.9814315171926875,3.9814315171926857,1.9999999999999998,1.9999999999999993,0.0
1.1362830906,2.8743360355,2.6999365602,circulant_match,8.326672684688674e-16,7.381913247641297,7.381913247641297,1.9999999999999998,1.9999999999999998,0.0
0.9190264725,3.0915926536,0.05,circulant_match,8.326672684688674e-16,7.8946173019961385,7.894617301996138,2.0,1.9999999999999998,0.0
1.1362830906,1.1362830906,0.05,circulant_match,8.252325904466732e-16,6.066443374053507,6.066443374053508,1.9999999999999998,2.0,0.0
0.4845132362,0.2672566181,3.583248747,circulant_match,8.08254562088053e-16,2.6601802600233144,2.6601802600233135,2.0,1.9999999999999998,0.0
1.1362830906,0.2672566181,6.2331853072,circulant_match,8.08254562088053e-16,2.9623811250133327,2.9623811250133327,1.9999999999999998,1.9999999999999998,0.0
0.2672566181,0.9190264725,3.583248747,circulant_match,8.08254562088053e-16,4.2052011791148365,4.205201179114837,1.9999999999999993,1.9999999999999996,0.0
0.7017698543,3.0915926536,6.2331853072,circulant_match,8.08254562088053e-16,7.957561772728355,7.957561772728357,1.9999999999999993,1.9999999999999998,0.0
0.4845132362,0.2672566181,2.6999365602,circulant_match,8.005932084973442e-16,2.6601802600233144,2.6601802600233135,2.0,1.9999999999999998,0.0
0.7017698543,0.7017698543,5.3498731204,circulant_match,8.005932084973442e-16,3.261938788241898,3.261938788241898,1.9999999999999998,1.9999999999999998,0.0
0.9190264725,1.1362830906,6.2331853072,circulant_match,8.005932084973442e-16,5.342035041789086,5.342035041789088,2.0,2.0000000000000004,0.0
0.7017698543,1.5707963268,2.6999365602,circulant_match,8.005932084973442e-16,6.250283179270039,6.250283179270038,2.0,1.9999999999999998,0.0
1.3535397087,2.8743360355,6.2331853072,circulant_match,8.005932084973442e-16,6.41757616872677,6.41757616872677,1.9999999999999996,1.9999999999999993,0.0
1.1362830906,3.0915926536,6.2331853072,circulant_match,8.005932084973442e-16,7.294404922026191,7.2944049220261915,1.9999999999999998,2.0,0.0
1.1362830906,2.6570794174,6.2331853072,circulant_match,8.005932084973442e-16,7.5629075088348525,7.5629075088348525,1.9999999999999998,1.9999999999999998,0.0
0.7017698543,0.2672566181,3.583248747,circulant_match,7.947987303456224e-16,2.234077971048092,2.23407797104809,1.9999999999999998,1.9999999999999993,0.0
0.7017698543,0.2672566181,6.2331853072,circulant_match,7.850462293418876e-16,2.234077971048092,2.23407797104809,1.9999999999999998,1.9999999999999993,0.0
0.7017698543,0.4845132362,6.2331853072,circulant_match,7.850462293418876e-16,2.653588067811121,2.6535880678111203,2.0,1.9999999999999998,0.0
0.05,0.7017698543,1.8166243735,circulant_match,7.850462293418876e-16,4.774394518025229,4.774394518025229,2.0,1.9999999999999998,0.0
0.2672566181,1.5707963268,1.8166243735,circulant_match,7.850462293418876e-16,5.209224950741129,5.20922495074113,1.9999999999999998,2.0,0.0
1.3535397087,3.0915926536,0.05,circulant_match,7.850462293418876e-16,6.268474029090266,6.268474029090266,1.9999999999999996,1.9999999999999998,0.0
1.1362830906,3.0915926536,0.05,circulant_match,7.850462293418876e-16,7.294404922026191,7.2944049220261915,1.9999999999999998,2.0,0.0
0.4845132362,1.3535397087,6.2331853072,circulant_match,7.771561172376096e-16,5.087546552307567,5.087546552307567,1.9999999999999998,1.9999999999999998,0.0
1.1362830906,2.8743360355,6.2331853072,circulant_match,7.713104172907411e-16,7.381913247641297,7.381913247641297,1.9999999999999998,1.9999999999999998,0.0
0.2672566181,0.05,5.3498731204,circulant_match,7.711855592701269e-16,3.4741658677988063,3.4741658677988054,1.9999999999999998,1.9999999999999996,0.0
0.4845132362,0.7017698543,0.05,circulant_match,7.550332863779066e-16,3.382611575415921,3.382611575415922,1.9999999999999996,1.9999999999999998,0.0
1.1362830906,3.0915926536,2.6999365602,circulant_match,7.550332863779066e-16,7.294404922026191,7.2944049220261915,1.9999999999999998,2.0,0.0
1.1362830906,2.4398227992,2.6999365602,circulant_match,7.550332863779066e-16,7.778431276914343,7.7784312769143416,1.9999999999999993,1.9999999999999991,0.0
1.3535397087,2.8743360355,0.9333121867,circulant_match,7.468261590855957e-16,6.41757616872677,6.41757616872677,1.9999999999999996,1.9999999999999993,0.0
1.1362830906,0.05,0.9333121867,circulant_match,7.447602459741819e-16,2.7179265741120933,2.7179265741120915,2.0,1.9999999999999996,0.0
0.4845132362,0.7017698543,1.8166243735,circulant_match,7.447602459741819e-16,3.382611575415921,3.382611575415922,1.9999999999999996,1.9999999999999998,0.0
1.1362830906,1.1362830906,5.3498731204,circulant_match,7.447602459741819e-16,6.066443374053507,6.066443374053508,1.9999999999999998,2.0,0.0
0.2672566181,3.0915926536,4.4665609337,circulant_match,7.447602459741819e-16,6.526879385475335,6.526879385475335,1.9999999999999998,1.9999999999999998,0.0
0.9190264725,1.7880529449,1.8166243735,circulant_match,7.447602459741819e-16,7.431728562240209,7.431728562240209,2.0,2.0,0.0
1.1362830906,2.4398227992,0.05,circulant_match,7.447602459741819e-16,7.778431276914343,7.7784312769143416,1.9999999999999993,1.9999999999999991,0.0
0.7017698543,2.8743360355,5.3498731204,circulant_match,7.447602459741819e-16,7.940315653341599,7.940315653341598,1.9999999999999996,1.9999999999999993,0.0
0.4845132362,1.3535397087,1.8166243735,circulant_match,7.438546047598635e-16,5.087546552307567,5.087546552307567,1.9999999999999998,1.9999999999999998,0.0
0.9190264725,0.7017698543,0.05,circulant_match,7.301351988545593e-16,3.5804669480442985,3.5804669480442985,2.0,2.0,0.0
1.1362830906,2.2225661811,4.4665609337,circulant_match,7.301351988545593e-16,7.94987730857621,7.94987730857621,2.0,2.0,0.0
0.4845132362,0.2672566181,5.3498731204,circulant_match,7.216449660063518e-16,2.6601802600233144,2.6601802600233135,2.0,1.9999999999999998,0.0
0.2672566181,2.8743360355,1.8166243735,circulant_match,7.216449660063518e-16,6.488603414460725,6.488603414460724,1.9999999999999998,1.9999999999999996,0.0
0.7017698543,3.0915926536,0.05,circulant_match,7.200419022730857e-16,7.957561772728355,7.957561772728357,1.9999999999999993,1.9999999999999998,0.0
0.7017698543,0.2672566181,1.8166243735,circulant_match,7.108895957933346e-16,2.234077971048092,2.23407797104809,1.9999999999999998,1.9999999999999993,0.0
0.7017698543,0.4845132362,5.3498731204,circulant_match,7.108895957933346e-16,2.653588067811121,2.6535880678111203,2.0,1.9999999999999998,0.0
0.2672566181,1.1362830906,3.583248747,circulant_match,7.108895957933346e-16,4.528794406659628,4.52879440665963,1.9999999999999996,1.9999999999999998,0.0
1.3535397087,2.8743360355,1.8166243735,circulant_match,7.108895957933346e-16,6.41757616872677,6.41757616872677,1.9999999999999996,1.9999999999999993,0.0
0.4845132362,2.2225661811,1.8166243735,circulant_match,7.108895957933346e-16,6.911474124726052,6.911474124726052,1.9999999999999996,1.9999999999999993,0.0
1.1362830906,2.6570794174,5.3498731204,circulant_match,7.108895957933346e-16,7.5629075088348525,7.5629075088348525,1.9999999999999998,1.9999999999999998,0.0
1.1362830906,2.4398227992,3.583248747,circulant_match,7.108895957933346e-16,7.778431276914343,7.7784312769143416,1.9999999999999993,1.9999999999999991,0.0
0.7017698543,3.0915926536,2.6999365602,circulant_match,7.108895957933346e-16,7.957561772728355,7.957561772728357,1.9999999999999993,1.9999999999999998,0.0
0.9190264725,2.4398227992,0.9333121867,circulant_match,7.108895957933346e-16,7.999999070944548,7.999999070944547,1.9999999999999998,1.9999999999999996,0.0
0.9190264725,0.2672566181,6.2331853072,circulant_match,7.021666937153402e-16,2.3414641628758526,2.3414641628758526,1.9999999999999998,1.9999999999999998,0.0
0.4845132362,0.4845132362,0.05,circulant_match,7.021666937153402e-16,2.9528339143057973,2.9528339143057982,1.9999999999999998,2.0,0.0
0.4845132362,0.4845132362,6.2331853072,circulant_match,7.021666937153402e-16,2.9528339143057973,2.9528339143057982,1.9999999999999998,2.0,0.0
0.05,0.2672566181,1.8166243735,circulant_match,7.021666937153402e-16,4.711654930604949,4.711654930604947,2.0,1.9999999999999998,0.0
1.5707963268,0.2672566181,0.9333121867,circulant_match,7.021666937153402e-16,5.209224950762865,5.209224950762865,2.0,2.0,0.0
1.5707963268,0.2672566181,3.583248747,circulant_match,7.021666937153402e-16,5.209224950762865,5.209224950762865,2.0,2.0,0.0
0.9190264725,3.0915926536,4.4665609337,circulant_match,7.021666937153402e-16,7.8946173019961385,7.894617301996138,2.0,1.9999999999999998,0.0
0.4845132362,0.05,5.3498731204,circulant_match,6.955527313080394e-16,2.531711409594239,2.531711409594241,1.9999999999999993,1.9999999999999998,0.0
1.3535397087,3.0915926536,6.2331853072,circulant_match,6.955527313080394e-16,6.268474029090266,6.268474029090266,1.9999999999999996,1.9999999999999998,0.0
0.2672566181,0.7017698543,3.583248747,circulant_match,6.834017936133214e-16,3.9200582868361007,3.9200582868361007,2.0,2.0,0.0
1.1362830906,0.4845132362,0.9333121867,circulant_match,6.77599954797753e-16,3.5081062376804306,3.5081062376804306,2.0,2.0,0.0
0.2672566181,0.9190264725,4.4665609337,circulant_match,6.77599954797753e-16,4.2052011791148365,4.205201179114837,1.9999999999999993,1.9999999999999996,0.0
0.7017698543,1.1362830906,3.583248747,circulant_match,6.77599954797753e-16,4.783431321185793,4.783431321185793,2.0,2.0,0.0
0.4845132362,0.2672566181,0.05,circulant_match,6.753223014464259e-16,2.6601802600233144,2.6601802600233135,2.0,1.9999999999999998,0.0
1.1362830906,0.2672566181,4.4665609337,circulant_match,6.753223014464259e-16,2.9623811250133327,2.9623811250133327,1.9999999999999998,1.9999999999999998,0.0
0.7017698543,0.7017698543,2.6999365602,circulant_match,6.753223014464259e-16,3.261938788241898,3.261938788241898,1.9999999999999998,1.9999999999999998,0.0
1.1362830906,1.7880529449,5.3498731204,circulant_match,6.753223014464259e-16,7.847520290318001,7.847520290317999,2.0000000000000004,2.0,0.0
0.05,2.4398227992,1.8166243735,circulant_match,6.730727086790012e-16,5.231851690077294,5.231851690077294,1.9999999999999998,1.9999999999999998,0.0
0.9190264725,0.2672566181,5.3498731204,circulant_match,6.713178136967714e-16,2.3414641628758526,2.3414641628758526,1.9999999999999998,1.9999999999999998,0.0
0.9190264725,1.1362830906,1.8166243735,circulant_match,6.684427777288335e-16,5.342035041789086,5.342035041789088,2.0,2.0000000000000004,0.0
0.7017698543,2.6570794174,1.8166243735,circulant_match,6.684427777288335e-16,7.888906912817261,7.88890691281726,2.0,1.9999999999999998,0.0
1.3535397087,1.1362830906,6.2331853072,circulant_match,6.667118051786499e-16,6.822025119721008,6.822025119721008,1.9999999999999998,1.9999999999999998,0.0
0.05,3.0915926536,2.6999365602,circulant_match,6.661338147750939e-16,5.299144671389987,5.299144671389987,1.9999999999999996,1.9999999999999996,0.0
0.2672566181,2.4398227992,0.05,circulant_match,6.661338147750939e-16,6.254335337482051,6.254335337482052,1.9999999999999998,2.0,0.0
0.4845132362,2.8743360355,1.8166243735,circulant_match,6.661338147750939e-16,7.430601962341745,7.430601962341744,2.0,1.9999999999999998,0.0
0.05,2.2225661811,1.8166243735,circulant_match,6.616372694756687e-16,5.1864115524720384,5.18641155247204,2.0,2.0000000000000004,0.0
0.2672566181,2.005309563,5.3498731204,circulant_match,6.497413668604471e-16,5.815499966014178,5.815499966014178,2.0,2.0,0.0
1.1362830906,3.0915926536,5.3498731204,circulant_match,6.497413668604471e-16,7.294404922026191,7.2944049220261915,1.9999999999999998,2.0,0.0
0.7017698543,0.05,3.583248747,circulant_match,6.473657049138938e-16,2.0486844353911,2.048684435391098,2.0,1.9999999999999996,0.0
1.1362830906,0.2672566181,0.05,circulant_match,6.473657049138938e-16,2.9623811250133327,2.9623811250133327,1.9999999999999998,1.9999999999999998,0.0
1.3535397087,0.9190264725,0.05,circulant_match,6.473657049138938e-16,6.04195862119465,6.041958621194652,1.9999999999999998,2.0000000000000004,0.0
1.3535397087,3.0915926536,2.6999365602,circulant_match,6.473657049138938e-16,6.268474029090266,6.268474029090266,1.9999999999999996,1.9999999999999998,0.0
1.3535397087,3.0915926536,5.3498731204,circulant_match,6.473657049138938e-16,6.268474029090266,6.268474029090266,1.9999999999999996,1.9999999999999998,0.0
0.2672566181,2.6570794174,2.6999365602,circulant_match,6.473657049138938e-16,6.397757025646699,6.3977570256466985,1.9999999999999998,1.9999999999999996,0.0
0.4845132362,2.005309563,5.3498731204,circulant_match,6.473657049138938e-16,6.576565101790565,6.576565101790565,1.9999999999999998,1.9999999999999998,0.0
1.1362830906,1.7880529449,0.9333121867,circulant_match,6.473657049138938e-16,7.847520290318001,7.847520290317999,2.0000000000000004,2.0,0.0
0.7017698543,2.8743360355,6.2331853072,circulant_match,6.473657049138938e-16,7.940315653341599,7.940315653341598,1.9999999999999996,1.9999999999999993,0.0
0.7017698543,2.8743360355,3.583248747,circulant_match,6.464818906931443e-16,7.940315653341599,7.940315653341598,1.9999999999999996,1.9999999999999993,0.0
1.3535397087,0.05,0.05,circulant_match,6.38378239159465e-16,3.7458171186270928,3.7458171186270928,2.0,2.0,0.0
1.1362830906,2.6570794174,3.583248747,circulant_match,6.342923343242401e-16,7.5629075088348525,7.5629075088348525,1.9999999999999998,1.9999999999999998,0.0
0.7017698543,0.7017698543,6.2331853072,circulant_match,6.280369834735101e-16,3.261938788241898,3.261938788241898,1.9999999999999998,1.9999999999999998,0.0
0.2672566181,0.4845132362,0.9333121867,circulant_match,6.280369834735101e-16,3.6930251967205807,3.6930251967205825,1.9999999999999993,1.9999999999999998,0.0
1.5707963268,0.2672566181,1.8166243735,circulant_match,6.280369834735101e-16,5.209224950762865,5.209224950762865,2.0,2.0,0.0
0.9190264725,2.6570794174,3.583248747,circulant_match,6.280369834735101e-16,7.971823817611665,7.971823817611664,2.0,1.9999999999999998,0.0
0.7017698543,0.2672566181,5.3498731204,circulant_match,6.206335383118183e-16,2.234077971048092,2.23407797104809,1.9999999999999998,1.9999999999999993,0.0
0.4845132362,0.2672566181,4.4665609337,circulant_match,6.206335383118183e-16,2.6601802600233144,2.6601802600233135,2.0,1.9999999999999998,0.0
0.7017698543,2.8743360355,0.05,circulant_match,6.206335383118183e-16,7.940315653341599,7.940315653341598,1.9999999999999996,1.9999999999999993,0.0
0.9190264725,2.4398227992,5.3498731204,circulant_match,6.206335383118183e-16,7.999999070944548,7.999999070944547,1.9999999999999998,1.9999999999999996,0.0
0.9190264725,2.6570794174,2.6999365602,circulant_match,6.054184931159057e-16,7.971823817611665,7.971823817611664,2.0,1.9999999999999998,0.0
0.7017698543,0.4845132362,4.4665609337,circulant_match,6.004449063730082e-16,2.653588067811121,2.6535880678111203,2.0,1.9999999999999998,0.0
0.9190264725,0.4845132362,5.3498731204,circulant_match,5.978733960281817e-16,2.850902460794493,2.850902460794493,2.0,2.0,0.0
0.4845132362,0.7017698543,2.6999365602,circulant_match,5.978733960281817e-16,3.382611575415921,3.382611575415922,1.9999999999999996,1.9999999999999998,0.0
1.1362830906,1.1362830906,6.2331853072,circulant_match,5.978733960281817e-16,6.066443374053507,6.066443374053508,1.9999999999999998,2.0,0.0
1.1362830906,2.4398227992,6.2331853072,circulant_match,5.978733960281817e-16,7.778431276914343,7.7784312769143416,1.9999999999999993,1.9999999999999991,0.0
0.9190264725,3.0915926536,6.2331853072,circulant_match,5.978733960281817e-16,7.8946173019961385,7.894617301996138,2.0,1.9999999999999998,0.0
0.9190264725,2.8743360355,0.9333121867,circulant_match,5.978733960281817e-16,7.923014261246503,7.923014261246505,1.9999999999999996,2.0,0.0
0.7017698543,3.0915926536,1.8166243735,circulant_match,5.978733960281817e-16,7.957561772728355,7.957561772728357,1.9999999999999993,1.9999999999999998,0.0
0.4845132362,2.6570794174,5.3498731204,circulant_match,5.933464366067994e-16,7.3295668909707405,7.329566890970742,1.9999999999999993,2.0,0.0
0.9190264725,0.4845132362,4.4665609337,circulant_match,5.900916318210353e-16,2.850902460794493,2.850902460794493,2.0,2.0,0.0
0.4845132362,0.4845132362,2.6999365602,circulant_match,5.797195660796456e-16,2.9528339143057973,2.9528339143057982,1.9999999999999998,2.0,0.0
0.2672566181,2.005309563,1.8166243735,circulant_match,5.79553433516819e-16,5.815499966014178,5.815499966014178,2.0,2.0,0.0
1.3535397087,0.05,2.6999365602,circulant_match,5.757191532588119e-16,3.7458171186270928,3.7458171186270928,2.0,2.0,0.0
0.9190264725,2.4398227992,2.6999365602,circulant_match,5.747251712989117e-16,7.999999070944548,7.999999070944547,1.9999999999999998,1.9999999999999996,0.0
0.7017698543,0.05,0.9333121867,circulant_match,5.721958498152797e-16,2.0486844353911,2.048684435391098,2.0,1.9999999999999996,0.0
1.3535397087,0.9190264725,3.583248747,circulant_match,5.721958498152797e-16,6.04195862119465,6.041958621194652,1.9999999999999998,2.0000000000000004,0.0
1.3535397087,1.3535397087,4.4665609337,circulant_match,5.689893001203927e-16,7.4554799653028105,7.45547996530281,1.9999999999999998,1.9999999999999996,0.0
0.9190264725,2.6570794174,0.9333121867,circulant_match,5.662749647834299e-16,7.971823817611665,7.971823817611664,2.0,1.9999999999999998,0.0
0.4845132362,0.4845132362,0.9333121867,circulant_match,5.661048867003676e-16,2.9528339143057973,2.9528339143057982,1.9999999999999998,2.0,0.0
0.4845132362,0.7017698543,5.3498731204,circulant_match,5.661048867003676e-16,3.382611575415921,3.382611575415922,1.9999999999999996,1.9999999999999998,0.0
0.9190264725,0.7017698543,3.583248747,circulant_match,5.661048867003676e-16,3.5804669480442985,3.5804669480442985,2.0,2.0,0.0
1.1362830906,2.6570794174,1.8166243735,circulant_match,5.661048867003676e-16,7.5629075088348525,7.5629075088348525,1.9999999999999998,1.9999999999999998,0.0
0.7017698543,1.3535397087,2.6999365602,circulant_match,5.593023969348752e-16,5.554561241514556,5.554561241514556,2.0,2.0,0.0
0.2672566181,1.1362830906,4.4665609337,circulant_match,5.578801654593729e-16,4.528794406659628,4.52879440665963,1.9999999999999996,1.9999999999999998,0.0
1.3535397087,0.4845132362,1.8166243735,circulant_match,5.552443111940229e-16,4.503058158244439,4.503058158244439,1.9999999999999998,1.9999999999999998,0.0
0.7017698543,0.2672566181,0.9333121867,circulant_match,5.551115123125783e-16,2.234077971048092,2.23407797104809,1.9999999999999998,1.9999999999999993,0.0
0.4845132362,0.05,1.8166243735,circulant_match,5.551115123125783e-16,2.531711409594239,2.531711409594241,1.9999999999999993,1.9999999999999998,0.0
0.7017698543,0.4845132362,0.9333121867,circulant_match,5.551115123125783e-16,2.653588067811121,2.6535880678111203,2.0,1.9999999999999998,0.0
0.4845132362,0.7017698543,6.2331853072,circulant_match,5.551115123125783e-16,3.382611575415921,3.382611575415922,1.9999999999999996,1.9999999999999998,0.0
0.2672566181,0.2672566181,0.9333121867,circulant_match,5.551115123125783e-16,3.540579972215216,3.540579972215216,1.9999999999999996,1.9999999999999996,0.0
0.2672566181,0.7017698543,0.9333121867,circulant_match,5.551115123125783e-16,3.9200582868361007,3.9200582868361007,2.0,2.0,0.0
0.05,0.4845132362,0.05,circulant_match,5.551115123125783e-16,4.736597457273504,4.736597457273504,2.0,2.0,0.0
0.05,1.7880529449,5.3498731204,circulant_match,5.551115123125783e-16,5.071703315711537,5.071703315711538,1.9999999999999996,1.9999999999999998,0.0
0.2672566181,2.6570794174,6.2331853072,circulant_match,5.551115123125783e-16,6.397757025646699,6.3977570256466985,1.9999999999999998,1.9999999999999996,0.0
0.4845132362,2.6570794174,6.2331853072,circulant_match,5.551115123125783e-16,7.3295668909707405,7.329566890970742,1.9999999999999993,2.0,0.0
1.3535397087,2.2225661811,1.8166243735,circulant_match,5.551115123125783e-16,7.574102981620596,7.5741029816205945,2.0000000000000004,2.0,0.0
1.1362830906,2.005309563,3.583248747,circulant_match,5.551115123125783e-16,7.995409226361925,7.995409226361927,1.9999999999999993,1.9999999999999998,0.0
0.4845132362,1.1362830906,6.2331853072,circulant_match,5.4672143489065705e-16,4.494448644752417,4.494448644752417,1.9999999999999998,2.0,0.0
0.9190264725,1.3535397087,2.6999365602,circulant_match,5.33167196845001e-16,6.184333040613641,6.184333040613641,2.0,2.0,0.0
0.2672566181,1.3535397087,0.05,circulant_match,5.23691153334427e-16,4.870083594590866,4.870083594590866,1.9999999999999998,1.9999999999999998,0.0
0.4845132362,3.0915926536,0.05,circulant_match,5.23691153334427e-16,7.471540112108405,7.471540112108404,2.0,1.9999999999999998,0.0
0.9190264725,2.4398227992,6.2331853072,circulant_match,5.224024053540252e-16,7.999999070944548,7.999999070944547,1.9999999999999998,1.9999999999999996,0.0
0.9190264725,0.2672566181,4.4665609337,circulant_match,5.214799211354908e-16,2.3414641628758526,2.3414641628758526,1.9999999999999998,1.9999999999999998,0.0
0.9190264725,0.2672566181,2.6999365602,circulant_match,5.117875266520903e-16,2.3414641628758526,2.3414641628758526,1.9999999999999998,1.9999999999999998,0.0
0.4845132362,0.4845132362,5.3498731204,circulant_match,5.117875266520903e-16,2.9528339143057973,2.9528339143057982,1.9999999999999998,2.0,0.0
1.1362830906,2.4398227992,5.3498731204,circulant_match,5.117875266520903e-16,7.778431276914343,7.7784312769143416,1.9999999999999993,1.9999999999999991,0.0
0.7017698543,2.8743360355,1.8166243735,circulant_match,5.117875266520903e-16,7.940315653341599,7.940315653341598,1.9999999999999996,1.9999999999999993,0.0
0.9190264725,0.2672566181,1.8166243735,circulant_match,4.965068306494546e-16,2.3414641628758526,2.3414641628758526,1.9999999999999998,1.9999999999999998,0.0
0.7017698543,0.4845132362,1.8166243735,circulant_match,4.965068306494546e-16,2.653588067811121,2.6535880678111203,2.0,1.9999999999999998,0.0
0.2672566181,0.05,0.05,circulant_match,4.965068306494546e-16,3.4741658677988063,3.4741658677988054,1.9999999999999998,1.9999999999999996,0.0
0.2672566181,0.2672566181,4.4665609337,circulant_match,4.965068306494546e-16,3.540579972215216,3.540579972215216,1.9999999999999996,1.9999999999999996,0.0
0.2672566181,0.4845132362,4.4665609337,circulant_match,4.965068306494546e-16,3.6930251967205807,3.6930251967205825,1.9999999999999993,1.9999999999999998,0.0
0.9190264725,0.9190264725,0.9333121867,circulant_match,4.965068306494546e-16,4.443256773681414,4.443256773681414,2.0,2.0,0.0
1.3535397087,0.7017698543,3.583248747,circulant_match,4.965068306494546e-16,5.227709009686446,5.227709009686446,2.0,2.0,0.0
0.2672566181,2.6570794174,1.8166243735,circulant_match,4.965068306494546e-16,6.397757025646699,6.3977570256466985,1.9999999999999998,1.9999999999999996,0.0
1.3535397087,2.8743360355,0.05,circulant_match,4.965068306494546e-16,6.41757616872677,6.41757616872677,1.9999999999999996,1.9999999999999993,0.0
0.2672566181,3.0915926536,0.05,circulant_match,4.965068306494546e-16,6.526879385475335,6.526879385475335,1.9999999999999998,1.9999999999999998,0.0
0.4845132362,2.2225661811,5.3498731204,circulant_match,4.965068306494546e-16,6.911474124726052,6.911474124726052,1.9999999999999996,1.9999999999999993,0.0
0.4845132362,2.8743360355,2.6999365602,circulant_match,4.965068306494546e-16,7.430601962341745,7.430601962341744,2.0,1.9999999999999998,0.0
1.1362830906,2.6570794174,0.05,circulant_match,4.965068306494546e-16,7.5629075088348525,7.5629075088348525,1.9999999999999998,1.9999999999999998,0.0
1.1362830906,2.4398227992,0.9333121867,circulant_match,4.965068306494546e-16,7.778431276914343,7.7784312769143416,1.9999999999999993,1.9999999999999991,0.0
1.3535397087,2.005309563,5.3498731204,circulant_match,4.965068306494546e-16,7.8853141090681715,7.885314109068171,1.9999999999999996,1.9999999999999993,0.0
0.7017698543,2.6570794174,0.05,circulant_match,4.965068306494546e-16,7.888906912817261,7.88890691281726,2.0,1.9999999999999998,0.0
0.9190264725,3.0915926536,3.583248747,circulant_match,4.965068306494546e-16,7.8946173019961385,7.894617301996138,2.0,1.9999999999999998,0.0
0.9190264725,2.6570794174,1.8166243735,circulant_match,4.965068306494546e-16,7.971823817611665,7.971823817611664,2.0,1.9999999999999998,0.0
1.3535397087,1.7880529449,2.6999365602,circulant_match,4.965068306494546e-16,7.999922973923238,7.999922973923237,1.9999999999999998,1.9999999999999996,0.0
0.05,0.4845132362,6.2331853072,circulant_match,4.910462595695867e-16,4.736597457273504,4.736597457273504,2.0,2.0,0.0
0.4845132362,0.7017698543,3.583248747,circulant_match,4.847302891456678e-16,3.382611575415921,3.382611575415922,1.9999999999999996,1.9999999999999998,0.0
1.1362830906,0.05,6.2331853072,circulant_match,4.742874840267547e-16,2.7179265741120933,2.7179265741120915,2.0,1.9999999999999996,0.0
0.05,2.8743360355,6.2331853072,circulant_match,4.742874840267547e-16,5.289390322669395,5.289390322669396,1.9999999999999996,1.9999999999999998,0.0
1.5707963268,0.7017698543,6.2331853072,circulant_match,4.742874840267547e-16,6.250283179278329,6.250283179278327,2.0000000000000004,2.0,0.0
0.7017698543,1.7880529449,5.3498731204,circulant_match,4.742874840267547e-16,6.829822630339064,6.829822630339065,1.9999999999999996,1.9999999999999998,0.0
0.4845132362,2.8743360355,5.3498731204,circulant_match,4.718447854656915e-16,7.430601962341745,7.430601962341744,2.0,1.9999999999999998,0.0
1.1362830906,2.005309563,6.2331853072,circulant_match,4.718447854656915e-16,7.995409226361925,7.995409226361927,1.9999999999999993,1.9999999999999998,0.0
0.7017698543,2.4398227992,5.3498731204,circulant_match,4.712321323804737e-16,7.780199897249221,7.780199897249224,1.9999999999999998,2.0000000000000004,0.0
0.9190264725,0.05,0.9333121867,circulant_match,4.710277376051325e-16,2.114855448431755,2.114855448431755,2.0,2.0,0.0
0.05,1.7880529449,1.8166243735,circulant_match,4.710277376051325e-16,5.071703315711537,5.071703315711538,1.9999999999999996,1.9999999999999998,0.0
0.4845132362,1.7880529449,2.6999365602,circulant_match,4.710277376051325e-16,6.153666637746959,6.153666637746959,1.9999999999999996,1.9999999999999996,0.0
1.3535397087,2.8743360355,2.6999365602,circulant_match,4.710277376051325e-16,6.41757616872677,6.41757616872677,1.9999999999999996,1.9999999999999993,0.0
1.3535397087,2.4398227992,2.6999365602,circulant_match,4.710277376051325e-16,7.156674862323134,7.156674862323135,1.9999999999999998,2.0,0.0
0.4845132362,2.6570794174,2.6999365602,circulant_match,4.710277376051325e-16,7.3295668909707405,7.329566890970742,1.9999999999999993,2.0,0.0
0.4845132362,2.6570794174,4.4665609337,circulant_match,4.710277376051325e-16,7.3295668909707405,7.329566890970742,1.9999999999999993,2.0,0.0
0.9190264725,2.005309563,4.4665609337,circulant_match,4.710277376051325e-16,7.778179693303329,7.778179693303331,1.9999999999999998,2.0,0.0
0.9190264725,3.0915926536,1.8166243735,circulant_match,4.710277376051325e-16,7.8946173019961385,7.894617301996138,2.0,1.9999999999999998,0.0
0.9190264725,0.05,4.4665609337,circulant_match,4.577566798522237e-16,2.114855448431755,2.114855448431755,2.0,2.0,0.0
0.4845132362,0.2672566181,1.8166243735,circulant_match,4.577566798522237e-16,2.6601802600233144,2.6601802600233135,2.0,1.9999999999999998,0.0
0.4845132362,0.4845132362,1.8166243735,circulant_match,4.577566798522237e-16,2.9528339143057973,2.9528339143057982,1.9999999999999998,2.0,0.0
1.1362830906,0.9190264725,2.6999365602,circulant_match,4.577566798522237e-16,5.17033742649849,5.17033742649849,2.0,2.0,0.0
1.5707963268,0.2672566181,6.2331853072,circulant_match,4.577566798522237e-16,5.209224950762865,5.209224950762865,2.0,2.0,0.0
0.9190264725,1.1362830906,2.6999365602,circulant_match,4.577566798522237e-16,5.342035041789086,5.342035041789088,2.0,2.0000000000000004,0.0
0.2672566181,2.4398227992,6.2331853072,circulant_match,4.577566798522237e-16,6.254335337482051,6.254335337482052,1.9999999999999998,2.0,0.0
1.5707963268,0.9190264725,1.8166243735,circulant_match,4.577566798522237e-16,6.896129667135879,6.896129667135877,1.9999999999999998,1.9999999999999993,0.0
0.7017698543,2.4398227992,0.05,circulant_match,4.577566798522237e-16,7.780199897249221,7.780199897249224,1.9999999999999998,2.0000000000000004,0.0
1.3535397087,2.005309563,6.2331853072,circulant_match,4.577566798522237e-16,7.8853141090681715,7.885314109068171,1.9999999999999996,1.9999999999999993,0.0
0.9190264725,2.8743360355,4.4665609337,circulant_match,4.577566798522237e-16,7.923014261246503,7.923014261246505,1.9999999999999996,2.0,0.0
0.7017698543,2.8743360355,2.6999365602,circulant_match,4.577566798522237e-16,7.940315653341599,7.940315653341598,1.9999999999999996,1.9999999999999993,0.0
0.4845132362,0.05,0.05,circulant_match,4.47545209131181e-16,2.531711409594239,2.531711409594241,1.9999999999999993,1.9999999999999998,0.0
0.4845132362,0.2672566181,0.9333121867,circulant_match,4.47545209131181e-16,2.6601802600233144,2.6601802600233135,2.0,1.9999999999999998,0.0
0.4845132362,0.2672566181,6.2331853072,circulant_match,4.47545209131181e-16,2.6601802600233144,2.6601802600233135,2.0,1.9999999999999998,0.0
1.1362830906,0.05,3.583248747,circulant_match,4.47545209131181e-16,2.7179265741120933,2.7179265741120915,2.0,1.9999999999999996,0.0
0.05,0.9190264725,4.4665609337,circulant_match,4.47545209131181e-16,4.823061197958667,4.823061197958668,1.9999999999999998,2.0,0.0
0.2672566181,1.5707963268,2.6999365602,circulant_match,4.47545209131181e-16,5.209224950741129,5.20922495074113,1.9999999999999998,2.0,0.0
0.2672566181,2.4398227992,2.6999365602,circulant_match,4.47545209131181e-16,6.254335337482051,6.254335337482052,1.9999999999999998,2.0,0.0
0.9190264725,1.7880529449,0.9333121867,circulant_match,4.47545209131181e-16,7.431728562240209,7.431728562240209,2.0,2.0,0.0
0.9190264725,2.6570794174,5.3498731204,circulant_match,4.47545209131181e-16,7.971823817611665,7.971823817611664,2.0,1.9999999999999998,0.0
0.05,0.7017698543,6.2331853072,circulant_match,4.449557262054371e-16,4.774394518025229,4.774394518025229,2.0,1.9999999999999998,0.0
1.1362830906,0.9190264725,3.583248747,circulant_match,4.449557262054371e-16,5.17033742649849,5.17033742649849,2.0,2.0,0.0
1.3535397087,0.05,0.9333121867,circulant_match,4.445768331151997e-16,3.7458171186270928,3.7458171186270928,2.0,2.0,0.0
0.7017698543,0.2672566181,4.4665609337,circulant_match,4.443059973708341e-16,2.234077971048092,2.23407797104809,1.9999999999999998,1.9999999999999993,0.0
1.3535397087,0.05,3.583248747,circulant_match,4.440892098500626e-16,3.7458171186270928,3.7458171186270928,2.0,2.0,0.0
0.4845132362,1.3535397087,0.05,circulant_match,4.440892098500626e-16,5.087546552307567,5.087546552307567,1.9999999999999998,1.9999999999999998,0.0
1.3535397087,0.7017698543,0.9333121867,circulant_match,4.440892098500626e-16,5.227709009686446,5.227709009686446,2.0,2.0,0.0
1.5707963268,0.7017698543,4.4665609337,circulant_match,4.440892098500626e-16,6.250283179278329,6.250283179278327,2.0000000000000004,2.0,0.0
1.5707963268,0.7017698543,5.3498731204,circulant_match,4.440892098500626e-16,6.250283179278329,6.250283179278327,2.0000000000000004,2.0,0.0
0.2672566181,2.6570794174,3.583248747,circulant_match,4.440892098500626e-16,6.397757025646699,6.3977570256466985,1.9999999999999998,1.9999999999999996,0.0
0.2672566181,2.8743360355,3.583248747,circulant_match,4.440892098500626e-16,6.488603414460725,6.488603414460724,1.9999999999999998,1.9999999999999996,0.0
0.7017698543,2.005309563,5.3498731204,circulant_match,4.440892098500626e-16,7.273997591309858,7.273997591309858,2.0,2.0,0.0
1.1362830906,1.1362830906,1.8166243735,circulant_match,4.414283309767472e-16,6.066443374053507,6.066443374053508,1.9999999999999998,2.0,0.0
0.9190264725,0.4845132362,2.6999365602,circulant_match,4.342356256891675e-16,2.850902460794493,2.850902460794493,2.0,2.0,0.0
1.1362830906,0.2672566181,5.3498731204,circulant_match,4.335559509131367e-16,2.9623811250133327,2.9623811250133327,1.9999999999999998,1.9999999999999998,0.0
0.4845132362,0.9190264725,0.9333121867,circulant_match,4.335559509131367e-16,3.9112521536959637,3.911252153695962,2.0,1.9999999999999996,0.0
0.4845132362,1.3535397087,2.6999365602,circulant_match,4.335559509131367e-16,5.087546552307567,5.087546552307567,1.9999999999999998,1.9999999999999998,0.0
0.4845132362,1.3535397087,5.3498731204,circulant_match,4.335559509131367e-16,5.087546552307567,5.087546552307567,1.9999999999999998,1.9999999999999998,0.0
1.1362830906,1.7880529449,3.583248747,circulant_match,4.335559509131367e-16,7.847520290318001,7.847520290317999,2.0000000000000004,2.0,0.0
0.9190264725,2.6570794174,6.2331853072,circulant_match,4.335559509131367e-16,7.971823817611665,7.971823817611664,2.0,1.9999999999999998,0.0
1.1362830906,2.005309563,0.9333121867,circulant_match,4.335559509131367e-16,7.995409226361925,7.995409226361927,1.9999999999999993,1.9999999999999998,0.0
0.9190264725,0.4845132362,1.8166243735,circulant_match,4.308824046522781e-16,2.850902460794493,2.850902460794493,2.0,2.0,0.0
0.4845132362,1.7880529449,1.8166243735,circulant_match,4.3021142204224816e-16,6.153666637746959,6.153666637746959,1.9999999999999996,1.9999999999999996,0.0
0.7017698543,0.05,0.05,circulant_match,4.2480540932182583e-16,2.0486844353911,2.048684435391098,2.0,1.9999999999999996,0.0
0.4845132362,1.1362830906,0.9333121867,circulant_match,4.2480540932182583e-16,4.494448644752417,4.494448644752417,1.9999999999999998,2.0,0.0
0.9190264725,2.2225661811,0.9333121867,circulant_match,4.2480540932182583e-16,7.953615036004992,7.953615036004992,2.0000000000000004,2.0000000000000004,0.0
0.2672566181,3.0915926536,0.9333121867,circulant_match,4.236704743275018e-16,6.526879385475335,6.526879385475335,1.9999999999999998,1.9999999999999998,0.0
0.7017698543,2.4398227992,4.4665609337,circulant_match,4.236704743275018e-16,7.780199897249221,7.780199897249224,1.9999999999999998,2.0000000000000004,0.0
0.05,0.7017698543,0.05,circulant_match,4.1748851477261605e-16,4.774394518025229,4.774394518025229,2.0,1.9999999999999998,0.0
0.4845132362,2.2225661811,3.583248747,circulant_match,4.163336342344337e-16,6.911474124726052,6.911474124726052,1.9999999999999996,1.9999999999999993,0.0
0.4845132362,2.2225661811,6.2331853072,circulant_match,4.163336342344337e-16,6.911474124726052,6.911474124726052,1.9999999999999996,1.9999999999999993,0.0
1.3535397087,2.005309563,3.583248747,circulant_match,4.163336342344337e-16,7.8853141090681715,7.885314109068171,1.9999999999999996,1.9999999999999993,0.0
1.5707963268,0.9190264725,0.05,circulant_match,4.128641872824801e-16,6.896129667135879,6.896129667135877,1.9999999999999998,1.9999999999999993,0.0
0.4845132362,0.05,2.6999365602,circulant_match,4.041272810440265e-16,2.531711409594239,2.531711409594241,1.9999999999999993,1.9999999999999998,0.0
0.7017698543,0.05,5.3498731204,circulant_match,4.022314661866725e-16,2.0486844353911,2.048684435391098,2.0,1.9999999999999996,0.0
0.7017698543,0.05,1.8166243735,circulant_match,4.002966042486721e-16,2.0486844353911,2.048684435391098,2.0,1.9999999999999996,0.0
0.9190264725,0.05,1.8166243735,circulant_match,4.002966042486721e-16,2.114855448431755,2.114855448431755,2.0,2.0,0.0
1.1362830906,0.4845132362,5.3498731204,circulant_match,4.002966042486721e-16,3.5081062376804306,3.5081062376804306,2.0,2.0,0.0
0.7017698543,0.9190264725,4.4665609337,circulant_match,4.002966042486721e-16,3.9958445115188033,3.9958445115188033,2.0000000000000004,2.0000000000000004,0.0
0.2672566181,0.9190264725,0.9333121867,circulant_match,4.002966042486721e-16,4.2052011791148365,4.205201179114837,1.9999999999999993,1.9999999999999996,0.0
0.4845132362,1.1362830906,0.05,circulant_match,4.002966042486721e-16,4.494448644752417,4.494448644752417,1.9999999999999998,2.0,0.0
0.05,0.7017698543,2.6999365602,circulant_match,4.002966042486721e-16,4.774394518025229,4.774394518025229,2.0,1.9999999999999998,0.0
0.9190264725,1.3535397087,1.8166243735,circulant_match,4.002966042486721e-16,6.184333040613641,6.184333040613641,2.0,2.0,0.0
0.2672566181,2.6570794174,0.9333121867,circulant_match,4.002966042486721e-16,6.397757025646699,6.3977570256466985,1.9999999999999998,1.9999999999999996,0.0
1.3535397087,2.8743360355,5.3498731204,circulant_match,4.002966042486721e-16,6.41757616872677,6.41757616872677,1.9999999999999996,1.9999999999999993,0.0
0.2672566181,2.8743360355,6.2331853072,circulant_match,4.002966042486721e-16,6.488603414460725,6.488603414460724,1.9999999999999998,1.9999999999999996,0.0
0.2672566181,3.0915926536,3.583248747,circulant_match,4.002966042486721e-16,6.526879385475335,6.526879385475335,1.9999999999999998,1.9999999999999998,0.0
1.1362830906,1.5707963268,1.8166243735,circulant_match,4.002966042486721e-16,7.46835550532696,7.46835550532696,1.9999999999999996,1.9999999999999996,0.0
1.1362830906,1.7880529449,4.4665609337,circulant_match,4.002966042486721e-16,7.847520290318001,7.847520290317999,2.0000000000000004,2.0,0.0
1.3535397087,1.5707963268,6.2331853072,circulant_match,4.002966042486721e-16,7.860612593287581,7.860612593287581,1.9999999999999998,1.9999999999999998,0.0
0.9190264725,3.0915926536,2.6999365602,circulant_match,4.002966042486721e-16,7.8946173019961385,7.894617301996138,2.0,1.9999999999999998,0.0
1.1362830906,2.005309563,2.6999365602,circulant_match,4.002966042486721e-16,7.995409226361925,7.995409226361927,1.9999999999999993,1.9999999999999998,0.0
0.4845132362,3.0915926536,1.8166243735,circulant_match,3.885780586188048e-16,7.471540112108405,7.471540112108404,2.0,1.9999999999999998,0.0
0.7017698543,2.4398227992,2.6999365602,circulant_match,3.885780586188048e-16,7.780199897249221,7.780199897249224,1.9999999999999998,2.0000000000000004,0.0
0.9190264725,3.0915926536,5.3498731204,circulant_match,3.885780586188048e-16,7.8946173019961385,7.894617301996138,2.0,1.9999999999999998,0.0
0.7017698543,1.5707963268,0.05,circulant_match,3.8559277963506344e-16,6.250283179270039,6.250283179270038,2.0,1.9999999999999998,0.0
1.1362830906,1.5707963268,4.4665609337,circulant_match,3.8559277963506344e-16,7.46835550532696,7.46835550532696,1.9999999999999996,1.9999999999999996,0.0
0.9190264725,2.2225661811,3.583248747,circulant_match,3.787898901196402e-16,7.953615036004992,7.953615036004992,2.0000000000000004,2.0000000000000004,0.0
0.4845132362,0.05,6.2331853072,circulant_match,3.775166431889533e-16,2.531711409594239,2.531711409594241,1.9999999999999993,1.9999999999999998,0.0
1.3535397087,0.9190264725,2.6999365602,circulant_match,3.775166431889533e-16,6.04195862119465,6.041958621194652,1.9999999999999998,2.0000000000000004,0.0
1.1362830906,1.3535397087,6.2331853072,circulant_match,3.775166431889533e-16,6.859818938494017,6.859818938494017,1.9999999999999996,1.9999999999999996,0.0
0.4845132362,2.2225661811,0.05,circulant_match,3.775166431889533e-16,6.911474124726052,6.911474124726052,1.9999999999999996,1.9999999999999993,0.0
1.1362830906,2.4398227992,1.8166243735,circulant_match,3.775166431889533e-16,7.778431276914343,7.7784312769143416,1.9999999999999993,1.9999999999999991,0.0
1.1362830906,2.005309563,5.3498731204,circulant_match,3.775166431889533e-16,7.995409226361925,7.995409226361927,1.9999999999999993,1.9999999999999998,0.0
0.9190264725,2.4398227992,0.05,circulant_match,3.775166431889533e-16,7.999999070944548,7.999999070944547,1.9999999999999998,1.9999999999999996,0.0
0.05,2.2225661811,2.6999365602,circulant_match,3.7238012298709097e-16,5.1864115524720384,5.18641155247204,2.0,2.0000000000000004,0.0
0.05,2.6570794174,1.8166243735,circulant_match,3.7238012298709097e-16,5.266654064429904,5.266654064429904,2.0,2.0,0.0
0.4845132362,1.5707963268,2.6999365602,circulant_match,3.7238012298709097e-16,5.650846531773672,5.650846531773672,1.9999999999999998,1.9999999999999998,0.0
0.4845132362,2.005309563,4.4665609337,circulant_match,3.7238012298709097e-16,6.576565101790565,6.576565101790565,1.9999999999999998,1.9999999999999998,0.0
1.3535397087,1.7880529449,1.8166243735,circulant_match,3.7238012298709097e-16,7.999922973923238,7.999922973923237,1.9999999999999998,1.9999999999999996,0.0
1.5707963268,0.9190264725,0.9333121867,circulant_match,3.608224830031759e-16,6.896129667135879,6.896129667135877,1.9999999999999998,1.9999999999999993,0.0
0.4845132362,2.4398227992,0.05,circulant_match,3.608224830031759e-16,7.159883405123187,7.159883405123187,1.9999999999999998,1.9999999999999998,0.0
0.4845132362,2.4398227992,6.2331853072,circulant_match,3.608224830031759e-16,7.159883405123187,7.159883405123187,1.9999999999999998,1.9999999999999998,0.0
0.9190264725,0.05,0.05,circulant_match,3.5571561302006606e-16,2.114855448431755,2.114855448431755,2.0,2.0,0.0
0.7017698543,1.5707963268,4.4665609337,circulant_match,3.5571561302006606e-16,6.250283179270039,6.250283179270038,2.0,1.9999999999999998,0.0
1.1362830906,0.2672566181,1.8166243735,circulant_match,3.554447978966673e-16,2.9623811250133327,2.9623811250133327,1.9999999999999998,1.9999999999999998,0.0
1.1362830906,0.9190264725,6.2331853072,circulant_match,3.554447978966673e-16,5.17033742649849,5.17033742649849,2.0,2.0,0.0
0.9190264725,2.4398227992,3.583248747,circulant_match,3.554447978966673e-16,7.999999070944548,7.999999070944547,1.9999999999999998,1.9999999999999996,0.0
0.9190264725,0.05,3.583248747,circulant_match,3.510833468576701e-16,2.114855448431755,2.114855448431755,2.0,2.0,0.0
0.4845132362,0.4845132362,3.583248747,circulant_match,3.510833468576701e-16,2.9528339143057973,2.9528339143057982,1.9999999999999998,2.0,0.0
0.9190264725,0.7017698543,4.4665609337,circulant_match,3.510833468576701e-16,3.5804669480442985,3.5804669480442985,2.0,2.0,0.0
0.2672566181,0.7017698543,4.4665609337,circulant_match,3.510833468576701e-16,3.9200582868361007,3.9200582868361007,2.0,2.0,0.0
1.3535397087,0.4845132362,2.6999365602,circulant_match,3.510833468576701e-16,4.503058158244439,4.503058158244439,1.9999999999999998,1.9999999999999998,0.0
0.7017698543,1.1362830906,0.05,circulant_match,3.510833468576701e-16,4.783431321185793,4.783431321185793,2.0,2.0,0.0
0.05,2.6570794174,2.6999365602,circulant_match,3.510833468576701e-16,5.266654064429904,5.266654064429904,2.0,2.0,0.0
0.9190264725,1.1362830906,0.05,circulant_match,3.510833468576701e-16,5.342035041789086,5.342035041789088,2.0,2.0000000000000004,0.0
0.2672566181,2.005309563,4.4665609337,circulant_match,3.510833468576701e-16,5.815499966014178,5.815499966014178,2.0,2.0,0.0
0.2672566181,3.0915926536,2.6999365602,circulant_match,3.510833468576701e-16,6.526879385475335,6.526879385475335,1.9999999999999998,1.9999999999999998,0.0
1.3535397087,2.6570794174,5.3498731204,circulant_match,3.510833468576701e-16,6.73815503177017,6.73815503177017,1.9999999999999998,1.9999999999999998,0.0
1.3535397087,1.1362830906,3.583248747,circulant_match,3.510833468576701e-16,6.822025119721008,6.822025119721008,1.9999999999999998,1.9999999999999998,0.0
1.1362830906,1.3535397087,1.8166243735,circulant_match,3.510833468576701e-16,6.859818938494017,6.859818938494017,1.9999999999999996,1.9999999999999996,0.0
1.1362830906,1.3535397087,2.6999365602,circulant_match,3.510833468576701e-16,6.859818938494017,6.859818938494017,1.9999999999999996,1.9999999999999996,0.0
0.9190264725,1.5707963268,4.4665609337,circulant_match,3.510833468576701e-16,6.8961296671320715,6.896129667132071,1.9999999999999996,1.9999999999999993,0.0
0.9190264725,1.5707963268,6.2331853072,circulant_match,3.510833468576701e-16,6.8961296671320715,6.896129667132071,1.9999999999999996,1.9999999999999993,0.0
1.5707963268,0.9190264725,3.583248747,circulant_match,3.510833468576701e-16,6.896129667135879,6.896129667135877,1.9999999999999998,1.9999999999999993,0.0
0.4845132362,2.4398227992,2.6999365602,circulant_match,3.510833468576701e-16,7.159883405123187,7.159883405123187,1.9999999999999998,1.9999999999999998,0.0
0.4845132362,2.4398227992,4.4665609337,circulant_match,3.510833468576701e-16,7.159883405123187,7.159883405123187,1.9999999999999998,1.9999999999999998,0.0
0.4845132362,2.6570794174,0.9333121867,circulant_match,3.510833468576701e-16,7.3295668909707405,7.329566890970742,1.9999999999999993,2.0,0.0
1.3535397087,1.3535397087,0.9333121867,circulant_match,3.510833468576701e-16,7.4554799653028105,7.45547996530281,1.9999999999999998,1.9999999999999996,0.0
0.7017698543,2.2225661811,0.05,circulant_match,3.510833468576701e-16,7.584621507481588,7.584621507481588,2.0,2.0,0.0
0.7017698543,2.2225661811,4.4665609337,circulant_match,3.510833468576701e-16,7.584621507481588,7.584621507481588,2.0,2.0,0.0
0.7017698543,2.4398227992,3.583248747,circulant_match,3.510833468576701e-16,7.780199897249221,7.780199897249224,1.9999999999999998,2.0000000000000004,0.0
0.7017698543,2.4398227992,6.2331853072,circulant_match,3.510833468576701e-16,7.780199897249221,7.780199897249224,1.9999999999999998,2.0000000000000004,0.0
1.3535397087,2.005309563,0.05,circulant_match,3.510833468576701e-16,7.8853141090681715,7.885314109068171,1.9999999999999996,1.9999999999999993,0.0
0.7017698543,2.6570794174,2.6999365602,circulant_match,3.510833468576701e-16,7.888906912817261,7.88890691281726,2.0,1.9999999999999998,0.0
0.9190264725,2.6570794174,0.05,circulant_match,3.510833468576701e-16,7.971823817611665,7.971823817611664,2.0,1.9999999999999998,0.0
1.1362830906,2.005309563,0.05,circulant_match,3.510833468576701e-16,7.995409226361925,7.995409226361927,1.9999999999999993,1.9999999999999998,0.0
0.05,1.3535397087,4.4665609337,circulant_match,3.433175098891678e-16,4.942587832011045,4.942587832011044,2.0,1.9999999999999998,0.0
0.05,1.5707963268,0.9333121867,circulant_match,3.433175098891678e-16,5.007493752084489,5.007493752084487,2.0,1.9999999999999996,0.0
0.4845132362,2.8743360355,6.2331853072,circulant_match,3.433175098891678e-16,7.430601962341745,7.430601962341744,2.0,1.9999999999999998,0.0
1.1362830906,0.05,0.05,circulant_match,3.4021815010030383e-16,2.7179265741120933,2.7179265741120915,2.0,1.9999999999999996,0.0
0.05,1.5707963268,0.05,circulant_match,3.4021815010030383e-16,5.007493752084489,5.007493752084487,2.0,1.9999999999999996,0.0
0.9190264725,0.9190264725,4.4665609337,circulant_match,3.3766115072321297e-16,4.443256773681414,4.443256773681414,2.0,2.0,0.0
1.1362830906,0.9190264725,5.3498731204,circulant_match,3.3766115072321297e-16,5.17033742649849,5.17033742649849,2.0,2.0,0.0
1.3535397087,0.7017698543,4.4665609337,circulant_match,3.3766115072321297e-16,5.227709009686446,5.227709009686446,2.0,2.0,0.0
1.1362830906,1.1362830906,3.583248747,circulant_match,3.3766115072321297e-16,6.066443374053507,6.066443374053508,1.9999999999999998,2.0,0.0
0.9190264725,1.3535397087,0.05,circulant_match,3.3766115072321297e-16,6.184333040613641,6.184333040613641,2.0,2.0,0.0
1.1362830906,1.5707963268,3.583248747,circulant_match,3.3766115072321297e-16,7.46835550532696,7.46835550532696,1.9999999999999996,1.9999999999999996,0.0
1.1362830906,2.6570794174,2.6999365602,circulant_match,3.3766115072321297e-16,7.5629075088348525,7.5629075088348525,1.9999999999999998,1.9999999999999998,0.0
1.3535397087,1.7880529449,0.05,circulant_match,3.3766115072321297e-16,7.999922973923238,7.999922973923237,1.9999999999999998,1.9999999999999996,0.0
1.5707963268,0.2672566181,2.6999365602,circulant_match,3.3422138886441676e-16,5.209224950762865,5.209224950762865,2.0,2.0,0.0
0.05,2.4398227992,3.583248747,circulant_match,3.3422138886441676e-16,5.231851690077294,5.231851690077294,1.9999999999999998,1.9999999999999998,0.0
1.3535397087,2.2225661811,4.4665609337,circulant_match,3.3422138886441676e-16,7.574102981620596,7.5741029816205945,2.0000000000000004,2.0,0.0
1.1362830906,1.7880529449,0.05,circulant_match,3.3422138886441676e-16,7.847520290318001,7.847520290317999,2.0000000000000004,2.0,0.0
0.9190264725,2.005309563,3.583248747,circulant_match,3.337167946540778e-16,7.778179693303329,7.778179693303331,1.9999999999999998,2.0,0.0
0.7017698543,0.05,6.2331853072,circulant_match,3.3335590258932494e-16,2.0486844353911,2.048684435391098,2.0,1.9999999999999996,0.0
0.05,0.7017698543,3.583248747,circulant_match,3.3308497693360055e-16,4.774394518025229,4.774394518025229,2.0,1.9999999999999998,0.0
0.4845132362,0.4845132362,4.4665609337,circulant_match,3.3306690738754696e-16,2.9528339143057973,2.9528339143057982,1.9999999999999998,2.0,0.0
1.3535397087,0.05,6.2331853072,circulant_match,3.3306690738754696e-16,3.7458171186270928,3.7458171186270928,2.0,2.0,0.0
0.4845132362,0.9190264725,3.583248747,circulant_match,3.3306690738754696e-16,3.9112521536959637,3.911252153695962,2.0,1.9999999999999996,0.0
0.05,2.2225661811,6.2331853072,circulant_match,3.3306690738754696e-16,5.1864115524720384,5.18641155247204,2.0,2.0000000000000004,0.0
1.5707963268,0.4845132362,3.583248747,circulant_match,3.3306690738754696e-16,5.6508465317881456,5.6508465317881456,1.9999999999999996,1.9999999999999996,0.0
0.2672566181,2.005309563,2.6999365602,circulant_match,3.3306690738754696e-16,5.815499966014178,5.815499966014178,2.0,2.0,0.0
0.2672566181,2.6570794174,0.05,circulant_match,3.3306690738754696e-16,6.397757025646699,6.3977570256466985,1.9999999999999998,1.9999999999999996,0.0
0.7017698543,2.005309563,1.8166243735,circulant_match,3.3306690738754696e-16,7.273997591309858,7.273997591309858,2.0,2.0,0.0
1.3535397087,1.3535397087,2.6999365602,circulant_match,3.3306690738754696e-16,7.4554799653028105,7.45547996530281,1.9999999999999998,1.9999999999999996,0.0
1.3535397087,2.005309563,0.9333121867,circulant_match,3.3306690738754696e-16,7.8853141090681715,7.885314109068171,1.9999999999999996,1.9999999999999993,0.0
1.3535397087,2.005309563,4.4665609337,circulant_match,3.3306690738754696e-16,7.8853141090681715,7.885314109068171,1.9999999999999996,1.9999999999999993,0.0
0.7017698543,2.6570794174,6.2331853072,circulant_match,3.3306690738754696e-16,7.888906912817261,7.88890691281726,2.0,1.9999999999999998,0.0
0.7017698543,0.7017698543,0.9333121867,circulant_match,3.2487068343022356e-16,3.261938788241898,3.261938788241898,1.9999999999999998,1.9999999999999998,0.0
1.3535397087,1.1362830906,0.05,circulant_match,3.2487068343022356e-16,6.822025119721008,6.822025119721008,1.9999999999999998,1.9999999999999998,0.0
1.5707963268,0.9190264725,6.2331853072,circulant_match,3.191891195797325e-16,6.896129667135879,6.896129667135877,1.9999999999999998,1.9999999999999993,0.0
0.05,1.5707963268,2.6999365602,circulant_match,3.189627710442956e-16,5.007493752084489,5.007493752084487,2.0,1.9999999999999996,0.0
1.1362830906,0.2672566181,2.6999365602,circulant_match,3.1401849173675503e-16,2.9623811250133327,2.9623811250133327,1.9999999999999998,1.9999999999999998,0.0
1.3535397087,0.4845132362,5.3498731204,circulant_match,3.1401849173675503e-16,4.503058158244439,4.503058158244439,1.9999999999999998,1.9999999999999998,0.0
0.05,2.005309563,2.6999365602,circulant_match,3.1401849173675503e-16,5.132246044813915,5.132246044813915,2.0,2.0,0.0
0.05,2.8743360355,2.6999365602,circulant_match,3.1401849173675503e-16,5.289390322669395,5.289390322669396,1.9999999999999996,1.9999999999999998,0.0
0.7017698543,1.3535397087,4.4665609337,circulant_match,3.1401849173675503e-16,5.554561241514556,5.554561241514556,2.0,2.0,0.0
0.7017698543,1.3535397087,6.2331853072,circulant_match,3.1401849173675503e-16,5.554561241514556,5.554561241514556,2.0,2.0,0.0
0.2672566181,2.2225661811,0.9333121867,circulant_match,3.1401849173675503e-16,6.05927724501992,6.05927724501992,1.9999999999999996,1.9999999999999996,0.0
1.1362830906,1.1362830906,2.6999365602,circulant_match,3.1401849173675503e-16,6.066443374053507,6.066443374053508,1.9999999999999998,2.0,0.0
0.7017698543,1.5707963268,5.3498731204,circulant_match,3.1401849173675503e-16,6.250283179270039,6.250283179270038,2.0,1.9999999999999998,0.0
1.5707963268,0.7017698543,0.9333121867,circulant_match,3.1401849173675503e-16,6.250283179278329,6.250283179278327,2.0000000000000004,2.0,0.0
0.2672566181,2.4398227992,3.583248747,circulant_match,3.1401849173675503e-16,6.254335337482051,6.254335337482052,1.9999999999999998,2.0,0.0
0.4845132362,2.005309563,1.8166243735,circulant_match,3.1401849173675503e-16,6.576565101790565,6.576565101790565,1.9999999999999998,1.9999999999999998,0.0
1.3535397087,2.2225661811,6.2331853072,circulant_match,3.1401849173675503e-16,7.574102981620596,7.5741029816205945,2.0000000000000004,2.0,0.0
0.05,2.2225661811,0.9333121867,circulant_match,2.9893669801409083e-16,5.1864115524720384,5.18641155247204,2.0,2.0000000000000004,0.0
1.3535397087,2.4398227992,0.05,circulant_match,2.9893669801409083e-16,7.156674862323134,7.156674862323135,1.9999999999999998,2.0,0.0
0.05,0.05,3.583248747,circulant_match,2.9504581591051765e-16,4.700892766157013,4.70089276615701,2.0000000000000004,1.9999999999999998,0.0
0.05,2.2225661811,3.583248747,circulant_match,2.9504581591051765e-16,5.1864115524720384,5.18641155247204,2.0,2.0000000000000004,0.0
0.05,2.2225661811,4.4665609337,circulant_match,2.9504581591051765e-16,5.1864115524720384,5.18641155247204,2.0,2.0000000000000004,0.0
0.05,3.0915926536,0.05,circulant_match,2.9504581591051765e-16,5.299144671389987,5.299144671389987,1.9999999999999996,1.9999999999999996,0.0
0.05,3.0915926536,3.583248747,circulant_match,2.9504581591051765e-16,5.299144671389987,5.299144671389987,1.9999999999999996,1.9999999999999996,0.0
1.3535397087,0.9190264725,1.8166243735,circulant_match,2.9277281224079604e-16,6.04195862119465,6.041958621194652,1.9999999999999998,2.0000000000000004,0.0
1.1362830906,0.05,5.3498731204,circulant_match,2.7755575615628914e-16,2.7179265741120933,2.7179265741120915,2.0,1.9999999999999996,0.0
0.2672566181,0.05,1.8166243735,circulant_match,2.7755575615628914e-16,3.4741658677988063,3.4741658677988054,1.9999999999999998,1.9999999999999996,0.0
0.4845132362,1.1362830906,4.4665609337,circulant_match,2.7755575615628914e-16,4.494448644752417,4.494448644752417,1.9999999999999998,2.0,0.0
0.05,1.1362830906,0.9333121867,circulant_match,2.7755575615628914e-16,4.880085451328432,4.880085451328428,2.0000000000000004,1.9999999999999998,0.0
0.9190264725,1.1362830906,4.4665609337,circulant_match,2.7755575615628914e-16,5.342035041789086,5.342035041789088,2.0,2.0000000000000004,0.0
0.2672566181,1.7880529449,4.4665609337,circulant_match,2.7755575615628914e-16,5.528924091354396,5.528924091354396,2.0,2.0,0.0
1.5707963268,0.4845132362,0.9333121867,circulant_match,2.7755575615628914e-16,5.6508465317881456,5.6508465317881456,1.9999999999999996,1.9999999999999996,0.0
0.2672566181,2.6570794174,4.4665609337,circulant_match,2.7755575615628914e-16,6.397757025646699,6.3977570256466985,1.9999999999999998,1.9999999999999996,0.0
0.2672566181,2.8743360355,2.6999365602,circulant_match,2.7755575615628914e-16,6.488603414460725,6.488603414460724,1.9999999999999998,1.9999999999999996,0.0
1.3535397087,2.4398227992,6.2331853072,circulant_match,2.7755575615628914e-16,7.156674862323134,7.156674862323135,1.9999999999999998,2.0,0.0
0.9190264725,2.005309563,0.9333121867,circulant_match,2.7755575615628914e-16,7.778179693303329,7.778179693303331,1.9999999999999998,2.0,0.0
0.7017698543,2.4398227992,0.9333121867,circulant_match,2.7755575615628914e-16,7.780199897249221,7.780199897249224,1.9999999999999998,2.0000000000000004,0.0
1.1362830906,2.2225661811,6.2331853072,circulant_match,2.7755575615628914e-16,7.94987730857621,7.94987730857621,2.0,2.0,0.0
1.3535397087,1.7880529449,0.9333121867,circulant_match,2.7755575615628914e-16,7.999922973923238,7.999922973923237,1.9999999999999998,1.9999999999999996,0.0
0.05,2.4398227992,0.05,circulant_match,2.7336071744532853e-16,5.231851690077294,5.231851690077294,1.9999999999999998,1.9999999999999998,0.0
0.05,2.4398227992,6.2331853072,circulant_match,2.7336071744532853e-16,5.231851690077294,5.231851690077294,1.9999999999999998,1.9999999999999998,0.0
0.4845132362,2.6570794174,3.583248747,circulant_match,2.7336071744532853e-16,7.3295668909707405,7.329566890970742,1.9999999999999993,2.0,0.0
1.3535397087,2.005309563,2.6999365602,circulant_match,2.7336071744532853e-16,7.8853141090681715,7.885314109068171,1.9999999999999996,1.9999999999999993,0.0
0.05,2.4398227992,0.9333121867,circulant_match,2.618455766672135e-16,5.231851690077294,5.231851690077294,1.9999999999999998,1.9999999999999998,0.0
0.4845132362,2.005309563,3.583248747,circulant_match,2.618455766672135e-16,6.576565101790565,6.576565101790565,1.9999999999999998,1.9999999999999998,0.0
1.3535397087,1.1362830906,0.9333121867,circulant_match,2.618455766672135e-16,6.822025119721008,6.822025119721008,1.9999999999999998,1.9999999999999998,0.0
0.7017698543,2.6570794174,0.9333121867,circulant_match,2.618455766672135e-16,7.888906912817261,7.88890691281726,2.0,1.9999999999999998,0.0
1.1362830906,0.4845132362,1.8166243735,circulant_match,2.607399605677454e-16,3.5081062376804306,3.5081062376804306,2.0,2.0,0.0
0.05,2.4398227992,4.4665609337,circulant_match,2.607399605677454e-16,5.231851690077294,5.231851690077294,1.9999999999999998,1.9999999999999998,0.0
1.5707963268,0.4845132362,1.8166243735,circulant_match,2.514331927660129e-16,5.6508465317881456,5.6508465317881456,1.9999999999999996,1.9999999999999996,0.0
0.05,1.7880529449,3.583248747,circulant_match,2.498001805406602e-16,5.071703315711537,5.071703315711538,1.9999999999999996,1.9999999999999998,0.0
0.05,3.0915926536,6.2331853072,circulant_match,2.498001805406602e-16,5.299144671389987,5.299144671389987,1.9999999999999996,1.9999999999999996,0.0
0.4845132362,3.0915926536,5.3498731204,circulant_match,2.498001805406602e-16,7.471540112108405,7.471540112108404,2.0,1.9999999999999998,0.0
0.7017698543,0.05,4.4665609337,circulant_match,2.482534153247273e-16,2.0486844353911,2.048684435391098,2.0,1.9999999999999996,0.0
0.9190264725,0.05,2.6999365602,circulant_match,2.482534153247273e-16,2.114855448431755,2.114855448431755,2.0,2.0,0.0
0.4845132362,0.05,4.4665609337,circulant_match,2.482534153247273e-16,2.531711409594239,2.531711409594241,1.9999999999999993,1.9999999999999998,0.0
0.4845132362,0.7017698543,0.9333121867,circulant_match,2.482534153247273e-16,3.382611575415921,3.382611575415922,1.9999999999999996,1.9999999999999998,0.0
0.2672566181,0.05,3.583248747,circulant_match,2.482534153247273e-16,3.4741658677988063,3.4741658677988054,1.9999999999999998,1.9999999999999996,0.0
0.2672566181,0.05,6.2331853072,circulant_match,2.482534153247273e-16,3.4741658677988063,3.4741658677988054,1.9999999999999998,1.9999999999999996,0.0
1.1362830906,0.4845132362,4.4665609337,circulant_match,2.482534153247273e-16,3.5081062376804306,3.5081062376804306,2.0,2.0,0.0
1.3535397087,0.05,1.8166243735,circulant_match,2.482534153247273e-16,3.7458171186270928,3.7458171186270928,2.0,2.0,0.0
1.3535397087,0.05,5.3498731204,circulant_match,2.482534153247273e-16,3.7458171186270928,3.7458171186270928,2.0,2.0,0.0
0.9190264725,0.9190264725,1.8166243735,circulant_match,2.482534153247273e-16,4.443256773681414,4.443256773681414,2.0,2.0,0.0
0.4845132362,1.1362830906,3.583248747,circulant_match,2.482534153247273e-16,4.494448644752417,4.494448644752417,1.9999999999999998,2.0,0.0
0.2672566181,1.1362830906,0.9333121867,circulant_match,2.482534153247273e-16,4.528794406659628,4.52879440665963,1.9999999999999996,1.9999999999999998,0.0
0.05,0.7017698543,4.4665609337,circulant_match,2.482534153247273e-16,4.774394518025229,4.774394518025229,2.0,1.9999999999999998,0.0
0.7017698543,1.1362830906,1.8166243735,circulant_match,2.482534153247273e-16,4.783431321185793,4.783431321185793,2.0,2.0,0.0
0.2672566181,1.3535397087,6.2331853072,circulant_match,2.482534153247273e-16,4.870083594590866,4.870083594590866,1.9999999999999998,1.9999999999999998,0.0
0.4845132362,1.3535397087,4.4665609337,circulant_match,2.482534153247273e-16,5.087546552307567,5.087546552307567,1.9999999999999998,1.9999999999999998,0.0
1.1362830906,0.9190264725,1.8166243735,circulant_match,2.482534153247273e-16,5.17033742649849,5.17033742649849,2.0,2.0,0.0
0.2672566181,1.5707963268,0.05,circulant_match,2.482534153247273e-16,5.209224950741129,5.20922495074113,1.9999999999999998,2.0,0.0
0.2672566181,1.5707963268,3.583248747,circulant_match,2.482534153247273e-16,5.209224950741129,5.20922495074113,1.9999999999999998,2.0,0.0
1.3535397087,0.7017698543,0.05,circulant_match,2.482534153247273e-16,5.227709009686446,5.227709009686446,2.0,2.0,0.0
1.3535397087,0.7017698543,1.8166243735,circulant_match,2.482534153247273e-16,5.227709009686446,5.227709009686446,2.0,2.0,0.0
0.9190264725,1.1362830906,0.9333121867,circulant_match,2.482534153247273e-16,5.342035041789086,5.342035041789088,2.0,2.0000000000000004,0.0
0.2672566181,1.7880529449,0.05,circulant_match,2.482534153247273e-16,5.528924091354396,5.528924091354396,2.0,2.0,0.0
0.2672566181,1.7880529449,1.8166243735,circulant_match,2.482534153247273e-16,5.528924091354396,5.528924091354396,2.0,2.0,0.0
0.7017698543,1.3535397087,0.05,circulant_match,2.482534153247273e-16,5.554561241514556,5.554561241514556,2.0,2.0,0.0
0.7017698543,1.3535397087,1.8166243735,circulant_match,2.482534153247273e-16,5.554561241514556,5.554561241514556,2.0,2.0,0.0
1.5707963268,0.4845132362,0.05,circulant_match,2.482534153247273e-16,5.6508465317881456,5.6508465317881456,1.9999999999999996,1.9999999999999996,0.0
1.5707963268,0.4845132362,4.4665609337,circulant_match,2.482534153247273e-16,5.6508465317881456,5.6508465317881456,1.9999999999999996,1.9999999999999996,0.0
0.2672566181,2.005309563,0.05,circulant_match,2.482534153247273e-16,5.815499966014178,5.815499966014178,2.0,2.0,0.0
0.2672566181,2.2225661811,3.583248747,circulant_match,2.482534153247273e-16,6.05927724501992,6.05927724501992,1.9999999999999996,1.9999999999999996,0.0
0.2672566181,2.2225661811,4.4665609337,circulant_match,2.482534153247273e-16,6.05927724501992,6.05927724501992,1.9999999999999996,1.9999999999999996,0.0
1.1362830906,1.1362830906,4.4665609337,circulant_match,2.482534153247273e-16,6.066443374053507,6.066443374053508,1.9999999999999998,2.0,0.0
1.5707963268,0.7017698543,1.8166243735,circulant_match,2.482534153247273e-16,6.250283179278329,6.250283179278327,2.0000000000000004,2.0,0.0
1.5707963268,0.7017698543,3.583248747,circulant_match,2.482534153247273e-16,6.250283179278329,6.250283179278327,2.0000000000000004,2.0,0.0
1.3535397087,2.6570794174,2.6999365602,circulant_match,2.482534153247273e-16,6.73815503177017,6.73815503177017,1.9999999999999998,1.9999999999999998,0.0
1.3535397087,1.1362830906,2.6999365602,circulant_match,2.482534153247273e-16,6.822025119721008,6.822025119721008,1.9999999999999998,1.9999999999999998,0.0
0.7017698543,1.7880529449,1.8166243735,circulant_match,2.482534153247273e-16,6.829822630339064,6.829822630339065,1.9999999999999996,1.9999999999999998,0.0
1.1362830906,1.3535397087,0.9333121867,circulant_match,2.482534153247273e-16,6.859818938494017,6.859818938494017,1.9999999999999996,1.9999999999999996,0.0
0.9190264725,1.5707963268,1.8166243735,circulant_match,2.482534153247273e-16,6.8961296671320715,6.896129667132071,1.9999999999999996,1.9999999999999993,0.0
0.9190264725,1.5707963268,2.6999365602,circulant_match,2.482534153247273e-16,6.8961296671320715,6.896129667132071,1.9999999999999996,1.9999999999999993,0.0
0.9190264725,1.5707963268,5.3498731204,circulant_match,2.482534153247273e-16,6.8961296671320715,6.896129667132071,1.9999999999999996,1.9999999999999993,0.0
1.3535397087,2.4398227992,5.3498731204,circulant_match,2.482534153247273e-16,7.156674862323134,7.156674862323135,1.9999999999999998,2.0,0.0
0.9190264725,1.7880529449,4.4665609337,circulant_match,2.482534153247273e-16,7.431728562240209,7.431728562240209,2.0,2.0,0.0
0.9190264725,1.7880529449,6.2331853072,circulant_match,2.482534153247273e-16,7.431728562240209,7.431728562240209,2.0,2.0,0.0
1.3535397087,1.3535397087,1.8166243735,circulant_match,2.482534153247273e-16,7.4554799653028105,7.45547996530281,1.9999999999999998,1.9999999999999996,0.0
1.3535397087,1.3535397087,5.3498731204,circulant_match,2.482534153247273e-16,7.4554799653028105,7.45547996530281,1.9999999999999998,1.9999999999999996,0.0
1.1362830906,1.5707963268,6.2331853072,circulant_match,2.482534153247273e-16,7.46835550532696,7.46835550532696,1.9999999999999996,1.9999999999999996,0.0
1.5707963268,1.1362830906,2.6999365602,circulant_match,2.482534153247273e-16,7.468355505328159,7.468355505328159,1.9999999999999998,1.9999999999999998,0.0
0.4845132362,3.0915926536,3.583248747,circulant_match,2.482534153247273e-16,7.471540112108405,7.471540112108404,2.0,1.9999999999999998,0.0
1.3535397087,2.2225661811,3.583248747,circulant_match,2.482534153247273e-16,7.574102981620596,7.5741029816205945,2.0000000000000004,2.0,0.0
0.7017698543,2.2225661811,3.583248747,circulant_match,2.482534153247273e-16,7.584621507481588,7.584621507481588,2.0,2.0,0.0
0.7017698543,2.2225661811,5.3498731204,circulant_match,2.482534153247273e-16,7.584621507481588,7.584621507481588,2.0,2.0,0.0
0.9190264725,2.005309563,5.3498731204,circulant_match,2.482534153247273e-16,7.778179693303329,7.778179693303331,1.9999999999999998,2.0,0.0
0.7017698543,2.6570794174,4.4665609337,circulant_match,2.482534153247273e-16,7.888906912817261,7.88890691281726,2.0,1.9999999999999998,0.0
0.9190264725,2.2225661811,0.05,circulant_match,2.482534153247273e-16,7.953615036004992,7.953615036004992,2.0000000000000004,2.0000000000000004,0.0
0.9190264725,2.2225661811,2.6999365602,circulant_match,2.482534153247273e-16,7.953615036004992,7.953615036004992,2.0000000000000004,2.0000000000000004,0.0
0.4845132362,2.2225661811,4.4665609337,circulant_match,2.423651445728339e-16,6.911474124726052,6.911474124726052,1.9999999999999996,1.9999999999999993,0.0
0.4845132362,1.5707963268,3.583248747,circulant_match,2.3714374201337736e-16,5.650846531773672,5.650846531773672,1.9999999999999998,1.9999999999999998,0.0
0.9190264725,2.8743360355,2.6999365602,circulant_match,2.3714374201337736e-16,7.923014261246503,7.923014261246505,1.9999999999999996,2.0,0.0
0.4845132362,2.6570794174,0.05,circulant_match,2.3592239273284576e-16,7.3295668909707405,7.329566890970742,1.9999999999999993,2.0,0.0
0.05,0.4845132362,3.583248747,circulant_match,2.3286683962439374e-16,4.736597457273504,4.736597457273504,2.0,2.0,0.0
0.05,3.0915926536,0.9333121867,circulant_match,2.3286683962439374e-16,5.299144671389987,5.299144671389987,1.9999999999999996,1.9999999999999996,0.0
0.7017698543,1.1362830906,0.9333121867,circulant_match,2.2887833992611187e-16,4.783431321185793,4.783431321185793,2.0,2.0,0.0
0.05,0.9190264725,0.9333121867,circulant_match,2.2887833992611187e-16,4.823061197958667,4.823061197958668,1.9999999999999998,2.0,0.0
0.05,2.005309563,0.05,circulant_match,2.2887833992611187e-16,5.132246044813915,5.132246044813915,2.0,2.0,0.0
0.9190264725,1.1362830906,5.3498731204,circulant_match,2.2887833992611187e-16,5.342035041789086,5.342035041789088,2.0,2.0000000000000004,0.0
0.9190264725,1.7880529449,5.3498731204,circulant_match,2.2887833992611187e-16,7.431728562240209,7.431728562240209,2.0,2.0,0.0
1.3535397087,1.3535397087,3.583248747,circulant_match,2.2887833992611187e-16,7.4554799653028105,7.45547996530281,1.9999999999999998,1.9999999999999996,0.0
1.5707963268,1.1362830906,0.05,circulant_match,2.2887833992611187e-16,7.468355505328159,7.468355505328159,1.9999999999999998,1.9999999999999998,0.0
0.9190264725,2.005309563,0.05,circulant_match,2.2887833992611187e-16,7.778179693303329,7.778179693303331,1.9999999999999998,2.0,0.0
1.3535397087,1.5707963268,0.9333121867,circulant_match,2.2887833992611187e-16,7.860612593287581,7.860612593287581,1.9999999999999998,1.9999999999999998,0.0
1.3535397087,2.4398227992,1.8166243735,circulant_match,2.2591401799415137e-16,7.156674862323134,7.156674862323135,1.9999999999999998,2.0,0.0
1.1362830906,0.7017698543,5.3498731204,circulant_match,2.237726045655905e-16,4.278997635649401,4.278997635649402,1.9999999999999998,2.0,0.0
0.05,0.2672566181,6.2331853072,circulant_match,2.237726045655905e-16,4.711654930604949,4.711654930604947,2.0,1.9999999999999998,0.0
0.7017698543,1.3535397087,3.583248747,circulant_match,2.237726045655905e-16,5.554561241514556,5.554561241514556,2.0,2.0,0.0
1.1362830906,1.1362830906,0.9333121867,circulant_match,2.237726045655905e-16,6.066443374053507,6.066443374053508,1.9999999999999998,2.0,0.0
1.3535397087,2.4398227992,4.4665609337,circulant_match,2.237726045655905e-16,7.156674862323134,7.156674862323135,1.9999999999999998,2.0,0.0
1.3535397087,1.5707963268,1.8166243735,circulant_match,2.237726045655905e-16,7.860612593287581,7.860612593287581,1.9999999999999998,1.9999999999999998,0.0
1.3535397087,1.5707963268,2.6999365602,circulant_match,2.237726045655905e-16,7.860612593287581,7.860612593287581,1.9999999999999998,1.9999999999999998,0.0
0.7017698543,2.6570794174,5.3498731204,circulant_match,2.237726045655905e-16,7.888906912817261,7.88890691281726,2.0,1.9999999999999998,0.0
0.05,0.9190264725,3.583248747,circulant_match,2.2247786310271853e-16,4.823061197958667,4.823061197958668,1.9999999999999998,2.0,0.0
0.7017698543,0.05,2.6999365602,circulant_match,2.220446049250313e-16,2.0486844353911,2.048684435391098,2.0,1.9999999999999996,0.0
1.1362830906,0.05,1.8166243735,circulant_match,2.220446049250313e-16,2.7179265741120933,2.7179265741120915,2.0,1.9999999999999996,0.0
0.7017698543,0.7017698543,4.4665609337,circulant_match,2.220446049250313e-16,3.261938788241898,3.261938788241898,1.9999999999999998,1.9999999999999998,0.0
1.1362830906,0.7017698543,1.8166243735,circulant_match,2.220446049250313e-16,4.278997635649401,4.278997635649402,1.9999999999999998,2.0,0.0
0.05,1.3535397087,0.05,circulant_match,2.220446049250313e-16,4.942587832011045,4.942587832011044,2.0,1.9999999999999998,0.0
0.05,1.5707963268,4.4665609337,circulant_match,2.220446049250313e-16,5.007493752084489,5.007493752084487,2.0,1.9999999999999996,0.0
0.05,1.7880529449,0.9333121867,circulant_match,2.220446049250313e-16,5.071703315711537,5.071703315711538,1.9999999999999996,1.9999999999999998,0.0
0.05,2.005309563,4.4665609337,circulant_match,2.220446049250313e-16,5.132246044813915,5.132246044813915,2.0,2.0,0.0
0.4845132362,1.5707963268,0.05,circulant_match,2.220446049250313e-16,5.650846531773672,5.650846531773672,1.9999999999999998,1.9999999999999998,0.0
0.2672566181,2.005309563,3.583248747,circulant_match,2.220446049250313e-16,5.815499966014178,5.815499966014178,2.0,2.0,0.0
0.2672566181,2.2225661811,1.8166243735,circulant_match,2.220446049250313e-16,6.05927724501992,6.05927724501992,1.9999999999999996,1.9999999999999996,0.0
0.4845132362,1.7880529449,0.9333121867,circulant_match,2.220446049250313e-16,6.153666637746959,6.153666637746959,1.9999999999999996,1.9999999999999996,0.0
0.4845132362,1.7880529449,4.4665609337,circulant_match,2.220446049250313e-16,6.153666637746959,6.153666637746959,1.9999999999999996,1.9999999999999996,0.0
0.2672566181,2.4398227992,4.4665609337,circulant_match,2.220446049250313e-16,6.254335337482051,6.254335337482052,1.9999999999999998,2.0,0.0
0.2672566181,2.8743360355,4.4665609337,circulant_match,2.220446049250313e-16,6.488603414460725,6.488603414460724,1.9999999999999998,1.9999999999999996,0.0
1.3535397087,2.6570794174,1.8166243735,circulant_match,2.220446049250313e-16,6.73815503177017,6.73815503177017,1.9999999999999998,1.9999999999999998,0.0
0.7017698543,1.7880529449,3.583248747,circulant_match,2.220446049250313e-16,6.829822630339064,6.829822630339065,1.9999999999999996,1.9999999999999998,0.0
1.5707963268,0.9190264725,2.6999365602,circulant_match,2.220446049250313e-16,6.896129667135879,6.896129667135877,1.9999999999999998,1.9999999999999993,0.0
1.5707963268,0.9190264725,4.4665609337,circulant_match,2.220446049250313e-16,6.896129667135879,6.896129667135877,1.9999999999999998,1.9999999999999993,0.0
1.3535397087,2.4398227992,0.9333121867,circulant_match,2.220446049250313e-16,7.156674862323134,7.156674862323135,1.9999999999999998,2.0,0.0
0.9190264725,1.7880529449,3.583248747,circulant_match,2.220446049250313e-16,7.431728562240209,7.431728562240209,2.0,2.0,0.0
1.3535397087,1.3535397087,6.2331853072,circulant_match,2.220446049250313e-16,7.4554799653028105,7.45547996530281,1.9999999999999998,1.9999999999999996,0.0
0.4845132362,3.0915926536,2.6999365602,circulant_match,2.220446049250313e-16,7.471540112108405,7.471540112108404,2.0,1.9999999999999998,0.0
0.4845132362,3.0915926536,4.4665609337,circulant_match,2.220446049250313e-16,7.471540112108405,7.471540112108404,2.0,1.9999999999999998,0.0
1.3535397087,2.2225661811,0.9333121867,circulant_match,2.220446049250313e-16,7.574102981620596,7.5741029816205945,2.0000000000000004,2.0,0.0
0.7017698543,2.2225661811,0.9333121867,circulant_match,2.220446049250313e-16,7.584621507481588,7.584621507481588,2.0,2.0,0.0
0.9190264725,2.005309563,1.8166243735,circulant_match,2.220446049250313e-16,7.778179693303329,7.778179693303331,1.9999999999999998,2.0,0.0
1.1362830906,1.7880529449,6.2331853072,circulant_match,2.220446049250313e-16,7.847520290318001,7.847520290317999,2.0000000000000004,2.0,0.0
0.9190264725,2.8743360355,1.8166243735,circulant_match,2.220446049250313e-16,7.923014261246503,7.923014261246505,1.9999999999999996,2.0,0.0
1.3535397087,1.7880529449,3.583248747,circulant_match,2.220446049250313e-16,7.999922973923238,7.999922973923237,1.9999999999999998,1.9999999999999996,0.0
0.9190264725,0.05,5.3498731204,circulant_match,2.0816681711721685e-16,2.114855448431755,2.114855448431755,2.0,2.0,0.0
0.2672566181,0.05,0.9333121867,circulant_match,2.0595777971499126e-16,3.4741658677988063,3.4741658677988054,1.9999999999999998,1.9999999999999996,0.0
1.1362830906,0.05,2.6999365602,circulant_match,2.0014830212433605e-16,2.7179265741120933,2.7179265741120915,2.0,1.9999999999999996,0.0
0.9190264725,0.7017698543,1.8166243735,circulant_match,2.0014830212433605e-16,3.5804669480442985,3.5804669480442985,2.0,2.0,0.0
0.9190264725,0.7017698543,5.3498731204,circulant_match,2.0014830212433605e-16,3.5804669480442985,3.5804669480442985,2.0,2.0,0.0
1.3535397087,0.2672566181,2.6999365602,circulant_match,2.0014830212433605e-16,3.9814315171926875,3.9814315171926857,1.9999999999999998,1.9999999999999993,0.0
0.05,1.7880529449,4.4665609337,circulant_match,2.0014830212433605e-16,5.071703315711537,5.071703315711538,1.9999999999999996,1.9999999999999998,0.0
0.05,2.005309563,0.9333121867,circulant_match,2.0014830212433605e-16,5.132246044813915,5.132246044813915,2.0,2.0,0.0
0.05,2.005309563,3.583248747,circulant_match,2.0014830212433605e-16,5.132246044813915,5.132246044813915,2.0,2.0,0.0
0.2672566181,1.5707963268,6.2331853072,circulant_match,2.0014830212433605e-16,5.209224950741129,5.20922495074113,1.9999999999999998,2.0,0.0
0.05,2.8743360355,3.583248747,circulant_match,2.0014830212433605e-16,5.289390322669395,5.289390322669396,1.9999999999999996,1.9999999999999998,0.0
1.5707963268,0.4845132362,6.2331853072,circulant_match,2.0014830212433605e-16,5.6508465317881456,5.6508465317881456,1.9999999999999996,1.9999999999999996,0.0
0.2672566181,2.8743360355,0.9333121867,circulant_match,2.0014830212433605e-16,6.488603414460725,6.488603414460724,1.9999999999999998,1.9999999999999996,0.0
0.4845132362,2.005309563,2.6999365602,circulant_match,2.0014830212433605e-16,6.576565101790565,6.576565101790565,1.9999999999999998,1.9999999999999998,0.0
1.3535397087,1.1362830906,5.3498731204,circulant_match,2.0014830212433605e-16,6.822025119721008,6.822025119721008,1.9999999999999998,1.9999999999999998,0.0
0.7017698543,1.7880529449,0.05,circulant_match,2.0014830212433605e-16,6.829822630339064,6.829822630339065,1.9999999999999996,1.9999999999999998,0.0
1.1362830906,1.3535397087,5.3498731204,circulant_match,2.0014830212433605e-16,6.859818938494017,6.859818938494017,1.9999999999999996,1.9999999999999996,0.0
0.4845132362,2.4398227992,0.9333121867,circulant_match,2.0014830212433605e-16,7.159883405123187,7.159883405123187,1.9999999999999998,1.9999999999999998,0.0
0.7017698543,2.005309563,4.4665609337,circulant_match,2.0014830212433605e-16,7.273997591309858,7.273997591309858,2.0,2.0,0.0
1.5707963268,1.1362830906,1.8166243735,circulant_match,2.0014830212433605e-16,7.468355505328159,7.468355505328159,1.9999999999999998,1.9999999999999998,0.0
1.3535397087,2.4398227992,3.583248747,circulant_match,1.97758476261356e-16,7.156674862323134,7.156674862323135,1.9999999999999998,2.0,0.0
0.05,2.4398227992,2.6999365602,circulant_match,1.942890293094024e-16,5.231851690077294,5.231851690077294,1.9999999999999998,1.9999999999999998,0.0
0.2672566181,1.3535397087,2.6999365602,circulant_match,1.7772239894833365e-16,4.870083594590866,4.870083594590866,1.9999999999999998,1.9999999999999998,0.0
0.4845132362,2.8743360355,4.4665609337,circulant_match,1.7772239894833365e-16,7.430601962341745,7.430601962341744,2.0,1.9999999999999998,0.0
0.9190264725,2.2225661811,6.2331853072,circulant_match,1.7772239894833365e-16,7.953615036004992,7.953615036004992,2.0000000000000004,2.0000000000000004,0.0
0.05,3.0915926536,4.4665609337,circulant_match,1.6711069443220838e-16,5.299144671389987,5.299144671389987,1.9999999999999996,1.9999999999999996,0.0
0.9190264725,1.7880529449,2.6999365602,circulant_match,1.6711069443220838e-16,7.431728562240209,7.431728562240209,2.0,2.0,0.0
1.3535397087,0.05,4.4665609337,circulant_match,1.6653345369377348e-16,3.7458171186270928,3.7458171186270928,2.0,2.0,0.0
0.05,1.5707963268,3.583248747,circulant_match,1.6653345369377348e-16,5.007493752084489,5.007493752084487,2.0,1.9999999999999996,0.0
1.3535397087,0.7017698543,5.3498731204,circulant_match,1.6653345369377348e-16,5.227709009686446,5.227709009686446,2.0,2.0,0.0
0.2672566181,1.7880529449,2.6999365602,circulant_match,1.6653345369377348e-16,5.528924091354396,5.528924091354396,2.0,2.0,0.0
1.3535397087,0.9190264725,0.9333121867,circulant_match,1.6653345369377348e-16,6.04195862119465,6.041958621194652,1.9999999999999998,2.0000000000000004,0.0
1.1362830906,1.3535397087,0.05,circulant_match,1.6653345369377348e-16,6.859818938494017,6.859818938494017,1.9999999999999996,1.9999999999999996,0.0
1.1362830906,1.3535397087,4.4665609337,circulant_match,1.6653345369377348e-16,6.859818938494017,6.859818938494017,1.9999999999999996,1.9999999999999996,0.0
0.9190264725,1.5707963268,0.05,circulant_match,1.6653345369377348e-16,6.8961296671320715,6.896129667132071,1.9999999999999996,1.9999999999999993,0.0
0.4845132362,2.4398227992,5.3498731204,circulant_match,1.6653345369377348e-16,7.159883405123187,7.159883405123187,1.9999999999999998,1.9999999999999998,0.0
0.2672566181,0.05,4.4665609337,circulant_match,1.5700924586837752e-16,3.4741658677988063,3.4741658677988054,1.9999999999999998,1.9999999999999996,0.0
0.7017698543,1.1362830906,4.4665609337,circulant_match,1.5700924586837752e-16,4.783431321185793,4.783431321185793,2.0,2.0,0.0
0.2672566181,1.3535397087,3.583248747,circulant_match,1.5700924586837752e-16,4.870083594590866,4.870083594590866,1.9999999999999998,1.9999999999999998,0.0
0.2672566181,1.3535397087,4.4665609337,circulant_match,1.5700924586837752e-16,4.870083594590866,4.870083594590866,1.9999999999999998,1.9999999999999998,0.0
0.05,1.3535397087,3.583248747,circulant_match,1.5700924586837752e-16,4.942587832011045,4.942587832011044,2.0,1.9999999999999998,0.0
0.4845132362,1.3535397087,3.583248747,circulant_match,1.5700924586837752e-16,5.087546552307567,5.087546552307567,1.9999999999999998,1.9999999999999998,0.0
1.1362830906,0.9190264725,0.9333121867,circulant_match,1.5700924586837752e-16,5.17033742649849,5.17033742649849,2.0,2.0,0.0
0.05,2.2225661811,0.05,circulant_match,1.5700924586837752e-16,5.1864115524720384,5.18641155247204,2.0,2.0000000000000004,0.0
0.2672566181,1.7880529449,0.9333121867,circulant_match,1.5700924586837752e-16,5.528924091354396,5.528924091354396,2.0,2.0,0.0
0.2672566181,1.7880529449,3.583248747,circulant_match,1.5700924586837752e-16,5.528924091354396,5.528924091354396,2.0,2.0,0.0
0.7017698543,1.3535397087,0.9333121867,circulant_match,1.5700924586837752e-16,5.554561241514556,5.554561241514556,2.0,2.0,0.0
0.2672566181,2.005309563,0.9333121867,circulant_match,1.5700924586837752e-16,5.815499966014178,5.815499966014178,2.0,2.0,0.0
0.2672566181,2.005309563,6.2331853072,circulant_match,1.5700924586837752e-16,5.815499966014178,5.815499966014178,2.0,2.0,0.0
0.2672566181,2.2225661811,0.05,circulant_match,1.5700924586837752e-16,6.05927724501992,6.05927724501992,1.9999999999999996,1.9999999999999996,0.0
0.2672566181,2.2225661811,6.2331853072,circulant_match,1.5700924586837752e-16,6.05927724501992,6.05927724501992,1.9999999999999996,1.9999999999999996,0.0
0.4845132362,1.7880529449,6.2331853072,circulant_match,1.5700924586837752e-16,6.153666637746959,6.153666637746959,1.9999999999999996,1.9999999999999996,0.0
0.7017698543,1.5707963268,0.9333121867,circulant_match,1.5700924586837752e-16,6.250283179270039,6.250283179270038,2.0,1.9999999999999998,0.0
0.7017698543,1.5707963268,3.583248747,circulant_match,1.5700924586837752e-16,6.250283179270039,6.250283179270038,2.0,1.9999999999999998,0.0
0.2672566181,2.4398227992,0.9333121867,circulant_match,1.5700924586837752e-16,6.254335337482051,6.254335337482052,1.9999999999999998,2.0,0.0
0.2672566181,2.8743360355,5.3498731204,circulant_match,1.5700924586837752e-16,6.488603414460725,6.488603414460724,1.9999999999999998,1.9999999999999996,0.0
1.3535397087,2.6570794174,0.05,circulant_match,1.5700924586837752e-16,6.73815503177017,6.73815503177017,1.9999999999999998,1.9999999999999998,0.0
1.3535397087,2.6570794174,6.2331853072,circulant_match,1.5700924586837752e-16,6.73815503177017,6.73815503177017,1.9999999999999998,1.9999999999999998,0.0
1.3535397087,1.1362830906,4.4665609337,circulant_match,1.5700924586837752e-16,6.822025119721008,6.822025119721008,1.9999999999999998,1.9999999999999998,0.0
1.1362830906,1.3535397087,3.583248747,circulant_match,1.5700924586837752e-16,6.859818938494017,6.859818938494017,1.9999999999999996,1.9999999999999996,0.0
0.9190264725,1.5707963268,3.583248747,circulant_match,1.5700924586837752e-16,6.8961296671320715,6.896129667132071,1.9999999999999996,1.9999999999999993,0.0
0.7017698543,2.005309563,0.05,circulant_match,1.5700924586837752e-16,7.273997591309858,7.273997591309858,2.0,2.0,0.0
0.4845132362,2.8743360355,3.583248747,circulant_match,1.5700924586837752e-16,7.430601962341745,7.430601962341744,2.0,1.9999999999999998,0.0
1.1362830906,1.5707963268,2.6999365602,circulant_match,1.5700924586837752e-16,7.46835550532696,7.46835550532696,1.9999999999999996,1.9999999999999996,0.0
1.3535397087,2.2225661811,0.05,circulant_match,1.5700924586837752e-16,7.574102981620596,7.5741029816205945,2.0000000000000004,2.0,0.0
1.3535397087,2.2225661811,2.6999365602,circulant_match,1.5700924586837752e-16,7.574102981620596,7.5741029816205945,2.0000000000000004,2.0,0.0
0.7017698543,2.2225661811,6.2331853072,circulant_match,1.5700924586837752e-16,7.584621507481588,7.584621507481588,2.0,2.0,0.0
1.1362830906,1.7880529449,1.8166243735,circulant_match,1.5700924586837752e-16,7.847520290318001,7.847520290317999,2.0000000000000004,2.0,0.0
1.3535397087,1.5707963268,0.05,circulant_match,1.5700924586837752e-16,7.860612593287581,7.860612593287581,1.9999999999999998,1.9999999999999998,0.0
1.3535397087,1.5707963268,5.3498731204,circulant_match,1.5700924586837752e-16,7.860612593287581,7.860612593287581,1.9999999999999998,1.9999999999999998,0.0
0.7017698543,2.6570794174,3.583248747,circulant_match,1.5700924586837752e-16,7.888906912817261,7.88890691281726,2.0,1.9999999999999998,0.0
0.9190264725,2.8743360355,0.05,circulant_match,1.5700924586837752e-16,7.923014261246503,7.923014261246505,1.9999999999999996,2.0,0.0
1.1362830906,2.2225661811,0.9333121867,circulant_match,1.5700924586837752e-16,7.94987730857621,7.94987730857621,2.0,2.0,0.0
1.1362830906,2.2225661811,3.583248747,circulant_match,1.5700924586837752e-16,7.94987730857621,7.94987730857621,2.0,2.0,0.0
0.9190264725,2.2225661811,5.3498731204,circulant_match,1.5700924586837752e-16,7.953615036004992,7.953615036004992,2.0000000000000004,2.0000000000000004,0.0
1.3535397087,1.7880529449,4.4665609337,circulant_match,1.5700924586837752e-16,7.999922973923238,7.999922973923237,1.9999999999999998,1.9999999999999996,0.0
0.4845132362,2.2225661811,0.9333121867,circulant_match,1.5612511283791264e-16,6.911474124726052,6.911474124726052,1.9999999999999996,1.9999999999999993,0.0
1.1362830906,1.5707963268,5.3498731204,circulant_match,1.4304896245381993e-16,7.46835550532696,7.46835550532696,1.9999999999999996,1.9999999999999996,0.0
0.05,0.05,0.05,circulant_match,1.3877787807814457e-16,4.700892766157013,4.70089276615701,2.0000000000000004,1.9999999999999998,0.0
0.05,0.4845132362,4.4665609337,circulant_match,1.3877787807814457e-16,4.736597457273504,4.736597457273504,2.0,2.0,0.0
0.05,2.005309563,6.2331853072,circulant_match,1.3877787807814457e-16,5.132246044813915,5.132246044813915,2.0,2.0,0.0
0.05,2.6570794174,0.05,circulant_match,1.3877787807814457e-16,5.266654064429904,5.266654064429904,2.0,2.0,0.0
0.05,2.8743360355,0.05,circulant_match,1.3877787807814457e-16,5.289390322669395,5.289390322669396,1.9999999999999996,1.9999999999999998,0.0
1.5707963268,0.4845132362,2.6999365602,circulant_match,1.3877787807814457e-16,5.6508465317881456,5.6508465317881456,1.9999999999999996,1.9999999999999996,0.0
0.4845132362,1.7880529449,0.05,circulant_match,1.3877787807814457e-16,6.153666637746959,6.153666637746959,1.9999999999999996,1.9999999999999996,0.0
0.9190264725,1.3535397087,0.9333121867,circulant_match,1.3877787807814457e-16,6.184333040613641,6.184333040613641,2.0,2.0,0.0
0.7017698543,1.7880529449,4.4665609337,circulant_match,1.3877787807814457e-16,6.829822630339064,6.829822630339065,1.9999999999999996,1.9999999999999998,0.0
0.05,1.7880529449,2.6999365602,circulant_match,1.3092278833360675e-16,5.071703315711537,5.071703315711538,1.9999999999999996,1.9999999999999998,0.0
0.05,2.8743360355,4.4665609337,circulant_match,1.300117091939649e-16,5.289390322669395,5.289390322669396,1.9999999999999996,1.9999999999999998,0.0
0.4845132362,1.7880529449,3.583248747,circulant_match,1.2911750880923164e-16,6.153666637746959,6.153666637746959,1.9999999999999996,1.9999999999999996,0.0
0.4845132362,0.9190264725,4.4665609337,circulant_match,1.2412670766236366e-16,3.9112521536959637,3.911252153695962,2.0,1.9999999999999996,0.0
0.05,0.4845132362,0.9333121867,circulant_match,1.2412670766236366e-16,4.736597457273504,4.736597457273504,2.0,2.0,0.0
0.05,1.1362830906,4.4665609337,circulant_match,1.2412670766236366e-16,4.880085451328432,4.880085451328428,2.0000000000000004,1.9999999999999998,0.0
0.2672566181,1.5707963268,4.4665609337,circulant_match,1.2412670766236366e-16,5.209224950741129,5.20922495074113,1.9999999999999998,2.0,0.0
0.4845132362,1.5707963268,0.9333121867,circulant_match,1.2412670766236366e-16,5.650846531773672,5.650846531773672,1.9999999999999998,1.9999999999999998,0.0
0.9190264725,1.3535397087,4.4665609337,circulant_match,1.2412670766236366e-16,6.184333040613641,6.184333040613641,2.0,2.0,0.0
0.9190264725,1.3535397087,6.2331853072,circulant_match,1.2412670766236366e-16,6.184333040613641,6.184333040613641,2.0,2.0,0.0
1.5707963268,0.7017698543,0.05,circulant_match,1.2412670766236366e-16,6.250283179278329,6.250283179278327,2.0000000000000004,2.0,0.0
1.3535397087,2.6570794174,3.583248747,circulant_match,1.2412670766236366e-16,6.73815503177017,6.73815503177017,1.9999999999999998,1.9999999999999998,0.0
1.3535397087,2.6570794174,4.4665609337,circulant_match,1.2412670766236366e-16,6.73815503177017,6.73815503177017,1.9999999999999998,1.9999999999999998,0.0
0.7017698543,2.005309563,2.6999365602,circulant_match,1.2412670766236366e-16,7.273997591309858,7.273997591309858,2.0,2.0,0.0
0.9190264725,2.005309563,6.2331853072,circulant_match,1.2412670766236366e-16,7.778179693303329,7.778179693303331,1.9999999999999998,2.0,0.0
1.1362830906,1.7880529449,2.6999365602,circulant_match,1.2412670766236366e-16,7.847520290318001,7.847520290317999,2.0000000000000004,2.0,0.0
1.3535397087,1.5707963268,3.583248747,circulant_match,1.2412670766236366e-16,7.860612593287581,7.860612593287581,1.9999999999999998,1.9999999999999998,0.0
1.3535397087,1.5707963268,4.4665609337,circulant_match,1.2412670766236366e-16,7.860612593287581,7.860612593287581,1.9999999999999998,1.9999999999999998,0.0
0.9190264725,2.8743360355,5.3498731204,circulant_match,1.2412670766236366e-16,7.923014261246503,7.923014261246505,1.9999999999999996,2.0,0.0
1.1362830906,2.2225661811,0.05,circulant_match,1.2412670766236366e-16,7.94987730857621,7.94987730857621,2.0,2.0,0.0
0.9190264725,2.2225661811,4.4665609337,circulant_match,1.2412670766236366e-16,7.953615036004992,7.953615036004992,2.0000000000000004,2.0000000000000004,0.0
0.05,2.6570794174,0.9333121867,circulant_match,1.1857187100668868e-16,5.266654064429904,5.266654064429904,2.0,2.0,0.0
1.5707963268,0.9190264725,5.3498731204,circulant_match,1.1857187100668868e-16,6.896129667135879,6.896129667135877,1.9999999999999998,1.9999999999999993,0.0
0.9190264725,1.1362830906,3.583248747,circulant_match,1.1739862079479962e-16,5.342035041789086,5.342035041789088,2.0,2.0000000000000004,0.0
0.4845132362,0.7017698543,4.4665609337,circulant_match,1.1443916996305594e-16,3.382611575415921,3.382611575415922,1.9999999999999996,1.9999999999999998,0.0
0.2672566181,0.05,2.6999365602,circulant_match,1.1443916996305594e-16,3.4741658677988063,3.4741658677988054,1.9999999999999998,1.9999999999999996,0.0
1.3535397087,0.7017698543,2.6999365602,circulant_match,1.1443916996305594e-16,5.227709009686446,5.227709009686446,2.0,2.0,0.0
0.05,2.6570794174,6.2331853072,circulant_match,1.1443916996305594e-16,5.266654064429904,5.266654064429904,2.0,2.0,0.0
0.4845132362,2.005309563,0.9333121867,circulant_match,1.1443916996305594e-16,6.576565101790565,6.576565101790565,1.9999999999999998,1.9999999999999998,0.0
0.4845132362,3.0915926536,6.2331853072,circulant_match,1.1443916996305594e-16,7.471540112108405,7.471540112108404,2.0,1.9999999999999998,0.0
0.05,1.3535397087,6.2331853072,circulant_match,1.1188630228279524e-16,4.942587832011045,4.942587832011044,2.0,1.9999999999999998,0.0
0.4845132362,1.3535397087,0.9333121867,circulant_match,1.1188630228279524e-16,5.087546552307567,5.087546552307567,1.9999999999999998,1.9999999999999998,0.0
0.4845132362,2.005309563,6.2331853072,circulant_match,1.1188630228279524e-16,6.576565101790565,6.576565101790565,1.9999999999999998,1.9999999999999998,0.0
0.9190264725,1.5707963268,0.9333121867,circulant_match,1.1188630228279524e-16,6.8961296671320715,6.896129667132071,1.9999999999999996,1.9999999999999993,0.0
0.4845132362,2.8743360355,0.05,circulant_match,1.1123893155135927e-16,7.430601962341745,7.430601962341744,2.0,1.9999999999999998,0.0
0.4845132362,2.005309563,0.05,circulant_match,1.1114420827879992e-16,6.576565101790565,6.576565101790565,1.9999999999999998,1.9999999999999998,0.0
0.9190264725,0.05,6.2331853072,circulant_match,1.1102230246251565e-16,2.114855448431755,2.114855448431755,2.0,2.0,0.0
0.2672566181,1.3535397087,0.9333121867,circulant_match,1.1102230246251565e-16,4.870083594590866,4.870083594590866,1.9999999999999998,1.9999999999999998,0.0
0.05,1.7880529449,0.05,circulant_match,1.1102230246251565e-16,5.071703315711537,5.071703315711538,1.9999999999999996,1.9999999999999998,0.0
0.2672566181,1.5707963268,0.9333121867,circulant_match,1.1102230246251565e-16,5.209224950741129,5.20922495074113,1.9999999999999998,2.0,0.0
1.5707963268,0.2672566181,5.3498731204,circulant_match,1.1102230246251565e-16,5.209224950762865,5.209224950762865,2.0,2.0,0.0
0.05,2.6570794174,3.583248747,circulant_match,1.1102230246251565e-16,5.266654064429904,5.266654064429904,2.0,2.0,0.0
0.4845132362,1.5707963268,4.4665609337,circulant_match,1.1102230246251565e-16,5.650846531773672,5.650846531773672,1.9999999999999998,1.9999999999999998,0.0
0.4845132362,1.5707963268,6.2331853072,circulant_match,1.1102230246251565e-16,5.650846531773672,5.650846531773672,1.9999999999999998,1.9999999999999998,0.0
1.5707963268,0.4845132362,5.3498731204,circulant_match,1.1102230246251565e-16,5.6508465317881456,5.6508465317881456,1.9999999999999996,1.9999999999999996,0.0
1.3535397087,0.9190264725,5.3498731204,circulant_match,1.1102230246251565e-16,6.04195862119465,6.041958621194652,1.9999999999999998,2.0000000000000004,0.0
1.3535397087,0.9190264725,6.2331853072,circulant_match,1.1102230246251565e-16,6.04195862119465,6.041958621194652,1.9999999999999998,2.0000000000000004,0.0
0.9190264725,1.3535397087,3.583248747,circulant_match,1.1102230246251565e-16,6.184333040613641,6.184333040613641,2.0,2.0,0.0
0.7017698543,1.5707963268,1.8166243735,circulant_match,1.1102230246251565e-16,6.250283179270039,6.250283179270038,2.0,1.9999999999999998,0.0
0.7017698543,1.5707963268,6.2331853072,circulant_match,1.1102230246251565e-16,6.250283179270039,6.250283179270038,2.0,1.9999999999999998,0.0
0.2672566181,2.8743360355,0.05,circulant_match,1.1102230246251565e-16,6.488603414460725,6.488603414460724,1.9999999999999998,1.9999999999999996,0.0
1.3535397087,1.1362830906,1.8166243735,circulant_match,1.1102230246251565e-16,6.822025119721008,6.822025119721008,1.9999999999999998,1.9999999999999998,0.0
0.7017698543,1.7880529449,2.6999365602,circulant_match,1.1102230246251565e-16,6.829822630339064,6.829822630339065,1.9999999999999996,1.9999999999999998,0.0
0.4845132362,2.2225661811,2.6999365602,circulant_match,1.1102230246251565e-16,6.911474124726052,6.911474124726052,1.9999999999999996,1.9999999999999993,0.0
0.7017698543,2.005309563,0.9333121867,circulant_match,1.1102230246251565e-16,7.273997591309858,7.273997591309858,2.0,2.0,0.0
0.4845132362,2.8743360355,0.9333121867,circulant_match,1.1102230246251565e-16,7.430601962341745,7.430601962341744,2.0,1.9999999999999998,0.0
0.9190264725,1.7880529449,0.05,circulant_match,1.1102230246251565e-16,7.431728562240209,7.431728562240209,2.0,2.0,0.0
1.3535397087,1.3535397087,0.05,circulant_match,1.1102230246251565e-16,7.4554799653028105,7.45547996530281,1.9999999999999998,1.9999999999999996,0.0
1.1362830906,1.5707963268,0.05,circulant_match,1.1102230246251565e-16,7.46835550532696,7.46835550532696,1.9999999999999996,1.9999999999999996,0.0
1.1362830906,1.5707963268,0.9333121867,circulant_match,1.1102230246251565e-16,7.46835550532696,7.46835550532696,1.9999999999999996,1.9999999999999996,0.0
1.5707963268,1.1362830906,0.9333121867,circulant_match,1.1102230246251565e-16,7.468355505328159,7.468355505328159,1.9999999999999998,1.9999999999999998,0.0
0.7017698543,2.2225661811,2.6999365602,circulant_match,1.1102230246251565e-16,7.584621507481588,7.584621507481588,2.0,2.0,0.0
0.9190264725,2.005309563,2.6999365602,circulant_match,1.1102230246251565e-16,7.778179693303329,7.778179693303331,1.9999999999999998,2.0,0.0
0.9190264725,2.8743360355,6.2331853072,circulant_match,1.1102230246251565e-16,7.923014261246503,7.923014261246505,1.9999999999999996,2.0,0.0
0.7017698543,0.7017698543,1.8166243735,circulant_match,9.8879238130678e-17,3.261938788241898,3.261938788241898,1.9999999999999998,1.9999999999999998,0.0
0.05,1.3535397087,0.9333121867,circulant_match,8.326672684688674e-17,4.942587832011045,4.942587832011044,2.0,1.9999999999999998,0.0
0.7017698543,1.7880529449,6.2331853072,circulant_match,8.326672684688674e-17,6.829822630339064,6.829822630339065,1.9999999999999996,1.9999999999999998,0.0
1.3535397087,2.2225661811,5.3498731204,circulant_match,8.326672684688674e-17,7.574102981620596,7.5741029816205945,2.0000000000000004,2.0,0.0
1.1362830906,2.2225661811,2.6999365602,circulant_match,8.326672684688674e-17,7.94987730857621,7.94987730857621,2.0,2.0,0.0
0.4845132362,2.4398227992,3.583248747,circulant_match,8.109832250191573e-17,7.159883405123187,7.159883405123187,1.9999999999999998,1.9999999999999998,0.0
1.1362830906,0.05,4.4665609337,circulant_match,6.938893903907228e-17,2.7179265741120933,2.7179265741120915,2.0,1.9999999999999996,0.0
1.1362830906,0.9190264725,4.4665609337,circulant_match,5.551115123125783e-17,5.17033742649849,5.17033742649849,2.0,2.0,0.0
0.05,2.8743360355,0.9333121867,circulant_match,5.551115123125783e-17,5.289390322669395,5.289390322669396,1.9999999999999996,1.9999999999999998,0.0
0.2672566181,2.2225661811,2.6999365602,circulant_match,5.551115123125783e-17,6.05927724501992,6.05927724501992,1.9999999999999996,1.9999999999999996,0.0
0.7017698543,1.7880529449,0.9333121867,circulant_match,5.551115123125783e-17,6.829822630339064,6.829822630339065,1.9999999999999996,1.9999999999999998,0.0
0.9190264725,2.8743360355,3.583248747,circulant_match,5.551115123125783e-17,7.923014261246503,7.923014261246505,1.9999999999999996,2.0,0.0
1.1362830906,2.2225661811,5.3498731204,circulant_match,5.551115123125783e-17,7.94987730857621,7.94987730857621,2.0,2.0,0.0
1.3535397087,1.7880529449,6.2331853072,circulant_match,5.551115123125783e-17,7.999922973923238,7.999922973923237,1.9999999999999998,1.9999999999999996,0.0
0.05,2.6570794174,4.4665609337,circulant_match,4.85722573273506e-17,5.266654064429904,5.266654064429904,2.0,2.0,0.0
0.0,0.0,5.7595865316,circulant_match,4.8074067158550357e-17,5.0,5.0,1.9999999999999998,1.9999999999999998,0.0
0.0,1.3744467859,5.7595865316,circulant_match,4.8074067158550357e-17,5.0,5.0,1.9999999999999998,1.9999999999999998,0.0
0.0,1.5707963268,5.7595865316,circulant_match,4.8074067158550357e-17,5.0,5.0,1.9999999999999998,1.9999999999999998,0.0
0.05,1.5707963268,6.2331853072,circulant_match,2.7755575615628914e-17,5.007493752084489,5.007493752084487,2.0,1.9999999999999996,0.0
0.05,1.7880529449,6.2331853072,circulant_match,2.7755575615628914e-17,5.071703315711537,5.071703315711538,1.9999999999999996,1.9999999999999998,0.0
0.05,2.005309563,1.8166243735,circulant_match,2.7755575615628914e-17,5.132246044813915,5.132246044813915,2.0,2.0,0.0
0.4845132362,1.5707963268,1.8166243735,circulant_match,2.7755575615628914e-17,5.650846531773672,5.650846531773672,1.9999999999999998,1.9999999999999998,0.0
0.4845132362,0.05,0.9333121867,circulant_match,1.3877787807814457e-17,2.531711409594239,2.531711409594241,1.9999999999999993,1.9999999999999998,0.0
0.05,0.7017698543,0.9333121867,circulant_match,1.3877787807814457e-17,4.774394518025229,4.774394518025229,2.0,1.9999999999999998,0.0
0.4845132362,0.05,3.583248747,circulant_match,0.0,2.531711409594239,2.531711409594241,1.9999999999999993,1.9999999999999998,0.0
0.7017698543,1.1362830906,5.3498731204,circulant_match,0.0,4.783431321185793,4.783431321185793,2.0,2.0,0.0
0.0,0.0,4.1887902048,circulant_match,0.0,5.0,5.0,1.9999999999999998,1.9999999999999998,0.0
0.0,0.1963495408,0.5235987756,circulant_match,nan,5.0,5.0,1.9999999999999998,1.9999999999999998,0.0
0.05,0.05,0.9333121867,circulant_match,2.591714028901394e-16,4.700892766157013,4.70089276615701,2.0000000000000004,1.9999999999999998,0.0
0.05,0.2672566181,0.05,circulant_match,2.482534153247273e-16,4.711654930604949,4.711654930604947,2.0,1.9999999999999998,0.0
0.05,0.2672566181,0.9333121867,circulant_match,2.2336880404788363e-16,4.711654930604949,4.711654930604947,2.0,1.9999999999999998,0.0
0.05,0.2672566181,4.4665609337,circulant_match,2.220446049250313e-16,4.711654930604949,4.711654930604947,2.0,1.9999999999999998,0.0
0.05,0.2672566181,3.583248747,circulant_match,2.177751704867561e-16,4.711654930604949,4.711654930604947,2.0,1.9999999999999998,0.0
0.0,0.1963495408,5.7595865316,circulant_match,4.8074067158550357e-17,5.0,5.0,1.9999999999999998,1.9999999999999998,0.0
0.0,0.7853981634,5.7595865316,circulant_match,4.8074067158550357e-17,5.0,5.0,1.9999999999999998,1.9999999999999998,0.0
0.05,0.05,4.4665609337,circulant_match,2.7755575615628914e-17,4.700892766157013,4.70089276615701,2.0000000000000004,1.9999999999999998,0.0
0.0,0.1963495408,4.1887902048,circulant_match,0.0,5.0,5.0,1.9999999999999998,1.9999999999999998,0.0
0.0,0.3926990817,0.5235987756,circulant_match,nan,5.0,5.0,1.9999999999999998,1.9999999999999998,0.0
0.0,0.3926990817,5.7595865316,circulant_match,4.8074067158550357e-17,5.0,5.0,1.9999999999999998,1.9999999999999998,0.0
0.0,0.3926990817,4.1887902048,circulant_match,0.0,5.0,5.0,1.9999999999999998,1.9999999999999998,0.0
0.0,0.5890486225,0.5235987756,circulant_match,nan,5.0,5.0,1.9999999999999998,1.9999999999999998,0.0
0.0,0.5890486225,5.7595865316,circulant_match,4.8074067158550357e-17,5.0,5.0,1.9999999999999998,1.9999999999999998,0.0
0.0,0.9817477042,5.7595865316,circulant_match,4.8074067158550357e-17,5.0,5.0,1.9999999999999998,1.9999999999999998,0.0
0.0,0.5890486225,4.1887902048,circulant_match,0.0,5.0,5.0,1.9999999999999998,1.9999999999999998,0.0
0.0,0.7853981634,0.5235987756,circulant_match,nan,5.0,5.0,1.9999999999999998,1.9999999999999998,0.0
0.0,0.7853981634,4.1887902048,circulant_match,0.0,5.0,5.0,1.9999999999999998,1.9999999999999998,0.0
0.0,0.9817477042,0.5235987756,circulant_match,nan,5.0,5.0,1.9999999999999998,1.9999999999999998,0.0
0.9853166181,0.8153981634,0.43,circulant_match,3.732067169519928e-15,4.209920973447066,4.209920973447067,1.9999999999999996,1.9999999999999998,0.0
0.05,0.05,6.2331853072,circulant_match,1.3877787807814457e-16,4.700892766157013,4.70089276615701,2.0000000000000004,1.9999999999999998,0.0
0.0,0.9817477042,4.1887902048,circulant_match,0.0,5.0,5.0,1.9999999999999998,1.9999999999999998,0.0
0.0,1.1780972451,0.5235987756,circulant_match,nan,5.0,5.0,1.9999999999999998,1.9999999999999998,0.0
0.05,0.05,2.6999365602,circulant_match,9.550499576785472e-16,4.700892766157013,4.70089276615701,2.0000000000000004,1.9999999999999998,0.0
0.05,0.2672566181,2.6999365602,circulant_match,2.482534153247273e-16,4.711654930604949,4.711654930604947,2.0,1.9999999999999998,0.0
0.0,1.1780972451,5.7595865316,circulant_match,4.8074067158550357e-17,5.0,5.0,1.9999999999999998,1.9999999999999998,0.0
0.0,1.1780972451,4.1887902048,circulant_match,0.0,5.0,5.0,1.9999999999999998,1.9999999999999998,0.0
0.0,1.3744467859,0.5235987756,circulant_match,nan,5.0,5.0,1.9999999999999998,1.9999999999999998,0.0
0.0,1.3744467859,4.1887902048,circulant_match,0.0,5.0,5.0,1.9999999999999998,1.9999999999999998,0.0
0.0,1.5707963268,0.5235987756,circulant_match,nan,5.0,5.0,1.9999999999999998,1.9999999999999998,0.0
2.4398227992,2.2225661811,3.583248747,circulant_match,7.820266295771224e-14,3.9958445115959673,3.9958445115959664,1.9999999999999996,1.9999999999999993,0.0
3.0915926536,2.2225661811,0.9333121867,circulant_match,4.693512974075303e-14,4.823061197991194,4.823061197991194,1.9999999999999998,1.9999999999999998,0.0
2.4398227992,2.2225661811,0.05,circulant_match,3.7032896917453093e-14,3.9958445115959673,3.9958445115959664,1.9999999999999996,1.9999999999999993,0.0
2.4398227992,2.2225661811,6.2331853072,circulant_match,3.433619643846962e-14,3.9958445115959673,3.9958445115959664,1.9999999999999996,1.9999999999999993,0.0
2.4398227992,2.2225661811,4.4665609337,circulant_match,2.4354469826966123e-14,3.9958445115959673,3.9958445115959664,1.9999999999999996,1.9999999999999993,0.0
2.4398227992,2.2225661811,0.9333121867,circulant_match,2.3898694971308718e-14,3.9958445115959673,3.9958445115959664,1.9999999999999996,1.9999999999999993,0.0
3.0915926536,2.005309563,0.9333121867,circulant_match,2.034163702094079e-14,4.880085451348735,4.880085451348734,1.9999999999999998,1.9999999999999996,0.0
2.4398227992,2.2225661811,2.6999365602,circulant_match,1.5748739599794763e-14,3.9958445115959673,3.9958445115959664,1.9999999999999996,1.9999999999999993,0.0
2.8743360355,2.005309563,0.9333121867,circulant_match,1.570092458683775e-14,4.5287944066531995,4.5287944066531995,1.9999999999999998,2.0,0.0
2.6570794174,2.2225661811,3.583248747,circulant_match,1.5166231688529136e-14,3.911252153674565,3.911252153674565,1.9999999999999996,1.9999999999999996,0.0
2.6570794174,2.2225661811,0.9333121867,circulant_match,1.4547734865910382e-14,3.911252153674565,3.911252153674565,1.9999999999999996,1.9999999999999996,0.0
2.6570794174,2.2225661811,0.05,circulant_match,1.1380496793731396e-14,3.911252153674565,3.911252153674565,1.9999999999999996,1.9999999999999996,0.0
3.0915926536,0.05,0.9333121867,circulant_match,1.0677783136387645e-14,5.299144671328979,5.299144671328977,2.0,1.9999999999999996,0.0
2.4398227992,2.2225661811,5.3498731204,circulant_match,9.084610204619474e-15,3.9958445115959673,3.9958445115959664,1.9999999999999996,1.9999999999999993,0.0
3.0915926536,0.2672566181,0.9333121867,circulant_match,8.915719945840662e-15,5.289390322609645,5.289390322609645,2.0,1.9999999999999998,0.0
2.8743360355,2.2225661811,0.9333121867,circulant_match,8.478499276892386e-15,4.205201179122485,4.205201179122483,2.0,1.9999999999999993,0.0
2.6570794174,2.2225661811,6.2331853072,circulant_match,8.361214554733995e-15,3.911252153674565,3.911252153674565,1.9999999999999996,1.9999999999999996,0.0
3.0915926536,1.7880529449,0.9333121867,circulant_match,7.615353076869676e-15,4.942587832018248,4.942587832018247,1.9999999999999998,1.9999999999999996,0.0
2.6570794174,2.2225661811,4.4665609337,circulant_match,6.921385803196359e-15,3.911252153674565,3.911252153674565,1.9999999999999996,1.9999999999999996,0.0
3.0915926536,1.3535397087,0.9333121867,circulant_match,5.203855855232738e-15,5.071703315692536,5.0717033156925355,1.9999999999999998,1.9999999999999996,0.0
3.0915926536,2.6570794174,0.9333121867,circulant_match,5.011092195010838e-15,4.7365974573252725,4.736597457325274,1.9999999999999993,1.9999999999999996,0.0
2.2225661811,2.2225661811,6.2331853072,circulant_match,4.775249788392737e-15,4.443256773610793,4.443256773610791,2.0000000000000004,2.0,0.0
2.8743360355,2.005309563,4.4665609337,circulant_match,4.440892098500626e-15,4.5287944066531995,4.5287944066531995,1.9999999999999998,2.0,0.0
3.0915926536,0.7017698543,0.9333121867,circulant_match,4.335559509131367e-15,5.231851690046183,5.231851690046182,1.9999999999999996,1.9999999999999993,0.0
2.6570794174,2.2225661811,2.6999365602,circulant_match,4.311326371230795e-15,3.911252153674565,3.911252153674565,1.9999999999999996,1.9999999999999996,0.0
2.8743360355,2.2225661811,3.583248747,circulant_match,3.942464333787022e-15,4.205201179122485,4.205201179122483,2.0,1.9999999999999993,0.0
2.2225661811,2.2225661811,3.583248747,circulant_match,3.8730715395979075e-15,4.443256773610793,4.443256773610791,2.0000000000000004,2.0,0.0
3.0915926536,2.2225661811,4.4665609337,circulant_match,3.823424989440341e-15,4.823061197991194,4.823061197991194,1.9999999999999998,1.9999999999999998,0.0
1.5707963268,3.0915926536,6.2331853072,circulant_match,3.753576041744627e-15,5.007493752049322,5.007493752049322,1.9999999999999996,1.9999999999999996,0.0
2.2225661811,2.2225661811,0.05,circulant_match,3.663841114510703e-15,4.443256773610793,4.443256773610791,2.0000000000000004,2.0,0.0
2.6570794174,2.005309563,0.9333121867,circulant_match,3.625264947627759e-15,4.494448644718271,4.4944486447182745,1.9999999999999991,2.0,0.0
1.7880529449,2.8743360355,2.6999365602,circulant_match,3.5055632627505204e-15,3.9814315171199324,3.9814315171199324,1.9999999999999998,1.9999999999999998,0.0
2.6570794174,2.005309563,0.05,circulant_match,3.4337360293911145e-15,4.494448644718271,4.4944486447182745,1.9999999999999991,2.0,0.0
3.0915926536,3.0915926536,0.9333121867,circulant_match,3.336677362663902e-15,4.700892766217698,4.700892766217699,1.9999999999999993,1.9999999999999996,0.0
2.005309563,2.4398227992,2.6999365602,circulant_match,3.2652638748082423e-15,4.278997635960822,4.278997635960824,1.9999999999999996,2.0,0.0
3.0915926536,2.8743360355,0.9333121867,circulant_match,3.219646771412954e-15,4.711654930662659,4.711654930662659,1.9999999999999996,1.9999999999999996,0.0
2.8743360355,2.2225661811,0.05,circulant_match,3.1719170905745505e-15,4.205201179122485,4.205201179122483,2.0,1.9999999999999993,0.0
3.0915926536,2.2225661811,3.583248747,circulant_match,3.128387061314213e-15,4.823061197991194,4.823061197991194,1.9999999999999998,1.9999999999999998,0.0
1.7880529449,2.8743360355,5.3498731204,circulant_match,2.9599161247011958e-15,3.9814315171199324,3.9814315171199324,1.9999999999999998,1.9999999999999998,0.0
2.8743360355,2.005309563,3.583248747,circulant_match,2.942091015256665e-15,4.5287944066531995,4.5287944066531995,1.9999999999999998,2.0,0.0
2.4398227992,2.6570794174,0.05,circulant_match,2.7755575615628914e-15,2.6535880677647974,2.6535880677647974,1.9999999999999996,1.9999999999999996,0.0
2.8743360355,2.4398227992,0.9333121867,circulant_match,2.710399819191012e-15,3.9200582869769605,3.9200582869769596,1.9999999999999998,1.9999999999999996,0.0
1.5707963268,3.0915926536,5.3498731204,circulant_match,2.682975169497797e-15,5.007493752049322,5.007493752049322,1.9999999999999996,1.9999999999999996,0.0
2.4398227992,2.6570794174,3.583248747,circulant_match,2.6792757755995453e-15,2.6535880677647974,2.6535880677647974,1.9999999999999996,1.9999999999999996,0.0
3.0915926536,0.4845132362,0.9333121867,circulant_match,2.673771110915334e-15,5.26665406437396,5.266654064373959,2.0,1.9999999999999998,0.0
2.005309563,0.7017698543,1.8166243735,circulant_match,2.642616502322673e-15,7.778431276849053,7.778431276849053,1.9999999999999998,1.9999999999999998,0.0
2.4398227992,2.6570794174,6.2331853072,circulant_match,2.589462819655575e-15,2.6535880677647974,2.6535880677647974,1.9999999999999996,1.9999999999999996,0.0
2.6570794174,2.005309563,3.583248747,circulant_match,2.589462819655575e-15,4.494448644718271,4.4944486447182745,1.9999999999999991,2.0,0.0
1.5707963268,3.0915926536,2.6999365602,circulant_match,2.558937633260452e-15,5.007493752049322,5.007493752049322,1.9999999999999996,1.9999999999999996,0.0
1.7880529449,3.0915926536,5.3498731204,circulant_match,2.542022845965011e-15,3.745817118568022,3.745817118568022,1.9999999999999998,1.9999999999999998,0.0
3.0915926536,2.005309563,3.583248747,circulant_match,2.5318501588558664e-15,4.880085451348735,4.880085451348734,1.9999999999999998,1.9999999999999996,0.0
2.8743360355,1.7880529449,0.9333121867,circulant_match,2.493062597795428e-15,4.87008359457122,4.870083594571218,1.9999999999999998,1.9999999999999996,0.0
2.2225661811,0.4845132362,1.8166243735,circulant_match,2.4839301861845773e-15,7.9718238176217655,7.971823817621765,1.9999999999999996,1.9999999999999993,0.0
2.8743360355,2.2225661811,4.4665609337,circulant_match,2.4650951625709315e-15,4.205201179122485,4.205201179122483,2.0,1.9999999999999993,0.0
2.8743360355,1.3535397087,0.9333121867,circulant_match,2.434909185329438e-15,5.528924091313829,5.528924091313829,1.9999999999999996,1.9999999999999998,0.0
3.0915926536,2.4398227992,0.9333121867,circulant_match,2.433010126791216e-15,4.7743945180885135,4.7743945180885135,1.9999999999999996,1.9999999999999996,0.0
2.2225661811,2.6570794174,2.6999365602,circulant_match,2.4172859680374752e-15,2.8509024607440656,2.8509024607440665,1.9999999999999996,1.9999999999999998,0.0
3.0915926536,1.7880529449,4.4665609337,circulant_match,2.396642123083981e-15,4.942587832018248,4.942587832018247,1.9999999999999998,1.9999999999999996,0.0
3.0915926536,0.9190264725,0.9333121867,circulant_match,2.396642123083981e-15,5.186411552430788,5.186411552430787,2.0,1.9999999999999998,0.0
2.4398227992,2.6570794174,2.6999365602,circulant_match,2.3731042512803495e-15,2.6535880677647974,2.6535880677647974,1.9999999999999996,1.9999999999999996,0.0
2.005309563,2.4398227992,0.05,circulant_match,2.318255272788694e-15,4.278997635960822,4.278997635960824,1.9999999999999996,2.0,0.0
2.8743360355,2.2225661811,6.2331853072,circulant_match,2.265535576864904e-15,4.205201179122485,4.205201179122483,2.0,1.9999999999999993,0.0
2.8743360355,1.5707963268,0.9333121867,circulant_match,2.2628136243174148e-15,5.209224950709933,5.209224950709933,1.9999999999999998,1.9999999999999996,0.0
2.005309563,2.6570794174,2.6999365602,circulant_match,2.2121037052315357e-15,3.5081062376087138,3.508106237608712,2.0000000000000004,2.0,0.0
3.0915926536,1.5707963268,0.9333121867,circulant_match,2.2037297810228127e-15,5.007493752078375,5.007493752078374,1.9999999999999996,1.9999999999999993,0.0
2.8743360355,0.2672566181,0.9333121867,circulant_match,2.196025632989205e-15,6.4886034144057785,6.4886034144057785,1.9999999999999998,1.9999999999999996,0.0
2.2225661811,0.9190264725,4.4665609337,circulant_match,2.132668787380004e-15,7.953615035991324,7.953615035991324,2.0000000000000004,2.0000000000000004,0.0
2.6570794174,2.4398227992,0.05,circulant_match,2.112343365827712e-15,3.3826115756328594,3.3826115756328594,1.9999999999999996,1.9999999999999996,0.0
2.2225661811,2.2225661811,2.6999365602,circulant_match,2.0807427796300308e-15,4.443256773610793,4.443256773610791,2.0000000000000004,2.0,0.0
3.0915926536,1.7880529449,3.583248747,circulant_match,2.0085071594998394e-15,4.942587832018248,4.942587832018247,1.9999999999999998,1.9999999999999996,0.0
2.8743360355,2.4398227992,4.4665609337,circulant_match,2.0014830212433605e-15,3.9200582869769605,3.9200582869769596,1.9999999999999998,1.9999999999999996,0.0
2.8743360355,0.4845132362,0.9333121867,circulant_match,2.0014830212433605e-15,6.397757025591178,6.397757025591178,1.9999999999999998,1.9999999999999998,0.0
2.2225661811,2.4398227992,2.6999365602,circulant_match,1.967320211922957e-15,3.5804669483552534,3.5804669483552534,1.9999999999999998,1.9999999999999998,0.0
2.8743360355,1.1362830906,0.9333121867,circulant_match,1.9492241005813414e-15,5.815499965966641,5.815499965966641,1.9999999999999998,1.9999999999999998,0.0
3.0915926536,2.4398227992,3.583248747,circulant_match,1.9279638981753174e-15,4.7743945180885135,4.7743945180885135,1.9999999999999996,1.9999999999999996,0.0
1.5707963268,3.0915926536,0.05,circulant_match,1.8965028624696808e-15,5.007493752049322,5.007493752049322,1.9999999999999996,1.9999999999999996,0.0
2.8743360355,0.2672566181,4.4665609337,circulant_match,1.8728330450731676e-15,6.4886034144057785,6.4886034144057785,1.9999999999999998,1.9999999999999996,0.0
2.6570794174,2.4398227992,6.2331853072,circulant_match,1.8452761694870047e-15,3.3826115756328594,3.3826115756328594,1.9999999999999996,1.9999999999999996,0.0
2.4398227992,0.9190264725,4.4665609337,circulant_match,1.83522921912888e-15,7.584621507692181,7.584621507692181,1.9999999999999998,1.9999999999999998,0.0
3.0915926536,0.05,4.4665609337,circulant_match,1.807312143953211e-15,5.299144671328979,5.299144671328977,2.0,1.9999999999999996,0.0
2.6570794174,2.005309563,6.2331853072,circulant_match,1.793620188084545e-15,4.494448644718271,4.4944486447182745,1.9999999999999991,2.0,0.0
1.5707963268,3.0915926536,3.583248747,circulant_match,1.793620188084545e-15,5.007493752049322,5.007493752049322,1.9999999999999996,1.9999999999999996,0.0
2.005309563,2.8743360355,2.6999365602,circulant_match,1.790180836524724e-15,2.9623811249545593,2.96238112495456,1.9999999999999996,1.9999999999999998,0.0
3.0915926536,2.005309563,4.4665609337,circulant_match,1.7763568394002505e-15,4.880085451348735,4.880085451348734,1.9999999999999998,1.9999999999999996,0.0
1.5707963268,3.0915926536,1.8166243735,circulant_match,1.7763568394002505e-15,5.007493752049322,5.007493752049322,1.9999999999999996,1.9999999999999996,0.0
2.2225661811,2.2225661811,0.9333121867,circulant_match,1.7550326948688181e-15,4.443256773610793,4.443256773610791,2.0000000000000004,2.0,0.0
2.8743360355,2.005309563,0.05,circulant_match,1.7408881379159213e-15,4.5287944066531995,4.5287944066531995,1.9999999999999998,2.0,0.0
2.4398227992,2.6570794174,0.9333121867,circulant_match,1.698314660101103e-15,2.6535880677647974,2.6535880677647974,1.9999999999999996,1.9999999999999996,0.0
2.6570794174,2.4398227992,3.583248747,circulant_match,1.6910413304902302e-15,3.3826115756328594,3.3826115756328594,1.9999999999999996,1.9999999999999996,0.0
1.5707963268,3.0915926536,4.4665609337,circulant_match,1.680072297996111e-15,5.007493752049322,5.007493752049322,1.9999999999999996,1.9999999999999996,0.0
1.5707963268,3.0915926536,0.9333121867,circulant_match,1.6504651808933464e-15,5.007493752049322,5.007493752049322,1.9999999999999996,1.9999999999999996,0.0
2.005309563,2.4398227992,3.583248747,circulant_match,1.5895974606912448e-15,4.278997635960822,4.278997635960824,1.9999999999999996,2.0,0.0
2.6570794174,1.3535397087,0.9333121867,circulant_match,1.5895974606912448e-15,6.153666637693566,6.153666637693566,1.9999999999999996,1.9999999999999996,0.0
2.2225661811,0.4845132362,5.3498731204,circulant_match,1.5489128225058954e-15,7.9718238176217655,7.971823817621765,1.9999999999999996,1.9999999999999993,0.0
2.4398227992,2.4398227992,6.2331853072,circulant_match,1.5100665727558131e-15,3.2619387885662787,3.2619387885662787,2.0,2.0,0.0
3.0915926536,2.4398227992,4.4665609337,circulant_match,1.5100665727558131e-15,4.7743945180885135,4.7743945180885135,1.9999999999999996,1.9999999999999996,0.0
2.6570794174,2.4398227992,0.9333121867,circulant_match,1.4936523181711914e-15,3.3826115756328594,3.3826115756328594,1.9999999999999996,1.9999999999999996,0.0
2.2225661811,2.6570794174,6.2331853072,circulant_match,1.4895204919483639e-15,2.8509024607440656,2.8509024607440665,1.9999999999999996,1.9999999999999998,0.0
2.2225661811,0.05,5.3498731204,circulant_match,1.4895204919483639e-15,7.894617302012673,7.894617302012673,2.0,2.0,0.0
2.6570794174,2.005309563,4.4665609337,circulant_match,1.4844044089713007e-15,4.494448644718271,4.4944486447182745,1.9999999999999991,2.0,0.0
2.8743360355,2.6570794174,3.583248747,circulant_match,1.457101633618084e-15,3.693025196754803,3.693025196754803,2.0,2.0,0.0
1.7880529449,3.0915926536,1.8166243735,circulant_match,1.4185244467036104e-15,3.745817118568022,3.745817118568022,1.9999999999999998,1.9999999999999998,0.0
2.4398227992,3.0915926536,5.3498731204,circulant_match,1.4155343563970746e-15,2.048684435299399,2.0486844352994007,1.9999999999999993,1.9999999999999998,0.0
2.8743360355,2.4398227992,3.583248747,circulant_match,1.4130832128153975e-15,3.9200582869769605,3.9200582869769596,1.9999999999999998,1.9999999999999996,0.0
1.7880529449,0.4845132362,5.3498731204,circulant_match,1.4049503905841223e-15,6.738155031834596,6.738155031834596,2.0,2.0,0.0
2.4398227992,2.6570794174,5.3498731204,circulant_match,1.3911054626160788e-15,2.6535880677647974,2.6535880677647974,1.9999999999999996,1.9999999999999996,0.0
1.7880529449,2.6570794174,3.583248747,circulant_match,1.3911054626160788e-15,4.503058158162413,4.503058158162415,1.9999999999999993,1.9999999999999998,0.0
1.7880529449,3.0915926536,6.2331853072,circulant_match,1.3668035872266427e-15,3.745817118568022,3.745817118568022,1.9999999999999998,1.9999999999999998,0.0
2.4398227992,1.7880529449,0.9333121867,circulant_match,1.3653937842860002e-15,5.554561241713647,5.554561241713646,1.9999999999999998,1.9999999999999996,0.0
2.4398227992,0.4845132362,1.8166243735,circulant_match,1.3517848686956847e-15,7.888906912950712,7.888906912950711,1.9999999999999998,1.9999999999999996,0.0
3.0915926536,2.8743360355,4.4665609337,circulant_match,1.3506446028928519e-15,4.711654930662659,4.711654930662659,1.9999999999999996,1.9999999999999996,0.0
2.8743360355,1.7880529449,3.583248747,circulant_match,1.3426356273935429e-15,4.87008359457122,4.870083594571218,1.9999999999999998,1.9999999999999996,0.0
2.2225661811,0.4845132362,4.4665609337,circulant_match,1.3414875847488985e-15,7.9718238176217655,7.971823817621765,1.9999999999999996,1.9999999999999993,0.0
2.4398227992,2.6570794174,4.4665609337,circulant_match,1.336885555457667e-15,2.6535880677647974,2.6535880677647974,1.9999999999999996,1.9999999999999996,0.0
2.2225661811,2.4398227992,0.05,circulant_match,1.336885555457667e-15,3.5804669483552534,3.5804669483552534,1.9999999999999998,1.9999999999999998,0.0
1.7880529449,2.8743360355,6.2331853072,circulant_match,1.336885555457667e-15,3.9814315171199324,3.9814315171199324,1.9999999999999998,1.9999999999999998,0.0
2.8743360355,1.7880529449,4.4665609337,circulant_match,1.336885555457667e-15,4.87008359457122,4.870083594571218,1.9999999999999998,1.9999999999999996,0.0
1.7880529449,0.05,2.6999365602,circulant_match,1.3232745389513375e-15,6.268474029147986,6.268474029147986,2.0,2.0,0.0
2.6570794174,1.7880529449,3.583248747,circulant_match,1.319485001705613e-15,5.087546552263527,5.087546552263526,1.9999999999999998,1.9999999999999996,0.0
2.4398227992,2.6570794174,1.8166243735,circulant_match,1.3186089465011212e-15,2.6535880677647974,2.6535880677647974,1.9999999999999996,1.9999999999999996,0.0
2.4398227992,3.0915926536,2.6999365602,circulant_match,1.2994827337208943e-15,2.048684435299399,2.0486844352994007,1.9999999999999993,1.9999999999999998,0.0
2.2225661811,0.05,2.6999365602,circulant_match,1.2994827337208943e-15,7.894617302012673,7.894617302012673,2.0,2.0,0.0
2.6570794174,2.2225661811,5.3498731204,circulant_match,1.27675647831893e-15,3.911252153674565,3.911252153674565,1.9999999999999996,1.9999999999999996,0.0
2.2225661811,2.6570794174,0.05,circulant_match,1.2658490090568385e-15,2.8509024607440656,2.8509024607440665,1.9999999999999996,1.9999999999999998,0.0
2.005309563,2.6570794174,3.583248747,circulant_match,1.2539255187600815e-15,3.5081062376087138,3.508106237608712,2.0000000000000004,2.0,0.0
2.6570794174,1.7880529449,0.9333121867,circulant_match,1.2539255187600815e-15,5.087546552263527,5.087546552263526,1.9999999999999998,1.9999999999999996,0.0
2.6570794174,2.4398227992,4.4665609337,circulant_match,1.247457973265988e-15,3.3826115756328594,3.3826115756328594,1.9999999999999996,1.9999999999999996,0.0
1.7880529449,3.0915926536,2.6999365602,circulant_match,1.2412670766236366e-15,3.745817118568022,3.745817118568022,1.9999999999999998,1.9999999999999998,0.0
1.7880529449,2.8743360355,0.05,circulant_match,1.2412670766236366e-15,3.9814315171199324,3.9814315171199324,1.9999999999999998,1.9999999999999998,0.0
2.6570794174,2.005309563,2.6999365602,circulant_match,1.2412670766236366e-15,4.494448644718271,4.4944486447182745,1.9999999999999991,2.0,0.0
2.2225661811,0.05,1.8166243735,circulant_match,1.2262814116578437e-15,7.894617302012673,7.894617302012673,2.0,2.0,0.0
2.005309563,2.4398227992,6.2331853072,circulant_match,1.2139693544093743e-15,4.278997635960822,4.278997635960824,1.9999999999999996,2.0,0.0
2.005309563,2.8743360355,6.2331853072,circulant_match,1.2008898127460164e-15,2.9623811249545593,2.96238112495456,1.9999999999999996,1.9999999999999998,0.0
2.005309563,2.8743360355,1.8166243735,circulant_match,1.1957467920563633e-15,2.9623811249545593,2.96238112495456,1.9999999999999996,1.9999999999999998,0.0
3.0915926536,2.6570794174,4.4665609337,circulant_match,1.1957467920563633e-15,4.7365974573252725,4.736597457325274,1.9999999999999993,1.9999999999999996,0.0
2.8743360355,2.8743360355,0.9333121867,circulant_match,1.191874962812805e-15,3.5405799722597493,3.5405799722597484,1.9999999999999998,1.9999999999999996,0.0
2.4398227992,3.0915926536,3.583248747,circulant_match,1.1801832636420706e-15,2.048684435299399,2.0486844352994007,1.9999999999999993,1.9999999999999998,0.0
1.7880529449,3.0915926536,4.4665609337,circulant_match,1.1801832636420706e-15,3.745817118568022,3.745817118568022,1.9999999999999998,1.9999999999999998,0.0
2.2225661811,2.8743360355,2.6999365602,circulant_match,1.1710090180710446e-15,2.341464162840537,2.341464162840537,2.0,2.0,0.0
2.6570794174,0.2672566181,4.4665609337,circulant_match,1.1657341758564144e-15,7.430601962303264,7.430601962303266,1.9999999999999996,2.0,0.0
2.2225661811,0.05,6.2331853072,circulant_match,1.1657341758564144e-15,7.894617302012673,7.894617302012673,2.0,2.0,0.0
2.8743360355,2.8743360355,3.583248747,circulant_match,1.1430445635548515e-15,3.5405799722597493,3.5405799722597484,1.9999999999999998,1.9999999999999996,0.0
2.8743360355,2.8743360355,4.4665609337,circulant_match,1.1430445635548515e-15,3.5405799722597493,3.5405799722597484,1.9999999999999998,1.9999999999999996,0.0
3.0915926536,2.6570794174,3.583248747,circulant_match,1.1430445635548515e-15,4.7365974573252725,4.736597457325274,1.9999999999999993,1.9999999999999996,0.0
2.4398227992,3.0915926536,6.2331853072,circulant_match,1.1322097734007351e-15,2.048684435299399,2.0486844352994007,1.9999999999999993,1.9999999999999998,0.0
2.4398227992,2.4398227992,3.583248747,circulant_match,1.1226435567921847e-15,3.2619387885662787,3.2619387885662787,2.0,2.0,0.0
2.8743360355,2.005309563,6.2331853072,circulant_match,1.1188630228279524e-15,4.5287944066531995,4.5287944066531995,1.9999999999999998,2.0,0.0
2.4398227992,0.7017698543,4.4665609337,circulant_match,1.1188630228279524e-15,7.780199897489197,7.780199897489196,2.0,1.9999999999999998,0.0
2.4398227992,2.4398227992,0.05,circulant_match,1.1102230246251565e-15,3.2619387885662787,3.2619387885662787,2.0,2.0,0.0
2.6570794174,2.2225661811,1.8166243735,circulant_match,1.1102230246251565e-15,3.911252153674565,3.911252153674565,1.9999999999999996,1.9999999999999996,0.0
2.8743360355,2.2225661811,2.6999365602,circulant_match,1.0948510389028343e-15,4.205201179122485,4.205201179122483,2.0,1.9999999999999993,0.0
2.2225661811,2.6570794174,3.583248747,circulant_match,1.085404709794381e-15,2.8509024607440656,2.8509024607440665,1.9999999999999996,1.9999999999999998,0.0
2.4398227992,3.0915926536,0.9333121867,circulant_match,1.084622587944919e-15,2.048684435299399,2.0486844352994007,1.9999999999999993,1.9999999999999998,0.0
2.2225661811,2.005309563,3.583248747,circulant_match,1.0796169701996884e-15,5.342035041716408,5.342035041716408,1.9999999999999998,1.9999999999999998,0.0
2.4398227992,3.0915926536,0.05,circulant_match,1.074341573090826e-15,2.048684435299399,2.0486844352994007,1.9999999999999993,1.9999999999999998,0.0
2.8743360355,0.2672566181,3.583248747,circulant_match,1.0605390551611693e-15,6.4886034144057785,6.4886034144057785,1.9999999999999998,1.9999999999999996,0.0
1.7880529449,0.2672566181,5.3498731204,circulant_match,1.0547118733938987e-15,6.41757616879092,6.417576168790919,2.0,1.9999999999999998,0.0
2.2225661811,2.6570794174,5.3498731204,circulant_match,1.0532500405730103e-15,2.8509024607440656,2.8509024607440665,1.9999999999999996,1.9999999999999998,0.0
2.005309563,2.4398227992,5.3498731204,circulant_match,1.0532500405730103e-15,4.278997635960822,4.278997635960824,1.9999999999999996,2.0,0.0
2.4398227992,3.0915926536,4.4665609337,circulant_match,1.047382306668854e-15,2.048684435299399,2.0486844352994007,1.9999999999999993,1.9999999999999998,0.0
2.005309563,2.8743360355,5.3498731204,circulant_match,1.047382306668854e-15,2.9623811249545593,2.96238112495456,1.9999999999999996,1.9999999999999998,0.0
2.6570794174,3.0915926536,0.9333121867,circulant_match,1.0429598422709816e-15,2.531711409626877,2.531711409626878,1.9999999999999993,1.9999999999999996,0.0
1.7880529449,3.0915926536,0.9333121867,circulant_match,1.0235750533041806e-15,3.745817118568022,3.745817118568022,1.9999999999999998,1.9999999999999998,0.0
1.7880529449,2.8743360355,4.4665609337,circulant_match,1.0235750533041806e-15,3.9814315171199324,3.9814315171199324,1.9999999999999998,1.9999999999999998,0.0
3.0915926536,0.2672566181,4.4665609337,circulant_match,1.0235750533041806e-15,5.289390322609645,5.289390322609645,2.0,1.9999999999999998,0.0
2.2225661811,2.005309563,6.2331853072,circulant_match,1.0235750533041806e-15,5.342035041716408,5.342035041716408,1.9999999999999998,1.9999999999999998,0.0
2.8743360355,0.2672566181,0.05,circulant_match,1.0235750533041806e-15,6.4886034144057785,6.4886034144057785,1.9999999999999998,1.9999999999999996,0.0
2.4398227992,1.3535397087,0.9333121867,circulant_match,1.0190492755571723e-15,6.829822630587566,6.829822630587567,1.9999999999999998,2.0,0.0
1.7880529449,2.6570794174,5.3498731204,circulant_match,1.012983452169639e-15,4.503058158162413,4.503058158162415,1.9999999999999993,1.9999999999999998,0.0
2.005309563,2.6570794174,0.05,circulant_match,1.0053497077208614e-15,3.5081062376087138,3.508106237608712,2.0000000000000004,2.0,0.0
2.8743360355,0.7017698543,0.9333121867,circulant_match,1.0053497077208614e-15,6.254335337505371,6.254335337505372,1.9999999999999998,2.0,0.0
1.7880529449,2.8743360355,3.583248747,circulant_match,1.0007415106216803e-15,3.9814315171199324,3.9814315171199324,1.9999999999999998,1.9999999999999998,0.0
1.7880529449,2.6570794174,6.2331853072,circulant_match,1.0007415106216803e-15,4.503058158162413,4.503058158162415,1.9999999999999993,1.9999999999999998,0.0
2.6570794174,3.0915926536,0.05,circulant_match,9.964986097963502e-16,2.531711409626877,2.531711409626878,1.9999999999999993,1.9999999999999996,0.0
2.4398227992,0.4845132362,5.3498731204,circulant_match,9.964986097963502e-16,7.888906912950712,7.888906912950711,1.9999999999999998,1.9999999999999996,0.0
2.6570794174,0.2672566181,0.9333121867,circulant_match,9.915579844919225e-16,7.430601962303264,7.430601962303266,1.9999999999999996,2.0,0.0
1.7880529449,0.2672566181,2.6999365602,circulant_match,9.694605782913356e-16,6.41757616879092,6.417576168790919,2.0,1.9999999999999998,0.0
3.0915926536,1.1362830906,0.9333121867,circulant_match,9.682678848994769e-16,5.1322460447830345,5.1322460447830345,1.9999999999999998,1.9999999999999998,0.0
2.8743360355,0.05,3.583248747,circulant_match,9.586729210015212e-16,6.526879385422099,6.526879385422099,1.9999999999999998,1.9999999999999998,0.0
2.2225661811,0.05,0.05,circulant_match,9.550499576785472e-16,7.894617302012673,7.894617302012673,2.0,2.0,0.0
2.005309563,2.6570794174,1.8166243735,circulant_match,9.485749680535094e-16,3.5081062376087138,3.508106237608712,2.0000000000000004,2.0,0.0
3.0915926536,1.5707963268,4.4665609337,circulant_match,9.485749680535094e-16,5.007493752078375,5.007493752078374,1.9999999999999996,1.9999999999999993,0.0
2.6570794174,0.2672566181,5.3498731204,circulant_match,9.485749680535094e-16,7.430601962303264,7.430601962303266,1.9999999999999996,2.0,0.0
2.6570794174,2.8743360355,0.05,circulant_match,9.238896857051836e-16,2.6601802600449407,2.660180260044939,2.0,1.9999999999999996,0.0
2.6570794174,2.4398227992,2.6999365602,circulant_match,9.226380847435024e-16,3.3826115756328594,3.3826115756328594,1.9999999999999996,1.9999999999999996,0.0
3.0915926536,1.5707963268,3.583248747,circulant_match,9.04301880706312e-16,5.007493752078375,5.007493752078374,1.9999999999999996,1.9999999999999993,0.0
2.8743360355,0.9190264725,0.9333121867,circulant_match,9.032563715197601e-16,6.0592772449677526,6.0592772449677526,1.9999999999999996,1.9999999999999996,0.0
2.2225661811,2.6570794174,1.8166243735,circulant_match,8.968100940422724e-16,2.8509024607440656,2.8509024607440665,1.9999999999999996,1.9999999999999998,0.0
2.2225661811,0.4845132362,0.05,circulant_match,8.968100940422724e-16,7.9718238176217655,7.971823817621765,1.9999999999999996,1.9999999999999993,0.0
2.6570794174,3.0915926536,4.4665609337,circulant_match,8.95090418262362e-16,2.531711409626877,2.531711409626878,1.9999999999999993,1.9999999999999996,0.0
2.2225661811,1.7880529449,3.583248747,circulant_match,8.95090418262362e-16,6.184333040545008,6.184333040545007,2.0,1.9999999999999998,0.0
2.6570794174,0.9190264725,4.4665609337,circulant_match,8.95090418262362e-16,6.9114741246754114,6.9114741246754114,2.0,2.0,0.0
2.4398227992,1.1362830906,4.4665609337,circulant_match,8.95090418262362e-16,7.27399759154852,7.273997591548521,1.9999999999999993,1.9999999999999996,0.0
2.2225661811,0.4845132362,2.6999365602,circulant_match,8.95090418262362e-16,7.9718238176217655,7.971823817621765,1.9999999999999996,1.9999999999999993,0.0
2.8743360355,3.0915926536,0.9333121867,circulant_match,8.899114524108741e-16,3.4741658678504077,3.474165867850407,2.0,1.9999999999999998,0.0
1.5707963268,2.8743360355,0.05,circulant_match,8.881784197001252e-16,5.209224950688198,5.209224950688198,1.9999999999999996,1.9999999999999996,0.0
1.7880529449,0.05,5.3498731204,circulant_match,8.718258367441143e-16,6.268474029147986,6.268474029147986,2.0,2.0,0.0
2.8743360355,2.6570794174,0.9333121867,circulant_match,8.671119018262734e-16,3.693025196754803,3.693025196754803,2.0,2.0,0.0
3.0915926536,3.0915926536,4.4665609337,circulant_match,8.671119018262734e-16,4.700892766217698,4.700892766217699,1.9999999999999993,1.9999999999999996,0.0
2.4398227992,1.1362830906,0.9333121867,circulant_match,8.671119018262734e-16,7.27399759154852,7.273997591548521,1.9999999999999993,1.9999999999999996,0.0
2.4398227992,3.0915926536,1.8166243735,circulant_match,8.617648093045562e-16,2.048684435299399,2.0486844352994007,1.9999999999999993,1.9999999999999998,0.0
2.2225661811,0.4845132362,0.9333121867,circulant_match,8.617648093045562e-16,7.9718238176217655,7.971823817621765,1.9999999999999996,1.9999999999999993,0.0
2.6570794174,2.8743360355,6.2331853072,circulant_match,8.455206652451151e-16,2.6601802600449407,2.660180260044939,2.0,1.9999999999999996,0.0
2.005309563,2.8743360355,0.05,circulant_match,8.455206652451151e-16,2.9623811249545593,2.96238112495456,1.9999999999999996,1.9999999999999998,0.0
2.4398227992,0.4845132362,0.9333121867,circulant_match,8.455206652451151e-16,7.888906912950712,7.888906912950711,1.9999999999999998,1.9999999999999996,0.0
3.0915926536,2.005309563,0.05,circulant_match,8.448103328007051e-16,4.880085451348735,4.880085451348734,1.9999999999999998,1.9999999999999996,0.0
2.6570794174,3.0915926536,6.2331853072,circulant_match,8.400361489980555e-16,2.531711409626877,2.531711409626878,1.9999999999999993,1.9999999999999996,0.0
2.6570794174,2.6570794174,3.583248747,circulant_match,8.400361489980555e-16,2.952833914313766,2.952833914313766,1.9999999999999998,1.9999999999999998,0.0
2.6570794174,2.6570794174,2.6999365602,circulant_match,8.355534721610419e-16,2.952833914313766,2.952833914313766,1.9999999999999998,1.9999999999999998,0.0
1.5707963268,2.6570794174,3.583248747,circulant_match,8.349770295452321e-16,5.650846531708714,5.650846531708714,1.9999999999999998,1.9999999999999998,0.0
1.7880529449,3.0915926536,0.05,circulant_match,8.326672684688674e-16,3.745817118568022,3.745817118568022,1.9999999999999998,1.9999999999999998,0.0
2.2225661811,0.05,3.583248747,circulant_match,8.326672684688674e-16,7.894617302012673,7.894617302012673,2.0,2.0,0.0
2.2225661811,0.4845132362,3.583248747,circulant_match,8.257283745649602e-16,7.9718238176217655,7.971823817621765,1.9999999999999996,1.9999999999999993,0.0
3.0915926536,0.2672566181,3.583248747,circulant_match,8.252325904466732e-16,5.289390322609645,5.289390322609645,2.0,1.9999999999999998,0.0
2.6570794174,0.2672566181,0.05,circulant_match,8.216072331155113e-16,7.430601962303264,7.430601962303266,1.9999999999999996,2.0,0.0
2.005309563,0.2672566181,5.3498731204,circulant_match,8.163159687020606e-16,7.381913247684458,7.381913247684458,2.0,2.0,0.0
2.2225661811,2.8743360355,0.05,circulant_match,8.08254562088053e-16,2.341464162840537,2.341464162840537,2.0,2.0,0.0
2.005309563,2.4398227992,1.8166243735,circulant_match,8.08254562088053e-16,4.278997635960822,4.278997635960824,1.9999999999999996,2.0,0.0
2.6570794174,0.2672566181,1.8166243735,circulant_match,8.08254562088053e-16,7.430601962303264,7.430601962303266,1.9999999999999996,2.0,0.0
2.005309563,1.1362830906,4.4665609337,circulant_match,8.049116928532385e-16,7.995409226357356,7.995409226357358,1.9999999999999993,1.9999999999999998,0.0
2.4398227992,0.4845132362,6.2331853072,circulant_match,8.005932084973442e-16,7.888906912950712,7.888906912950711,1.9999999999999998,1.9999999999999996,0.0
2.4398227992,2.4398227992,2.6999365602,circulant_match,7.947987303456224e-16,3.2619387885662787,3.2619387885662787,2.0,2.0,0.0
2.8743360355,3.0915926536,3.583248747,circulant_match,7.947987303456224e-16,3.4741658678504077,3.474165867850407,2.0,1.9999999999999998,0.0
2.6570794174,2.6570794174,4.4665609337,circulant_match,7.850462293418876e-16,2.952833914313766,2.952833914313766,1.9999999999999998,1.9999999999999998,0.0
2.8743360355,0.2672566181,6.2331853072,circulant_match,7.850462293418876e-16,6.4886034144057785,6.4886034144057785,1.9999999999999998,1.9999999999999996,0.0
2.6570794174,0.7017698543,4.4665609337,circulant_match,7.850462293418876e-16,7.159883405171922,7.159883405171922,1.9999999999999998,1.9999999999999998,0.0
2.005309563,1.3535397087,0.9333121867,circulant_match,7.850462293418876e-16,7.847520290291991,7.847520290291991,1.9999999999999993,1.9999999999999993,0.0
2.4398227992,0.4845132362,4.4665609337,circulant_match,7.850462293418876e-16,7.888906912950712,7.888906912950711,1.9999999999999998,1.9999999999999996,0.0
2.6570794174,0.2672566181,2.6999365602,circulant_match,7.771561172376096e-16,7.430601962303264,7.430601962303266,1.9999999999999996,2.0,0.0
2.8743360355,2.4398227992,6.2331853072,circulant_match,7.711855592701269e-16,3.9200582869769605,3.9200582869769596,1.9999999999999998,1.9999999999999996,0.0
1.5707963268,2.8743360355,2.6999365602,circulant_match,7.663002283985489e-16,5.209224950688198,5.209224950688198,1.9999999999999996,1.9999999999999996,0.0
2.2225661811,2.2225661811,5.3498731204,circulant_match,7.550332863779066e-16,4.443256773610793,4.443256773610791,2.0000000000000004,2.0,0.0
2.4398227992,2.4398227992,5.3498731204,circulant_match,7.468261590855957e-16,3.2619387885662787,3.2619387885662787,2.0,2.0,0.0
3.0915926536,2.8743360355,6.2331853072,circulant_match,7.447602459741819e-16,4.711654930662659,4.711654930662659,1.9999999999999996,1.9999999999999996,0.0
2.005309563,2.2225661811,0.05,circulant_match,7.447602459741819e-16,5.170337426416836,5.170337426416836,1.9999999999999998,1.9999999999999998,0.0
2.005309563,2.2225661811,0.9333121867,circulant_match,7.447602459741819e-16,5.170337426416836,5.170337426416836,1.9999999999999998,1.9999999999999998,0.0
2.005309563,2.2225661811,6.2331853072,circulant_match,7.447602459741819e-16,5.170337426416836,5.170337426416836,1.9999999999999998,1.9999999999999998,0.0
2.8743360355,0.2672566181,2.6999365602,circulant_match,7.447602459741819e-16,6.4886034144057785,6.4886034144057785,1.9999999999999998,1.9999999999999996,0.0
2.005309563,2.6570794174,6.2331853072,circulant_match,7.301351988545593e-16,3.5081062376087138,3.508106237608712,2.0000000000000004,2.0,0.0
2.2225661811,0.4845132362,6.2331853072,circulant_match,7.301351988545593e-16,7.9718238176217655,7.971823817621765,1.9999999999999996,1.9999999999999993,0.0
2.6570794174,2.8743360355,3.583248747,circulant_match,7.216449660063518e-16,2.6601802600449407,2.660180260044939,2.0,1.9999999999999996,0.0
2.4398227992,0.7017698543,1.8166243735,circulant_match,7.216449660063518e-16,7.780199897489197,7.780199897489196,2.0,1.9999999999999998,0.0
2.8743360355,2.8743360355,0.05,circulant_match,7.108895957933346e-16,3.5405799722597493,3.5405799722597484,1.9999999999999998,1.9999999999999996,0.0
3.0915926536,2.2225661811,0.05,circulant_match,7.108895957933346e-16,4.823061197991194,4.823061197991194,1.9999999999999998,1.9999999999999998,0.0
2.4398227992,1.1362830906,2.6999365602,circulant_match,7.108895957933346e-16,7.27399759154852,7.273997591548521,1.9999999999999993,1.9999999999999996,0.0
2.005309563,1.3535397087,4.4665609337,circulant_match,7.108895957933346e-16,7.847520290291991,7.847520290291991,1.9999999999999993,1.9999999999999993,0.0
2.4398227992,0.4845132362,3.583248747,circulant_match,7.108895957933346e-16,7.888906912950712,7.888906912950711,1.9999999999999998,1.9999999999999996,0.0
3.0915926536,1.3535397087,4.4665609337,circulant_match,7.021666937153402e-16,5.071703315692536,5.0717033156925355,1.9999999999999998,1.9999999999999996,0.0
2.8743360355,1.5707963268,4.4665609337,circulant_match,7.021666937153402e-16,5.209224950709933,5.209224950709933,1.9999999999999998,1.9999999999999996,0.0
2.2225661811,2.8743360355,6.2331853072,circulant_match,6.955527313080394e-16,2.341464162840537,2.341464162840537,2.0,2.0,0.0
2.4398227992,2.005309563,0.9333121867,circulant_match,6.800116025829084e-16,4.783431321329451,4.78343132132945,1.9999999999999998,1.9999999999999996,0.0
2.2225661811,2.8743360355,1.8166243735,circulant_match,6.753223014464259e-16,2.341464162840537,2.341464162840537,2.0,2.0,0.0
2.6570794174,3.0915926536,3.583248747,circulant_match,6.753223014464259e-16,2.531711409626877,2.531711409626878,1.9999999999999993,1.9999999999999996,0.0
2.6570794174,2.8743360355,4.4665609337,circulant_match,6.753223014464259e-16,2.6601802600449407,2.660180260044939,2.0,1.9999999999999996,0.0
1.5707963268,2.6570794174,6.2331853072,circulant_match,6.753223014464259e-16,5.650846531708714,5.650846531708714,1.9999999999999998,1.9999999999999998,0.0
2.8743360355,0.4845132362,4.4665609337,circulant_match,6.753223014464259e-16,6.397757025591178,6.397757025591178,1.9999999999999998,1.9999999999999998,0.0
2.005309563,1.7880529449,0.9333121867,circulant_match,6.753223014464259e-16,6.859818938429759,6.859818938429758,2.0000000000000004,2.0,0.0
2.2225661811,3.0915926536,6.2331853072,circulant_match,6.713178136967714e-16,2.114855448412122,2.114855448412121,2.0,1.9999999999999998,0.0
2.4398227992,1.7880529449,3.583248747,circulant_match,6.684787919945168e-16,5.554561241713647,5.554561241713646,1.9999999999999998,1.9999999999999996,0.0
1.7880529449,2.2225661811,2.6999365602,circulant_match,6.684427777288335e-16,6.041958621114397,6.041958621114398,1.9999999999999998,2.0,0.0
2.005309563,0.2672566181,1.8166243735,circulant_match,6.581349743728024e-16,7.381913247684458,7.381913247684458,2.0,2.0,0.0
2.6570794174,0.4845132362,4.4665609337,circulant_match,6.4796043696850615e-16,7.329566890928308,7.329566890928309,1.9999999999999998,2.0,0.0
2.2225661811,0.05,0.9333121867,circulant_match,6.4796043696850615e-16,7.894617302012673,7.894617302012673,2.0,2.0,0.0
2.6570794174,2.6570794174,0.05,circulant_match,6.473657049138938e-16,2.952833914313766,2.952833914313766,1.9999999999999998,1.9999999999999998,0.0
2.005309563,2.005309563,0.05,circulant_match,6.473657049138938e-16,6.06644337397717,6.066443373977168,1.9999999999999996,1.9999999999999991,0.0
1.7880529449,0.2672566181,6.2331853072,circulant_match,6.473657049138938e-16,6.41757616879092,6.417576168790919,2.0,1.9999999999999998,0.0
2.6570794174,0.2672566181,3.583248747,circulant_match,6.473657049138938e-16,7.430601962303264,7.430601962303266,1.9999999999999996,2.0,0.0
2.4398227992,0.4845132362,0.05,circulant_match,6.473657049138938e-16,7.888906912950712,7.888906912950711,1.9999999999999998,1.9999999999999996,0.0
2.2225661811,0.05,4.4665609337,circulant_match,6.473657049138938e-16,7.894617302012673,7.894617302012673,2.0,2.0,0.0
2.005309563,1.1362830906,0.9333121867,circulant_match,6.473657049138938e-16,7.995409226357356,7.995409226357358,1.9999999999999993,1.9999999999999998,0.0
2.005309563,0.4845132362,1.8166243735,circulant_match,6.367167763562643e-16,7.56290750887464,7.562907508874639,1.9999999999999998,1.9999999999999996,0.0
2.005309563,2.8743360355,3.583248747,circulant_match,6.280369834735101e-16,2.9623811249545593,2.96238112495456,1.9999999999999996,1.9999999999999998,0.0
2.005309563,2.2225661811,3.583248747,circulant_match,6.280369834735101e-16,5.170337426416836,5.170337426416836,1.9999999999999998,1.9999999999999998,0.0
2.8743360355,1.1362830906,4.4665609337,circulant_match,6.280369834735101e-16,5.815499965966641,5.815499965966641,1.9999999999999998,1.9999999999999998,0.0
2.8743360355,0.05,0.9333121867,circulant_match,6.280369834735101e-16,6.526879385422099,6.526879385422099,1.9999999999999998,1.9999999999999998,0.0
2.4398227992,1.1362830906,5.3498731204,circulant_match,6.280369834735101e-16,7.27399759154852,7.273997591548521,1.9999999999999993,1.9999999999999996,0.0
2.4398227992,0.7017698543,0.9333121867,circulant_match,6.245004513516506e-16,7.780199897489197,7.780199897489196,2.0,1.9999999999999998,0.0
2.2225661811,2.6570794174,4.4665609337,circulant_match,6.23728986632994e-16,2.8509024607440656,2.8509024607440665,1.9999999999999996,1.9999999999999998,0.0
2.2225661811,2.8743360355,0.9333121867,circulant_match,6.206335383118183e-16,2.341464162840537,2.341464162840537,2.0,2.0,0.0
2.6570794174,0.2672566181,6.2331853072,circulant_match,6.172203658839748e-16,7.430601962303264,7.430601962303266,1.9999999999999996,2.0,0.0
2.8743360355,2.8743360355,2.6999365602,circulant_match,6.106226635438361e-16,3.5405799722597493,3.5405799722597484,1.9999999999999998,1.9999999999999996,0.0
2.8743360355,0.2672566181,5.3498731204,circulant_match,6.004449063730082e-16,6.4886034144057785,6.4886034144057785,1.9999999999999998,1.9999999999999996,0.0
2.4398227992,0.4845132362,2.6999365602,circulant_match,6.004449063730082e-16,7.888906912950712,7.888906912950711,1.9999999999999998,1.9999999999999996,0.0
2.005309563,1.1362830906,6.2331853072,circulant_match,6.004449063730082e-16,7.995409226357356,7.995409226357358,1.9999999999999993,1.9999999999999998,0.0
3.0915926536,2.6570794174,0.05,circulant_match,5.993212282476064e-16,4.7365974573252725,4.736597457325274,1.9999999999999993,1.9999999999999996,0.0
2.6570794174,2.8743360355,0.9333121867,circulant_match,5.978733960281817e-16,2.6601802600449407,2.660180260044939,2.0,1.9999999999999996,0.0
2.4398227992,2.005309563,0.05,circulant_match,5.978733960281817e-16,4.783431321329451,4.78343132132945,1.9999999999999998,1.9999999999999996,0.0
2.005309563,2.2225661811,2.6999365602,circulant_match,5.978733960281817e-16,5.170337426416836,5.170337426416836,1.9999999999999998,1.9999999999999998,0.0
2.2225661811,2.005309563,4.4665609337,circulant_match,5.978733960281817e-16,5.342035041716408,5.342035041716408,1.9999999999999998,1.9999999999999998,0.0
2.4398227992,1.5707963268,3.583248747,circulant_match,5.978733960281817e-16,6.250283179505466,6.250283179505466,1.9999999999999998,1.9999999999999998,0.0
2.4398227992,2.4398227992,4.4665609337,circulant_match,5.946534914146632e-16,3.2619387885662787,3.2619387885662787,2.0,2.0,0.0
1.5707963268,2.8743360355,6.2331853072,circulant_match,5.900916318210353e-16,5.209224950688198,5.209224950688198,1.9999999999999996,1.9999999999999996,0.0
2.005309563,1.1362830906,0.05,circulant_match,5.900916318210353e-16,7.995409226357356,7.995409226357358,1.9999999999999993,1.9999999999999998,0.0
3.0915926536,3.0915926536,3.583248747,circulant_match,5.79553433516819e-16,4.700892766217698,4.700892766217699,1.9999999999999993,1.9999999999999996,0.0
2.005309563,2.005309563,3.583248747,circulant_match,5.721958498152797e-16,6.06644337397717,6.066443373977168,1.9999999999999996,1.9999999999999991,0.0
2.8743360355,0.2672566181,1.8166243735,circulant_match,5.721958498152797e-16,6.4886034144057785,6.4886034144057785,1.9999999999999998,1.9999999999999996,0.0
2.2225661811,3.0915926536,0.05,circulant_match,5.661048867003676e-16,2.114855448412122,2.114855448412121,2.0,1.9999999999999998,0.0
2.2225661811,3.0915926536,5.3498731204,circulant_match,5.661048867003676e-16,2.114855448412122,2.114855448412121,2.0,1.9999999999999998,0.0
2.2225661811,2.8743360355,5.3498731204,circulant_match,5.661048867003676e-16,2.341464162840537,2.341464162840537,2.0,2.0,0.0
1.7880529449,3.0915926536,3.583248747,circulant_match,5.661048867003676e-16,3.745817118568022,3.745817118568022,1.9999999999999998,1.9999999999999998,0.0
2.4398227992,1.1362830906,0.05,circulant_match,5.661048867003676e-16,7.27399759154852,7.273997591548521,1.9999999999999993,1.9999999999999996,0.0
2.005309563,0.05,2.6999365602,circulant_match,5.661048867003676e-16,7.294404922066965,7.294404922066965,2.0,2.0,0.0
2.4398227992,0.05,2.6999365602,circulant_match,5.661048867003676e-16,7.957561772818366,7.957561772818366,2.0,2.0,0.0
2.005309563,3.0915926536,2.6999365602,circulant_match,5.578801654593729e-16,2.717926574068864,2.717926574068863,1.9999999999999998,1.9999999999999996,0.0
2.2225661811,2.8743360355,3.583248747,circulant_match,5.551115123125783e-16,2.341464162840537,2.341464162840537,2.0,2.0,0.0
2.6570794174,3.0915926536,1.8166243735,circulant_match,5.551115123125783e-16,2.531711409626877,2.531711409626878,1.9999999999999993,1.9999999999999996,0.0
2.6570794174,3.0915926536,2.6999365602,circulant_match,5.551115123125783e-16,2.531711409626877,2.531711409626878,1.9999999999999993,1.9999999999999996,0.0
2.2225661811,2.6570794174,0.9333121867,circulant_match,5.551115123125783e-16,2.8509024607440656,2.8509024607440665,1.9999999999999996,1.9999999999999998,0.0
2.6570794174,2.6570794174,6.2331853072,circulant_match,5.551115123125783e-16,2.952833914313766,2.952833914313766,1.9999999999999998,1.9999999999999998,0.0
2.6570794174,2.4398227992,1.8166243735,circulant_match,5.551115123125783e-16,3.3826115756328594,3.3826115756328594,1.9999999999999996,1.9999999999999996,0.0
2.8743360355,3.0915926536,4.4665609337,circulant_match,5.551115123125783e-16,3.4741658678504077,3.474165867850407,2.0,1.9999999999999998,0.0
2.8743360355,2.8743360355,1.8166243735,circulant_match,5.551115123125783e-16,3.5405799722597493,3.5405799722597484,1.9999999999999998,1.9999999999999996,0.0
2.8743360355,2.8743360355,5.3498731204,circulant_match,5.551115123125783e-16,3.5405799722597493,3.5405799722597484,1.9999999999999998,1.9999999999999996,0.0
2.8743360355,2.005309563,1.8166243735,circulant_match,5.551115123125783e-16,4.5287944066531995,4.5287944066531995,1.9999999999999998,2.0,0.0
3.0915926536,0.05,3.583248747,circulant_match,5.551115123125783e-16,5.299144671328979,5.299144671328977,2.0,1.9999999999999996,0.0
2.2225661811,2.005309563,0.05,circulant_match,5.551115123125783e-16,5.342035041716408,5.342035041716408,1.9999999999999998,1.9999999999999998,0.0
1.7880529449,2.2225661811,0.05,circulant_match,5.551115123125783e-16,6.041958621114397,6.041958621114398,1.9999999999999998,2.0,0.0
1.7880529449,0.05,1.8166243735,circulant_match,5.551115123125783e-16,6.268474029147986,6.268474029147986,2.0,2.0,0.0
1.7880529449,2.005309563,3.583248747,circulant_match,5.551115123125783e-16,6.82202511965303,6.82202511965303,2.0000000000000004,2.0000000000000004,0.0
2.4398227992,1.3535397087,4.4665609337,circulant_match,5.551115123125783e-16,6.829822630587566,6.829822630587567,1.9999999999999998,2.0,0.0
1.5707963268,2.2225661811,2.6999365602,circulant_match,5.551115123125783e-16,6.896129667069198,6.896129667069198,1.9999999999999998,1.9999999999999998,0.0
2.4398227992,1.1362830906,6.2331853072,circulant_match,5.551115123125783e-16,7.27399759154852,7.273997591548521,1.9999999999999993,1.9999999999999996,0.0
2.005309563,0.05,5.3498731204,circulant_match,5.551115123125783e-16,7.294404922066965,7.294404922066965,2.0,2.0,0.0
1.5707963268,1.7880529449,0.9333121867,circulant_match,5.551115123125783e-16,7.860612593261647,7.860612593261646,2.0,1.9999999999999998,0.0
2.005309563,3.0915926536,6.2331853072,circulant_match,5.4672143489065705e-16,2.717926574068864,2.717926574068863,1.9999999999999998,1.9999999999999996,0.0
2.8743360355,0.9190264725,4.4665609337,circulant_match,5.4672143489065705e-16,6.0592772449677526,6.0592772449677526,1.9999999999999996,1.9999999999999996,0.0
2.005309563,1.3535397087,6.2331853072,circulant_match,5.389157964038493e-16,7.847520290291991,7.847520290291991,1.9999999999999993,1.9999999999999993,0.0
3.0915926536,2.005309563,2.6999365602,circulant_match,5.340694943204953e-16,4.880085451348735,4.880085451348734,1.9999999999999998,1.9999999999999996,0.0
2.2225661811,3.0915926536,1.8166243735,circulant_match,5.33167196845001e-16,2.114855448412122,2.114855448412121,2.0,1.9999999999999998,0.0
2.6570794174,0.05,0.9333121867,circulant_match,5.33167196845001e-16,7.47154011207312,7.471540112073119,2.0,1.9999999999999998,0.0
2.6570794174,1.3535397087,4.4665609337,circulant_match,5.134781488891349e-16,6.153666637693566,6.153666637693566,1.9999999999999996,1.9999999999999996,0.0
2.8743360355,2.6570794174,4.4665609337,circulant_match,5.117875266520903e-16,3.693025196754803,3.693025196754803,2.0,2.0,0.0
1.7880529449,2.8743360355,1.8166243735,circulant_match,5.117875266520903e-16,3.9814315171199324,3.9814315171199324,1.9999999999999998,1.9999999999999998,0.0
3.0915926536,1.7880529449,6.2331853072,circulant_match,5.117875266520903e-16,4.942587832018248,4.942587832018247,1.9999999999999998,1.9999999999999996,0.0
1.7880529449,0.05,3.583248747,circulant_match,5.117875266520903e-16,6.268474029147986,6.268474029147986,2.0,2.0,0.0
2.6570794174,0.4845132362,0.05,circulant_match,5.095246377785861e-16,7.329566890928308,7.329566890928309,1.9999999999999998,2.0,0.0
2.005309563,2.005309563,4.4665609337,circulant_match,5.061588988174682e-16,6.06644337397717,6.066443373977168,1.9999999999999996,1.9999999999999991,0.0
3.0915926536,2.8743360355,0.05,circulant_match,4.996003610813204e-16,4.711654930662659,4.711654930662659,1.9999999999999996,1.9999999999999996,0.0
2.2225661811,3.0915926536,2.6999365602,circulant_match,4.965068306494546e-16,2.114855448412122,2.114855448412121,2.0,1.9999999999999998,0.0
2.2225661811,3.0915926536,4.4665609337,circulant_match,4.965068306494546e-16,2.114855448412122,2.114855448412121,2.0,1.9999999999999998,0.0
2.6570794174,2.4398227992,5.3498731204,circulant_match,4.965068306494546e-16,3.3826115756328594,3.3826115756328594,1.9999999999999996,1.9999999999999996,0.0
2.8743360355,2.6570794174,0.05,circulant_match,4.965068306494546e-16,3.693025196754803,3.693025196754803,2.0,2.0,0.0
3.0915926536,0.9190264725,4.4665609337,circulant_match,4.965068306494546e-16,5.186411552430788,5.186411552430787,2.0,1.9999999999999998,0.0
1.7880529449,2.4398227992,6.2331853072,circulant_match,4.965068306494546e-16,5.227709009965137,5.227709009965137,2.0,2.0,0.0
1.5707963268,2.4398227992,5.3498731204,circulant_match,4.965068306494546e-16,6.250283179497178,6.250283179497178,1.9999999999999998,1.9999999999999998,0.0
1.7880529449,0.2672566181,0.9333121867,circulant_match,4.965068306494546e-16,6.41757616879092,6.417576168790919,2.0,1.9999999999999998,0.0
1.7880529449,0.4845132362,6.2331853072,circulant_match,4.965068306494546e-16,6.738155031834596,6.738155031834596,2.0,2.0,0.0
2.6570794174,0.4845132362,0.9333121867,circulant_match,4.965068306494546e-16,7.329566890928308,7.329566890928309,1.9999999999999998,2.0,0.0
2.005309563,0.2672566181,2.6999365602,circulant_match,4.965068306494546e-16,7.381913247684458,7.381913247684458,2.0,2.0,0.0
1.7880529449,1.1362830906,4.4665609337,circulant_match,4.965068306494546e-16,7.885314109091557,7.885314109091558,1.9999999999999998,2.0,0.0
2.2225661811,0.2672566181,1.8166243735,circulant_match,4.965068306494546e-16,7.923014261262102,7.923014261262102,1.9999999999999996,1.9999999999999996,0.0
2.2225661811,0.2672566181,2.6999365602,circulant_match,4.965068306494546e-16,7.923014261262102,7.923014261262102,1.9999999999999996,1.9999999999999996,0.0
2.005309563,0.9190264725,5.3498731204,circulant_match,4.965068306494546e-16,7.949877308591119,7.949877308591118,1.9999999999999998,1.9999999999999996,0.0
2.005309563,3.0915926536,1.8166243735,circulant_match,4.847302891456678e-16,2.717926574068864,2.717926574068863,1.9999999999999998,1.9999999999999996,0.0
2.4398227992,1.3535397087,1.8166243735,circulant_match,4.793364605007606e-16,6.829822630587566,6.829822630587567,1.9999999999999998,2.0,0.0
2.8743360355,3.0915926536,2.6999365602,circulant_match,4.742874840267547e-16,3.4741658678504077,3.474165867850407,2.0,1.9999999999999998,0.0
1.7880529449,2.2225661811,1.8166243735,circulant_match,4.742874840267547e-16,6.041958621114397,6.041958621114398,1.9999999999999998,2.0,0.0
2.6570794174,1.3535397087,5.3498731204,circulant_match,4.742874840267547e-16,6.153666637693566,6.153666637693566,1.9999999999999996,1.9999999999999996,0.0
1.5707963268,2.4398227992,2.6999365602,circulant_match,4.742874840267547e-16,6.250283179497178,6.250283179497178,1.9999999999999998,1.9999999999999998,0.0
2.005309563,2.6570794174,5.3498731204,circulant_match,4.734873626495502e-16,3.5081062376087138,3.508106237608712,2.0000000000000004,2.0,0.0
2.005309563,0.9190264725,4.4665609337,circulant_match,4.718447854656915e-16,7.949877308591119,7.949877308591118,1.9999999999999998,1.9999999999999996,0.0
1.7880529449,2.005309563,2.6999365602,circulant_match,4.710277376051325e-16,6.82202511965303,6.82202511965303,2.0000000000000004,2.0000000000000004,0.0
1.5707963268,2.6570794174,4.4665609337,circulant_match,4.695944831791985e-16,5.650846531708714,5.650846531708714,1.9999999999999998,1.9999999999999998,0.0
1.7880529449,2.4398227992,3.583248747,circulant_match,4.652682298944613e-16,5.227709009965137,5.227709009965137,2.0,2.0,0.0
2.8743360355,2.8743360355,6.2331853072,circulant_match,4.577566798522237e-16,3.5405799722597493,3.5405799722597484,1.9999999999999998,1.9999999999999996,0.0
2.4398227992,2.2225661811,1.8166243735,circulant_match,4.577566798522237e-16,3.9958445115959673,3.9958445115959664,1.9999999999999996,1.9999999999999993,0.0
2.8743360355,2.2225661811,1.8166243735,circulant_match,4.577566798522237e-16,4.205201179122485,4.205201179122483,2.0,1.9999999999999993,0.0
1.5707963268,2.8743360355,1.8166243735,circulant_match,4.577566798522237e-16,5.209224950688198,5.209224950688198,1.9999999999999996,1.9999999999999996,0.0
2.6570794174,1.5707963268,0.05,circulant_match,4.577566798522237e-16,5.650846531723188,5.650846531723188,1.9999999999999993,1.9999999999999996,0.0
2.8743360355,1.1362830906,3.583248747,circulant_match,4.577566798522237e-16,5.815499965966641,5.815499965966641,1.9999999999999998,1.9999999999999998,0.0
2.4398227992,1.5707963268,0.9333121867,circulant_match,4.577566798522237e-16,6.250283179505466,6.250283179505466,1.9999999999999998,1.9999999999999998,0.0
1.7880529449,0.05,4.4665609337,circulant_match,4.577566798522237e-16,6.268474029147986,6.268474029147986,2.0,2.0,0.0
1.7880529449,0.05,6.2331853072,circulant_match,4.577566798522237e-16,6.268474029147986,6.268474029147986,2.0,2.0,0.0
2.8743360355,0.4845132362,2.6999365602,circulant_match,4.577566798522237e-16,6.397757025591178,6.397757025591178,1.9999999999999998,1.9999999999999998,0.0
2.6570794174,1.1362830906,4.4665609337,circulant_match,4.577566798522237e-16,6.576565101737382,6.576565101737382,2.0,2.0,0.0
2.4398227992,0.7017698543,6.2331853072,circulant_match,4.577566798522237e-16,7.780199897489197,7.780199897489196,2.0,1.9999999999999998,0.0
1.5707963268,2.2225661811,0.05,circulant_match,4.545902364027965e-16,6.896129667069198,6.896129667069198,1.9999999999999998,1.9999999999999998,0.0
3.0915926536,0.05,0.05,circulant_match,4.518280359883027e-16,5.299144671328979,5.299144671328977,2.0,1.9999999999999996,0.0
2.2225661811,1.1362830906,0.9333121867,circulant_match,4.518280359883027e-16,7.778179693273832,7.778179693273829,2.0000000000000004,1.9999999999999998,0.0
1.7880529449,0.9190264725,0.9333121867,circulant_match,4.494775313252277e-16,7.574102981664056,7.574102981664057,1.9999999999999998,2.0,0.0
2.2225661811,2.005309563,2.6999365602,circulant_match,4.484587321511725e-16,5.342035041716408,5.342035041716408,1.9999999999999998,1.9999999999999998,0.0
2.8743360355,2.005309563,2.6999365602,circulant_match,4.47545209131181e-16,4.5287944066531995,4.5287944066531995,1.9999999999999998,2.0,0.0
2.2225661811,2.005309563,0.9333121867,circulant_match,4.47545209131181e-16,5.342035041716408,5.342035041716408,1.9999999999999998,1.9999999999999998,0.0
2.2225661811,1.7880529449,0.05,circulant_match,4.47545209131181e-16,6.184333040545008,6.184333040545007,2.0,1.9999999999999998,0.0
2.2225661811,1.7880529449,6.2331853072,circulant_match,4.47545209131181e-16,6.184333040545008,6.184333040545007,2.0,1.9999999999999998,0.0
2.6570794174,0.05,4.4665609337,circulant_match,4.47545209131181e-16,7.47154011207312,7.471540112073119,2.0,1.9999999999999998,0.0
2.005309563,1.3535397087,2.6999365602,circulant_match,4.47545209131181e-16,7.847520290291991,7.847520290291991,1.9999999999999993,1.9999999999999993,0.0
2.005309563,1.3535397087,3.583248747,circulant_match,4.47545209131181e-16,7.847520290291991,7.847520290291991,1.9999999999999993,1.9999999999999993,0.0
1.7880529449,1.5707963268,1.8166243735,circulant_match,4.47545209131181e-16,7.860612593261802,7.860612593261801,2.0,1.9999999999999998,0.0
2.2225661811,0.7017698543,1.8166243735,circulant_match,4.47545209131181e-16,7.999999070944437,7.999999070944437,1.9999999999999998,1.9999999999999998,0.0
2.2225661811,1.1362830906,2.6999365602,circulant_match,4.454424009010536e-16,7.778179693273832,7.778179693273829,2.0000000000000004,1.9999999999999998,0.0
1.5707963268,1.3535397087,2.6999365602,circulant_match,4.448009941362986e-16,7.860612593287738,7.860612593287738,2.0,2.0,0.0
1.5707963268,2.2225661811,6.2331853072,circulant_match,4.445768331151997e-16,6.896129667069198,6.896129667069198,1.9999999999999998,1.9999999999999998,0.0
2.8743360355,0.05,4.4665609337,circulant_match,4.443059973708341e-16,6.526879385422099,6.526879385422099,1.9999999999999998,1.9999999999999998,0.0
3.0915926536,2.8743360355,3.583248747,circulant_match,4.440892098500626e-16,4.711654930662659,4.711654930662659,1.9999999999999996,1.9999999999999996,0.0
2.8743360355,1.7880529449,0.05,circulant_match,4.440892098500626e-16,4.87008359457122,4.870083594571218,1.9999999999999998,1.9999999999999996,0.0
2.8743360355,1.1362830906,6.2331853072,circulant_match,4.440892098500626e-16,5.815499965966641,5.815499965966641,1.9999999999999998,1.9999999999999998,0.0
2.6570794174,0.9190264725,0.9333121867,circulant_match,4.440892098500626e-16,6.9114741246754114,6.9114741246754114,2.0,2.0,0.0
2.4398227992,0.9190264725,0.9333121867,circulant_match,4.440892098500626e-16,7.584621507692181,7.584621507692181,1.9999999999999998,1.9999999999999998,0.0
2.2225661811,0.2672566181,6.2331853072,circulant_match,4.440892098500626e-16,7.923014261262102,7.923014261262102,1.9999999999999996,1.9999999999999996,0.0
2.2225661811,2.8743360355,4.4665609337,circulant_match,4.335559509131367e-16,2.341464162840537,2.341464162840537,2.0,2.0,0.0
2.6570794174,1.5707963268,3.583248747,circulant_match,4.335559509131367e-16,5.650846531723188,5.650846531723188,1.9999999999999993,1.9999999999999996,0.0
2.2225661811,1.3535397087,0.9333121867,circulant_match,4.308824046522781e-16,7.4317285621948415,7.431728562194841,2.0,1.9999999999999998,0.0
1.7880529449,2.005309563,0.05,circulant_match,4.236704743275018e-16,6.82202511965303,6.82202511965303,2.0000000000000004,2.0000000000000004,0.0
3.0915926536,2.4398227992,6.2331853072,circulant_match,4.1748851477261605e-16,4.7743945180885135,4.7743945180885135,1.9999999999999996,1.9999999999999996,0.0
2.005309563,2.4398227992,0.9333121867,circulant_match,4.163336342344337e-16,4.278997635960822,4.278997635960824,1.9999999999999996,2.0,0.0
1.7880529449,0.7017698543,1.8166243735,circulant_match,4.081579843510303e-16,7.156674862180115,7.1566748621801155,1.9999999999999998,2.0,0.0
2.6570794174,3.0915926536,5.3498731204,circulant_match,4.074643521442485e-16,2.531711409626877,2.531711409626878,1.9999999999999993,1.9999999999999996,0.0
2.6570794174,2.6570794174,0.9333121867,circulant_match,4.041272810440265e-16,2.952833914313766,2.952833914313766,1.9999999999999998,1.9999999999999998,0.0
2.005309563,2.8743360355,0.9333121867,circulant_match,4.041272810440265e-16,2.9623811249545593,2.96238112495456,1.9999999999999996,1.9999999999999998,0.0
2.2225661811,2.2225661811,1.8166243735,circulant_match,4.041272810440265e-16,4.443256773610793,4.443256773610791,2.0000000000000004,2.0,0.0
1.7880529449,0.05,0.05,circulant_match,4.041272810440265e-16,6.268474029147986,6.268474029147986,2.0,2.0,0.0
2.8743360355,0.4845132362,3.583248747,circulant_match,4.041272810440265e-16,6.397757025591178,6.397757025591178,1.9999999999999998,1.9999999999999998,0.0
1.5707963268,2.005309563,1.8166243735,circulant_match,4.041272810440265e-16,7.468355505278994,7.468355505278993,2.0,1.9999999999999998,0.0
2.005309563,1.5707963268,0.9333121867,circulant_match,4.0245584642661925e-16,7.468355505280191,7.468355505280191,1.9999999999999998,1.9999999999999998,0.0
2.2225661811,2.4398227992,3.583248747,circulant_match,4.002966042486721e-16,3.5804669483552534,3.5804669483552534,1.9999999999999998,1.9999999999999998,0.0
2.8743360355,2.4398227992,5.3498731204,circulant_match,4.002966042486721e-16,3.9200582869769605,3.9200582869769596,1.9999999999999998,1.9999999999999996,0.0
1.7880529449,2.2225661811,6.2331853072,circulant_match,4.002966042486721e-16,6.041958621114397,6.041958621114398,1.9999999999999998,2.0,0.0
2.8743360355,0.9190264725,6.2331853072,circulant_match,4.002966042486721e-16,6.0592772449677526,6.0592772449677526,1.9999999999999996,1.9999999999999996,0.0
2.8743360355,0.4845132362,6.2331853072,circulant_match,4.002966042486721e-16,6.397757025591178,6.397757025591178,1.9999999999999998,1.9999999999999998,0.0
1.7880529449,0.2672566181,4.4665609337,circulant_match,4.002966042486721e-16,6.41757616879092,6.417576168790919,2.0,1.9999999999999998,0.0
2.005309563,0.4845132362,0.05,circulant_match,4.002966042486721e-16,7.56290750887464,7.562907508874639,1.9999999999999998,1.9999999999999996,0.0
1.7880529449,0.9190264725,0.05,circulant_match,4.002966042486721e-16,7.574102981664056,7.574102981664057,1.9999999999999998,2.0,0.0
1.7880529449,0.9190264725,1.8166243735,circulant_match,4.002966042486721e-16,7.574102981664056,7.574102981664057,1.9999999999999998,2.0,0.0
2.4398227992,0.9190264725,0.05,circulant_match,4.002966042486721e-16,7.584621507692181,7.584621507692181,1.9999999999999998,1.9999999999999998,0.0
2.2225661811,1.1362830906,1.8166243735,circulant_match,4.002966042486721e-16,7.778179693273832,7.778179693273829,2.0000000000000004,1.9999999999999998,0.0
2.4398227992,0.7017698543,5.3498731204,circulant_match,4.002966042486721e-16,7.780199897489197,7.780199897489196,2.0,1.9999999999999998,0.0
1.5707963268,1.3535397087,0.05,circulant_match,4.002966042486721e-16,7.860612593287738,7.860612593287738,2.0,2.0,0.0
1.5707963268,1.3535397087,3.583248747,circulant_match,4.002966042486721e-16,7.860612593287738,7.860612593287738,2.0,2.0,0.0
1.5707963268,1.3535397087,6.2331853072,circulant_match,4.002966042486721e-16,7.860612593287738,7.860612593287738,2.0,2.0,0.0
2.005309563,1.1362830906,3.583248747,circulant_match,4.002966042486721e-16,7.995409226357356,7.995409226357358,1.9999999999999993,1.9999999999999998,0.0
1.7880529449,2.2225661811,4.4665609337,circulant_match,3.945418707248932e-16,6.041958621114397,6.041958621114398,1.9999999999999998,2.0,0.0
2.2225661811,2.4398227992,6.2331853072,circulant_match,3.908020529499657e-16,3.5804669483552534,3.5804669483552534,1.9999999999999998,1.9999999999999998,0.0
3.0915926536,0.9190264725,2.6999365602,circulant_match,3.885780586188048e-16,5.186411552430788,5.186411552430787,2.0,1.9999999999999998,0.0
3.0915926536,0.2672566181,0.05,circulant_match,3.885780586188048e-16,5.289390322609645,5.289390322609645,2.0,1.9999999999999998,0.0
2.005309563,2.005309563,6.2331853072,circulant_match,3.885780586188048e-16,6.06644337397717,6.066443373977168,1.9999999999999996,1.9999999999999991,0.0
2.2225661811,1.7880529449,1.8166243735,circulant_match,3.885780586188048e-16,6.184333040545008,6.184333040545007,2.0,1.9999999999999998,0.0
2.4398227992,1.1362830906,1.8166243735,circulant_match,3.885780586188048e-16,7.27399759154852,7.273997591548521,1.9999999999999993,1.9999999999999996,0.0
3.0915926536,2.005309563,1.8166243735,circulant_match,3.8559277963506344e-16,4.880085451348735,4.880085451348734,1.9999999999999998,1.9999999999999996,0.0
3.0915926536,1.1362830906,0.05,circulant_match,3.8559277963506344e-16,5.1322460447830345,5.1322460447830345,1.9999999999999998,1.9999999999999998,0.0
3.0915926536,0.05,1.8166243735,circulant_match,3.841541122891592e-16,5.299144671328979,5.299144671328977,2.0,1.9999999999999996,0.0
3.0915926536,0.05,2.6999365602,circulant_match,3.787898901196402e-16,5.299144671328979,5.299144671328977,2.0,1.9999999999999996,0.0
3.0915926536,0.05,6.2331853072,circulant_match,3.775166431889533e-16,5.299144671328979,5.299144671328977,2.0,1.9999999999999996,0.0
2.6570794174,1.3535397087,2.6999365602,circulant_match,3.7394458282567184e-16,6.153666637693566,6.153666637693566,1.9999999999999996,1.9999999999999996,0.0
0.5235987756,1.0471975512,0.7853981634,circulant_match,3.7238012298709097e-16,4.263461894333971,4.26346189433397,2.0,1.9999999999999998,0.0
1.7880529449,2.6570794174,0.05,circulant_match,3.7238012298709097e-16,4.503058158162413,4.503058158162415,1.9999999999999993,1.9999999999999998,0.0
3.0915926536,3.0915926536,0.05,circulant_match,3.7238012298709097e-16,4.700892766217698,4.700892766217699,1.9999999999999993,1.9999999999999996,0.0
3.0915926536,1.7880529449,2.6999365602,circulant_match,3.7238012298709097e-16,4.942587832018248,4.942587832018247,1.9999999999999998,1.9999999999999996,0.0
1.7880529449,2.2225661811,5.3498731204,circulant_match,3.7238012298709097e-16,6.041958621114397,6.041958621114398,1.9999999999999998,2.0,0.0
1.7880529449,0.9190264725,4.4665609337,circulant_match,3.7238012298709097e-16,7.574102981664056,7.574102981664057,1.9999999999999998,2.0,0.0
2.005309563,0.9190264725,0.9333121867,circulant_match,3.7238012298709097e-16,7.949877308591119,7.949877308591118,1.9999999999999998,1.9999999999999996,0.0
2.4398227992,0.05,0.05,circulant_match,3.7238012298709097e-16,7.957561772818366,7.957561772818366,2.0,2.0,0.0
2.8743360355,3.0915926536,5.3498731204,circulant_match,3.7192730237993177e-16,3.4741658678504077,3.474165867850407,2.0,1.9999999999999998,0.0
2.6570794174,0.05,0.05,circulant_match,3.64275408404521e-16,7.47154011207312,7.471540112073119,2.0,1.9999999999999998,0.0
3.0915926536,0.9190264725,3.583248747,circulant_match,3.608224830031759e-16,5.186411552430788,5.186411552430787,2.0,1.9999999999999998,0.0
3.0915926536,0.7017698543,3.583248747,circulant_match,3.608224830031759e-16,5.231851690046183,5.231851690046182,1.9999999999999996,1.9999999999999993,0.0
2.6570794174,1.5707963268,0.9333121867,circulant_match,3.608224830031759e-16,5.650846531723188,5.650846531723188,1.9999999999999993,1.9999999999999996,0.0
3.0915926536,0.05,5.3498731204,circulant_match,3.569485997778505e-16,5.299144671328979,5.299144671328977,2.0,1.9999999999999996,0.0
2.6570794174,2.8743360355,1.8166243735,circulant_match,3.554447978966673e-16,2.6601802600449407,2.660180260044939,2.0,1.9999999999999996,0.0
2.4398227992,1.1362830906,3.583248747,circulant_match,3.554447978966673e-16,7.27399759154852,7.273997591548521,1.9999999999999993,1.9999999999999996,0.0
2.6570794174,0.4845132362,1.8166243735,circulant_match,3.554447978966673e-16,7.329566890928308,7.329566890928309,1.9999999999999998,2.0,0.0
2.005309563,1.5707963268,1.8166243735,circulant_match,3.554447978966673e-16,7.468355505280191,7.468355505280191,1.9999999999999998,1.9999999999999998,0.0
2.2225661811,0.2672566181,3.583248747,circulant_match,3.554447978966673e-16,7.923014261262102,7.923014261262102,1.9999999999999996,1.9999999999999996,0.0
2.6570794174,2.8743360355,2.6999365602,circulant_match,3.510833468576701e-16,2.6601802600449407,2.660180260044939,2.0,1.9999999999999996,0.0
2.8743360355,3.0915926536,6.2331853072,circulant_match,3.510833468576701e-16,3.4741658678504077,3.474165867850407,2.0,1.9999999999999998,0.0
2.8743360355,1.7880529449,6.2331853072,circulant_match,3.510833468576701e-16,4.87008359457122,4.870083594571218,1.9999999999999998,1.9999999999999996,0.0
1.5707963268,2.8743360355,3.583248747,circulant_match,3.510833468576701e-16,5.209224950688198,5.209224950688198,1.9999999999999996,1.9999999999999996,0.0
1.5707963268,2.8743360355,5.3498731204,circulant_match,3.510833468576701e-16,5.209224950688198,5.209224950688198,1.9999999999999996,1.9999999999999996,0.0
1.7880529449,2.4398227992,5.3498731204,circulant_match,3.510833468576701e-16,5.227709009965137,5.227709009965137,2.0,2.0,0.0
2.4398227992,1.7880529449,5.3498731204,circulant_match,3.510833468576701e-16,5.554561241713647,5.554561241713646,1.9999999999999998,1.9999999999999996,0.0
2.2225661811,1.7880529449,2.6999365602,circulant_match,3.510833468576701e-16,6.184333040545008,6.184333040545007,2.0,1.9999999999999998,0.0
1.5707963268,2.4398227992,3.583248747,circulant_match,3.510833468576701e-16,6.250283179497178,6.250283179497178,1.9999999999999998,1.9999999999999998,0.0
2.8743360355,0.7017698543,5.3498731204,circulant_match,3.510833468576701e-16,6.254335337505371,6.254335337505372,1.9999999999999998,2.0,0.0
1.7880529449,0.05,0.9333121867,circulant_match,3.510833468576701e-16,6.268474029147986,6.268474029147986,2.0,2.0,0.0
2.8743360355,0.4845132362,1.8166243735,circulant_match,3.510833468576701e-16,6.397757025591178,6.397757025591178,1.9999999999999998,1.9999999999999998,0.0
1.7880529449,0.2672566181,3.583248747,circulant_match,3.510833468576701e-16,6.41757616879092,6.417576168790919,2.0,1.9999999999999998,0.0
2.8743360355,0.05,6.2331853072,circulant_match,3.510833468576701e-16,6.526879385422099,6.526879385422099,1.9999999999999998,1.9999999999999998,0.0
1.7880529449,2.005309563,1.8166243735,circulant_match,3.510833468576701e-16,6.82202511965303,6.82202511965303,2.0000000000000004,2.0000000000000004,0.0
2.005309563,1.7880529449,1.8166243735,circulant_match,3.510833468576701e-16,6.859818938429759,6.859818938429758,2.0000000000000004,2.0,0.0
2.005309563,0.05,3.583248747,circulant_match,3.510833468576701e-16,7.294404922066965,7.294404922066965,2.0,2.0,0.0
2.005309563,0.05,4.4665609337,circulant_match,3.510833468576701e-16,7.294404922066965,7.294404922066965,2.0,2.0,0.0
2.005309563,0.05,6.2331853072,circulant_match,3.510833468576701e-16,7.294404922066965,7.294404922066965,2.0,2.0,0.0
2.6570794174,0.4845132362,3.583248747,circulant_match,3.510833468576701e-16,7.329566890928308,7.329566890928309,1.9999999999999998,2.0,0.0
2.6570794174,0.4845132362,5.3498731204,circulant_match,3.510833468576701e-16,7.329566890928308,7.329566890928309,1.9999999999999998,2.0,0.0
2.005309563,0.2672566181,0.9333121867,circulant_match,3.510833468576701e-16,7.381913247684458,7.381913247684458,2.0,2.0,0.0
2.2225661811,1.3535397087,1.8166243735,circulant_match,3.510833468576701e-16,7.4317285621948415,7.431728562194841,2.0,1.9999999999999998,0.0
1.5707963268,2.005309563,0.05,circulant_match,3.510833468576701e-16,7.468355505278994,7.468355505278993,2.0,1.9999999999999998,0.0
2.005309563,1.5707963268,6.2331853072,circulant_match,3.510833468576701e-16,7.468355505280191,7.468355505280191,1.9999999999999998,1.9999999999999998,0.0
2.005309563,0.4845132362,3.583248747,circulant_match,3.510833468576701e-16,7.56290750887464,7.562907508874639,1.9999999999999998,1.9999999999999996,0.0
2.005309563,0.4845132362,5.3498731204,circulant_match,3.510833468576701e-16,7.56290750887464,7.562907508874639,1.9999999999999998,1.9999999999999996,0.0
2.005309563,0.7017698543,6.2331853072,circulant_match,3.510833468576701e-16,7.778431276849053,7.778431276849053,1.9999999999999998,1.9999999999999998,0.0
2.4398227992,0.7017698543,3.583248747,circulant_match,3.510833468576701e-16,7.780199897489197,7.780199897489196,2.0,1.9999999999999998,0.0
2.005309563,1.3535397087,5.3498731204,circulant_match,3.510833468576701e-16,7.847520290291991,7.847520290291991,1.9999999999999993,1.9999999999999993,0.0
1.5707963268,1.7880529449,6.2331853072,circulant_match,3.510833468576701e-16,7.860612593261647,7.860612593261646,2.0,1.9999999999999998,0.0
2.2225661811,0.2672566181,4.4665609337,circulant_match,3.510833468576701e-16,7.923014261262102,7.923014261262102,1.9999999999999996,1.9999999999999996,0.0
2.005309563,0.9190264725,0.05,circulant_match,3.510833468576701e-16,7.949877308591119,7.949877308591118,1.9999999999999998,1.9999999999999996,0.0
2.005309563,0.9190264725,1.8166243735,circulant_match,3.510833468576701e-16,7.949877308591119,7.949877308591118,1.9999999999999998,1.9999999999999996,0.0
2.005309563,1.1362830906,5.3498731204,circulant_match,3.510833468576701e-16,7.995409226357356,7.995409226357358,1.9999999999999993,1.9999999999999998,0.0
2.005309563,2.6570794174,4.4665609337,circulant_match,3.469446951953614e-16,3.5081062376087138,3.508106237608712,2.0000000000000004,2.0,0.0
2.6570794174,1.5707963268,4.4665609337,circulant_match,3.469446951953614e-16,5.650846531723188,5.650846531723188,1.9999999999999993,1.9999999999999996,0.0
2.4398227992,0.2672566181,0.9333121867,circulant_match,3.433175098891678e-16,7.940315653445159,7.940315653445159,1.9999999999999998,1.9999999999999998,0.0
1.5707963268,1.3535397087,1.8166243735,circulant_match,3.417008968066607e-16,7.860612593287738,7.860612593287738,2.0,2.0,0.0
2.6570794174,0.9190264725,2.6999365602,circulant_match,3.4021815010030383e-16,6.9114741246754114,6.9114741246754114,2.0,2.0,0.0
2.6570794174,0.9190264725,5.3498731204,circulant_match,3.395275308921627e-16,6.9114741246754114,6.9114741246754114,2.0,2.0,0.0
1.7880529449,2.8743360355,0.9333121867,circulant_match,3.379462171739212e-16,3.9814315171199324,3.9814315171199324,1.9999999999999998,1.9999999999999998,0.0
2.6570794174,2.005309563,5.3498731204,circulant_match,3.379462171739212e-16,4.494448644718271,4.4944486447182745,1.9999999999999991,2.0,0.0
2.6570794174,2.005309563,1.8166243735,circulant_match,3.3766115072321297e-16,4.494448644718271,4.4944486447182745,1.9999999999999991,2.0,0.0
3.0915926536,2.005309563,6.2331853072,circulant_match,3.3766115072321297e-16,4.880085451348735,4.880085451348734,1.9999999999999998,1.9999999999999996,0.0
3.0915926536,1.3535397087,5.3498731204,circulant_match,3.3766115072321297e-16,5.071703315692536,5.0717033156925355,1.9999999999999998,1.9999999999999996,0.0
1.7880529449,0.2672566181,1.8166243735,circulant_match,3.3766115072321297e-16,6.41757616879092,6.417576168790919,2.0,1.9999999999999998,0.0
1.5707963268,2.005309563,4.4665609337,circulant_match,3.3766115072321297e-16,7.468355505278994,7.468355505278993,2.0,1.9999999999999998,0.0
1.7880529449,1.1362830906,1.8166243735,circulant_match,3.3766115072321297e-16,7.885314109091557,7.885314109091558,1.9999999999999998,2.0,0.0
2.2225661811,0.9190264725,1.8166243735,circulant_match,3.3766115072321297e-16,7.953615035991324,7.953615035991324,2.0000000000000004,2.0000000000000004,0.0
2.005309563,1.1362830906,1.8166243735,circulant_match,3.3766115072321297e-16,7.995409226357356,7.995409226357358,1.9999999999999993,1.9999999999999998,0.0
3.0915926536,1.3535397087,0.05,circulant_match,3.3422138886441676e-16,5.071703315692536,5.0717033156925355,1.9999999999999998,1.9999999999999996,0.0
2.6570794174,0.05,5.3498731204,circulant_match,3.3422138886441676e-16,7.47154011207312,7.471540112073119,2.0,1.9999999999999998,0.0
2.6570794174,0.05,6.2331853072,circulant_match,3.3422138886441676e-16,7.47154011207312,7.471540112073119,2.0,1.9999999999999998,0.0
1.7880529449,1.5707963268,4.4665609337,circulant_match,3.3422138886441676e-16,7.860612593261802,7.860612593261801,2.0,1.9999999999999998,0.0
1.5707963268,1.5707963268,0.05,circulant_match,3.3422138886441676e-16,8.0,8.0,2.0,2.0,0.0
2.4398227992,2.4398227992,0.9333121867,circulant_match,3.3306690738754696e-16,3.2619387885662787,3.2619387885662787,2.0,2.0,0.0
2.2225661811,2.4398227992,4.4665609337,circulant_match,3.3306690738754696e-16,3.5804669483552534,3.5804669483552534,1.9999999999999998,1.9999999999999998,0.0
2.4398227992,1.7880529449,6.2331853072,circulant_match,3.3306690738754696e-16,5.554561241713647,5.554561241713646,1.9999999999999998,1.9999999999999996,0.0
2.2225661811,1.7880529449,0.9333121867,circulant_match,3.3306690738754696e-16,6.184333040545008,6.184333040545007,2.0,1.9999999999999998,0.0
2.8743360355,0.05,0.05,circulant_match,3.3306690738754696e-16,6.526879385422099,6.526879385422099,1.9999999999999998,1.9999999999999998,0.0
1.7880529449,0.4845132362,4.4665609337,circulant_match,3.3306690738754696e-16,6.738155031834596,6.738155031834596,2.0,2.0,0.0
2.4398227992,1.3535397087,3.583248747,circulant_match,3.3306690738754696e-16,6.829822630587566,6.829822630587567,1.9999999999999998,2.0,0.0
1.5707963268,2.2225661811,3.583248747,circulant_match,3.3306690738754696e-16,6.896129667069198,6.896129667069198,1.9999999999999998,1.9999999999999998,0.0
1.7880529449,0.7017698543,0.9333121867,circulant_match,3.3306690738754696e-16,7.156674862180115,7.1566748621801155,1.9999999999999998,2.0,0.0
2.005309563,0.05,0.05,circulant_match,3.3306690738754696e-16,7.294404922066965,7.294404922066965,2.0,2.0,0.0
2.005309563,1.5707963268,0.05,circulant_match,3.3306690738754696e-16,7.468355505280191,7.468355505280191,1.9999999999999998,1.9999999999999998,0.0
1.7880529449,0.9190264725,6.2331853072,circulant_match,3.3306690738754696e-16,7.574102981664056,7.574102981664057,1.9999999999999998,2.0,0.0
2.2225661811,1.1362830906,4.4665609337,circulant_match,3.3306690738754696e-16,7.778179693273832,7.778179693273829,2.0000000000000004,1.9999999999999998,0.0
2.005309563,0.7017698543,3.583248747,circulant_match,3.3306690738754696e-16,7.778431276849053,7.778431276849053,1.9999999999999998,1.9999999999999998,0.0
1.7880529449,1.1362830906,2.6999365602,circulant_match,3.3306690738754696e-16,7.885314109091557,7.885314109091558,1.9999999999999998,2.0,0.0
2.4398227992,0.2672566181,0.05,circulant_match,3.3306690738754696e-16,7.940315653445159,7.940315653445159,1.9999999999999998,1.9999999999999998,0.0
2.4398227992,0.05,1.8166243735,circulant_match,3.3306690738754696e-16,7.957561772818366,7.957561772818366,2.0,2.0,0.0
2.4398227992,0.05,4.4665609337,circulant_match,3.3306690738754696e-16,7.957561772818366,7.957561772818366,2.0,2.0,0.0
1.7880529449,1.3535397087,1.8166243735,circulant_match,3.3306690738754696e-16,7.999922973922625,7.999922973922625,1.9999999999999998,1.9999999999999998,0.0
1.5707963268,1.5707963268,3.583248747,circulant_match,3.3306690738754696e-16,8.0,8.0,2.0,2.0,0.0
1.7880529449,2.005309563,6.2331853072,circulant_match,3.2612801348363973e-16,6.82202511965303,6.82202511965303,2.0000000000000004,2.0000000000000004,0.0
3.0915926536,0.9190264725,0.05,circulant_match,3.2487068343022356e-16,5.186411552430788,5.186411552430787,2.0,1.9999999999999998,0.0
2.6570794174,0.7017698543,6.2331853072,circulant_match,3.2487068343022356e-16,7.159883405171922,7.159883405171922,1.9999999999999998,1.9999999999999998,0.0
2.005309563,2.6570794174,0.9333121867,circulant_match,3.1401849173675503e-16,3.5081062376087138,3.508106237608712,2.0000000000000004,2.0,0.0
2.8743360355,2.2225661811,5.3498731204,circulant_match,3.1401849173675503e-16,4.205201179122485,4.205201179122483,2.0,1.9999999999999993,0.0
2.2225661811,2.2225661811,4.4665609337,circulant_match,3.1401849173675503e-16,4.443256773610793,4.443256773610791,2.0000000000000004,2.0,0.0
3.0915926536,1.1362830906,6.2331853072,circulant_match,3.1401849173675503e-16,5.1322460447830345,5.1322460447830345,1.9999999999999998,1.9999999999999998,0.0
2.005309563,2.2225661811,5.3498731204,circulant_match,3.1401849173675503e-16,5.170337426416836,5.170337426416836,1.9999999999999998,1.9999999999999998,0.0
1.7880529449,2.4398227992,0.05,circulant_match,3.1401849173675503e-16,5.227709009965137,5.227709009965137,2.0,2.0,0.0
1.5707963268,2.6570794174,0.9333121867,circulant_match,3.1401849173675503e-16,5.650846531708714,5.650846531708714,1.9999999999999998,1.9999999999999998,0.0
2.8743360355,1.1362830906,0.05,circulant_match,3.1401849173675503e-16,5.815499965966641,5.815499965966641,1.9999999999999998,1.9999999999999998,0.0
2.8743360355,0.9190264725,2.6999365602,circulant_match,3.1401849173675503e-16,6.0592772449677526,6.0592772449677526,1.9999999999999996,1.9999999999999996,0.0
2.8743360355,0.7017698543,2.6999365602,circulant_match,3.1401849173675503e-16,6.254335337505371,6.254335337505372,1.9999999999999998,2.0,0.0
2.8743360355,0.4845132362,0.05,circulant_match,3.1401849173675503e-16,6.397757025591178,6.397757025591178,1.9999999999999998,1.9999999999999998,0.0
2.2225661811,1.5707963268,0.9333121867,circulant_match,3.1401849173675503e-16,6.896129667073007,6.896129667073005,2.0,1.9999999999999998,0.0
1.5707963268,2.005309563,2.6999365602,circulant_match,3.1401849173675503e-16,7.468355505278994,7.468355505278993,2.0,1.9999999999999998,0.0
2.005309563,0.7017698543,0.9333121867,circulant_match,3.1401849173675503e-16,7.778431276849053,7.778431276849053,1.9999999999999998,1.9999999999999998,0.0
2.4398227992,0.7017698543,2.6999365602,circulant_match,3.1401849173675503e-16,7.780199897489197,7.780199897489196,2.0,1.9999999999999998,0.0
2.2225661811,0.2672566181,0.05,circulant_match,3.1401849173675503e-16,7.923014261262102,7.923014261262102,1.9999999999999996,1.9999999999999996,0.0
2.2225661811,0.2672566181,0.9333121867,circulant_match,3.1401849173675503e-16,7.923014261262102,7.923014261262102,1.9999999999999996,1.9999999999999996,0.0
2.2225661811,0.2672566181,5.3498731204,circulant_match,3.1401849173675503e-16,7.923014261262102,7.923014261262102,1.9999999999999996,1.9999999999999996,0.0
2.2225661811,0.9190264725,2.6999365602,circulant_match,3.1401849173675503e-16,7.953615035991324,7.953615035991324,2.0000000000000004,2.0000000000000004,0.0
2.4398227992,0.05,6.2331853072,circulant_match,3.1401849173675503e-16,7.957561772818366,7.957561772818366,2.0,2.0,0.0
2.005309563,1.1362830906,2.6999365602,circulant_match,3.1401849173675503e-16,7.995409226357356,7.995409226357358,1.9999999999999993,1.9999999999999998,0.0
2.2225661811,0.7017698543,4.4665609337,circulant_match,3.1401849173675503e-16,7.999999070944437,7.999999070944437,1.9999999999999998,1.9999999999999998,0.0
3.0915926536,2.2225661811,6.2331853072,circulant_match,3.055527177423061e-16,4.823061197991194,4.823061197991194,1.9999999999999998,1.9999999999999998,0.0
2.4398227992,0.05,0.9333121867,circulant_match,3.053901726594225e-16,7.957561772818366,7.957561772818366,2.0,2.0,0.0
1.7880529449,1.1362830906,3.583248747,circulant_match,3.0436364816617974e-16,7.885314109091557,7.885314109091558,1.9999999999999998,2.0,0.0
2.4398227992,2.8743360355,6.2331853072,circulant_match,2.9893669801409083e-16,2.2340779709656324,2.234077970965634,1.9999999999999993,1.9999999999999998,0.0
2.8743360355,3.0915926536,1.8166243735,circulant_match,2.9893669801409083e-16,3.4741658678504077,3.474165867850407,2.0,1.9999999999999998,0.0
2.8743360355,2.6570794174,5.3498731204,circulant_match,2.9893669801409083e-16,3.693025196754803,3.693025196754803,2.0,2.0,0.0
3.0915926536,0.2672566181,2.6999365602,circulant_match,2.9893669801409083e-16,5.289390322609645,5.289390322609645,2.0,1.9999999999999998,0.0
2.8743360355,1.3535397087,1.8166243735,circulant_match,2.9893669801409083e-16,5.528924091313829,5.528924091313829,1.9999999999999996,1.9999999999999998,0.0
2.6570794174,0.4845132362,6.2331853072,circulant_match,2.9893669801409083e-16,7.329566890928308,7.329566890928309,1.9999999999999998,2.0,0.0
2.6570794174,0.4845132362,2.6999365602,circulant_match,2.9504581591051765e-16,7.329566890928308,7.329566890928309,1.9999999999999998,2.0,0.0
2.2225661811,1.3535397087,2.6999365602,circulant_match,2.9504581591051765e-16,7.4317285621948415,7.431728562194841,2.0,1.9999999999999998,0.0
2.005309563,1.5707963268,2.6999365602,circulant_match,2.8177377798042847e-16,7.468355505280191,7.468355505280191,1.9999999999999998,1.9999999999999998,0.0
2.005309563,2.8743360355,4.4665609337,circulant_match,2.7755575615628914e-16,2.9623811249545593,2.96238112495456,1.9999999999999996,1.9999999999999998,0.0
3.0915926536,3.0915926536,2.6999365602,circulant_match,2.7755575615628914e-16,4.700892766217698,4.700892766217699,1.9999999999999993,1.9999999999999996,0.0
3.0915926536,2.2225661811,1.8166243735,circulant_match,2.7755575615628914e-16,4.823061197991194,4.823061197991194,1.9999999999999998,1.9999999999999998,0.0
2.8743360355,1.5707963268,0.05,circulant_match,2.7755575615628914e-16,5.209224950709933,5.209224950709933,1.9999999999999998,1.9999999999999996,0.0
3.0915926536,0.2672566181,6.2331853072,circulant_match,2.7755575615628914e-16,5.289390322609645,5.289390322609645,2.0,1.9999999999999998,0.0
2.8743360355,0.7017698543,4.4665609337,circulant_match,2.7755575615628914e-16,6.254335337505371,6.254335337505372,1.9999999999999998,2.0,0.0
2.005309563,1.3535397087,0.05,circulant_match,2.7755575615628914e-16,7.847520290291991,7.847520290291991,1.9999999999999993,1.9999999999999993,0.0
2.4398227992,0.2672566181,1.8166243735,circulant_match,2.7755575615628914e-16,7.940315653445159,7.940315653445159,1.9999999999999998,1.9999999999999998,0.0
3.0915926536,2.2225661811,2.6999365602,circulant_match,2.7336071744532853e-16,4.823061197991194,4.823061197991194,1.9999999999999998,1.9999999999999998,0.0
3.0915926536,1.1362830906,4.4665609337,circulant_match,2.7336071744532853e-16,5.1322460447830345,5.1322460447830345,1.9999999999999998,1.9999999999999998,0.0
3.0915926536,0.9190264725,1.8166243735,circulant_match,2.7336071744532853e-16,5.186411552430788,5.186411552430787,2.0,1.9999999999999998,0.0
3.0915926536,2.6570794174,6.2331853072,circulant_match,2.6945789820192466e-16,4.7365974573252725,4.736597457325274,1.9999999999999993,1.9999999999999996,0.0
3.0915926536,0.7017698543,2.6999365602,circulant_match,2.618455766672135e-16,5.231851690046183,5.231851690046182,1.9999999999999996,1.9999999999999993,0.0
1.7880529449,1.5707963268,5.3498731204,circulant_match,2.618455766672135e-16,7.860612593261802,7.860612593261801,2.0,1.9999999999999998,0.0
2.2225661811,0.9190264725,0.05,circulant_match,2.618455766672135e-16,7.953615035991324,7.953615035991324,2.0000000000000004,2.0000000000000004,0.0
2.8743360355,2.4398227992,2.6999365602,circulant_match,2.607399605677454e-16,3.9200582869769605,3.9200582869769596,1.9999999999999998,1.9999999999999996,0.0
2.2225661811,0.7017698543,3.583248747,circulant_match,2.600234183879298e-16,7.999999070944437,7.999999070944437,1.9999999999999998,1.9999999999999998,0.0
3.0915926536,0.4845132362,1.8166243735,circulant_match,2.5476231888929306e-16,5.26665406437396,5.266654064373959,2.0,1.9999999999999998,0.0
3.0915926536,0.4845132362,4.4665609337,circulant_match,2.498001805406602e-16,5.26665406437396,5.266654064373959,2.0,1.9999999999999998,0.0
2.005309563,3.0915926536,0.9333121867,circulant_match,2.482534153247273e-16,2.717926574068864,2.717926574068863,1.9999999999999998,1.9999999999999996,0.0
2.6570794174,2.6570794174,1.8166243735,circulant_match,2.482534153247273e-16,2.952833914313766,2.952833914313766,1.9999999999999998,1.9999999999999998,0.0
2.2225661811,2.4398227992,0.9333121867,circulant_match,2.482534153247273e-16,3.5804669483552534,3.5804669483552534,1.9999999999999998,1.9999999999999998,0.0
2.8743360355,2.6570794174,6.2331853072,circulant_match,2.482534153247273e-16,3.693025196754803,3.693025196754803,2.0,2.0,0.0
2.8743360355,2.4398227992,0.05,circulant_match,2.482534153247273e-16,3.9200582869769605,3.9200582869769596,1.9999999999999998,1.9999999999999996,0.0
2.4398227992,2.005309563,4.4665609337,circulant_match,2.482534153247273e-16,4.783431321329451,4.78343132132945,1.9999999999999998,1.9999999999999996,0.0
1.5707963268,2.8743360355,0.9333121867,circulant_match,2.482534153247273e-16,5.209224950688198,5.209224950688198,1.9999999999999996,1.9999999999999996,0.0
2.8743360355,1.5707963268,3.583248747,circulant_match,2.482534153247273e-16,5.209224950709933,5.209224950709933,1.9999999999999998,1.9999999999999996,0.0
3.0915926536,0.4845132362,0.05,circulant_match,2.482534153247273e-16,5.26665406437396,5.266654064373959,2.0,1.9999999999999998,0.0
2.8743360355,1.1362830906,2.6999365602,circulant_match,2.482534153247273e-16,5.815499965966641,5.815499965966641,1.9999999999999998,1.9999999999999998,0.0
2.8743360355,1.1362830906,5.3498731204,circulant_match,2.482534153247273e-16,5.815499965966641,5.815499965966641,1.9999999999999998,1.9999999999999998,0.0
2.005309563,2.005309563,2.6999365602,circulant_match,2.482534153247273e-16,6.06644337397717,6.066443373977168,1.9999999999999996,1.9999999999999991,0.0
2.2225661811,1.7880529449,5.3498731204,circulant_match,2.482534153247273e-16,6.184333040545008,6.184333040545007,2.0,1.9999999999999998,0.0
2.8743360355,0.7017698543,6.2331853072,circulant_match,2.482534153247273e-16,6.254335337505371,6.254335337505372,1.9999999999999998,2.0,0.0
2.8743360355,0.4845132362,5.3498731204,circulant_match,2.482534153247273e-16,6.397757025591178,6.397757025591178,1.9999999999999998,1.9999999999999998,0.0
1.7880529449,0.2672566181,0.05,circulant_match,2.482534153247273e-16,6.41757616879092,6.417576168790919,2.0,1.9999999999999998,0.0
1.7880529449,0.4845132362,1.8166243735,circulant_match,2.482534153247273e-16,6.738155031834596,6.738155031834596,2.0,2.0,0.0
2.005309563,1.7880529449,4.4665609337,circulant_match,2.482534153247273e-16,6.859818938429759,6.859818938429758,2.0000000000000004,2.0,0.0
2.005309563,1.7880529449,5.3498731204,circulant_match,2.482534153247273e-16,6.859818938429759,6.859818938429758,2.0000000000000004,2.0,0.0
1.5707963268,2.2225661811,1.8166243735,circulant_match,2.482534153247273e-16,6.896129667069198,6.896129667069198,1.9999999999999998,1.9999999999999998,0.0
2.2225661811,1.5707963268,6.2331853072,circulant_match,2.482534153247273e-16,6.896129667073007,6.896129667073005,2.0,1.9999999999999998,0.0
1.7880529449,0.7017698543,3.583248747,circulant_match,2.482534153247273e-16,7.156674862180115,7.1566748621801155,1.9999999999999998,2.0,0.0
2.005309563,0.2672566181,3.583248747,circulant_match,2.482534153247273e-16,7.381913247684458,7.381913247684458,2.0,2.0,0.0
1.7880529449,1.7880529449,3.583248747,circulant_match,2.482534153247273e-16,7.455479965253667,7.455479965253668,1.9999999999999998,2.0,0.0
1.7880529449,1.7880529449,6.2331853072,circulant_match,2.482534153247273e-16,7.455479965253667,7.455479965253668,1.9999999999999998,2.0,0.0
1.5707963268,2.005309563,6.2331853072,circulant_match,2.482534153247273e-16,7.468355505278994,7.468355505278993,2.0,1.9999999999999998,0.0
2.005309563,1.5707963268,4.4665609337,circulant_match,2.482534153247273e-16,7.468355505280191,7.468355505280191,1.9999999999999998,1.9999999999999998,0.0
2.005309563,1.5707963268,5.3498731204,circulant_match,2.482534153247273e-16,7.468355505280191,7.468355505280191,1.9999999999999998,1.9999999999999998,0.0
1.5707963268,1.1362830906,3.583248747,circulant_match,2.482534153247273e-16,7.468355505328159,7.468355505328159,1.9999999999999998,1.9999999999999998,0.0
2.005309563,0.4845132362,0.9333121867,circulant_match,2.482534153247273e-16,7.56290750887464,7.562907508874639,1.9999999999999998,1.9999999999999996,0.0
2.005309563,0.4845132362,4.4665609337,circulant_match,2.482534153247273e-16,7.56290750887464,7.562907508874639,1.9999999999999998,1.9999999999999996,0.0
1.7880529449,0.9190264725,5.3498731204,circulant_match,2.482534153247273e-16,7.574102981664056,7.574102981664057,1.9999999999999998,2.0,0.0
2.4398227992,0.9190264725,1.8166243735,circulant_match,2.482534153247273e-16,7.584621507692181,7.584621507692181,1.9999999999999998,1.9999999999999998,0.0
2.4398227992,0.9190264725,2.6999365602,circulant_match,2.482534153247273e-16,7.584621507692181,7.584621507692181,1.9999999999999998,1.9999999999999998,0.0
2.4398227992,0.7017698543,0.05,circulant_match,2.482534153247273e-16,7.780199897489197,7.780199897489196,2.0,1.9999999999999998,0.0
1.5707963268,1.7880529449,1.8166243735,circulant_match,2.482534153247273e-16,7.860612593261647,7.860612593261646,2.0,1.9999999999999998,0.0
1.7880529449,1.1362830906,5.3498731204,circulant_match,2.482534153247273e-16,7.885314109091557,7.885314109091558,1.9999999999999998,2.0,0.0
2.4398227992,0.2672566181,3.583248747,circulant_match,2.482534153247273e-16,7.940315653445159,7.940315653445159,1.9999999999999998,1.9999999999999998,0.0
2.4398227992,0.2672566181,4.4665609337,circulant_match,2.482534153247273e-16,7.940315653445159,7.940315653445159,1.9999999999999998,1.9999999999999998,0.0
2.4398227992,0.2672566181,5.3498731204,circulant_match,2.482534153247273e-16,7.940315653445159,7.940315653445159,1.9999999999999998,1.9999999999999998,0.0
1.7880529449,1.3535397087,2.6999365602,circulant_match,2.482534153247273e-16,7.999922973922625,7.999922973922625,1.9999999999999998,1.9999999999999998,0.0
1.7880529449,1.3535397087,3.583248747,circulant_match,2.482534153247273e-16,7.999922973922625,7.999922973922625,1.9999999999999998,1.9999999999999998,0.0
2.2225661811,0.7017698543,5.3498731204,circulant_match,2.482534153247273e-16,7.999999070944437,7.999999070944437,1.9999999999999998,1.9999999999999998,0.0
1.5707963268,1.5707963268,0.9333121867,circulant_match,2.482534153247273e-16,8.0,8.0,2.0,2.0,0.0
1.5707963268,2.2225661811,0.9333121867,circulant_match,2.42861286636753e-16,6.896129667069198,6.896129667069198,1.9999999999999998,1.9999999999999998,0.0
2.6570794174,1.7880529449,4.4665609337,circulant_match,2.423651445728339e-16,5.087546552263527,5.087546552263526,1.9999999999999998,1.9999999999999996,0.0
2.005309563,1.7880529449,0.05,circulant_match,2.423651445728339e-16,6.859818938429759,6.859818938429758,2.0000000000000004,2.0,0.0
2.4398227992,2.8743360355,1.8166243735,circulant_match,2.3714374201337736e-16,2.2340779709656324,2.234077970965634,1.9999999999999993,1.9999999999999998,0.0
3.0915926536,2.6570794174,5.3498731204,circulant_match,2.3714374201337736e-16,4.7365974573252725,4.736597457325274,1.9999999999999993,1.9999999999999996,0.0
3.0915926536,1.5707963268,2.6999365602,circulant_match,2.3714374201337736e-16,5.007493752078375,5.007493752078374,1.9999999999999996,1.9999999999999993,0.0
1.5707963268,2.2225661811,5.3498731204,circulant_match,2.3714374201337736e-16,6.896129667069198,6.896129667069198,1.9999999999999998,1.9999999999999998,0.0
3.0915926536,2.4398227992,0.05,circulant_match,2.3592239273284576e-16,4.7743945180885135,4.7743945180885135,1.9999999999999996,1.9999999999999996,0.0
3.0915926536,0.7017698543,4.4665609337,circulant_match,2.3592239273284576e-16,5.231851690046183,5.231851690046182,1.9999999999999996,1.9999999999999993,0.0
3.0915926536,0.7017698543,1.8166243735,circulant_match,2.3263411494723067e-16,5.231851690046183,5.231851690046182,1.9999999999999996,1.9999999999999993,0.0
2.4398227992,2.8743360355,3.583248747,circulant_match,2.2887833992611187e-16,2.2340779709656324,2.234077970965634,1.9999999999999993,1.9999999999999998,0.0
2.005309563,3.0915926536,0.05,circulant_match,2.2887833992611187e-16,2.717926574068864,2.717926574068863,1.9999999999999998,1.9999999999999996,0.0
3.0915926536,2.4398227992,1.8166243735,circulant_match,2.2887833992611187e-16,4.7743945180885135,4.7743945180885135,1.9999999999999996,1.9999999999999996,0.0
2.4398227992,2.005309563,2.6999365602,circulant_match,2.2887833992611187e-16,4.783431321329451,4.78343132132945,1.9999999999999998,1.9999999999999996,0.0
3.0915926536,0.9190264725,5.3498731204,circulant_match,2.2887833992611187e-16,5.186411552430788,5.186411552430787,2.0,1.9999999999999998,0.0
3.0915926536,0.7017698543,0.05,circulant_match,2.2887833992611187e-16,5.231851690046183,5.231851690046182,1.9999999999999996,1.9999999999999993,0.0
3.0915926536,0.4845132362,6.2331853072,circulant_match,2.2887833992611187e-16,5.26665406437396,5.266654064373959,2.0,1.9999999999999998,0.0
2.4398227992,1.7880529449,1.8166243735,circulant_match,2.2887833992611187e-16,5.554561241713647,5.554561241713646,1.9999999999999998,1.9999999999999996,0.0
2.4398227992,1.5707963268,2.6999365602,circulant_match,2.2887833992611187e-16,6.250283179505466,6.250283179505466,1.9999999999999998,1.9999999999999998,0.0
2.4398227992,1.3535397087,0.05,circulant_match,2.2887833992611187e-16,6.829822630587566,6.829822630587567,1.9999999999999998,2.0,0.0
2.005309563,1.5707963268,3.583248747,circulant_match,2.2887833992611187e-16,7.468355505280191,7.468355505280191,1.9999999999999998,1.9999999999999998,0.0
2.6570794174,0.05,3.583248747,circulant_match,2.2887833992611187e-16,7.47154011207312,7.471540112073119,2.0,1.9999999999999998,0.0
1.7880529449,1.5707963268,2.6999365602,circulant_match,2.2887833992611187e-16,7.860612593261802,7.860612593261801,2.0,1.9999999999999998,0.0
1.7880529449,1.3535397087,0.9333121867,circulant_match,2.2887833992611187e-16,7.999922973922625,7.999922973922625,1.9999999999999998,1.9999999999999998,0.0
2.2225661811,3.0915926536,0.9333121867,circulant_match,2.2591401799415137e-16,2.114855448412122,2.114855448412121,2.0,1.9999999999999998,0.0
3.0915926536,3.0915926536,1.8166243735,circulant_match,2.2591401799415137e-16,4.700892766217698,4.700892766217699,1.9999999999999993,1.9999999999999996,0.0
2.6570794174,1.7880529449,5.3498731204,circulant_match,2.2591401799415137e-16,5.087546552263527,5.087546552263526,1.9999999999999998,1.9999999999999996,0.0
1.5707963268,1.1362830906,4.4665609337,circulant_match,2.2591401799415137e-16,7.468355505328159,7.468355505328159,1.9999999999999998,1.9999999999999998,0.0
1.7880529449,2.4398227992,2.6999365602,circulant_match,2.237726045655905e-16,5.227709009965137,5.227709009965137,2.0,2.0,0.0
2.2225661811,2.005309563,1.8166243735,circulant_match,2.237726045655905e-16,5.342035041716408,5.342035041716408,1.9999999999999998,1.9999999999999998,0.0
2.6570794174,0.9190264725,3.583248747,circulant_match,2.237726045655905e-16,6.9114741246754114,6.9114741246754114,2.0,2.0,0.0
1.5707963268,1.1362830906,6.2331853072,circulant_match,2.237726045655905e-16,7.468355505328159,7.468355505328159,1.9999999999999998,1.9999999999999998,0.0
1.5707963268,1.3535397087,0.9333121867,circulant_match,2.237726045655905e-16,7.860612593287738,7.860612593287738,2.0,2.0,0.0
3.0915926536,1.5707963268,0.05,circulant_match,2.2247786310271853e-16,5.007493752078375,5.007493752078374,1.9999999999999996,1.9999999999999993,0.0
1.7880529449,0.7017698543,4.4665609337,circulant_match,2.2247786310271853e-16,7.156674862180115,7.1566748621801155,1.9999999999999998,2.0,0.0
1.7880529449,1.7880529449,1.8166243735,circulant_match,2.2247786310271853e-16,7.455479965253667,7.455479965253668,1.9999999999999998,2.0,0.0
2.2225661811,3.0915926536,3.583248747,circulant_match,2.220446049250313e-16,2.114855448412122,2.114855448412121,2.0,1.9999999999999998,0.0
2.2225661811,2.4398227992,1.8166243735,circulant_match,2.220446049250313e-16,3.5804669483552534,3.5804669483552534,1.9999999999999998,1.9999999999999998,0.0
2.8743360355,2.4398227992,1.8166243735,circulant_match,2.220446049250313e-16,3.9200582869769605,3.9200582869769596,1.9999999999999998,1.9999999999999996,0.0
1.7880529449,2.6570794174,1.8166243735,circulant_match,2.220446049250313e-16,4.503058158162413,4.503058158162415,1.9999999999999993,1.9999999999999998,0.0
3.0915926536,2.8743360355,1.8166243735,circulant_match,2.220446049250313e-16,4.711654930662659,4.711654930662659,1.9999999999999996,1.9999999999999996,0.0
2.4398227992,2.005309563,6.2331853072,circulant_match,2.220446049250313e-16,4.783431321329451,4.78343132132945,1.9999999999999998,1.9999999999999996,0.0
3.0915926536,2.2225661811,5.3498731204,circulant_match,2.220446049250313e-16,4.823061197991194,4.823061197991194,1.9999999999999998,1.9999999999999998,0.0
2.8743360355,1.7880529449,2.6999365602,circulant_match,2.220446049250313e-16,4.87008359457122,4.870083594571218,1.9999999999999998,1.9999999999999996,0.0
2.8743360355,1.7880529449,5.3498731204,circulant_match,2.220446049250313e-16,4.87008359457122,4.870083594571218,1.9999999999999998,1.9999999999999996,0.0
3.0915926536,1.3535397087,6.2331853072,circulant_match,2.220446049250313e-16,5.071703315692536,5.0717033156925355,1.9999999999999998,1.9999999999999996,0.0
2.6570794174,1.7880529449,0.05,circulant_match,2.220446049250313e-16,5.087546552263527,5.087546552263526,1.9999999999999998,1.9999999999999996,0.0
2.6570794174,1.7880529449,2.6999365602,circulant_match,2.220446049250313e-16,5.087546552263527,5.087546552263526,1.9999999999999998,1.9999999999999996,0.0
1.5707963268,2.8743360355,4.4665609337,circulant_match,2.220446049250313e-16,5.209224950688198,5.209224950688198,1.9999999999999996,1.9999999999999996,0.0
2.8743360355,1.5707963268,6.2331853072,circulant_match,2.220446049250313e-16,5.209224950709933,5.209224950709933,1.9999999999999998,1.9999999999999996,0.0
1.7880529449,2.4398227992,0.9333121867,circulant_match,2.220446049250313e-16,5.227709009965137,5.227709009965137,2.0,2.0,0.0
2.8743360355,1.3535397087,5.3498731204,circulant_match,2.220446049250313e-16,5.528924091313829,5.528924091313829,1.9999999999999996,1.9999999999999998,0.0
2.8743360355,1.3535397087,6.2331853072,circulant_match,2.220446049250313e-16,5.528924091313829,5.528924091313829,1.9999999999999996,1.9999999999999998,0.0
1.5707963268,2.6570794174,1.8166243735,circulant_match,2.220446049250313e-16,5.650846531708714,5.650846531708714,1.9999999999999998,1.9999999999999998,0.0
2.8743360355,0.9190264725,1.8166243735,circulant_match,2.220446049250313e-16,6.0592772449677526,6.0592772449677526,1.9999999999999996,1.9999999999999996,0.0
2.005309563,2.005309563,0.9333121867,circulant_match,2.220446049250313e-16,6.06644337397717,6.066443373977168,1.9999999999999996,1.9999999999999991,0.0
2.6570794174,1.3535397087,3.583248747,circulant_match,2.220446049250313e-16,6.153666637693566,6.153666637693566,1.9999999999999996,1.9999999999999996,0.0
2.8743360355,0.7017698543,1.8166243735,circulant_match,2.220446049250313e-16,6.254335337505371,6.254335337505372,1.9999999999999998,2.0,0.0
2.8743360355,0.7017698543,3.583248747,circulant_match,2.220446049250313e-16,6.254335337505371,6.254335337505372,1.9999999999999998,2.0,0.0
2.8743360355,0.05,2.6999365602,circulant_match,2.220446049250313e-16,6.526879385422099,6.526879385422099,1.9999999999999998,1.9999999999999998,0.0
2.6570794174,0.7017698543,5.3498731204,circulant_match,2.220446049250313e-16,7.159883405171922,7.159883405171922,1.9999999999999998,1.9999999999999998,0.0
2.005309563,0.2672566181,4.4665609337,circulant_match,2.220446049250313e-16,7.381913247684458,7.381913247684458,2.0,2.0,0.0
1.5707963268,1.1362830906,5.3498731204,circulant_match,2.220446049250313e-16,7.468355505328159,7.468355505328159,1.9999999999999998,1.9999999999999998,0.0
2.2225661811,1.1362830906,5.3498731204,circulant_match,2.220446049250313e-16,7.778179693273832,7.778179693273829,2.0000000000000004,1.9999999999999998,0.0
2.005309563,0.7017698543,2.6999365602,circulant_match,2.220446049250313e-16,7.778431276849053,7.778431276849053,1.9999999999999998,1.9999999999999998,0.0
1.7880529449,1.5707963268,6.2331853072,circulant_match,2.220446049250313e-16,7.860612593261802,7.860612593261801,2.0,1.9999999999999998,0.0
1.7880529449,1.1362830906,0.05,circulant_match,2.220446049250313e-16,7.885314109091557,7.885314109091558,1.9999999999999998,2.0,0.0
2.2225661811,0.9190264725,0.9333121867,circulant_match,2.220446049250313e-16,7.953615035991324,7.953615035991324,2.0000000000000004,2.0000000000000004,0.0
2.2225661811,0.7017698543,0.9333121867,circulant_match,2.220446049250313e-16,7.999999070944437,7.999999070944437,1.9999999999999998,1.9999999999999998,0.0
1.7880529449,2.6570794174,4.4665609337,circulant_match,2.1926932184485926e-16,4.503058158162413,4.503058158162415,1.9999999999999993,1.9999999999999998,0.0
2.005309563,0.4845132362,2.6999365602,circulant_match,2.118352371637509e-16,7.56290750887464,7.562907508874639,1.9999999999999998,1.9999999999999996,0.0
2.2225661811,0.9190264725,5.3498731204,circulant_match,2.118352371637509e-16,7.953615035991324,7.953615035991324,2.0000000000000004,2.0000000000000004,0.0
2.4398227992,2.8743360355,2.6999365602,circulant_match,2.0014830212433605e-16,2.2340779709656324,2.234077970965634,1.9999999999999993,1.9999999999999998,0.0
2.8743360355,1.5707963268,1.8166243735,circulant_match,2.0014830212433605e-16,5.209224950709933,5.209224950709933,1.9999999999999998,1.9999999999999996,0.0
1.7880529449,2.2225661811,3.583248747,circulant_match,2.0014830212433605e-16,6.041958621114397,6.041958621114398,1.9999999999999998,2.0,0.0
2.4398227992,1.5707963268,0.05,circulant_match,2.0014830212433605e-16,6.250283179505466,6.250283179505466,1.9999999999999998,1.9999999999999998,0.0
2.2225661811,1.3535397087,5.3498731204,circulant_match,2.0014830212433605e-16,7.4317285621948415,7.431728562194841,2.0,1.9999999999999998,0.0
2.005309563,0.4845132362,6.2331853072,circulant_match,2.0014830212433605e-16,7.56290750887464,7.562907508874639,1.9999999999999998,1.9999999999999996,0.0
1.7880529449,1.3535397087,6.2331853072,circulant_match,2.0014830212433605e-16,7.999922973922625,7.999922973922625,1.9999999999999998,1.9999999999999998,0.0
2.4398227992,0.2672566181,2.6999365602,circulant_match,1.944128986425528e-16,7.940315653445159,7.940315653445159,1.9999999999999998,1.9999999999999998,0.0
3.0915926536,1.5707963268,5.3498731204,circulant_match,1.942890293094024e-16,5.007493752078375,5.007493752078374,1.9999999999999996,1.9999999999999993,0.0
2.005309563,2.005309563,5.3498731204,circulant_match,1.942890293094024e-16,6.06644337397717,6.066443373977168,1.9999999999999996,1.9999999999999991,0.0
1.7880529449,0.4845132362,2.6999365602,circulant_match,1.942890293094024e-16,6.738155031834596,6.738155031834596,2.0,2.0,0.0
2.005309563,1.3535397087,1.8166243735,circulant_match,1.8319205572553517e-16,7.847520290291991,7.847520290291991,1.9999999999999993,1.9999999999999993,0.0
2.2225661811,2.4398227992,5.3498731204,circulant_match,1.8041124150158794e-16,3.5804669483552534,3.5804669483552534,1.9999999999999998,1.9999999999999998,0.0
3.0915926536,1.1362830906,3.583248747,circulant_match,1.7772239894833365e-16,5.1322460447830345,5.1322460447830345,1.9999999999999998,1.9999999999999998,0.0
3.0915926536,1.1362830906,5.3498731204,circulant_match,1.7772239894833365e-16,5.1322460447830345,5.1322460447830345,1.9999999999999998,1.9999999999999998,0.0
3.0915926536,0.9190264725,6.2331853072,circulant_match,1.7772239894833365e-16,5.186411552430788,5.186411552430787,2.0,1.9999999999999998,0.0
2.005309563,1.7880529449,6.2331853072,circulant_match,1.7772239894833365e-16,6.859818938429759,6.859818938429758,2.0000000000000004,2.0,0.0
2.2225661811,0.9190264725,6.2331853072,circulant_match,1.7772239894833365e-16,7.953615035991324,7.953615035991324,2.0000000000000004,2.0000000000000004,0.0
2.6570794174,0.9190264725,1.8166243735,circulant_match,1.6711069443220838e-16,6.9114741246754114,6.9114741246754114,2.0,2.0,0.0
2.8743360355,0.9190264725,3.583248747,circulant_match,1.6653345369377348e-16,6.0592772449677526,6.0592772449677526,1.9999999999999996,1.9999999999999996,0.0
2.2225661811,1.7880529449,4.4665609337,circulant_match,1.6653345369377348e-16,6.184333040545008,6.184333040545007,2.0,1.9999999999999998,0.0
2.005309563,0.05,1.8166243735,circulant_match,1.6653345369377348e-16,7.294404922066965,7.294404922066965,2.0,2.0,0.0
2.005309563,0.2672566181,6.2331853072,circulant_match,1.6653345369377348e-16,7.381913247684458,7.381913247684458,2.0,2.0,0.0
2.2225661811,1.1362830906,6.2331853072,circulant_match,1.6653345369377348e-16,7.778179693273832,7.778179693273829,2.0000000000000004,1.9999999999999998,0.0
2.4398227992,2.8743360355,0.05,circulant_match,1.5700924586837752e-16,2.2340779709656324,2.234077970965634,1.9999999999999993,1.9999999999999998,0.0
2.4398227992,2.8743360355,0.9333121867,circulant_match,1.5700924586837752e-16,2.2340779709656324,2.234077970965634,1.9999999999999993,1.9999999999999998,0.0
2.6570794174,2.8743360355,5.3498731204,circulant_match,1.5700924586837752e-16,2.6601802600449407,2.660180260044939,2.0,1.9999999999999996,0.0
2.005309563,3.0915926536,4.4665609337,circulant_match,1.5700924586837752e-16,2.717926574068864,2.717926574068863,1.9999999999999998,1.9999999999999996,0.0
2.005309563,3.0915926536,5.3498731204,circulant_match,1.5700924586837752e-16,2.717926574068864,2.717926574068863,1.9999999999999998,1.9999999999999996,0.0
2.4398227992,2.4398227992,1.8166243735,circulant_match,1.5700924586837752e-16,3.2619387885662787,3.2619387885662787,2.0,2.0,0.0
2.4398227992,2.005309563,3.583248747,circulant_match,1.5700924586837752e-16,4.783431321329451,4.78343132132945,1.9999999999999998,1.9999999999999996,0.0
2.8743360355,1.7880529449,1.8166243735,circulant_match,1.5700924586837752e-16,4.87008359457122,4.870083594571218,1.9999999999999998,1.9999999999999996,0.0
3.0915926536,1.3535397087,1.8166243735,circulant_match,1.5700924586837752e-16,5.071703315692536,5.0717033156925355,1.9999999999999998,1.9999999999999996,0.0
3.0915926536,1.3535397087,2.6999365602,circulant_match,1.5700924586837752e-16,5.071703315692536,5.0717033156925355,1.9999999999999998,1.9999999999999996,0.0
2.6570794174,1.7880529449,6.2331853072,circulant_match,1.5700924586837752e-16,5.087546552263527,5.087546552263526,1.9999999999999998,1.9999999999999996,0.0
3.0915926536,1.1362830906,1.8166243735,circulant_match,1.5700924586837752e-16,5.1322460447830345,5.1322460447830345,1.9999999999999998,1.9999999999999998,0.0
2.8743360355,1.5707963268,2.6999365602,circulant_match,1.5700924586837752e-16,5.209224950709933,5.209224950709933,1.9999999999999998,1.9999999999999996,0.0
2.8743360355,1.5707963268,5.3498731204,circulant_match,1.5700924586837752e-16,5.209224950709933,5.209224950709933,1.9999999999999998,1.9999999999999996,0.0
2.8743360355,1.3535397087,2.6999365602,circulant_match,1.5700924586837752e-16,5.528924091313829,5.528924091313829,1.9999999999999996,1.9999999999999998,0.0
2.4398227992,1.7880529449,4.4665609337,circulant_match,1.5700924586837752e-16,5.554561241713647,5.554561241713646,1.9999999999999998,1.9999999999999996,0.0
1.5707963268,2.6570794174,0.05,circulant_match,1.5700924586837752e-16,5.650846531708714,5.650846531708714,1.9999999999999998,1.9999999999999998,0.0
1.5707963268,2.6570794174,5.3498731204,circulant_match,1.5700924586837752e-16,5.650846531708714,5.650846531708714,1.9999999999999998,1.9999999999999998,0.0
2.6570794174,1.5707963268,6.2331853072,circulant_match,1.5700924586837752e-16,5.650846531723188,5.650846531723188,1.9999999999999993,1.9999999999999996,0.0
2.8743360355,1.1362830906,1.8166243735,circulant_match,1.5700924586837752e-16,5.815499965966641,5.815499965966641,1.9999999999999998,1.9999999999999998,0.0
2.8743360355,0.9190264725,0.05,circulant_match,1.5700924586837752e-16,6.0592772449677526,6.0592772449677526,1.9999999999999996,1.9999999999999996,0.0
2.6570794174,1.3535397087,1.8166243735,circulant_match,1.5700924586837752e-16,6.153666637693566,6.153666637693566,1.9999999999999996,1.9999999999999996,0.0
1.5707963268,2.4398227992,0.05,circulant_match,1.5700924586837752e-16,6.250283179497178,6.250283179497178,1.9999999999999998,1.9999999999999998,0.0
1.5707963268,2.4398227992,0.9333121867,circulant_match,1.5700924586837752e-16,6.250283179497178,6.250283179497178,1.9999999999999998,1.9999999999999998,0.0
2.4398227992,1.5707963268,5.3498731204,circulant_match,1.5700924586837752e-16,6.250283179505466,6.250283179505466,1.9999999999999998,1.9999999999999998,0.0
2.8743360355,0.7017698543,0.05,circulant_match,1.5700924586837752e-16,6.254335337505371,6.254335337505372,1.9999999999999998,2.0,0.0
2.6570794174,1.1362830906,1.8166243735,circulant_match,1.5700924586837752e-16,6.576565101737382,6.576565101737382,2.0,2.0,0.0
1.7880529449,0.4845132362,0.9333121867,circulant_match,1.5700924586837752e-16,6.738155031834596,6.738155031834596,2.0,2.0,0.0
2.4398227992,1.3535397087,5.3498731204,circulant_match,1.5700924586837752e-16,6.829822630587566,6.829822630587567,1.9999999999999998,2.0,0.0
2.2225661811,1.5707963268,2.6999365602,circulant_match,1.5700924586837752e-16,6.896129667073007,6.896129667073005,2.0,1.9999999999999998,0.0
2.2225661811,1.5707963268,3.583248747,circulant_match,1.5700924586837752e-16,6.896129667073007,6.896129667073005,2.0,1.9999999999999998,0.0
2.6570794174,0.7017698543,3.583248747,circulant_match,1.5700924586837752e-16,7.159883405171922,7.159883405171922,1.9999999999999998,1.9999999999999998,0.0
2.005309563,0.05,0.9333121867,circulant_match,1.5700924586837752e-16,7.294404922066965,7.294404922066965,2.0,2.0,0.0
2.2225661811,1.3535397087,4.4665609337,circulant_match,1.5700924586837752e-16,7.4317285621948415,7.431728562194841,2.0,1.9999999999999998,0.0
2.2225661811,1.3535397087,6.2331853072,circulant_match,1.5700924586837752e-16,7.4317285621948415,7.431728562194841,2.0,1.9999999999999998,0.0
1.7880529449,1.7880529449,0.05,circulant_match,1.5700924586837752e-16,7.455479965253667,7.455479965253668,1.9999999999999998,2.0,0.0
1.5707963268,2.005309563,3.583248747,circulant_match,1.5700924586837752e-16,7.468355505278994,7.468355505278993,2.0,1.9999999999999998,0.0
1.5707963268,2.005309563,5.3498731204,circulant_match,1.5700924586837752e-16,7.468355505278994,7.468355505278993,2.0,1.9999999999999998,0.0
2.4398227992,0.9190264725,6.2331853072,circulant_match,1.5700924586837752e-16,7.584621507692181,7.584621507692181,1.9999999999999998,1.9999999999999998,0.0
2.2225661811,1.1362830906,0.05,circulant_match,1.5700924586837752e-16,7.778179693273832,7.778179693273829,2.0000000000000004,1.9999999999999998,0.0
2.005309563,0.7017698543,0.05,circulant_match,1.5700924586837752e-16,7.778431276849053,7.778431276849053,1.9999999999999998,1.9999999999999998,0.0
1.5707963268,1.3535397087,5.3498731204,circulant_match,1.5700924586837752e-16,7.860612593287738,7.860612593287738,2.0,2.0,0.0
1.7880529449,1.1362830906,0.9333121867,circulant_match,1.5700924586837752e-16,7.885314109091557,7.885314109091558,1.9999999999999998,2.0,0.0
2.005309563,0.9190264725,2.6999365602,circulant_match,1.5700924586837752e-16,7.949877308591119,7.949877308591118,1.9999999999999998,1.9999999999999996,0.0
2.005309563,0.9190264725,6.2331853072,circulant_match,1.5700924586837752e-16,7.949877308591119,7.949877308591118,1.9999999999999998,1.9999999999999996,0.0
2.4398227992,0.05,3.583248747,circulant_match,1.5700924586837752e-16,7.957561772818366,7.957561772818366,2.0,2.0,0.0
3.0915926536,2.8743360355,5.3498731204,circulant_match,1.545754455680272e-16,4.711654930662659,4.711654930662659,1.9999999999999996,1.9999999999999996,0.0
1.5707963268,2.6570794174,2.6999365602,circulant_match,1.5265566588595902e-16,5.650846531708714,5.650846531708714,1.9999999999999998,1.9999999999999998,0.0
2.2225661811,1.5707963268,4.4665609337,circulant_match,1.5218182408308987e-16,6.896129667073007,6.896129667073005,2.0,1.9999999999999998,0.0
2.005309563,2.2225661811,1.8166243735,circulant_match,1.4752290795525882e-16,5.170337426416836,5.170337426416836,1.9999999999999998,1.9999999999999998,0.0
1.7880529449,0.7017698543,2.6999365602,circulant_match,1.4752290795525882e-16,7.156674862180115,7.1566748621801155,1.9999999999999998,2.0,0.0
3.0915926536,1.7880529449,0.05,circulant_match,1.4304896245381993e-16,4.942587832018248,4.942587832018247,1.9999999999999998,1.9999999999999996,0.0
2.6570794174,1.1362830906,0.05,circulant_match,1.4304896245381993e-16,6.576565101737382,6.576565101737382,2.0,2.0,0.0
2.6570794174,1.1362830906,6.2331853072,circulant_match,1.4304896245381993e-16,6.576565101737382,6.576565101737382,2.0,2.0,0.0
3.0915926536,1.7880529449,5.3498731204,circulant_match,1.3877787807814457e-16,4.942587832018248,4.942587832018247,1.9999999999999998,1.9999999999999996,0.0
2.6570794174,1.1362830906,2.6999365602,circulant_match,1.3877787807814457e-16,6.576565101737382,6.576565101737382,2.0,2.0,0.0
2.6570794174,1.1362830906,3.583248747,circulant_match,1.3877787807814457e-16,6.576565101737382,6.576565101737382,2.0,2.0,0.0
1.7880529449,1.5707963268,3.583248747,circulant_match,1.3877787807814457e-16,7.860612593261802,7.860612593261801,2.0,1.9999999999999998,0.0
1.7880529449,1.3535397087,4.4665609337,circulant_match,1.3877787807814457e-16,7.999922973922625,7.999922973922625,1.9999999999999998,1.9999999999999998,0.0
2.2225661811,0.7017698543,0.05,circulant_match,1.3877787807814457e-16,7.999999070944437,7.999999070944437,1.9999999999999998,1.9999999999999998,0.0
2.2225661811,0.7017698543,6.2331853072,circulant_match,1.3877787807814457e-16,7.999999070944437,7.999999070944437,1.9999999999999998,1.9999999999999998,0.0
2.4398227992,1.7880529449,2.6999365602,circulant_match,1.3472894910096233e-16,5.554561241713647,5.554561241713646,1.9999999999999998,1.9999999999999996,0.0
3.0915926536,1.5707963268,6.2331853072,circulant_match,1.3092278833360675e-16,5.007493752078375,5.007493752078374,1.9999999999999996,1.9999999999999993,0.0
1.5707963268,1.7880529449,4.4665609337,circulant_match,1.3092278833360675e-16,7.860612593261647,7.860612593261646,2.0,1.9999999999999998,0.0
3.0915926536,0.2672566181,1.8166243735,circulant_match,1.300117091939649e-16,5.289390322609645,5.289390322609645,2.0,1.9999999999999998,0.0
3.0915926536,2.6570794174,2.6999365602,circulant_match,1.2571659638300646e-16,4.7365974573252725,4.736597457325274,1.9999999999999993,1.9999999999999996,0.0
1.7880529449,2.6570794174,2.6999365602,circulant_match,1.2412670766236366e-16,4.503058158162413,4.503058158162415,1.9999999999999993,1.9999999999999998,0.0
2.4398227992,2.005309563,5.3498731204,circulant_match,1.2412670766236366e-16,4.783431321329451,4.78343132132945,1.9999999999999998,1.9999999999999996,0.0
3.0915926536,0.4845132362,3.583248747,circulant_match,1.2412670766236366e-16,5.26665406437396,5.266654064373959,2.0,1.9999999999999998,0.0
2.6570794174,1.5707963268,5.3498731204,circulant_match,1.2412670766236366e-16,5.650846531723188,5.650846531723188,1.9999999999999993,1.9999999999999996,0.0
1.5707963268,2.4398227992,6.2331853072,circulant_match,1.2412670766236366e-16,6.250283179497178,6.250283179497178,1.9999999999999998,1.9999999999999998,0.0
2.8743360355,0.05,1.8166243735,circulant_match,1.2412670766236366e-16,6.526879385422099,6.526879385422099,1.9999999999999998,1.9999999999999998,0.0
1.7880529449,0.7017698543,6.2331853072,circulant_match,1.2412670766236366e-16,7.156674862180115,7.1566748621801155,1.9999999999999998,2.0,0.0
1.7880529449,1.7880529449,0.9333121867,circulant_match,1.2412670766236366e-16,7.455479965253667,7.455479965253668,1.9999999999999998,2.0,0.0
1.5707963268,2.005309563,0.9333121867,circulant_match,1.2412670766236366e-16,7.468355505278994,7.468355505278993,2.0,1.9999999999999998,0.0
1.7880529449,0.9190264725,2.6999365602,circulant_match,1.2412670766236366e-16,7.574102981664056,7.574102981664057,1.9999999999999998,2.0,0.0
1.5707963268,1.7880529449,2.6999365602,circulant_match,1.2412670766236366e-16,7.860612593261647,7.860612593261646,2.0,1.9999999999999998,0.0
3.0915926536,2.4398227992,2.6999365602,circulant_match,1.2118257228641695e-16,4.7743945180885135,4.7743945180885135,1.9999999999999996,1.9999999999999996,0.0
3.0915926536,2.4398227992,5.3498731204,circulant_match,1.1857187100668868e-16,4.7743945180885135,4.7743945180885135,1.9999999999999996,1.9999999999999996,0.0
2.4398227992,1.5707963268,6.2331853072,circulant_match,1.1857187100668868e-16,6.250283179505466,6.250283179505466,1.9999999999999998,1.9999999999999998,0.0
3.0915926536,3.0915926536,6.2331853072,circulant_match,1.1443916996305594e-16,4.700892766217698,4.700892766217699,1.9999999999999993,1.9999999999999996,0.0
3.0915926536,1.3535397087,3.583248747,circulant_match,1.1443916996305594e-16,5.071703315692536,5.0717033156925355,1.9999999999999998,1.9999999999999996,0.0
3.0915926536,0.7017698543,6.2331853072,circulant_match,1.1443916996305594e-16,5.231851690046183,5.231851690046182,1.9999999999999996,1.9999999999999993,0.0
2.6570794174,0.9190264725,0.05,circulant_match,1.1443916996305594e-16,6.9114741246754114,6.9114741246754114,2.0,2.0,0.0
2.6570794174,0.7017698543,0.05,circulant_match,1.1443916996305594e-16,7.159883405171922,7.159883405171922,1.9999999999999998,1.9999999999999998,0.0
2.005309563,0.9190264725,3.583248747,circulant_match,1.1443916996305594e-16,7.949877308591119,7.949877308591118,1.9999999999999998,1.9999999999999996,0.0
1.7880529449,1.3535397087,5.3498731204,circulant_match,1.1443916996305594e-16,7.999922973922625,7.999922973922625,1.9999999999999998,1.9999999999999998,0.0
2.6570794174,0.7017698543,2.6999365602,circulant_match,1.141306004574753e-16,7.159883405171922,7.159883405171922,1.9999999999999998,1.9999999999999998,0.0
3.0915926536,0.2672566181,5.3498731204,circulant_match,1.1188630228279524e-16,5.289390322609645,5.289390322609645,2.0,1.9999999999999998,0.0
1.5707963268,1.7880529449,3.583248747,circulant_match,1.1159342773238595e-16,7.860612593261647,7.860612593261646,2.0,1.9999999999999998,0.0
3.0915926536,3.0915926536,5.3498731204,circulant_match,1.1107649934270853e-16,4.700892766217698,4.700892766217699,1.9999999999999993,1.9999999999999996,0.0
2.4398227992,2.8743360355,4.4665609337,circulant_match,1.1102230246251565e-16,2.2340779709656324,2.234077970965634,1.9999999999999993,1.9999999999999998,0.0
2.4398227992,2.8743360355,5.3498731204,circulant_match,1.1102230246251565e-16,2.2340779709656324,2.234077970965634,1.9999999999999993,1.9999999999999998,0.0
2.6570794174,2.6570794174,5.3498731204,circulant_match,1.1102230246251565e-16,2.952833914313766,2.952833914313766,1.9999999999999998,1.9999999999999998,0.0
2.8743360355,3.0915926536,0.05,circulant_match,1.1102230246251565e-16,3.4741658678504077,3.474165867850407,2.0,1.9999999999999998,0.0
2.005309563,2.4398227992,4.4665609337,circulant_match,1.1102230246251565e-16,4.278997635960822,4.278997635960824,1.9999999999999996,2.0,0.0
1.7880529449,2.6570794174,0.9333121867,circulant_match,1.1102230246251565e-16,4.503058158162413,4.503058158162415,1.9999999999999993,1.9999999999999998,0.0
2.8743360355,2.005309563,5.3498731204,circulant_match,1.1102230246251565e-16,4.5287944066531995,4.5287944066531995,1.9999999999999998,2.0,0.0
2.4398227992,2.005309563,1.8166243735,circulant_match,1.1102230246251565e-16,4.783431321329451,4.78343132132945,1.9999999999999998,1.9999999999999996,0.0
3.0915926536,1.7880529449,1.8166243735,circulant_match,1.1102230246251565e-16,4.942587832018248,4.942587832018247,1.9999999999999998,1.9999999999999996,0.0
2.6570794174,1.7880529449,1.8166243735,circulant_match,1.1102230246251565e-16,5.087546552263527,5.087546552263526,1.9999999999999998,1.9999999999999996,0.0
3.0915926536,1.1362830906,2.6999365602,circulant_match,1.1102230246251565e-16,5.1322460447830345,5.1322460447830345,1.9999999999999998,1.9999999999999998,0.0
2.005309563,2.2225661811,4.4665609337,circulant_match,1.1102230246251565e-16,5.170337426416836,5.170337426416836,1.9999999999999998,1.9999999999999998,0.0
1.7880529449,2.4398227992,1.8166243735,circulant_match,1.1102230246251565e-16,5.227709009965137,5.227709009965137,2.0,2.0,0.0
1.7880529449,2.4398227992,4.4665609337,circulant_match,1.1102230246251565e-16,5.227709009965137,5.227709009965137,2.0,2.0,0.0
2.2225661811,2.005309563,5.3498731204,circulant_match,1.1102230246251565e-16,5.342035041716408,5.342035041716408,1.9999999999999998,1.9999999999999998,0.0
2.8743360355,1.3535397087,3.583248747,circulant_match,1.1102230246251565e-16,5.528924091313829,5.528924091313829,1.9999999999999996,1.9999999999999998,0.0
2.8743360355,1.3535397087,4.4665609337,circulant_match,1.1102230246251565e-16,5.528924091313829,5.528924091313829,1.9999999999999996,1.9999999999999998,0.0
2.4398227992,1.7880529449,0.05,circulant_match,1.1102230246251565e-16,5.554561241713647,5.554561241713646,1.9999999999999998,1.9999999999999996,0.0
2.6570794174,1.5707963268,1.8166243735,circulant_match,1.1102230246251565e-16,5.650846531723188,5.650846531723188,1.9999999999999993,1.9999999999999996,0.0
1.7880529449,2.2225661811,0.9333121867,circulant_match,1.1102230246251565e-16,6.041958621114397,6.041958621114398,1.9999999999999998,2.0,0.0
2.005309563,2.005309563,1.8166243735,circulant_match,1.1102230246251565e-16,6.06644337397717,6.066443373977168,1.9999999999999996,1.9999999999999991,0.0
2.6570794174,1.3535397087,0.05,circulant_match,1.1102230246251565e-16,6.153666637693566,6.153666637693566,1.9999999999999996,1.9999999999999996,0.0
2.4398227992,1.5707963268,4.4665609337,circulant_match,1.1102230246251565e-16,6.250283179505466,6.250283179505466,1.9999999999999998,1.9999999999999998,0.0
2.6570794174,1.1362830906,0.9333121867,circulant_match,1.1102230246251565e-16,6.576565101737382,6.576565101737382,2.0,2.0,0.0
1.7880529449,0.4845132362,0.05,circulant_match,1.1102230246251565e-16,6.738155031834596,6.738155031834596,2.0,2.0,0.0
1.7880529449,0.4845132362,3.583248747,circulant_match,1.1102230246251565e-16,6.738155031834596,6.738155031834596,2.0,2.0,0.0
1.7880529449,2.005309563,5.3498731204,circulant_match,1.1102230246251565e-16,6.82202511965303,6.82202511965303,2.0000000000000004,2.0000000000000004,0.0
2.4398227992,1.3535397087,2.6999365602,circulant_match,1.1102230246251565e-16,6.829822630587566,6.829822630587567,1.9999999999999998,2.0,0.0
2.005309563,1.7880529449,2.6999365602,circulant_match,1.1102230246251565e-16,6.859818938429759,6.859818938429758,2.0000000000000004,2.0,0.0
2.005309563,1.7880529449,3.583248747,circulant_match,1.1102230246251565e-16,6.859818938429759,6.859818938429758,2.0000000000000004,2.0,0.0
1.5707963268,2.2225661811,4.4665609337,circulant_match,1.1102230246251565e-16,6.896129667069198,6.896129667069198,1.9999999999999998,1.9999999999999998,0.0
2.2225661811,1.5707963268,0.05,circulant_match,1.1102230246251565e-16,6.896129667073007,6.896129667073005,2.0,1.9999999999999998,0.0
2.2225661811,1.5707963268,1.8166243735,circulant_match,1.1102230246251565e-16,6.896129667073007,6.896129667073005,2.0,1.9999999999999998,0.0
2.6570794174,0.7017698543,0.9333121867,circulant_match,1.1102230246251565e-16,7.159883405171922,7.159883405171922,1.9999999999999998,1.9999999999999998,0.0
2.6570794174,0.7017698543,1.8166243735,circulant_match,1.1102230246251565e-16,7.159883405171922,7.159883405171922,1.9999999999999998,1.9999999999999998,0.0
2.2225661811,1.3535397087,0.05,circulant_match,1.1102230246251565e-16,7.4317285621948415,7.431728562194841,2.0,1.9999999999999998,0.0
2.2225661811,1.3535397087,3.583248747,circulant_match,1.1102230246251565e-16,7.4317285621948415,7.431728562194841,2.0,1.9999999999999998,0.0
1.7880529449,1.7880529449,5.3498731204,circulant_match,1.1102230246251565e-16,7.455479965253667,7.455479965253668,1.9999999999999998,2.0,0.0
2.6570794174,0.05,1.8166243735,circulant_match,1.1102230246251565e-16,7.47154011207312,7.471540112073119,2.0,1.9999999999999998,0.0
2.6570794174,0.05,2.6999365602,circulant_match,1.1102230246251565e-16,7.47154011207312,7.471540112073119,2.0,1.9999999999999998,0.0
1.7880529449,0.9190264725,3.583248747,circulant_match,1.1102230246251565e-16,7.574102981664056,7.574102981664057,1.9999999999999998,2.0,0.0
2.4398227992,0.9190264725,3.583248747,circulant_match,1.1102230246251565e-16,7.584621507692181,7.584621507692181,1.9999999999999998,1.9999999999999998,0.0
2.4398227992,0.9190264725,5.3498731204,circulant_match,1.1102230246251565e-16,7.584621507692181,7.584621507692181,1.9999999999999998,1.9999999999999998,0.0
2.2225661811,1.1362830906,3.583248747,circulant_match,1.1102230246251565e-16,7.778179693273832,7.778179693273829,2.0000000000000004,1.9999999999999998,0.0
2.005309563,0.7017698543,5.3498731204,circulant_match,1.1102230246251565e-16,7.778431276849053,7.778431276849053,1.9999999999999998,1.9999999999999998,0.0
1.5707963268,1.7880529449,0.05,circulant_match,1.1102230246251565e-16,7.860612593261647,7.860612593261646,2.0,1.9999999999999998,0.0
1.7880529449,1.5707963268,0.05,circulant_match,1.1102230246251565e-16,7.860612593261802,7.860612593261801,2.0,1.9999999999999998,0.0
1.7880529449,1.5707963268,0.9333121867,circulant_match,1.1102230246251565e-16,7.860612593261802,7.860612593261801,2.0,1.9999999999999998,0.0
1.5707963268,1.3535397087,4.4665609337,circulant_match,1.1102230246251565e-16,7.860612593287738,7.860612593287738,2.0,2.0,0.0
2.4398227992,0.2672566181,6.2331853072,circulant_match,1.1102230246251565e-16,7.940315653445159,7.940315653445159,1.9999999999999998,1.9999999999999998,0.0
2.4398227992,0.05,5.3498731204,circulant_match,1.1102230246251565e-16,7.957561772818366,7.957561772818366,2.0,2.0,0.0
1.7880529449,1.3535397087,0.05,circulant_match,1.1102230246251565e-16,7.999922973922625,7.999922973922625,1.9999999999999998,1.9999999999999998,0.0
1.5707963268,1.5707963268,2.6999365602,circulant_match,1.1102230246251565e-16,8.0,8.0,2.0,2.0,0.0
2.8743360355,0.05,5.3498731204,circulant_match,8.326672684688674e-17,6.526879385422099,6.526879385422099,1.9999999999999998,1.9999999999999998,0.0
2.6570794174,0.9190264725,6.2331853072,circulant_match,8.326672684688674e-17,6.9114741246754114,6.9114741246754114,2.0,2.0,0.0
3.0915926536,0.4845132362,5.3498731204,circulant_match,6.938893903907228e-17,5.26665406437396,5.266654064373959,2.0,1.9999999999999998,0.0
2.005309563,0.2672566181,0.05,circulant_match,6.938893903907228e-17,7.381913247684458,7.381913247684458,2.0,2.0,0.0
2.005309563,3.0915926536,3.583248747,circulant_match,5.551115123125783e-17,2.717926574068864,2.717926574068863,1.9999999999999998,1.9999999999999996,0.0
3.0915926536,1.5707963268,1.8166243735,circulant_match,5.551115123125783e-17,5.007493752078375,5.007493752078374,1.9999999999999996,1.9999999999999993,0.0
2.6570794174,1.5707963268,2.6999365602,circulant_match,5.551115123125783e-17,5.650846531723188,5.650846531723188,1.9999999999999993,1.9999999999999996,0.0
1.5707963268,2.4398227992,1.8166243735,circulant_match,5.551115123125783e-17,6.250283179497178,6.250283179497178,1.9999999999999998,1.9999999999999998,0.0
1.5707963268,2.4398227992,4.4665609337,circulant_match,5.551115123125783e-17,6.250283179497178,6.250283179497178,1.9999999999999998,1.9999999999999998,0.0
2.4398227992,1.5707963268,1.8166243735,circulant_match,5.551115123125783e-17,6.250283179505466,6.250283179505466,1.9999999999999998,1.9999999999999998,0.0
1.7880529449,2.005309563,0.9333121867,circulant_match,5.551115123125783e-17,6.82202511965303,6.82202511965303,2.0000000000000004,2.0000000000000004,0.0
2.4398227992,1.3535397087,6.2331853072,circulant_match,5.551115123125783e-17,6.829822630587566,6.829822630587567,1.9999999999999998,2.0,0.0
2.2225661811,0.7017698543,2.6999365602,circulant_match,5.551115123125783e-17,7.999999070944437,7.999999070944437,1.9999999999999998,1.9999999999999998,0.0
1.5707963268,1.5707963268,4.4665609337,circulant_match,5.551115123125783e-17,8.0,8.0,2.0,2.0,0.0
1.5707963268,1.5707963268,5.3498731204,circulant_match,5.551115123125783e-17,8.0,8.0,2.0,2.0,0.0
2.8743360355,2.6570794174,2.6999365602,circulant_match,4.163336342344337e-17,3.693025196754803,3.693025196754803,2.0,2.0,0.0
2.2225661811,1.5707963268,5.3498731204,circulant_match,4.163336342344337e-17,6.896129667073007,6.896129667073005,2.0,1.9999999999999998,0.0
3.0915926536,2.005309563,5.3498731204,circulant_match,2.7755575615628914e-17,4.880085451348735,4.880085451348734,1.9999999999999998,1.9999999999999996,0.0
3.0915926536,0.4845132362,2.6999365602,circulant_match,2.7755575615628914e-17,5.26665406437396,5.266654064373959,2.0,1.9999999999999998,0.0
2.6570794174,1.3535397087,6.2331853072,circulant_match,2.7755575615628914e-17,6.153666637693566,6.153666637693566,1.9999999999999996,1.9999999999999996,0.0
1.5707963268,1.7880529449,5.3498731204,circulant_match,2.7755575615628914e-17,7.860612593261647,7.860612593261646,2.0,1.9999999999999998,0.0
3.0915926536,2.8743360355,2.6999365602,circulant_match,1.3877787807814457e-17,4.711654930662659,4.711654930662659,1.9999999999999996,1.9999999999999996,0.0
2.8743360355,2.6570794174,1.8166243735,circulant_match,0.0,3.693025196754803,3.693025196754803,2.0,2.0,0.0
3.0915926536,2.6570794174,1.8166243735,circulant_match,0.0,4.7365974573252725,4.736597457325274,1.9999999999999993,1.9999999999999996,0.0
0.0,1.5707963268,4.1887902048,circulant_match,0.0,5.0,5.0,1.9999999999999998,1.9999999999999998,0.0
3.0915926536,0.7017698543,5.3498731204,circulant_match,0.0,5.231851690046183,5.231851690046182,1.9999999999999996,1.9999999999999993,0.0
2.8743360355,1.3535397087,0.05,circulant_match,0.0,5.528924091313829,5.528924091313829,1.9999999999999996,1.9999999999999998,0.0
0.2672566181,1.7880529449,6.2331853072,circulant_match,0.0,5.528924091354396,5.528924091354396,2.0,2.0,0.0
1.3535397087,0.9190264725,4.4665609337,circulant_match,0.0,6.04195862119465,6.041958621194652,1.9999999999999998,2.0000000000000004,0.0
2.8743360355,0.9190264725,5.3498731204,circulant_match,0.0,6.0592772449677526,6.0592772449677526,1.9999999999999996,1.9999999999999996,0.0
0.9190264725,1.3535397087,5.3498731204,circulant_match,0.0,6.184333040613641,6.184333040613641,2.0,2.0,0.0
1.5707963268,0.7017698543,2.6999365602,circulant_match,0.0,6.250283179278329,6.250283179278327,2.0000000000000004,2.0,0.0
2.6570794174,1.1362830906,5.3498731204,circulant_match,0.0,6.576565101737382,6.576565101737382,2.0,2.0,0.0
1.7880529449,2.005309563,4.4665609337,circulant_match,0.0,6.82202511965303,6.82202511965303,2.0000000000000004,2.0000000000000004,0.0
1.7880529449,0.7017698543,0.05,circulant_match,0.0,7.156674862180115,7.1566748621801155,1.9999999999999998,2.0,0.0
1.7880529449,0.7017698543,5.3498731204,circulant_match,0.0,7.156674862180115,7.1566748621801155,1.9999999999999998,2.0,0.0
0.7017698543,2.005309563,3.583248747,circulant_match,0.0,7.273997591309858,7.273997591309858,2.0,2.0,0.0
0.7017698543,2.005309563,6.2331853072,circulant_match,0.0,7.273997591309858,7.273997591309858,2.0,2.0,0.0
1.7880529449,1.7880529449,2.6999365602,circulant_match,0.0,7.455479965253667,7.455479965253668,1.9999999999999998,2.0,0.0
1.7880529449,1.7880529449,4.4665609337,circulant_match,0.0,7.455479965253667,7.455479965253668,1.9999999999999998,2.0,0.0
0.4845132362,3.0915926536,0.9333121867,circulant_match,0.0,7.471540112108405,7.471540112108404,2.0,1.9999999999999998,0.0
2.005309563,0.7017698543,4.4665609337,circulant_match,0.0,7.778431276849053,7.778431276849053,1.9999999999999998,1.9999999999999998,0.0
1.7880529449,1.1362830906,6.2331853072,circulant_match,0.0,7.885314109091557,7.885314109091558,1.9999999999999998,2.0,0.0
2.2225661811,0.9190264725,3.583248747,circulant_match,0.0,7.953615035991324,7.953615035991324,2.0000000000000004,2.0000000000000004,0.0
1.1362830906,2.005309563,4.4665609337,circulant_match,0.0,7.995409226361925,7.995409226361927,1.9999999999999993,1.9999999999999998,0.0
1.3535397087,1.7880529449,5.3498731204,circulant_match,0.0,7.999922973923238,7.999922973923237,1.9999999999999998,1.9999999999999996,0.0
1.5707963268,1.5707963268,1.8166243735,circulant_match,0.0,8.0,8.0,2.0,2.0,0.0
1.5707963268,1.5707963268,6.2331853072,circulant_match,0.0,8.0,8.0,2.0,2.0,0.0
