Phase 1.4 extended axis sweep (quick=false)
julia.exe : 
At C:\Users\adian\AppData\Local\Temp\ps-script-01c07351-f2b1-401b-919b-962473919a57.ps1:120 char:74
+ ... lia-depot"; & "C:\Users\adian\AppData\Local\Programs\Julia-1.12.6\bin ...
+                 ~~~~~~~~~~~~~~~~~~~~~~~~~~~~~~~~~~~~~~~~~~~~~~~~~~~~~~~~~
    + CategoryInfo          : NotSpecified: (:String) [], RemoteException
    + FullyQualifiedErrorId : NativeCommandError
 
[32mComputing mixed cells... 2    Time: 0:00:01[39m[K
[34m   mixed_volume: 3[39m[K
[A

[K[A
[32mComputing mixed cells... 185    Time: 0:00:02[39m[K
[34m   mixed_volume: 252[39m[K

[32mTracking 252 paths...   1%|Γûê                            |  ETA: 0:59:54[39m[K
[34m                   # paths tracked: 2[39m[K
[34m   # non-singular solutions (real): 2 (0)[39m[K
[34m       # singular endpoints (real): 0 (0)[39m[K
[34m          # total solutions (real): 2 (0)[39m[K
[A
[A
[A
[A




[K[A
[K[A
[K[A
[K[A
[32mTracking 252 paths...  27%|ΓûêΓûêΓûêΓûêΓûêΓûêΓûêΓûê                     |  ETA: 0:01:21[39m[K
[34m                   # paths tracked: 67[39m[K
[34m   # non-singular solutions (real): 65 (4)[39m[K
[34m       # singular endpoints (real): 0 (0)[39m[K
[34m          # total solutions (real): 65 (4)[39m[K
[A
[A
[A
[A




[K[A
[K[A
[K[A
[K[A
[32mTracking 252 paths...  45%|ΓûêΓûêΓûêΓûêΓûêΓûêΓûêΓûêΓûêΓûêΓûêΓûêΓûêΓûê               |  ETA: 0:00:36[39m[K
[34m                   # paths tracked: 113[39m[K
[34m   # non-singular solutions (real): 108 (6)[39m[K
[34m       # singular endpoints (real): 0 (0)[39m[K
[34m          # total solutions (real): 108 (6)[39m[K
[A
[A
[A
[A




[K[A
[K[A
[K[A
[K[A
[32mTracking 252 paths...  59%|ΓûêΓûêΓûêΓûêΓûêΓûêΓûêΓûêΓûêΓûêΓûêΓûêΓûêΓûêΓûêΓûêΓûêΓûê           |  ETA: 0:00:20[39m[K
[34m                   # paths tracked: 149[39m[K
[34m   # non-singular solutions (real): 141 (7)[39m[K
[34m       # singular endpoints (real): 0 (0)[39m[K
[34m          # total solutions (real): 141 (7)[39m[K
[A
[A
[A
[A




[K[A
[K[A
[K[A
[K[A
[32mTracking 252 paths...  77%|ΓûêΓûêΓûêΓûêΓûêΓûêΓûêΓûêΓûêΓûêΓûêΓûêΓûêΓûêΓûêΓûêΓûêΓûêΓûêΓûêΓûêΓûêΓûê      |  ETA: 0:00:09[39m[K
[34m                   # paths tracked: 193[39m[K
[34m   # non-singular solutions (real): 184 (11)[39m[K
[34m       # singular endpoints (real): 0 (0)[39m[K
[34m          # total solutions (real): 184 (11)[39m[K
[A
[A
[A
[A




[K[A
[K[A
[K[A
[K[A
[32mTracking 252 paths...  92%|ΓûêΓûêΓûêΓûêΓûêΓûêΓûêΓûêΓûêΓûêΓûêΓûêΓûêΓûêΓûêΓûêΓûêΓûêΓûêΓûêΓûêΓûêΓûêΓûêΓûêΓûêΓûê  |  ETA: 0:00:03[39m[K
[34m                   # paths tracked: 232[39m[K
[34m   # non-singular solutions (real): 221 (11)[39m[K
[34m       # singular endpoints (real): 0 (0)[39m[K
[34m          # total solutions (real): 221 (11)[39m[K
[A
[A
[A
[A




[K[A
[K[A
[K[A
[K[A
[32mTracking 252 paths... 100%|ΓûêΓûêΓûêΓûêΓûêΓûêΓûêΓûêΓûêΓûêΓûêΓûêΓûêΓûêΓûêΓûêΓûêΓûêΓûêΓûêΓûêΓûêΓûêΓûêΓûêΓûêΓûêΓûêΓûê| Time: 0:00:30[39m[K
[34m                   # paths tracked: 252[39m[K
[34m   # non-singular solutions (real): 240 (12)[39m[K
[34m       # singular endpoints (real): 0 (0)[39m[K
[34m          # total solutions (real): 240 (12)[39m[K

[32mTracking 252 paths...  40%|ΓûêΓûêΓûêΓûêΓûêΓûêΓûêΓûêΓûêΓûêΓûêΓûê                 |  ETA: 0:00:01[39m[K
[34m                   # paths tracked: 101[39m[K
[34m   # non-singular solutions (real): 101 (4)[39m[K
[34m       # singular endpoints (real): 0 (0)[39m[K
[34m          # total solutions (real): 101 (4)[39m[K
[A
[A
[A
[A




[K[A
[K[A
[K[A
[K[A
[32mTracking 252 paths...  55%|ΓûêΓûêΓûêΓûêΓûêΓûêΓûêΓûêΓûêΓûêΓûêΓûêΓûêΓûêΓûêΓûê             |  ETA: 0:00:01[39m[K
[34m                   # paths tracked: 139[39m[K
[34m   # non-singular solutions (real): 139 (5)[39m[K
[34m       # singular endpoints (real): 0 (0)[39m[K
[34m          # total solutions (real): 139 (5)[39m[K
[A
[A
[A
[A




[K[A
[K[A
[K[A
[K[A
[32mTracking 252 paths...  70%|ΓûêΓûêΓûêΓûêΓûêΓûêΓûêΓûêΓûêΓûêΓûêΓûêΓûêΓûêΓûêΓûêΓûêΓûêΓûêΓûêΓûê        |  ETA: 0:00:00[39m[K
[34m                   # paths tracked: 177[39m[K
[34m   # non-singular solutions (real): 177 (8)[39m[K
[34m       # singular endpoints (real): 0 (0)[39m[K
[34m          # total solutions (real): 177 (8)[39m[K
[A
[A
[A
[A




[K[A
[K[A
[K[A
[K[A
[32mTracking 252 paths...  85%|ΓûêΓûêΓûêΓûêΓûêΓûêΓûêΓûêΓûêΓûêΓûêΓûêΓûêΓûêΓûêΓûêΓûêΓûêΓûêΓûêΓûêΓûêΓûêΓûêΓûê    |  ETA: 0:00:00[39m[K
[34m                   # paths tracked: 213[39m[K
[34m   # non-singular solutions (real): 213 (10)[39m[K
[34m       # singular endpoints (real): 0 (0)[39m[K
[34m          # total solutions (real): 213 (10)[39m[K
[A
[A
[A
[A




[K[A
[K[A
[K[A
[K[A
[32mTracking 252 paths... 100%|ΓûêΓûêΓûêΓûêΓûêΓûêΓûêΓûêΓûêΓûêΓûêΓûêΓûêΓûêΓûêΓûêΓûêΓûêΓûêΓûêΓûêΓûêΓûêΓûêΓûêΓûêΓûêΓûêΓûê| Time: 0:00:01[39m[K
[34m                   # paths tracked: 252[39m[K
[34m   # non-singular solutions (real): 252 (12)[39m[K
[34m       # singular endpoints (real): 0 (0)[39m[K
[34m          # total solutions (real): 252 (12)[39m[K

[32mTracking 252 paths...  38%|ΓûêΓûêΓûêΓûêΓûêΓûêΓûêΓûêΓûêΓûêΓûêΓûê                 |  ETA: 0:00:01[39m[K
[34m                   # paths tracked: 97[39m[K
[34m   # non-singular solutions (real): 97 (7)[39m[K
[34m       # singular endpoints (real): 0 (0)[39m[K
[34m          # total solutions (real): 97 (7)[39m[K
[A
[A
[A
[A




[K[A
[K[A
[K[A
[K[A
[32mTracking 252 paths...  53%|ΓûêΓûêΓûêΓûêΓûêΓûêΓûêΓûêΓûêΓûêΓûêΓûêΓûêΓûêΓûêΓûê             |  ETA: 0:00:01[39m[K
[34m                   # paths tracked: 134[39m[K
[34m   # non-singular solutions (real): 134 (9)[39m[K
[34m       # singular endpoints (real): 0 (0)[39m[K
[34m          # total solutions (real): 134 (9)[39m[K
[A
[A
[A
[A




[K[A
[K[A
[K[A
[K[A
[32mTracking 252 paths...  67%|ΓûêΓûêΓûêΓûêΓûêΓûêΓûêΓûêΓûêΓûêΓûêΓûêΓûêΓûêΓûêΓûêΓûêΓûêΓûêΓûê         |  ETA: 0:00:00[39m[K
[34m                   # paths tracked: 169[39m[K
[34m   # non-singular solutions (real): 169 (9)[39m[K
[34m       # singular endpoints (real): 0 (0)[39m[K
[34m          # total solutions (real): 169 (9)[39m[K
[A
[A
[A
[A




[K[A
[K[A
[K[A
[K[A
[32mTracking 252 paths...  83%|ΓûêΓûêΓûêΓûêΓûêΓûêΓûêΓûêΓûêΓûêΓûêΓûêΓûêΓûêΓûêΓûêΓûêΓûêΓûêΓûêΓûêΓûêΓûêΓûêΓûê    |  ETA: 0:00:00[39m[K
[34m                   # paths tracked: 209[39m[K
[34m   # non-singular solutions (real): 209 (9)[39m[K
[34m       # singular endpoints (real): 0 (0)[39m[K
[34m          # total solutions (real): 209 (9)[39m[K
[A
[A
[A
[A




[K[A
[K[A
[K[A
[K[A
[32mTracking 252 paths...  96%|ΓûêΓûêΓûêΓûêΓûêΓûêΓûêΓûêΓûêΓûêΓûêΓûêΓûêΓûêΓûêΓûêΓûêΓûêΓûêΓûêΓûêΓûêΓûêΓûêΓûêΓûêΓûêΓûê |  ETA: 0:00:00[39m[K
[34m                   # paths tracked: 243[39m[K
[34m   # non-singular solutions (real): 243 (11)[39m[K
[34m       # singular endpoints (real): 0 (0)[39m[K
[34m          # total solutions (real): 243 (11)[39m[K
[A
[A
[A
[A




[K[A
[K[A
[K[A
[K[A
[32mTracking 252 paths... 100%|ΓûêΓûêΓûêΓûêΓûêΓûêΓûêΓûêΓûêΓûêΓûêΓûêΓûêΓûêΓûêΓûêΓûêΓûêΓûêΓûêΓûêΓûêΓûêΓûêΓûêΓûêΓûêΓûêΓûê| Time: 0:00:01[39m[K
[34m                   # paths tracked: 252[39m[K
[34m   # non-singular solutions (real): 252 (12)[39m[K
[34m       # singular endpoints (real): 0 (0)[39m[K
[34m          # total solutions (real): 252 (12)[39m[K

[32mTracking 252 paths...  35%|ΓûêΓûêΓûêΓûêΓûêΓûêΓûêΓûêΓûêΓûêΓûê                  |  ETA: 0:00:01[39m[K
[34m                   # paths tracked: 87[39m[K
[34m   # non-singular solutions (real): 87 (3)[39m[K
[34m       # singular endpoints (real): 0 (0)[39m[K
[34m          # total solutions (real): 87 (3)[39m[K
[A
[A
[A
[A




[K[A
[K[A
[K[A
[K[A
[32mTracking 252 paths...  47%|ΓûêΓûêΓûêΓûêΓûêΓûêΓûêΓûêΓûêΓûêΓûêΓûêΓûêΓûê               |  ETA: 0:00:01[39m[K
[34m                   # paths tracked: 119[39m[K
[34m   # non-singular solutions (real): 119 (4)[39m[K
[34m       # singular endpoints (real): 0 (0)[39m[K
[34m          # total solutions (real): 119 (4)[39m[K
[A
[A
[A
[A




[K[A
[K[A
[K[A
[K[A
[32mTracking 252 paths...  60%|ΓûêΓûêΓûêΓûêΓûêΓûêΓûêΓûêΓûêΓûêΓûêΓûêΓûêΓûêΓûêΓûêΓûêΓûê           |  ETA: 0:00:01[39m[K
[34m                   # paths tracked: 151[39m[K
[34m   # non-singular solutions (real): 151 (5)[39m[K
[34m       # singular endpoints (real): 0 (0)[39m[K
[34m          # total solutions (real): 151 (5)[39m[K
[A
[A
[A
[A




[K[A
[K[A
[K[A
[K[A
[32mTracking 252 paths...  74%|ΓûêΓûêΓûêΓûêΓûêΓûêΓûêΓûêΓûêΓûêΓûêΓûêΓûêΓûêΓûêΓûêΓûêΓûêΓûêΓûêΓûêΓûê       |  ETA: 0:00:00[39m[K
[34m                   # paths tracked: 187[39m[K
[34m   # non-singular solutions (real): 187 (8)[39m[K
[34m       # singular endpoints (real): 0 (0)[39m[K
[34m          # total solutions (real): 187 (8)[39m[K
[A
[A
[A
[A




[K[A
[K[A
[K[A
[K[A
[32mTracking 252 paths...  89%|ΓûêΓûêΓûêΓûêΓûêΓûêΓûêΓûêΓûêΓûêΓûêΓûêΓûêΓûêΓûêΓûêΓûêΓûêΓûêΓûêΓûêΓûêΓûêΓûêΓûêΓûê   |  ETA: 0:00:00[39m[K
[34m                   # paths tracked: 225[39m[K
[34m   # non-singular solutions (real): 225 (11)[39m[K
[34m       # singular endpoints (real): 0 (0)[39m[K
[34m          # total solutions (real): 225 (11)[39m[K
[A
[A
[A
[A




[K[A
[K[A
[K[A
[K[A
[32mTracking 252 paths... 100%|ΓûêΓûêΓûêΓûêΓûêΓûêΓûêΓûêΓûêΓûêΓûêΓûêΓûêΓûêΓûêΓûêΓûêΓûêΓûêΓûêΓûêΓûêΓûêΓûêΓûêΓûêΓûêΓûêΓûê| Time: 0:00:01[39m[K
[34m                   # paths tracked: 252[39m[K
[34m   # non-singular solutions (real): 252 (12)[39m[K
[34m       # singular endpoints (real): 0 (0)[39m[K
[34m          # total solutions (real): 252 (12)[39m[K

[32mTracking 252 paths...  25%|ΓûêΓûêΓûêΓûêΓûêΓûêΓûêΓûê                     |  ETA: 0:00:02[39m[K
[34m                   # paths tracked: 62[39m[K
[34m   # non-singular solutions (real): 62 (1)[39m[K
[34m       # singular endpoints (real): 0 (0)[39m[K
[34m          # total solutions (real): 62 (1)[39m[K
[A
[A
[A
[A




[K[A
[K[A
[K[A
[K[A
[32mTracking 252 paths...  37%|ΓûêΓûêΓûêΓûêΓûêΓûêΓûêΓûêΓûêΓûêΓûê                  |  ETA: 0:00:01[39m[K
[34m                   # paths tracked: 94[39m[K
[34m   # non-singular solutions (real): 94 (2)[39m[K
[34m       # singular endpoints (real): 0 (0)[39m[K
[34m          # total solutions (real): 94 (2)[39m[K
[A
[A
[A
[A




[K[A
[K[A
[K[A
[K[A
[32mTracking 252 paths...  50%|ΓûêΓûêΓûêΓûêΓûêΓûêΓûêΓûêΓûêΓûêΓûêΓûêΓûêΓûêΓûê              |  ETA: 0:00:01[39m[K
[34m                   # paths tracked: 125[39m[K
[34m   # non-singular solutions (real): 125 (5)[39m[K
[34m       # singular endpoints (real): 0 (0)[39m[K
[34m          # total solutions (real): 125 (5)[39m[K
[A
[A
[A
[A




[K[A
[K[A
[K[A
[K[A
[32mTracking 252 paths...  62%|ΓûêΓûêΓûêΓûêΓûêΓûêΓûêΓûêΓûêΓûêΓûêΓûêΓûêΓûêΓûêΓûêΓûêΓûêΓûê          |  ETA: 0:00:01[39m[K
[34m                   # paths tracked: 157[39m[K
[34m   # non-singular solutions (real): 157 (6)[39m[K
[34m       # singular endpoints (real): 0 (0)[39m[K
[34m          # total solutions (real): 157 (6)[39m[K
[A
[A
[A
[A




[K[A
[K[A
[K[A
[K[A
[32mTracking 252 paths...  74%|ΓûêΓûêΓûêΓûêΓûêΓûêΓûêΓûêΓûêΓûêΓûêΓûêΓûêΓûêΓûêΓûêΓûêΓûêΓûêΓûêΓûêΓûê       |  ETA: 0:00:00[39m[K
[34m                   # paths tracked: 187[39m[K
[34m   # non-singular solutions (real): 187 (6)[39m[K
[34m       # singular endpoints (real): 0 (0)[39m[K
[34m          # total solutions (real): 187 (6)[39m[K
[A
[A
[A
[A




[K[A
[K[A
[K[A
[K[A
[32mTracking 252 paths...  86%|ΓûêΓûêΓûêΓûêΓûêΓûêΓûêΓûêΓûêΓûêΓûêΓûêΓûêΓûêΓûêΓûêΓûêΓûêΓûêΓûêΓûêΓûêΓûêΓûêΓûê    |  ETA: 0:00:00[39m[K
[34m                   # paths tracked: 217[39m[K
[34m   # non-singular solutions (real): 217 (10)[39m[K
[34m       # singular endpoints (real): 0 (0)[39m[K
[34m          # total solutions (real): 217 (10)[39m[K
[A
[A
[A
[A




[K[A
[K[A
[K[A
[K[A
[32mTracking 252 paths...  99%|ΓûêΓûêΓûêΓûêΓûêΓûêΓûêΓûêΓûêΓûêΓûêΓûêΓûêΓûêΓûêΓûêΓûêΓûêΓûêΓûêΓûêΓûêΓûêΓûêΓûêΓûêΓûêΓûêΓûê|  ETA: 0:00:00[39m[K
[34m                   # paths tracked: 249[39m[K
[34m   # non-singular solutions (real): 249 (12)[39m[K
[34m       # singular endpoints (real): 0 (0)[39m[K
[34m          # total solutions (real): 249 (12)[39m[K
[A
[A
[A
[A




[K[A
[K[A
[K[A
[K[A
[32mTracking 252 paths... 100%|ΓûêΓûêΓûêΓûêΓûêΓûêΓûêΓûêΓûêΓûêΓûêΓûêΓûêΓûêΓûêΓûêΓûêΓûêΓûêΓûêΓûêΓûêΓûêΓûêΓûêΓûêΓûêΓûêΓûê| Time: 0:00:01[39m[K
[34m                   # paths tracked: 252[39m[K
[34m   # non-singular solutions (real): 252 (12)[39m[K
[34m       # singular endpoints (real): 0 (0)[39m[K
[34m          # total solutions (real): 252 (12)[39m[K

[32mTracking 252 paths...  31%|ΓûêΓûêΓûêΓûêΓûêΓûêΓûêΓûêΓûê                    |  ETA: 0:00:01[39m[K
[34m                   # paths tracked: 77[39m[K
[34m   # non-singular solutions (real): 77 (4)[39m[K
[34m       # singular endpoints (real): 0 (0)[39m[K
[34m          # total solutions (real): 77 (4)[39m[K
[A
[A
[A
[A




[K[A
[K[A
[K[A
[K[A
[32mTracking 252 paths...  42%|ΓûêΓûêΓûêΓûêΓûêΓûêΓûêΓûêΓûêΓûêΓûêΓûêΓûê                |  ETA: 0:00:01[39m[K
[34m                   # paths tracked: 107[39m[K
[34m   # non-singular solutions (real): 107 (5)[39m[K
[34m       # singular endpoints (real): 0 (0)[39m[K
[34m          # total solutions (real): 107 (5)[39m[K
[A
[A
[A
[A




[K[A
[K[A
[K[A
[K[A
[32mTracking 252 paths...  55%|ΓûêΓûêΓûêΓûêΓûêΓûêΓûêΓûêΓûêΓûêΓûêΓûêΓûêΓûêΓûêΓûê             |  ETA: 0:00:01[39m[K
[34m                   # paths tracked: 139[39m[K
[34m   # non-singular solutions (real): 139 (7)[39m[K
[34m       # singular endpoints (real): 0 (0)[39m[K
[34m          # total solutions (real): 139 (7)[39m[K
[A
[A
[A
[A




[K[A
[K[A
[K[A
[K[A
[32mTracking 252 paths...  67%|ΓûêΓûêΓûêΓûêΓûêΓûêΓûêΓûêΓûêΓûêΓûêΓûêΓûêΓûêΓûêΓûêΓûêΓûêΓûêΓûê         |  ETA: 0:00:01[39m[K
[34m                   # paths tracked: 169[39m[K
[34m   # non-singular solutions (real): 169 (9)[39m[K
[34m       # singular endpoints (real): 0 (0)[39m[K
[34m          # total solutions (real): 169 (9)[39m[K
[A
[A
[A
[A




[K[A
[K[A
[K[A
[K[A
[32mTracking 252 paths...  79%|ΓûêΓûêΓûêΓûêΓûêΓûêΓûêΓûêΓûêΓûêΓûêΓûêΓûêΓûêΓûêΓûêΓûêΓûêΓûêΓûêΓûêΓûêΓûêΓûê     |  ETA: 0:00:00[39m[K
[34m                   # paths tracked: 200[39m[K
[34m   # non-singular solutions (real): 200 (10)[39m[K
[34m       # singular endpoints (real): 0 (0)[39m[K
[34m          # total solutions (real): 200 (10)[39m[K
[A
[A
[A
[A




[K[A
[K[A
[K[A
[K[A
[32mTracking 252 paths...  93%|ΓûêΓûêΓûêΓûêΓûêΓûêΓûêΓûêΓûêΓûêΓûêΓûêΓûêΓûêΓûêΓûêΓûêΓûêΓûêΓûêΓûêΓûêΓûêΓûêΓûêΓûêΓûê  |  ETA: 0:00:00[39m[K
[34m                   # paths tracked: 234[39m[K
[34m   # non-singular solutions (real): 234 (10)[39m[K
[34m       # singular endpoints (real): 0 (0)[39m[K
[34m          # total solutions (real): 234 (10)[39m[K
[A
[A
[A
[A




[K[A
[K[A
[K[A
[K[A
[32mTracking 252 paths... 100%|ΓûêΓûêΓûêΓûêΓûêΓûêΓûêΓûêΓûêΓûêΓûêΓûêΓûêΓûêΓûêΓûêΓûêΓûêΓûêΓûêΓûêΓûêΓûêΓûêΓûêΓûêΓûêΓûêΓûê| Time: 0:00:01[39m[K
[34m                   # paths tracked: 252[39m[K
[34m   # non-singular solutions (real): 252 (12)[39m[K
[34m       # singular endpoints (real): 0 (0)[39m[K
[34m          # total solutions (real): 252 (12)[39m[K

[32mTracking 252 paths...  37%|ΓûêΓûêΓûêΓûêΓûêΓûêΓûêΓûêΓûêΓûêΓûê                  |  ETA: 0:00:01[39m[K
[34m                   # paths tracked: 93[39m[K
[34m   # non-singular solutions (real): 93 (7)[39m[K
[34m       # singular endpoints (real): 0 (0)[39m[K
[34m          # total solutions (real): 93 (7)[39m[K
[A
[A
[A
[A




[K[A
[K[A
[K[A
[K[A
[32mTracking 252 paths...  51%|ΓûêΓûêΓûêΓûêΓûêΓûêΓûêΓûêΓûêΓûêΓûêΓûêΓûêΓûêΓûê              |  ETA: 0:00:01[39m[K
[34m                   # paths tracked: 128[39m[K
[34m   # non-singular solutions (real): 128 (9)[39m[K
[34m       # singular endpoints (real): 0 (0)[39m[K
[34m          # total solutions (real): 128 (9)[39m[K
[A
[A
[A
[A




[K[A
[K[A
[K[A
[K[A
[32mTracking 252 paths...  64%|ΓûêΓûêΓûêΓûêΓûêΓûêΓûêΓûêΓûêΓûêΓûêΓûêΓûêΓûêΓûêΓûêΓûêΓûêΓûê          |  ETA: 0:00:01[39m[K
[34m                   # paths tracked: 162[39m[K
[34m   # non-singular solutions (real): 162 (12)[39m[K
[34m       # singular endpoints (real): 0 (0)[39m[K
[34m          # total solutions (real): 162 (12)[39m[K
[A
[A
[A
[A




[K[A
[K[A
[K[A
[K[A
[32mTracking 252 paths...  78%|ΓûêΓûêΓûêΓûêΓûêΓûêΓûêΓûêΓûêΓûêΓûêΓûêΓûêΓûêΓûêΓûêΓûêΓûêΓûêΓûêΓûêΓûêΓûê      |  ETA: 0:00:00[39m[K
[34m                   # paths tracked: 196[39m[K
[34m   # non-singular solutions (real): 196 (12)[39m[K
[34m       # singular endpoints (real): 0 (0)[39m[K
[34m          # total solutions (real): 196 (12)[39m[K
[A
[A
[A
[A




[K[A
[K[A
[K[A
[K[A
[32mTracking 252 paths...  92%|ΓûêΓûêΓûêΓûêΓûêΓûêΓûêΓûêΓûêΓûêΓûêΓûêΓûêΓûêΓûêΓûêΓûêΓûêΓûêΓûêΓûêΓûêΓûêΓûêΓûêΓûêΓûê  |  ETA: 0:00:00[39m[K
[34m                   # paths tracked: 231[39m[K
[34m   # non-singular solutions (real): 231 (12)[39m[K
[34m       # singular endpoints (real): 0 (0)[39m[K
[34m          # total solutions (real): 231 (12)[39m[K
[A
[A
[A
[A




[K[A
[K[A
[K[A
[K[A
[32mTracking 252 paths... 100%|ΓûêΓûêΓûêΓûêΓûêΓûêΓûêΓûêΓûêΓûêΓûêΓûêΓûêΓûêΓûêΓûêΓûêΓûêΓûêΓûêΓûêΓûêΓûêΓûêΓûêΓûêΓûêΓûêΓûê| Time: 0:00:01[39m[K
[34m                   # paths tracked: 252[39m[K
[34m   # non-singular solutions (real): 252 (12)[39m[K
[34m       # singular endpoints (real): 0 (0)[39m[K
[34m          # total solutions (real): 252 (12)[39m[K

[32mTracking 252 paths...  34%|ΓûêΓûêΓûêΓûêΓûêΓûêΓûêΓûêΓûêΓûê                   |  ETA: 0:00:01[39m[K
[34m                   # paths tracked: 86[39m[K
[34m   # non-singular solutions (real): 86 (5)[39m[K
[34m       # singular endpoints (real): 0 (0)[39m[K
[34m          # total solutions (real): 86 (5)[39m[K
[A
[A
[A
[A




[K[A
[K[A
[K[A
[K[A
[32mTracking 252 paths...  49%|ΓûêΓûêΓûêΓûêΓûêΓûêΓûêΓûêΓûêΓûêΓûêΓûêΓûêΓûêΓûê              |  ETA: 0:00:01[39m[K
[34m                   # paths tracked: 123[39m[K
[34m   # non-singular solutions (real): 123 (7)[39m[K
[34m       # singular endpoints (real): 0 (0)[39m[K
[34m          # total solutions (real): 123 (7)[39m[K
[A
[A
[A
[A




[K[A
[K[A
[K[A
[K[A
[32mTracking 252 paths...  63%|ΓûêΓûêΓûêΓûêΓûêΓûêΓûêΓûêΓûêΓûêΓûêΓûêΓûêΓûêΓûêΓûêΓûêΓûêΓûê          |  ETA: 0:00:01[39m[K
[34m                   # paths tracked: 159[39m[K
[34m   # non-singular solutions (real): 159 (8)[39m[K
[34m       # singular endpoints (real): 0 (0)[39m[K
[34m          # total solutions (real): 159 (8)[39m[K
[A
[A
[A
[A




[K[A
[K[A
[K[A
[K[A
[32mTracking 252 paths...  78%|ΓûêΓûêΓûêΓûêΓûêΓûêΓûêΓûêΓûêΓûêΓûêΓûêΓûêΓûêΓûêΓûêΓûêΓûêΓûêΓûêΓûêΓûêΓûê      |  ETA: 0:00:00[39m[K
[34m                   # paths tracked: 196[39m[K
[34m   # non-singular solutions (real): 196 (10)[39m[K
[34m       # singular endpoints (real): 0 (0)[39m[K
[34m          # total solutions (real): 196 (10)[39m[K
[A
[A
[A
[A




[K[A
[K[A
[K[A
[K[A
[32mTracking 252 paths...  92%|ΓûêΓûêΓûêΓûêΓûêΓûêΓûêΓûêΓûêΓûêΓûêΓûêΓûêΓûêΓûêΓûêΓûêΓûêΓûêΓûêΓûêΓûêΓûêΓûêΓûêΓûêΓûê  |  ETA: 0:00:00[39m[K
[34m                   # paths tracked: 231[39m[K
[34m   # non-singular solutions (real): 231 (12)[39m[K
[34m       # singular endpoints (real): 0 (0)[39m[K
[34m          # total solutions (real): 231 (12)[39m[K
[A
[A
[A
[A




[K[A
[K[A
[K[A
[K[A
[32mTracking 252 paths... 100%|ΓûêΓûêΓûêΓûêΓûêΓûêΓûêΓûêΓûêΓûêΓûêΓûêΓûêΓûêΓûêΓûêΓûêΓûêΓûêΓûêΓûêΓûêΓûêΓûêΓûêΓûêΓûêΓûêΓûê| Time: 0:00:01[39m[K
[34m                   # paths tracked: 252[39m[K
[34m   # non-singular solutions (real): 252 (12)[39m[K
[34m       # singular endpoints (real): 0 (0)[39m[K
[34m          # total solutions (real): 252 (12)[39m[K

[32mTracking 252 paths...  31%|ΓûêΓûêΓûêΓûêΓûêΓûêΓûêΓûêΓûê                    |  ETA: 0:00:01[39m[K
[34m                   # paths tracked: 77[39m[K
[34m   # non-singular solutions (real): 77 (3)[39m[K
[34m       # singular endpoints (real): 0 (0)[39m[K
[34m          # total solutions (real): 77 (3)[39m[K
[A
[A
[A
[A




[K[A
[K[A
[K[A
[K[A
[32mTracking 252 paths...  42%|ΓûêΓûêΓûêΓûêΓûêΓûêΓûêΓûêΓûêΓûêΓûêΓûêΓûê                |  ETA: 0:00:01[39m[K
[34m                   # paths tracked: 106[39m[K
[34m   # non-singular solutions (real): 106 (5)[39m[K
[34m       # singular endpoints (real): 0 (0)[39m[K
[34m          # total solutions (real): 106 (5)[39m[K
[A
[A
[A
[A




[K[A
[K[A
[K[A
[K[A
[32mTracking 252 paths...  52%|ΓûêΓûêΓûêΓûêΓûêΓûêΓûêΓûêΓûêΓûêΓûêΓûêΓûêΓûêΓûê              |  ETA: 0:00:01[39m[K
[34m                   # paths tracked: 130[39m[K
[34m   # non-singular solutions (real): 130 (6)[39m[K
[34m       # singular endpoints (real): 0 (0)[39m[K
[34m          # total solutions (real): 130 (6)[39m[K
[A
[A
[A
[A




[K[A
[K[A
[K[A
[K[A
[32mTracking 252 paths...  63%|ΓûêΓûêΓûêΓûêΓûêΓûêΓûêΓûêΓûêΓûêΓûêΓûêΓûêΓûêΓûêΓûêΓûêΓûêΓûê          |  ETA: 0:00:01[39m[K
[34m                   # paths tracked: 158[39m[K
[34m   # non-singular solutions (real): 158 (8)[39m[K
[34m       # singular endpoints (real): 0 (0)[39m[K
[34m          # total solutions (real): 158 (8)[39m[K
[A
[A
[A
[A




[K[A
[K[A
[K[A
[K[A
[32mTracking 252 paths...  72%|ΓûêΓûêΓûêΓûêΓûêΓûêΓûêΓûêΓûêΓûêΓûêΓûêΓûêΓûêΓûêΓûêΓûêΓûêΓûêΓûêΓûê        |  ETA: 0:00:01[39m[K
[34m                   # paths tracked: 182[39m[K
[34m   # non-singular solutions (real): 182 (8)[39m[K
[34m       # singular endpoints (real): 0 (0)[39m[K
[34m          # total solutions (real): 182 (8)[39m[K
[A
[A
[A
[A




[K[A
[K[A
[K[A
[K[A
[32mTracking 252 paths...  83%|ΓûêΓûêΓûêΓûêΓûêΓûêΓûêΓûêΓûêΓûêΓûêΓûêΓûêΓûêΓûêΓûêΓûêΓûêΓûêΓûêΓûêΓûêΓûêΓûêΓûê    |  ETA: 0:00:00[39m[K
[34m                   # paths tracked: 210[39m[K
[34m   # non-singular solutions (real): 210 (9)[39m[K
[34m       # singular endpoints (real): 0 (0)[39m[K
[34m          # total solutions (real): 210 (9)[39m[K
[A
[A
[A
[A




[K[A
[K[A
[K[A
[K[A
[32mTracking 252 paths...  94%|ΓûêΓûêΓûêΓûêΓûêΓûêΓûêΓûêΓûêΓûêΓûêΓûêΓûêΓûêΓûêΓûêΓûêΓûêΓûêΓûêΓûêΓûêΓûêΓûêΓûêΓûêΓûêΓûê |  ETA: 0:00:00[39m[K
[34m                   # paths tracked: 238[39m[K
[34m   # non-singular solutions (real): 238 (10)[39m[K
[34m       # singular endpoints (real): 0 (0)[39m[K
[34m          # total solutions (real): 238 (10)[39m[K
[A
[A
[A
[A




[K[A
[K[A
[K[A
[K[A
[32mTracking 252 paths... 100%|ΓûêΓûêΓûêΓûêΓûêΓûêΓûêΓûêΓûêΓûêΓûêΓûêΓûêΓûêΓûêΓûêΓûêΓûêΓûêΓûêΓûêΓûêΓûêΓûêΓûêΓûêΓûêΓûêΓûê| Time: 0:00:01[39m[K
[34m                   # paths tracked: 252[39m[K
[34m   # non-singular solutions (real): 252 (12)[39m[K
[34m       # singular endpoints (real): 0 (0)[39m[K
[34m          # total solutions (real): 252 (12)[39m[K

[32mTracking 252 paths...  30%|ΓûêΓûêΓûêΓûêΓûêΓûêΓûêΓûêΓûê                    |  ETA: 0:00:01[39m[K
[34m                   # paths tracked: 76[39m[K
[34m   # non-singular solutions (real): 76 (4)[39m[K
[34m       # singular endpoints (real): 0 (0)[39m[K
[34m          # total solutions (real): 76 (4)[39m[K
[A
[A
[A
[A




[K[A
[K[A
[K[A
[K[A
[32mTracking 252 paths...  43%|ΓûêΓûêΓûêΓûêΓûêΓûêΓûêΓûêΓûêΓûêΓûêΓûêΓûê                |  ETA: 0:00:01[39m[K
[34m                   # paths tracked: 108[39m[K
[34m   # non-singular solutions (real): 108 (4)[39m[K
[34m       # singular endpoints (real): 0 (0)[39m[K
[34m          # total solutions (real): 108 (4)[39m[K
[A
[A
[A
[A




[K[A
[K[A
[K[A
[K[A
[32mTracking 252 paths...  56%|ΓûêΓûêΓûêΓûêΓûêΓûêΓûêΓûêΓûêΓûêΓûêΓûêΓûêΓûêΓûêΓûêΓûê            |  ETA: 0:00:01[39m[K
[34m                   # paths tracked: 140[39m[K
[34m   # non-singular solutions (real): 140 (6)[39m[K
[34m       # singular endpoints (real): 0 (0)[39m[K
[34m          # total solutions (real): 140 (6)[39m[K
[A
[A
[A
[A




[K[A
[K[A
[K[A
[K[A
[32mTracking 252 paths...  67%|ΓûêΓûêΓûêΓûêΓûêΓûêΓûêΓûêΓûêΓûêΓûêΓûêΓûêΓûêΓûêΓûêΓûêΓûêΓûêΓûê         |  ETA: 0:00:01[39m[K
[34m                   # paths tracked: 168[39m[K
[34m   # non-singular solutions (real): 168 (7)[39m[K
[34m       # singular endpoints (real): 0 (0)[39m[K
[34m          # total solutions (real): 168 (7)[39m[K
[A
[A
[A
[A




[K[A
[K[A
[K[A
[K[A
[32mTracking 252 paths...  79%|ΓûêΓûêΓûêΓûêΓûêΓûêΓûêΓûêΓûêΓûêΓûêΓûêΓûêΓûêΓûêΓûêΓûêΓûêΓûêΓûêΓûêΓûêΓûêΓûê     |  ETA: 0:00:00[39m[K
[34m                   # paths tracked: 200[39m[K
[34m   # non-singular solutions (real): 200 (9)[39m[K
[34m       # singular endpoints (real): 0 (0)[39m[K
[34m          # total solutions (real): 200 (9)[39m[K
[A
[A
[A
[A




[K[A
[K[A
[K[A
[K[A
[32mTracking 252 paths...  93%|ΓûêΓûêΓûêΓûêΓûêΓûêΓûêΓûêΓûêΓûêΓûêΓûêΓûêΓûêΓûêΓûêΓûêΓûêΓûêΓûêΓûêΓûêΓûêΓûêΓûêΓûêΓûê  |  ETA: 0:00:00[39m[K
[34m                   # paths tracked: 234[39m[K
[34m   # non-singular solutions (real): 234 (10)[39m[K
[34m       # singular endpoints (real): 0 (0)[39m[K
[34m          # total solutions (real): 234 (10)[39m[K
[A
[A
[A
[A




[K[A
[K[A
[K[A
[K[A
[32mTracking 252 paths... 100%|ΓûêΓûêΓûêΓûêΓûêΓûêΓûêΓûêΓûêΓûêΓûêΓûêΓûêΓûêΓûêΓûêΓûêΓûêΓûêΓûêΓûêΓûêΓûêΓûêΓûêΓûêΓûêΓûêΓûê| Time: 0:00:01[39m[K
[34m                   # paths tracked: 252[39m[K
[34m   # non-singular solutions (real): 252 (12)[39m[K
[34m       # singular endpoints (real): 0 (0)[39m[K
[34m          # total solutions (real): 252 (12)[39m[K

[32mTracking 252 paths...  30%|ΓûêΓûêΓûêΓûêΓûêΓûêΓûêΓûêΓûê                    |  ETA: 0:00:01[39m[K
[34m                   # paths tracked: 75[39m[K
[34m   # non-singular solutions (real): 75 (3)[39m[K
[34m       # singular endpoints (real): 0 (0)[39m[K
[34m          # total solutions (real): 75 (3)[39m[K
[A
[A
[A
[A




[K[A
[K[A
[K[A
[K[A
[32mTracking 252 paths...  41%|ΓûêΓûêΓûêΓûêΓûêΓûêΓûêΓûêΓûêΓûêΓûêΓûê                 |  ETA: 0:00:01[39m[K
[34m                   # paths tracked: 103[39m[K
[34m   # non-singular solutions (real): 103 (5)[39m[K
[34m       # singular endpoints (real): 0 (0)[39m[K
[34m          # total solutions (real): 103 (5)[39m[K
[A
[A
[A
[A




[K[A
[K[A
[K[A
[K[A
[32mTracking 252 paths...  51%|ΓûêΓûêΓûêΓûêΓûêΓûêΓûêΓûêΓûêΓûêΓûêΓûêΓûêΓûêΓûê              |  ETA: 0:00:01[39m[K
[34m                   # paths tracked: 129[39m[K
[34m   # non-singular solutions (real): 129 (7)[39m[K
[34m       # singular endpoints (real): 0 (0)[39m[K
[34m          # total solutions (real): 129 (7)[39m[K
[A
[A
[A
[A




[K[A
[K[A
[K[A
[K[A
[32mTracking 252 paths...  63%|ΓûêΓûêΓûêΓûêΓûêΓûêΓûêΓûêΓûêΓûêΓûêΓûêΓûêΓûêΓûêΓûêΓûêΓûêΓûê          |  ETA: 0:00:01[39m[K
[34m                   # paths tracked: 159[39m[K
[34m   # non-singular solutions (real): 159 (7)[39m[K
[34m       # singular endpoints (real): 0 (0)[39m[K
[34m          # total solutions (real): 159 (7)[39m[K
[A
[A
[A
[A




[K[A
[K[A
[K[A
[K[A
[32mTracking 252 paths...  73%|ΓûêΓûêΓûêΓûêΓûêΓûêΓûêΓûêΓûêΓûêΓûêΓûêΓûêΓûêΓûêΓûêΓûêΓûêΓûêΓûêΓûêΓûê       |  ETA: 0:00:00[39m[K
[34m                   # paths tracked: 185[39m[K
[34m   # non-singular solutions (real): 185 (8)[39m[K
[34m       # singular endpoints (real): 0 (0)[39m[K
[34m          # total solutions (real): 185 (8)[39m[K
[A
[A
[A
[A




[K[A
[K[A
[K[A
[K[A
[32mTracking 252 paths...  85%|ΓûêΓûêΓûêΓûêΓûêΓûêΓûêΓûêΓûêΓûêΓûêΓûêΓûêΓûêΓûêΓûêΓûêΓûêΓûêΓûêΓûêΓûêΓûêΓûêΓûê    |  ETA: 0:00:00[39m[K
[34m                   # paths tracked: 215[39m[K
[34m   # non-singular solutions (real): 215 (12)[39m[K
[34m       # singular endpoints (real): 0 (0)[39m[K
[34m          # total solutions (real): 215 (12)[39m[K
[A
[A
[A
[A




[K[A
[K[A
[K[A
[K[A
[32mTracking 252 paths...  94%|ΓûêΓûêΓûêΓûêΓûêΓûêΓûêΓûêΓûêΓûêΓûêΓûêΓûêΓûêΓûêΓûêΓûêΓûêΓûêΓûêΓûêΓûêΓûêΓûêΓûêΓûêΓûêΓûê |  ETA: 0:00:00[39m[K
[34m                   # paths tracked: 238[39m[K
[34m   # non-singular solutions (real): 238 (12)[39m[K
[34m       # singular endpoints (real): 0 (0)[39m[K
[34m          # total solutions (real): 238 (12)[39m[K
[A
[A
[A
[A




[K[A
[K[A
[K[A
[K[A
[32mTracking 252 paths... 100%|ΓûêΓûêΓûêΓûêΓûêΓûêΓûêΓûêΓûêΓûêΓûêΓûêΓûêΓûêΓûêΓûêΓûêΓûêΓûêΓûêΓûêΓûêΓûêΓûêΓûêΓûêΓûêΓûêΓûê| Time: 0:00:01[39m[K
[34m                   # paths tracked: 252[39m[K
[34m   # non-singular solutions (real): 252 (12)[39m[K
[34m       # singular endpoints (real): 0 (0)[39m[K
[34m          # total solutions (real): 252 (12)[39m[K

[32mTracking 252 paths...  35%|ΓûêΓûêΓûêΓûêΓûêΓûêΓûêΓûêΓûêΓûêΓûê                  |  ETA: 0:00:01[39m[K
[34m                   # paths tracked: 88[39m[K
[34m   # non-singular solutions (real): 88 (5)[39m[K
[34m       # singular endpoints (real): 0 (0)[39m[K
[34m          # total solutions (real): 88 (5)[39m[K
[A
[A
[A
[A




[K[A
[K[A
[K[A
[K[A
[32mTracking 252 paths...  48%|ΓûêΓûêΓûêΓûêΓûêΓûêΓûêΓûêΓûêΓûêΓûêΓûêΓûêΓûêΓûê              |  ETA: 0:00:01[39m[K
[34m                   # paths tracked: 122[39m[K
[34m   # non-singular solutions (real): 122 (6)[39m[K
[34m       # singular endpoints (real): 0 (0)[39m[K
[34m          # total solutions (real): 122 (6)[39m[K
[A
[A
[A
[A




[K[A
[K[A
[K[A
[K[A
[32mTracking 252 paths...  63%|ΓûêΓûêΓûêΓûêΓûêΓûêΓûêΓûêΓûêΓûêΓûêΓûêΓûêΓûêΓûêΓûêΓûêΓûêΓûê          |  ETA: 0:00:01[39m[K
[34m                   # paths tracked: 158[39m[K
[34m   # non-singular solutions (real): 158 (10)[39m[K
[34m       # singular endpoints (real): 0 (0)[39m[K
[34m          # total solutions (real): 158 (10)[39m[K
[A
[A
[A
[A




[K[A
[K[A
[K[A
[K[A
[32mTracking 252 paths...  75%|ΓûêΓûêΓûêΓûêΓûêΓûêΓûêΓûêΓûêΓûêΓûêΓûêΓûêΓûêΓûêΓûêΓûêΓûêΓûêΓûêΓûêΓûê       |  ETA: 0:00:00[39m[K
[34m                   # paths tracked: 188[39m[K
[34m   # non-singular solutions (real): 188 (12)[39m[K
[34m       # singular endpoints (real): 0 (0)[39m[K
[34m          # total solutions (real): 188 (12)[39m[K
[A
[A
[A
[A




[K[A
[K[A
[K[A
[K[A
[32mTracking 252 paths...  87%|ΓûêΓûêΓûêΓûêΓûêΓûêΓûêΓûêΓûêΓûêΓûêΓûêΓûêΓûêΓûêΓûêΓûêΓûêΓûêΓûêΓûêΓûêΓûêΓûêΓûêΓûê   |  ETA: 0:00:00[39m[K
[34m                   # paths tracked: 219[39m[K
[34m   # non-singular solutions (real): 219 (12)[39m[K
[34m       # singular endpoints (real): 0 (0)[39m[K
[34m          # total solutions (real): 219 (12)[39m[K
[A
[A
[A
[A




[K[A
[K[A
[K[A
[K[A
[32mTracking 252 paths... 100%|ΓûêΓûêΓûêΓûêΓûêΓûêΓûêΓûêΓûêΓûêΓûêΓûêΓûêΓûêΓûêΓûêΓûêΓûêΓûêΓûêΓûêΓûêΓûêΓûêΓûêΓûêΓûêΓûêΓûê| Time: 0:00:01[39m[K
[34m                   # paths tracked: 252[39m[K
[34m   # non-singular solutions (real): 252 (12)[39m[K
[34m       # singular endpoints (real): 0 (0)[39m[K
[34m          # total solutions (real): 252 (12)[39m[K

[32mTracking 252 paths...  32%|ΓûêΓûêΓûêΓûêΓûêΓûêΓûêΓûêΓûêΓûê                   |  ETA: 0:00:01[39m[K
[34m                   # paths tracked: 81[39m[K
[34m   # non-singular solutions (real): 81 (2)[39m[K
[34m       # singular endpoints (real): 0 (0)[39m[K
[34m          # total solutions (real): 81 (2)[39m[K
[A
[A
[A
[A




[K[A
[K[A
[K[A
[K[A
[32mTracking 252 paths...  45%|ΓûêΓûêΓûêΓûêΓûêΓûêΓûêΓûêΓûêΓûêΓûêΓûêΓûêΓûê               |  ETA: 0:00:01[39m[K
[34m                   # paths tracked: 113[39m[K
[34m   # non-singular solutions (real): 113 (6)[39m[K
[34m       # singular endpoints (real): 0 (0)[39m[K
[34m          # total solutions (real): 113 (6)[39m[K
[A
[A
[A
[A




[K[A
[K[A
[K[A
[K[A
[32mTracking 252 paths...  58%|ΓûêΓûêΓûêΓûêΓûêΓûêΓûêΓûêΓûêΓûêΓûêΓûêΓûêΓûêΓûêΓûêΓûê            |  ETA: 0:00:01[39m[K
[34m                   # paths tracked: 146[39m[K
[34m   # non-singular solutions (real): 146 (8)[39m[K
[34m       # singular endpoints (real): 0 (0)[39m[K
[34m          # total solutions (real): 146 (8)[39m[K
[A
[A
[A
[A




[K[A
[K[A
[K[A
[K[A
[32mTracking 252 paths...  73%|ΓûêΓûêΓûêΓûêΓûêΓûêΓûêΓûêΓûêΓûêΓûêΓûêΓûêΓûêΓûêΓûêΓûêΓûêΓûêΓûêΓûêΓûê       |  ETA: 0:00:00[39m[K
[34m                   # paths tracked: 183[39m[K
[34m   # non-singular solutions (real): 183 (8)[39m[K
[34m       # singular endpoints (real): 0 (0)[39m[K
[34m          # total solutions (real): 183 (8)[39m[K
[A
[A
[A
[A




[K[A
[K[A
[K[A
[K[A
[32mTracking 252 paths...  87%|ΓûêΓûêΓûêΓûêΓûêΓûêΓûêΓûêΓûêΓûêΓûêΓûêΓûêΓûêΓûêΓûêΓûêΓûêΓûêΓûêΓûêΓûêΓûêΓûêΓûêΓûê   |  ETA: 0:00:00[39m[K
[34m                   # paths tracked: 218[39m[K
[34m   # non-singular solutions (real): 218 (11)[39m[K
[34m       # singular endpoints (real): 0 (0)[39m[K
[34m          # total solutions (real): 218 (11)[39m[K
[A
[A
[A
[A




[K[A
[K[A
[K[A
[K[A
[32mTracking 252 paths... 100%|ΓûêΓûêΓûêΓûêΓûêΓûêΓûêΓûêΓûêΓûêΓûêΓûêΓûêΓûêΓûêΓûêΓûêΓûêΓûêΓûêΓûêΓûêΓûêΓûêΓûêΓûêΓûêΓûêΓûê| Time: 0:00:01[39m[K
[34m                   # paths tracked: 252[39m[K
[34m   # non-singular solutions (real): 252 (12)[39m[K
[34m       # singular endpoints (real): 0 (0)[39m[K
[34m          # total solutions (real): 252 (12)[39m[K

[32mTracking 252 paths...  23%|ΓûêΓûêΓûêΓûêΓûêΓûêΓûê                      |  ETA: 0:00:02[39m[K
[34m                   # paths tracked: 58[39m[K
[34m   # non-singular solutions (real): 58 (4)[39m[K
[34m       # singular endpoints (real): 0 (0)[39m[K
[34m          # total solutions (real): 58 (4)[39m[K
[A
[A
[A
[A




[K[A
[K[A
[K[A
[K[A
[32mTracking 252 paths...  35%|ΓûêΓûêΓûêΓûêΓûêΓûêΓûêΓûêΓûêΓûêΓûê                  |  ETA: 0:00:01[39m[K
[34m                   # paths tracked: 87[39m[K
[34m   # non-singular solutions (real): 87 (5)[39m[K
[34m       # singular endpoints (real): 0 (0)[39m[K
[34m          # total solutions (real): 87 (5)[39m[K
[A
[A
[A
[A




[K[A
[K[A
[K[A
[K[A
[32mTracking 252 paths...  48%|ΓûêΓûêΓûêΓûêΓûêΓûêΓûêΓûêΓûêΓûêΓûêΓûêΓûêΓûê               |  ETA: 0:00:01[39m[K
[34m                   # paths tracked: 121[39m[K
[34m   # non-singular solutions (real): 121 (5)[39m[K
[34m       # singular endpoints (real): 0 (0)[39m[K
[34m          # total solutions (real): 121 (5)[39m[K
[A
[A
[A
[A




[K[A
[K[A
[K[A
[K[A
[32mTracking 252 paths...  62%|ΓûêΓûêΓûêΓûêΓûêΓûêΓûêΓûêΓûêΓûêΓûêΓûêΓûêΓûêΓûêΓûêΓûêΓûêΓûê          |  ETA: 0:00:01[39m[K
[34m                   # paths tracked: 157[39m[K
[34m   # non-singular solutions (real): 157 (6)[39m[K
[34m       # singular endpoints (real): 0 (0)[39m[K
[34m          # total solutions (real): 157 (6)[39m[K
[A
[A
[A
[A




[K[A
[K[A
[K[A
[K[A
[32mTracking 252 paths...  76%|ΓûêΓûêΓûêΓûêΓûêΓûêΓûêΓûêΓûêΓûêΓûêΓûêΓûêΓûêΓûêΓûêΓûêΓûêΓûêΓûêΓûêΓûêΓûê      |  ETA: 0:00:00[39m[K
[34m                   # paths tracked: 192[39m[K
[34m   # non-singular solutions (real): 192 (8)[39m[K
[34m       # singular endpoints (real): 0 (0)[39m[K
[34m          # total solutions (real): 192 (8)[39m[K
[A
[A
[A
[A




[K[A
[K[A
[K[A
[K[A
[32mTracking 252 paths...  92%|ΓûêΓûêΓûêΓûêΓûêΓûêΓûêΓûêΓûêΓûêΓûêΓûêΓûêΓûêΓûêΓûêΓûêΓûêΓûêΓûêΓûêΓûêΓûêΓûêΓûêΓûêΓûê  |  ETA: 0:00:00[39m[K
[34m                   # paths tracked: 231[39m[K
[34m   # non-singular solutions (real): 231 (12)[39m[K
[34m       # singular endpoints (real): 0 (0)[39m[K
[34m          # total solutions (real): 231 (12)[39m[K
[A
[A
[A
[A




[K[A
[K[A
[K[A
[K[A
[32mTracking 252 paths... 100%|ΓûêΓûêΓûêΓûêΓûêΓûêΓûêΓûêΓûêΓûêΓûêΓûêΓûêΓûêΓûêΓûêΓûêΓûêΓûêΓûêΓûêΓûêΓûêΓûêΓûêΓûêΓûêΓûêΓûê| Time: 0:00:01[39m[K
[34m                   # paths tracked: 252[39m[K
[34m   # non-singular solutions (real): 252 (12)[39m[K
[34m       # singular endpoints (real): 0 (0)[39m[K
[34m          # total solutions (real): 252 (12)[39m[K

[32mTracking 252 paths...  31%|ΓûêΓûêΓûêΓûêΓûêΓûêΓûêΓûêΓûê                    |  ETA: 0:00:01[39m[K
[34m                   # paths tracked: 78[39m[K
[34m   # non-singular solutions (real): 78 (6)[39m[K
[34m       # singular endpoints (real): 0 (0)[39m[K
[34m          # total solutions (real): 78 (6)[39m[K
[A
[A
[A
[A




[K[A
[K[A
[K[A
[K[A
[32mTracking 252 paths...  44%|ΓûêΓûêΓûêΓûêΓûêΓûêΓûêΓûêΓûêΓûêΓûêΓûêΓûê                |  ETA: 0:00:01[39m[K
[34m                   # paths tracked: 111[39m[K
[34m   # non-singular solutions (real): 111 (8)[39m[K
[34m       # singular endpoints (real): 0 (0)[39m[K
[34m          # total solutions (real): 111 (8)[39m[K
[A
[A
[A
[A




[K[A
[K[A
[K[A
[K[A
[32mTracking 252 paths...  57%|ΓûêΓûêΓûêΓûêΓûêΓûêΓûêΓûêΓûêΓûêΓûêΓûêΓûêΓûêΓûêΓûêΓûê            |  ETA: 0:00:01[39m[K
[34m                   # paths tracked: 143[39m[K
[34m   # non-singular solutions (real): 143 (11)[39m[K
[34m       # singular endpoints (real): 0 (0)[39m[K
[34m          # total solutions (real): 143 (11)[39m[K
[A
[A
[A
[A




[K[A
[K[A
[K[A
[K[A
[32mTracking 252 paths...  71%|ΓûêΓûêΓûêΓûêΓûêΓûêΓûêΓûêΓûêΓûêΓûêΓûêΓûêΓûêΓûêΓûêΓûêΓûêΓûêΓûêΓûê        |  ETA: 0:00:00[39m[K
[34m                   # paths tracked: 178[39m[K
[34m   # non-singular solutions (real): 178 (11)[39m[K
[34m       # singular endpoints (real): 0 (0)[39m[K
[34m          # total solutions (real): 178 (11)[39m[K
[A
[A
[A
[A




[K[A
[K[A
[K[A
[K[A
[32mTracking 252 paths...  83%|ΓûêΓûêΓûêΓûêΓûêΓûêΓûêΓûêΓûêΓûêΓûêΓûêΓûêΓûêΓûêΓûêΓûêΓûêΓûêΓûêΓûêΓûêΓûêΓûêΓûê    |  ETA: 0:00:00[39m[K
[34m                   # paths tracked: 210[39m[K
[34m   # non-singular solutions (real): 210 (11)[39m[K
[34m       # singular endpoints (real): 0 (0)[39m[K
[34m          # total solutions (real): 210 (11)[39m[K
[A
[A
[A
[A




[K[A
[K[A
[K[A
[K[A
[32mTracking 252 paths...  96%|ΓûêΓûêΓûêΓûêΓûêΓûêΓûêΓûêΓûêΓûêΓûêΓûêΓûêΓûêΓûêΓûêΓûêΓûêΓûêΓûêΓûêΓûêΓûêΓûêΓûêΓûêΓûêΓûê |  ETA: 0:00:00[39m[K
[34m                   # paths tracked: 242[39m[K
[34m   # non-singular solutions (real): 242 (12)[39m[K
[34m       # singular endpoints (real): 0 (0)[39m[K
[34m          # total solutions (real): 242 (12)[39m[K
[A
[A
[A
[A




[K[A
[K[A
[K[A
[K[A
[32mTracking 252 paths... 100%|ΓûêΓûêΓûêΓûêΓûêΓûêΓûêΓûêΓûêΓûêΓûêΓûêΓûêΓûêΓûêΓûêΓûêΓûêΓûêΓûêΓûêΓûêΓûêΓûêΓûêΓûêΓûêΓûêΓûê| Time: 0:00:01[39m[K
[34m                   # paths tracked: 252[39m[K
[34m   # non-singular solutions (real): 252 (12)[39m[K
[34m       # singular endpoints (real): 0 (0)[39m[K
[34m          # total solutions (real): 252 (12)[39m[K

[32mTracking 252 paths...  37%|ΓûêΓûêΓûêΓûêΓûêΓûêΓûêΓûêΓûêΓûêΓûê                  |  ETA: 0:00:01[39m[K
[34m                   # paths tracked: 92[39m[K
[34m   # non-singular solutions (real): 92 (3)[39m[K
[34m       # singular endpoints (real): 0 (0)[39m[K
[34m          # total solutions (real): 92 (3)[39m[K
[A
[A
[A
[A




[K[A
[K[A
[K[A
[K[A
[32mTracking 252 paths...  52%|ΓûêΓûêΓûêΓûêΓûêΓûêΓûêΓûêΓûêΓûêΓûêΓûêΓûêΓûêΓûêΓûê             |  ETA: 0:00:01[39m[K
[34m                   # paths tracked: 131[39m[K
[34m   # non-singular solutions (real): 131 (6)[39m[K
[34m       # singular endpoints (real): 0 (0)[39m[K
[34m          # total solutions (real): 131 (6)[39m[K
[A
[A
[A
[A




[K[A
[K[A
[K[A
[K[A
[32mTracking 252 paths...  66%|ΓûêΓûêΓûêΓûêΓûêΓûêΓûêΓûêΓûêΓûêΓûêΓûêΓûêΓûêΓûêΓûêΓûêΓûêΓûêΓûê         |  ETA: 0:00:00[39m[K
[34m                   # paths tracked: 167[39m[K
[34m   # non-singular solutions (real): 167 (7)[39m[K
[34m       # singular endpoints (real): 0 (0)[39m[K
[34m          # total solutions (real): 167 (7)[39m[K
[A
[A
[A
[A




[K[A
[K[A
[K[A
[K[A
[32mTracking 252 paths...  81%|ΓûêΓûêΓûêΓûêΓûêΓûêΓûêΓûêΓûêΓûêΓûêΓûêΓûêΓûêΓûêΓûêΓûêΓûêΓûêΓûêΓûêΓûêΓûêΓûê     |  ETA: 0:00:00[39m[K
[34m                   # paths tracked: 205[39m[K
[34m   # non-singular solutions (real): 205 (9)[39m[K
[34m       # singular endpoints (real): 0 (0)[39m[K
[34m          # total solutions (real): 205 (9)[39m[K
[A
[A
[A
[A




[K[A
[K[A
[K[A
[K[A
[32mTracking 252 paths...  97%|ΓûêΓûêΓûêΓûêΓûêΓûêΓûêΓûêΓûêΓûêΓûêΓûêΓûêΓûêΓûêΓûêΓûêΓûêΓûêΓûêΓûêΓûêΓûêΓûêΓûêΓûêΓûêΓûêΓûê|  ETA: 0:00:00[39m[K
[34m                   # paths tracked: 244[39m[K
[34m   # non-singular solutions (real): 244 (12)[39m[K
[34m       # singular endpoints (real): 0 (0)[39m[K
[34m          # total solutions (real): 244 (12)[39m[K
[A
[A
[A
[A




[K[A
[K[A
[K[A
[K[A
[32mTracking 252 paths... 100%|ΓûêΓûêΓûêΓûêΓûêΓûêΓûêΓûêΓûêΓûêΓûêΓûêΓûêΓûêΓûêΓûêΓûêΓûêΓûêΓûêΓûêΓûêΓûêΓûêΓûêΓûêΓûêΓûêΓûê| Time: 0:00:01[39m[K
[34m                   # paths tracked: 252[39m[K
[34m   # non-singular solutions (real): 252 (12)[39m[K
[34m       # singular endpoints (real): 0 (0)[39m[K
[34m          # total solutions (real): 252 (12)[39m[K

[32mTracking 252 paths...  34%|ΓûêΓûêΓûêΓûêΓûêΓûêΓûêΓûêΓûêΓûê                   |  ETA: 0:00:01[39m[K
[34m                   # paths tracked: 86[39m[K
[34m   # non-singular solutions (real): 86 (6)[39m[K
[34m       # singular endpoints (real): 0 (0)[39m[K
[34m          # total solutions (real): 86 (6)[39m[K
[A
[A
[A
[A




[K[A
[K[A
[K[A
[K[A
[32mTracking 252 paths...  48%|ΓûêΓûêΓûêΓûêΓûêΓûêΓûêΓûêΓûêΓûêΓûêΓûêΓûêΓûê               |  ETA: 0:00:01[39m[K
[34m                   # paths tracked: 121[39m[K
[34m   # non-singular solutions (real): 121 (7)[39m[K
[34m       # singular endpoints (real): 0 (0)[39m[K
[34m          # total solutions (real): 121 (7)[39m[K
[A
[A
[A
[A




[K[A
[K[A
[K[A
[K[A
[32mTracking 252 paths...  63%|ΓûêΓûêΓûêΓûêΓûêΓûêΓûêΓûêΓûêΓûêΓûêΓûêΓûêΓûêΓûêΓûêΓûêΓûêΓûê          |  ETA: 0:00:01[39m[K
[34m                   # paths tracked: 158[39m[K
[34m   # non-singular solutions (real): 158 (9)[39m[K
[34m       # singular endpoints (real): 0 (0)[39m[K
[34m          # total solutions (real): 158 (9)[39m[K
[A
[A
[A
[A




[K[A
[K[A
[K[A
[K[A
[32mTracking 252 paths...  76%|ΓûêΓûêΓûêΓûêΓûêΓûêΓûêΓûêΓûêΓûêΓûêΓûêΓûêΓûêΓûêΓûêΓûêΓûêΓûêΓûêΓûêΓûêΓûê      |  ETA: 0:00:00[39m[K
[34m                   # paths tracked: 192[39m[K
[34m   # non-singular solutions (real): 192 (9)[39m[K
[34m       # singular endpoints (real): 0 (0)[39m[K
[34m          # total solutions (real): 192 (9)[39m[K
[A
[A
[A
[A




[K[A
[K[A
[K[A
[K[A
[32mTracking 252 paths...  90%|ΓûêΓûêΓûêΓûêΓûêΓûêΓûêΓûêΓûêΓûêΓûêΓûêΓûêΓûêΓûêΓûêΓûêΓûêΓûêΓûêΓûêΓûêΓûêΓûêΓûêΓûêΓûê  |  ETA: 0:00:00[39m[K
[34m                   # paths tracked: 227[39m[K
[34m   # non-singular solutions (real): 227 (11)[39m[K
[34m       # singular endpoints (real): 0 (0)[39m[K
[34m          # total solutions (real): 227 (11)[39m[K
[A
[A
[A
[A




[K[A
[K[A
[K[A
[K[A
[32mTracking 252 paths... 100%|ΓûêΓûêΓûêΓûêΓûêΓûêΓûêΓûêΓûêΓûêΓûêΓûêΓûêΓûêΓûêΓûêΓûêΓûêΓûêΓûêΓûêΓûêΓûêΓûêΓûêΓûêΓûêΓûêΓûê| Time: 0:00:01[39m[K
[34m                   # paths tracked: 252[39m[K
[34m   # non-singular solutions (real): 252 (12)[39m[K
[34m       # singular endpoints (real): 0 (0)[39m[K
[34m          # total solutions (real): 252 (12)[39m[K

[32mTracking 252 paths...  36%|ΓûêΓûêΓûêΓûêΓûêΓûêΓûêΓûêΓûêΓûêΓûê                  |  ETA: 0:00:01[39m[K
[34m                   # paths tracked: 91[39m[K
[34m   # non-singular solutions (real): 91 (3)[39m[K
[34m       # singular endpoints (real): 0 (0)[39m[K
[34m          # total solutions (real): 91 (3)[39m[K
[A
[A
[A
[A




[K[A
[K[A
[K[A
[K[A
[32mTracking 252 paths...  50%|ΓûêΓûêΓûêΓûêΓûêΓûêΓûêΓûêΓûêΓûêΓûêΓûêΓûêΓûêΓûê              |  ETA: 0:00:01[39m[K
[34m                   # paths tracked: 125[39m[K
[34m   # non-singular solutions (real): 125 (4)[39m[K
[34m       # singular endpoints (real): 0 (0)[39m[K
[34m          # total solutions (real): 125 (4)[39m[K
[A
[A
[A
[A




[K[A
[K[A
[K[A
[K[A
[32mTracking 252 paths...  63%|ΓûêΓûêΓûêΓûêΓûêΓûêΓûêΓûêΓûêΓûêΓûêΓûêΓûêΓûêΓûêΓûêΓûêΓûêΓûê          |  ETA: 0:00:01[39m[K
[34m                   # paths tracked: 158[39m[K
[34m   # non-singular solutions (real): 158 (7)[39m[K
[34m       # singular endpoints (real): 0 (0)[39m[K
[34m          # total solutions (real): 158 (7)[39m[K
[A
[A
[A
[A




[K[A
[K[A
[K[A
[K[A
[32mTracking 252 paths...  76%|ΓûêΓûêΓûêΓûêΓûêΓûêΓûêΓûêΓûêΓûêΓûêΓûêΓûêΓûêΓûêΓûêΓûêΓûêΓûêΓûêΓûêΓûê       |  ETA: 0:00:00[39m[K
[34m                   # paths tracked: 191[39m[K
[34m   # non-singular solutions (real): 191 (8)[39m[K
[34m       # singular endpoints (real): 0 (0)[39m[K
[34m          # total solutions (real): 191 (8)[39m[K
[A
[A
[A
[A




[K[A
[K[A
[K[A
[K[A
[32mTracking 252 paths...  88%|ΓûêΓûêΓûêΓûêΓûêΓûêΓûêΓûêΓûêΓûêΓûêΓûêΓûêΓûêΓûêΓûêΓûêΓûêΓûêΓûêΓûêΓûêΓûêΓûêΓûêΓûê   |  ETA: 0:00:00[39m[K
[34m                   # paths tracked: 223[39m[K
[34m   # non-singular solutions (real): 223 (10)[39m[K
[34m       # singular endpoints (real): 0 (0)[39m[K
[34m          # total solutions (real): 223 (10)[39m[K
[A
[A
[A
[A




[K[A
[K[A
[K[A
[K[A
[32mTracking 252 paths... 100%|ΓûêΓûêΓûêΓûêΓûêΓûêΓûêΓûêΓûêΓûêΓûêΓûêΓûêΓûêΓûêΓûêΓûêΓûêΓûêΓûêΓûêΓûêΓûêΓûêΓûêΓûêΓûêΓûêΓûê| Time: 0:00:01[39m[K
[34m                   # paths tracked: 252[39m[K
[34m   # non-singular solutions (real): 252 (12)[39m[K
[34m       # singular endpoints (real): 0 (0)[39m[K
[34m          # total solutions (real): 252 (12)[39m[K

[32mTracking 252 paths...  37%|ΓûêΓûêΓûêΓûêΓûêΓûêΓûêΓûêΓûêΓûêΓûê                  |  ETA: 0:00:01[39m[K
[34m                   # paths tracked: 94[39m[K
[34m   # non-singular solutions (real): 94 (7)[39m[K
[34m       # singular endpoints (real): 0 (0)[39m[K
[34m          # total solutions (real): 94 (7)[39m[K
[A
[A
[A
[A




[K[A
[K[A
[K[A
[K[A
[32mTracking 252 paths...  53%|ΓûêΓûêΓûêΓûêΓûêΓûêΓûêΓûêΓûêΓûêΓûêΓûêΓûêΓûêΓûêΓûê             |  ETA: 0:00:01[39m[K
[34m                   # paths tracked: 133[39m[K
[34m   # non-singular solutions (real): 133 (10)[39m[K
[34m       # singular endpoints (real): 0 (0)[39m[K
[34m          # total solutions (real): 133 (10)[39m[K
[A
[A
[A
[A




[K[A
[K[A
[K[A
[K[A
[32mTracking 252 paths...  68%|ΓûêΓûêΓûêΓûêΓûêΓûêΓûêΓûêΓûêΓûêΓûêΓûêΓûêΓûêΓûêΓûêΓûêΓûêΓûêΓûê         |  ETA: 0:00:00[39m[K
[34m                   # paths tracked: 172[39m[K
[34m   # non-singular solutions (real): 172 (10)[39m[K
[34m       # singular endpoints (real): 0 (0)[39m[K
[34m          # total solutions (real): 172 (10)[39m[K
[A
[A
[A
[A




[K[A
[K[A
[K[A
[K[A
[32mTracking 252 paths...  83%|ΓûêΓûêΓûêΓûêΓûêΓûêΓûêΓûêΓûêΓûêΓûêΓûêΓûêΓûêΓûêΓûêΓûêΓûêΓûêΓûêΓûêΓûêΓûêΓûêΓûê    |  ETA: 0:00:00[39m[K
[34m                   # paths tracked: 210[39m[K
[34m   # non-singular solutions (real): 210 (11)[39m[K
[34m       # singular endpoints (real): 0 (0)[39m[K
[34m          # total solutions (real): 210 (11)[39m[K
[A
[A
[A
[A




[K[A
[K[A
[K[A
[K[A
[32mTracking 252 paths...  99%|ΓûêΓûêΓûêΓûêΓûêΓûêΓûêΓûêΓûêΓûêΓûêΓûêΓûêΓûêΓûêΓûêΓûêΓûêΓûêΓûêΓûêΓûêΓûêΓûêΓûêΓûêΓûêΓûêΓûê|  ETA: 0:00:00[39m[K
[34m                   # paths tracked: 251[39m[K
[34m   # non-singular solutions (real): 251 (12)[39m[K
[34m       # singular endpoints (real): 0 (0)[39m[K
[34m          # total solutions (real): 251 (12)[39m[K
[A
[A
[A
[A




[K[A
[K[A
[K[A
[K[A
[32mTracking 252 paths... 100%|ΓûêΓûêΓûêΓûêΓûêΓûêΓûêΓûêΓûêΓûêΓûêΓûêΓûêΓûêΓûêΓûêΓûêΓûêΓûêΓûêΓûêΓûêΓûêΓûêΓûêΓûêΓûêΓûêΓûê| Time: 0:00:01[39m[K
[34m                   # paths tracked: 252[39m[K
[34m   # non-singular solutions (real): 252 (12)[39m[K
[34m       # singular endpoints (real): 0 (0)[39m[K
[34m          # total solutions (real): 252 (12)[39m[K

[32mTracking 252 paths...  33%|ΓûêΓûêΓûêΓûêΓûêΓûêΓûêΓûêΓûêΓûê                   |  ETA: 0:00:01[39m[K
[34m                   # paths tracked: 84[39m[K
[34m   # non-singular solutions (real): 84 (3)[39m[K
[34m       # singular endpoints (real): 0 (0)[39m[K
[34m          # total solutions (real): 84 (3)[39m[K
[A
[A
[A
[A




[K[A
[K[A
[K[A
[K[A
[32mTracking 252 paths...  49%|ΓûêΓûêΓûêΓûêΓûêΓûêΓûêΓûêΓûêΓûêΓûêΓûêΓûêΓûêΓûê              |  ETA: 0:00:01[39m[K
[34m                   # paths tracked: 124[39m[K
[34m   # non-singular solutions (real): 124 (4)[39m[K
[34m       # singular endpoints (real): 0 (0)[39m[K
[34m          # total solutions (real): 124 (4)[39m[K
[A
[A
[A
[A




[K[A
[K[A
[K[A
[K[A
[32mTracking 252 paths...  65%|ΓûêΓûêΓûêΓûêΓûêΓûêΓûêΓûêΓûêΓûêΓûêΓûêΓûêΓûêΓûêΓûêΓûêΓûêΓûê          |  ETA: 0:00:00[39m[K
[34m                   # paths tracked: 165[39m[K
[34m   # non-singular solutions (real): 165 (4)[39m[K
[34m       # singular endpoints (real): 0 (0)[39m[K
[34m          # total solutions (real): 165 (4)[39m[K
[A
[A
[A
[A




[K[A
[K[A
[K[A
[K[A
[32mTracking 252 paths...  81%|ΓûêΓûêΓûêΓûêΓûêΓûêΓûêΓûêΓûêΓûêΓûêΓûêΓûêΓûêΓûêΓûêΓûêΓûêΓûêΓûêΓûêΓûêΓûêΓûê     |  ETA: 0:00:00[39m[K
[34m                   # paths tracked: 205[39m[K
[34m   # non-singular solutions (real): 205 (8)[39m[K
[34m       # singular endpoints (real): 0 (0)[39m[K
[34m          # total solutions (real): 205 (8)[39m[K
[A
[A
[A
[A




[K[A
[K[A
[K[A
[K[A
[32mTracking 252 paths...  97%|ΓûêΓûêΓûêΓûêΓûêΓûêΓûêΓûêΓûêΓûêΓûêΓûêΓûêΓûêΓûêΓûêΓûêΓûêΓûêΓûêΓûêΓûêΓûêΓûêΓûêΓûêΓûêΓûêΓûê|  ETA: 0:00:00[39m[K
[34m                   # paths tracked: 244[39m[K
[34m   # non-singular solutions (real): 244 (12)[39m[K
[34m       # singular endpoints (real): 0 (0)[39m[K
[34m          # total solutions (real): 244 (12)[39m[K
[A
[A
[A
[A




[K[A
[K[A
[K[A
[K[A
[32mTracking 252 paths... 100%|ΓûêΓûêΓûêΓûêΓûêΓûêΓûêΓûêΓûêΓûêΓûêΓûêΓûêΓûêΓûêΓûêΓûêΓûêΓûêΓûêΓûêΓûêΓûêΓûêΓûêΓûêΓûêΓûêΓûê| Time: 0:00:01[39m[K
[34m                   # paths tracked: 252[39m[K
[34m   # non-singular solutions (real): 252 (12)[39m[K
[34m       # singular endpoints (real): 0 (0)[39m[K
[34m          # total solutions (real): 252 (12)[39m[K

[32mTracking 252 paths...  40%|ΓûêΓûêΓûêΓûêΓûêΓûêΓûêΓûêΓûêΓûêΓûêΓûê                 |  ETA: 0:00:01[39m[K
[34m                   # paths tracked: 101[39m[K
[34m   # non-singular solutions (real): 101 (6)[39m[K
[34m       # singular endpoints (real): 0 (0)[39m[K
[34m          # total solutions (real): 101 (6)[39m[K
[A
[A
[A
[A




[K[A
[K[A
[K[A
[K[A
[32mTracking 252 paths...  57%|ΓûêΓûêΓûêΓûêΓûêΓûêΓûêΓûêΓûêΓûêΓûêΓûêΓûêΓûêΓûêΓûêΓûê            |  ETA: 0:00:01[39m[K
[34m                   # paths tracked: 143[39m[K
[34m   # non-singular solutions (real): 143 (6)[39m[K
[34m       # singular endpoints (real): 0 (0)[39m[K
[34m          # total solutions (real): 143 (6)[39m[K
[A
[A
[A
[A




[K[A
[K[A
[K[A
[K[A
[32mTracking 252 paths...  73%|ΓûêΓûêΓûêΓûêΓûêΓûêΓûêΓûêΓûêΓûêΓûêΓûêΓûêΓûêΓûêΓûêΓûêΓûêΓûêΓûêΓûêΓûê       |  ETA: 0:00:00[39m[K
[34m                   # paths tracked: 185[39m[K
[34m   # non-singular solutions (real): 185 (8)[39m[K
[34m       # singular endpoints (real): 0 (0)[39m[K
[34m          # total solutions (real): 185 (8)[39m[K
[A
[A
[A
[A




[K[A
[K[A
[K[A
[K[A
[32mTracking 252 paths...  90%|ΓûêΓûêΓûêΓûêΓûêΓûêΓûêΓûêΓûêΓûêΓûêΓûêΓûêΓûêΓûêΓûêΓûêΓûêΓûêΓûêΓûêΓûêΓûêΓûêΓûêΓûêΓûê  |  ETA: 0:00:00[39m[K
[34m                   # paths tracked: 228[39m[K
[34m   # non-singular solutions (real): 228 (11)[39m[K
[34m       # singular endpoints (real): 0 (0)[39m[K
[34m          # total solutions (real): 228 (11)[39m[K
[A
[A
[A
[A




[K[A
[K[A
[K[A
[K[A
[32mTracking 252 paths... 100%|ΓûêΓûêΓûêΓûêΓûêΓûêΓûêΓûêΓûêΓûêΓûêΓûêΓûêΓûêΓûêΓûêΓûêΓûêΓûêΓûêΓûêΓûêΓûêΓûêΓûêΓûêΓûêΓûêΓûê| Time: 0:00:01[39m[K
[34m                   # paths tracked: 252[39m[K
[34m   # non-singular solutions (real): 252 (12)[39m[K
[34m       # singular endpoints (real): 0 (0)[39m[K
[34m          # total solutions (real): 252 (12)[39m[K

[32mTracking 252 paths...  38%|ΓûêΓûêΓûêΓûêΓûêΓûêΓûêΓûêΓûêΓûêΓûêΓûê                 |  ETA: 0:00:01[39m[K
[34m                   # paths tracked: 96[39m[K
[34m   # non-singular solutions (real): 96 (4)[39m[K
[34m       # singular endpoints (real): 0 (0)[39m[K
[34m          # total solutions (real): 96 (4)[39m[K
[A
[A
[A
[A




[K[A
[K[A
[K[A
[K[A
[32mTracking 252 paths...  54%|ΓûêΓûêΓûêΓûêΓûêΓûêΓûêΓûêΓûêΓûêΓûêΓûêΓûêΓûêΓûêΓûê             |  ETA: 0:00:01[39m[K
[34m                   # paths tracked: 136[39m[K
[34m   # non-singular solutions (real): 136 (4)[39m[K
[34m       # singular endpoints (real): 0 (0)[39m[K
[34m          # total solutions (real): 136 (4)[39m[K
[A
[A
[A
[A




[K[A
[K[A
[K[A
[K[A
[32mTracking 252 paths...  69%|ΓûêΓûêΓûêΓûêΓûêΓûêΓûêΓûêΓûêΓûêΓûêΓûêΓûêΓûêΓûêΓûêΓûêΓûêΓûêΓûêΓûê        |  ETA: 0:00:00[39m[K
[34m                   # paths tracked: 174[39m[K
[34m   # non-singular solutions (real): 174 (8)[39m[K
[34m       # singular endpoints (real): 0 (0)[39m[K
[34m          # total solutions (real): 174 (8)[39m[K
[A
[A
[A
[A




[K[A
[K[A
[K[A
[K[A
[32mTracking 252 paths...  84%|ΓûêΓûêΓûêΓûêΓûêΓûêΓûêΓûêΓûêΓûêΓûêΓûêΓûêΓûêΓûêΓûêΓûêΓûêΓûêΓûêΓûêΓûêΓûêΓûêΓûê    |  ETA: 0:00:00[39m[K
[34m                   # paths tracked: 212[39m[K
[34m   # non-singular solutions (real): 212 (10)[39m[K
[34m       # singular endpoints (real): 0 (0)[39m[K
[34m          # total solutions (real): 212 (10)[39m[K
[A
[A
[A
[A




[K[A
[K[A
[K[A
[K[A
[32mTracking 252 paths...  99%|ΓûêΓûêΓûêΓûêΓûêΓûêΓûêΓûêΓûêΓûêΓûêΓûêΓûêΓûêΓûêΓûêΓûêΓûêΓûêΓûêΓûêΓûêΓûêΓûêΓûêΓûêΓûêΓûêΓûê|  ETA: 0:00:00[39m[K
[34m                   # paths tracked: 249[39m[K
[34m   # non-singular solutions (real): 249 (12)[39m[K
[34m       # singular endpoints (real): 0 (0)[39m[K
[34m          # total solutions (real): 249 (12)[39m[K
[A
[A
[A
[A




[K[A
[K[A
[K[A
[K[A
[32mTracking 252 paths... 100%|ΓûêΓûêΓûêΓûêΓûêΓûêΓûêΓûêΓûêΓûêΓûêΓûêΓûêΓûêΓûêΓûêΓûêΓûêΓûêΓûêΓûêΓûêΓûêΓûêΓûêΓûêΓûêΓûêΓûê| Time: 0:00:01[39m[K
[34m                   # paths tracked: 252[39m[K
[34m   # non-singular solutions (real): 252 (12)[39m[K
[34m       # singular endpoints (real): 0 (0)[39m[K
[34m          # total solutions (real): 252 (12)[39m[K

[32mTracking 252 paths...  39%|ΓûêΓûêΓûêΓûêΓûêΓûêΓûêΓûêΓûêΓûêΓûêΓûê                 |  ETA: 0:00:01[39m[K
[34m                   # paths tracked: 99[39m[K
[34m   # non-singular solutions (real): 99 (7)[39m[K
[34m       # singular endpoints (real): 0 (0)[39m[K
[34m          # total solutions (real): 99 (7)[39m[K
[A
[A
[A
[A




[K[A
[K[A
[K[A
[K[A
[32mTracking 252 paths...  55%|ΓûêΓûêΓûêΓûêΓûêΓûêΓûêΓûêΓûêΓûêΓûêΓûêΓûêΓûêΓûêΓûê             |  ETA: 0:00:01[39m[K
[34m                   # paths tracked: 138[39m[K
[34m   # non-singular solutions (real): 138 (8)[39m[K
[34m       # singular endpoints (real): 0 (0)[39m[K
[34m          # total solutions (real): 138 (8)[39m[K
[A
[A
[A
[A




[K[A
[K[A
[K[A
[K[A
[32mTracking 252 paths...  62%|ΓûêΓûêΓûêΓûêΓûêΓûêΓûêΓûêΓûêΓûêΓûêΓûêΓûêΓûêΓûêΓûêΓûêΓûêΓûê          |  ETA: 0:00:01[39m[K
[34m                   # paths tracked: 157[39m[K
[34m   # non-singular solutions (real): 157 (9)[39m[K
[34m       # singular endpoints (real): 0 (0)[39m[K
[34m          # total solutions (real): 157 (9)[39m[K
[A
[A
[A
[A




[K[A
[K[A
[K[A
[K[A
[32mTracking 252 paths...  82%|ΓûêΓûêΓûêΓûêΓûêΓûêΓûêΓûêΓûêΓûêΓûêΓûêΓûêΓûêΓûêΓûêΓûêΓûêΓûêΓûêΓûêΓûêΓûêΓûê     |  ETA: 0:00:00[39m[K
[34m                   # paths tracked: 207[39m[K
[34m   # non-singular solutions (real): 207 (10)[39m[K
[34m       # singular endpoints (real): 0 (0)[39m[K
[34m          # total solutions (real): 207 (10)[39m[K
[A
[A
[A
[A




[K[A
[K[A
[K[A
[K[A
[32mTracking 252 paths...  97%|ΓûêΓûêΓûêΓûêΓûêΓûêΓûêΓûêΓûêΓûêΓûêΓûêΓûêΓûêΓûêΓûêΓûêΓûêΓûêΓûêΓûêΓûêΓûêΓûêΓûêΓûêΓûêΓûêΓûê|  ETA: 0:00:00[39m[K
[34m                   # paths tracked: 244[39m[K
[34m   # non-singular solutions (real): 244 (12)[39m[K
[34m       # singular endpoints (real): 0 (0)[39m[K
[34m          # total solutions (real): 244 (12)[39m[K
[A
[A
[A
[A




[K[A
[K[A
[K[A
[K[A
[32mTracking 252 paths... 100%|ΓûêΓûêΓûêΓûêΓûêΓûêΓûêΓûêΓûêΓûêΓûêΓûêΓûêΓûêΓûêΓûêΓûêΓûêΓûêΓûêΓûêΓûêΓûêΓûêΓûêΓûêΓûêΓûêΓûê| Time: 0:00:01[39m[K
[34m                   # paths tracked: 252[39m[K
[34m   # non-singular solutions (real): 252 (12)[39m[K
[34m       # singular endpoints (real): 0 (0)[39m[K
[34m          # total solutions (real): 252 (12)[39m[K

[32mTracking 252 paths...  40%|ΓûêΓûêΓûêΓûêΓûêΓûêΓûêΓûêΓûêΓûêΓûêΓûê                 |  ETA: 0:00:01[39m[K
[34m                   # paths tracked: 102[39m[K
[34m   # non-singular solutions (real): 102 (4)[39m[K
[34m       # singular endpoints (real): 0 (0)[39m[K
[34m          # total solutions (real): 102 (4)[39m[K
[A
[A
[A
[A




[K[A
[K[A
[K[A
[K[A
[32mTracking 252 paths...  56%|ΓûêΓûêΓûêΓûêΓûêΓûêΓûêΓûêΓûêΓûêΓûêΓûêΓûêΓûêΓûêΓûêΓûê            |  ETA: 0:00:01[39m[K
[34m                   # paths tracked: 141[39m[K
[34m   # non-singular solutions (real): 141 (8)[39m[K
[34m       # singular endpoints (real): 0 (0)[39m[K
[34m          # total solutions (real): 141 (8)[39m[K
[A
[A
[A
[A




[K[A
[K[A
[K[A
[K[A
[32mTracking 252 paths...  72%|ΓûêΓûêΓûêΓûêΓûêΓûêΓûêΓûêΓûêΓûêΓûêΓûêΓûêΓûêΓûêΓûêΓûêΓûêΓûêΓûêΓûê        |  ETA: 0:00:00[39m[K
[34m                   # paths tracked: 181[39m[K
[34m   # non-singular solutions (real): 181 (8)[39m[K
[34m       # singular endpoints (real): 0 (0)[39m[K
[34m          # total solutions (real): 181 (8)[39m[K
[A
[A
[A
[A




[K[A
[K[A
[K[A
[K[A
[32mTracking 252 paths...  90%|ΓûêΓûêΓûêΓûêΓûêΓûêΓûêΓûêΓûêΓûêΓûêΓûêΓûêΓûêΓûêΓûêΓûêΓûêΓûêΓûêΓûêΓûêΓûêΓûêΓûêΓûêΓûê  |  ETA: 0:00:00[39m[K
[34m                   # paths tracked: 226[39m[K
[34m   # non-singular solutions (real): 226 (9)[39m[K
[34m       # singular endpoints (real): 0 (0)[39m[K
[34m          # total solutions (real): 226 (9)[39m[K
[A
[A
[A
[A




[K[A
[K[A
[K[A
[K[A
[32mTracking 252 paths... 100%|ΓûêΓûêΓûêΓûêΓûêΓûêΓûêΓûêΓûêΓûêΓûêΓûêΓûêΓûêΓûêΓûêΓûêΓûêΓûêΓûêΓûêΓûêΓûêΓûêΓûêΓûêΓûêΓûêΓûê| Time: 0:00:01[39m[K
[34m                   # paths tracked: 252[39m[K
[34m   # non-singular solutions (real): 252 (12)[39m[K
[34m       # singular endpoints (real): 0 (0)[39m[K
[34m          # total solutions (real): 252 (12)[39m[K

[32mTracking 252 paths...  29%|ΓûêΓûêΓûêΓûêΓûêΓûêΓûêΓûêΓûê                    |  ETA: 0:00:01[39m[K
[34m                   # paths tracked: 73[39m[K
[34m   # non-singular solutions (real): 73 (3)[39m[K
[34m       # singular endpoints (real): 0 (0)[39m[K
[34m          # total solutions (real): 73 (3)[39m[K
[A
[A
[A
[A




[K[A
[K[A
[K[A
[K[A
[32mTracking 252 paths...  41%|ΓûêΓûêΓûêΓûêΓûêΓûêΓûêΓûêΓûêΓûêΓûêΓûê                 |  ETA: 0:00:01[39m[K
[34m                   # paths tracked: 103[39m[K
[34m   # non-singular solutions (real): 103 (4)[39m[K
[34m       # singular endpoints (real): 0 (0)[39m[K
[34m          # total solutions (real): 103 (4)[39m[K
[A
[A
[A
[A




[K[A
[K[A
[K[A
[K[A
[32mTracking 252 paths...  53%|ΓûêΓûêΓûêΓûêΓûêΓûêΓûêΓûêΓûêΓûêΓûêΓûêΓûêΓûêΓûêΓûê             |  ETA: 0:00:01[39m[K
[34m                   # paths tracked: 133[39m[K
[34m   # non-singular solutions (real): 133 (6)[39m[K
[34m       # singular endpoints (real): 0 (0)[39m[K
[34m          # total solutions (real): 133 (6)[39m[K
[A
[A
[A
[A




[K[A
[K[A
[K[A
[K[A
[32mTracking 252 paths...  65%|ΓûêΓûêΓûêΓûêΓûêΓûêΓûêΓûêΓûêΓûêΓûêΓûêΓûêΓûêΓûêΓûêΓûêΓûêΓûê          |  ETA: 0:00:01[39m[K
[34m                   # paths tracked: 165[39m[K
[34m   # non-singular solutions (real): 165 (7)[39m[K
[34m       # singular endpoints (real): 0 (0)[39m[K
[34m          # total solutions (real): 165 (7)[39m[K
[A
[A
[A
[A




[K[A
[K[A
[K[A
[K[A
[32mTracking 252 paths...  78%|ΓûêΓûêΓûêΓûêΓûêΓûêΓûêΓûêΓûêΓûêΓûêΓûêΓûêΓûêΓûêΓûêΓûêΓûêΓûêΓûêΓûêΓûêΓûê      |  ETA: 0:00:00[39m[K
[34m                   # paths tracked: 197[39m[K
[34m   # non-singular solutions (real): 197 (10)[39m[K
[34m       # singular endpoints (real): 0 (0)[39m[K
[34m          # total solutions (real): 197 (10)[39m[K
[A
[A
[A
[A




[K[A
[K[A
[K[A
[K[A
[32mTracking 252 paths...  90%|ΓûêΓûêΓûêΓûêΓûêΓûêΓûêΓûêΓûêΓûêΓûêΓûêΓûêΓûêΓûêΓûêΓûêΓûêΓûêΓûêΓûêΓûêΓûêΓûêΓûêΓûêΓûê  |  ETA: 0:00:00[39m[K
[34m                   # paths tracked: 227[39m[K
[34m   # non-singular solutions (real): 227 (11)[39m[K
[34m       # singular endpoints (real): 0 (0)[39m[K
[34m          # total solutions (real): 227 (11)[39m[K
[A
[A
[A
[A




[K[A
[K[A
[K[A
[K[A
[32mTracking 252 paths... 100%|ΓûêΓûêΓûêΓûêΓûêΓûêΓûêΓûêΓûêΓûêΓûêΓûêΓûêΓûêΓûêΓûêΓûêΓûêΓûêΓûêΓûêΓûêΓûêΓûêΓûêΓûêΓûêΓûêΓûê| Time: 0:00:01[39m[K
[34m                   # paths tracked: 252[39m[K
[34m   # non-singular solutions (real): 252 (12)[39m[K
[34m       # singular endpoints (real): 0 (0)[39m[K
[34m          # total solutions (real): 252 (12)[39m[K

[32mTracking 252 paths...  37%|ΓûêΓûêΓûêΓûêΓûêΓûêΓûêΓûêΓûêΓûêΓûê                  |  ETA: 0:00:01[39m[K
[34m                   # paths tracked: 93[39m[K
[34m   # non-singular solutions (real): 93 (3)[39m[K
[34m       # singular endpoints (real): 0 (0)[39m[K
[34m          # total solutions (real): 93 (3)[39m[K
[A
[A
[A
[A




[K[A
[K[A
[K[A
[K[A
[32mTracking 252 paths...  54%|ΓûêΓûêΓûêΓûêΓûêΓûêΓûêΓûêΓûêΓûêΓûêΓûêΓûêΓûêΓûêΓûê             |  ETA: 0:00:01[39m[K
[34m                   # paths tracked: 136[39m[K
[34m   # non-singular solutions (real): 136 (7)[39m[K
[34m       # singular endpoints (real): 0 (0)[39m[K
[34m          # total solutions (real): 136 (7)[39m[K
[A
[A
[A
[A




[K[A
[K[A
[K[A
[K[A
[32mTracking 252 paths...  69%|ΓûêΓûêΓûêΓûêΓûêΓûêΓûêΓûêΓûêΓûêΓûêΓûêΓûêΓûêΓûêΓûêΓûêΓûêΓûêΓûêΓûê        |  ETA: 0:00:00[39m[K
[34m                   # paths tracked: 174[39m[K
[34m   # non-singular solutions (real): 174 (8)[39m[K
[34m       # singular endpoints (real): 0 (0)[39m[K
[34m          # total solutions (real): 174 (8)[39m[K
[A
[A
[A
[A




[K[A
[K[A
[K[A
[K[A
[32mTracking 252 paths...  85%|ΓûêΓûêΓûêΓûêΓûêΓûêΓûêΓûêΓûêΓûêΓûêΓûêΓûêΓûêΓûêΓûêΓûêΓûêΓûêΓûêΓûêΓûêΓûêΓûêΓûê    |  ETA: 0:00:00[39m[K
[34m                   # paths tracked: 213[39m[K
[34m   # non-singular solutions (real): 213 (11)[39m[K
[34m       # singular endpoints (real): 0 (0)[39m[K
[34m          # total solutions (real): 213 (11)[39m[K
[A
[A
[A
[A




[K[A
[K[A
[K[A
[K[A
[32mTracking 252 paths... 100%|ΓûêΓûêΓûêΓûêΓûêΓûêΓûêΓûêΓûêΓûêΓûêΓûêΓûêΓûêΓûêΓûêΓûêΓûêΓûêΓûêΓûêΓûêΓûêΓûêΓûêΓûêΓûêΓûêΓûê| Time: 0:00:01[39m[K
[34m                   # paths tracked: 252[39m[K
[34m   # non-singular solutions (real): 252 (12)[39m[K
[34m       # singular endpoints (real): 0 (0)[39m[K
[34m          # total solutions (real): 252 (12)[39m[K

[32mTracking 252 paths...  39%|ΓûêΓûêΓûêΓûêΓûêΓûêΓûêΓûêΓûêΓûêΓûêΓûê                 |  ETA: 0:00:01[39m[K
[34m                   # paths tracked: 98[39m[K
[34m   # non-singular solutions (real): 98 (9)[39m[K
[34m       # singular endpoints (real): 0 (0)[39m[K
[34m          # total solutions (real): 98 (9)[39m[K
[A
[A
[A
[A




[K[A
[K[A
[K[A
[K[A
[32mTracking 252 paths...  55%|ΓûêΓûêΓûêΓûêΓûêΓûêΓûêΓûêΓûêΓûêΓûêΓûêΓûêΓûêΓûêΓûê             |  ETA: 0:00:01[39m[K
[34m                   # paths tracked: 138[39m[K
[34m   # non-singular solutions (real): 138 (9)[39m[K
[34m       # singular endpoints (real): 0 (0)[39m[K
[34m          # total solutions (real): 138 (9)[39m[K
[A
[A
[A
[A




[K[A
[K[A
[K[A
[K[A
[32mTracking 252 paths...  71%|ΓûêΓûêΓûêΓûêΓûêΓûêΓûêΓûêΓûêΓûêΓûêΓûêΓûêΓûêΓûêΓûêΓûêΓûêΓûêΓûêΓûê        |  ETA: 0:00:00[39m[K
[34m                   # paths tracked: 178[39m[K
[34m   # non-singular solutions (real): 178 (11)[39m[K
[34m       # singular endpoints (real): 0 (0)[39m[K
[34m          # total solutions (real): 178 (11)[39m[K
[A
[A
[A
[A




[K[A
[K[A
[K[A
[K[A
[32mTracking 252 paths...  85%|ΓûêΓûêΓûêΓûêΓûêΓûêΓûêΓûêΓûêΓûêΓûêΓûêΓûêΓûêΓûêΓûêΓûêΓûêΓûêΓûêΓûêΓûêΓûêΓûêΓûê    |  ETA: 0:00:00[39m[K
[34m                   # paths tracked: 214[39m[K
[34m   # non-singular solutions (real): 214 (11)[39m[K
[34m       # singular endpoints (real): 0 (0)[39m[K
[34m          # total solutions (real): 214 (11)[39m[K
[A
[A
[A
[A




[K[A
[K[A
[K[A
[K[A
[32mTracking 252 paths...  99%|ΓûêΓûêΓûêΓûêΓûêΓûêΓûêΓûêΓûêΓûêΓûêΓûêΓûêΓûêΓûêΓûêΓûêΓûêΓûêΓûêΓûêΓûêΓûêΓûêΓûêΓûêΓûêΓûêΓûê|  ETA: 0:00:00[39m[K
[34m                   # paths tracked: 249[39m[K
[34m   # non-singular solutions (real): 249 (12)[39m[K
[34m       # singular endpoints (real): 0 (0)[39m[K
[34m          # total solutions (real): 249 (12)[39m[K
[A
[A
[A
[A




[K[A
[K[A
[K[A
[K[A
[32mTracking 252 paths... 100%|ΓûêΓûêΓûêΓûêΓûêΓûêΓûêΓûêΓûêΓûêΓûêΓûêΓûêΓûêΓûêΓûêΓûêΓûêΓûêΓûêΓûêΓûêΓûêΓûêΓûêΓûêΓûêΓûêΓûê| Time: 0:00:01[39m[K
[34m                   # paths tracked: 252[39m[K
[34m   # non-singular solutions (real): 252 (12)[39m[K
[34m       # singular endpoints (real): 0 (0)[39m[K
[34m          # total solutions (real): 252 (12)[39m[K

[32mTracking 252 paths...  38%|ΓûêΓûêΓûêΓûêΓûêΓûêΓûêΓûêΓûêΓûêΓûêΓûê                 |  ETA: 0:00:01[39m[K
[34m                   # paths tracked: 97[39m[K
[34m   # non-singular solutions (real): 97 (3)[39m[K
[34m       # singular endpoints (real): 0 (0)[39m[K
[34m          # total solutions (real): 97 (3)[39m[K
[A
[A
[A
[A




[K[A
[K[A
[K[A
[K[A
[32mTracking 252 paths...  53%|ΓûêΓûêΓûêΓûêΓûêΓûêΓûêΓûêΓûêΓûêΓûêΓûêΓûêΓûêΓûêΓûê             |  ETA: 0:00:01[39m[K
[34m                   # paths tracked: 133[39m[K
[34m   # non-singular solutions (real): 133 (6)[39m[K
[34m       # singular endpoints (real): 0 (0)[39m[K
[34m          # total solutions (real): 133 (6)[39m[K
[A
[A
[A
[A




[K[A
[K[A
[K[A
[K[A
[32mTracking 252 paths...  67%|ΓûêΓûêΓûêΓûêΓûêΓûêΓûêΓûêΓûêΓûêΓûêΓûêΓûêΓûêΓûêΓûêΓûêΓûêΓûêΓûê         |  ETA: 0:00:00[39m[K
[34m                   # paths tracked: 169[39m[K
[34m   # non-singular solutions (real): 169 (8)[39m[K
[34m       # singular endpoints (real): 0 (0)[39m[K
[34m          # total solutions (real): 169 (8)[39m[K
[A
[A
[A
[A




[K[A
[K[A
[K[A
[K[A
[32mTracking 252 paths...  82%|ΓûêΓûêΓûêΓûêΓûêΓûêΓûêΓûêΓûêΓûêΓûêΓûêΓûêΓûêΓûêΓûêΓûêΓûêΓûêΓûêΓûêΓûêΓûêΓûê     |  ETA: 0:00:00[39m[K
[34m                   # paths tracked: 206[39m[K
[34m   # non-singular solutions (real): 206 (11)[39m[K
[34m       # singular endpoints (real): 0 (0)[39m[K
[34m          # total solutions (real): 206 (11)[39m[K
[A
[A
[A
[A




[K[A
[K[A
[K[A
[K[A
[32mTracking 252 paths...  98%|ΓûêΓûêΓûêΓûêΓûêΓûêΓûêΓûêΓûêΓûêΓûêΓûêΓûêΓûêΓûêΓûêΓûêΓûêΓûêΓûêΓûêΓûêΓûêΓûêΓûêΓûêΓûêΓûêΓûê|  ETA: 0:00:00[39m[K
[34m                   # paths tracked: 246[39m[K
[34m   # non-singular solutions (real): 246 (12)[39m[K
[34m       # singular endpoints (real): 0 (0)[39m[K
[34m          # total solutions (real): 246 (12)[39m[K
[A
[A
[A
[A




[K[A
[K[A
[K[A
[K[A
[32mTracking 252 paths... 100%|ΓûêΓûêΓûêΓûêΓûêΓûêΓûêΓûêΓûêΓûêΓûêΓûêΓûêΓûêΓûêΓûêΓûêΓûêΓûêΓûêΓûêΓûêΓûêΓûêΓûêΓûêΓûêΓûêΓûê| Time: 0:00:01[39m[K
[34m                   # paths tracked: 252[39m[K
[34m   # non-singular solutions (real): 252 (12)[39m[K
[34m       # singular endpoints (real): 0 (0)[39m[K
[34m          # total solutions (real): 252 (12)[39m[K

[32mTracking 252 paths...  40%|ΓûêΓûêΓûêΓûêΓûêΓûêΓûêΓûêΓûêΓûêΓûêΓûê                 |  ETA: 0:00:01[39m[K
[34m                   # paths tracked: 101[39m[K
[34m   # non-singular solutions (real): 101 (5)[39m[K
[34m       # singular endpoints (real): 0 (0)[39m[K
[34m          # total solutions (real): 101 (5)[39m[K
[A
[A
[A
[A




[K[A
[K[A
[K[A
[K[A
[32mTracking 252 paths...  56%|ΓûêΓûêΓûêΓûêΓûêΓûêΓûêΓûêΓûêΓûêΓûêΓûêΓûêΓûêΓûêΓûêΓûê            |  ETA: 0:00:01[39m[K
[34m                   # paths tracked: 142[39m[K
[34m   # non-singular solutions (real): 142 (7)[39m[K
[34m       # singular endpoints (real): 0 (0)[39m[K
[34m          # total solutions (real): 142 (7)[39m[K
[A
[A
[A
[A




[K[A
[K[A
[K[A
[K[A
[32mTracking 252 paths...  72%|ΓûêΓûêΓûêΓûêΓûêΓûêΓûêΓûêΓûêΓûêΓûêΓûêΓûêΓûêΓûêΓûêΓûêΓûêΓûêΓûêΓûê        |  ETA: 0:00:00[39m[K
[34m                   # paths tracked: 181[39m[K
[34m   # non-singular solutions (real): 181 (8)[39m[K
[34m       # singular endpoints (real): 0 (0)[39m[K
[34m          # total solutions (real): 181 (8)[39m[K
[A
[A
[A
[A




[K[A
[K[A
[K[A
[K[A
[32mTracking 252 paths...  89%|ΓûêΓûêΓûêΓûêΓûêΓûêΓûêΓûêΓûêΓûêΓûêΓûêΓûêΓûêΓûêΓûêΓûêΓûêΓûêΓûêΓûêΓûêΓûêΓûêΓûêΓûê   |  ETA: 0:00:00[39m[K
[34m                   # paths tracked: 224[39m[K
[34m   # non-singular solutions (real): 224 (11)[39m[K
[34m       # singular endpoints (real): 0 (0)[39m[K
[34m          # total solutions (real): 224 (11)[39m[K
[A
[A
[A
[A




[K[A
[K[A
[K[A
[K[A
[32mTracking 252 paths... 100%|ΓûêΓûêΓûêΓûêΓûêΓûêΓûêΓûêΓûêΓûêΓûêΓûêΓûêΓûêΓûêΓûêΓûêΓûêΓûêΓûêΓûêΓûêΓûêΓûêΓûêΓûêΓûêΓûêΓûê| Time: 0:00:01[39m[K
[34m                   # paths tracked: 252[39m[K
[34m   # non-singular solutions (real): 252 (12)[39m[K
[34m       # singular endpoints (real): 0 (0)[39m[K
[34m          # total solutions (real): 252 (12)[39m[K

[32mTracking 252 paths...  42%|ΓûêΓûêΓûêΓûêΓûêΓûêΓûêΓûêΓûêΓûêΓûêΓûêΓûê                |  ETA: 0:00:01[39m[K
[34m                   # paths tracked: 106[39m[K
[34m   # non-singular solutions (real): 106 (6)[39m[K
[34m       # singular endpoints (real): 0 (0)[39m[K
[34m          # total solutions (real): 106 (6)[39m[K
[A
[A
[A
[A




[K[A
[K[A
[K[A
[K[A
[32mTracking 252 paths...  58%|ΓûêΓûêΓûêΓûêΓûêΓûêΓûêΓûêΓûêΓûêΓûêΓûêΓûêΓûêΓûêΓûêΓûê            |  ETA: 0:00:01[39m[K
[34m                   # paths tracked: 146[39m[K
[34m   # non-singular solutions (real): 146 (6)[39m[K
[34m       # singular endpoints (real): 0 (0)[39m[K
[34m          # total solutions (real): 146 (6)[39m[K
[A
[A
[A
[A




[K[A
[K[A
[K[A
[K[A
[32mTracking 252 paths...  75%|ΓûêΓûêΓûêΓûêΓûêΓûêΓûêΓûêΓûêΓûêΓûêΓûêΓûêΓûêΓûêΓûêΓûêΓûêΓûêΓûêΓûêΓûê       |  ETA: 0:00:00[39m[K
[34m                   # paths tracked: 189[39m[K
[34m   # non-singular solutions (real): 189 (9)[39m[K
[34m       # singular endpoints (real): 0 (0)[39m[K
[34m          # total solutions (real): 189 (9)[39m[K
[A
[A
[A
[A




[K[A
[K[A
[K[A
[K[A
[32mTracking 252 paths...  91%|ΓûêΓûêΓûêΓûêΓûêΓûêΓûêΓûêΓûêΓûêΓûêΓûêΓûêΓûêΓûêΓûêΓûêΓûêΓûêΓûêΓûêΓûêΓûêΓûêΓûêΓûêΓûê  |  ETA: 0:00:00[39m[K
[34m                   # paths tracked: 229[39m[K
[34m   # non-singular solutions (real): 229 (10)[39m[K
[34m       # singular endpoints (real): 0 (0)[39m[K
[34m          # total solutions (real): 229 (10)[39m[K
[A
[A
[A
[A




[K[A
[K[A
[K[A
[K[A
[32mTracking 252 paths... 100%|ΓûêΓûêΓûêΓûêΓûêΓûêΓûêΓûêΓûêΓûêΓûêΓûêΓûêΓûêΓûêΓûêΓûêΓûêΓûêΓûêΓûêΓûêΓûêΓûêΓûêΓûêΓûêΓûêΓûê| Time: 0:00:01[39m[K
[34m                   # paths tracked: 252[39m[K
[34m   # non-singular solutions (real): 252 (12)[39m[K
[34m       # singular endpoints (real): 0 (0)[39m[K
[34m          # total solutions (real): 252 (12)[39m[K

[32mTracking 252 paths...  40%|ΓûêΓûêΓûêΓûêΓûêΓûêΓûêΓûêΓûêΓûêΓûêΓûê                 |  ETA: 0:00:01[39m[K
[34m                   # paths tracked: 100[39m[K
[34m   # non-singular solutions (real): 100 (3)[39m[K
[34m       # singular endpoints (real): 0 (0)[39m[K
[34m          # total solutions (real): 100 (3)[39m[K
[A
[A
[A
[A




[K[A
[K[A
[K[A
[K[A
[32mTracking 252 paths...  56%|ΓûêΓûêΓûêΓûêΓûêΓûêΓûêΓûêΓûêΓûêΓûêΓûêΓûêΓûêΓûêΓûêΓûê            |  ETA: 0:00:01[39m[K
[34m                   # paths tracked: 140[39m[K
[34m   # non-singular solutions (real): 140 (3)[39m[K
[34m       # singular endpoints (real): 0 (0)[39m[K
[34m          # total solutions (real): 140 (3)[39m[K
[A
[A
[A
[A




[K[A
[K[A
[K[A
[K[A
[32mTracking 252 paths...  70%|ΓûêΓûêΓûêΓûêΓûêΓûêΓûêΓûêΓûêΓûêΓûêΓûêΓûêΓûêΓûêΓûêΓûêΓûêΓûêΓûêΓûê        |  ETA: 0:00:00[39m[K
[34m                   # paths tracked: 177[39m[K
[34m   # non-singular solutions (real): 177 (4)[39m[K
[34m       # singular endpoints (real): 0 (0)[39m[K
[34m          # total solutions (real): 177 (4)[39m[K
[A
[A
[A
[A




[K[A
[K[A
[K[A
[K[A
[32mTracking 252 paths...  86%|ΓûêΓûêΓûêΓûêΓûêΓûêΓûêΓûêΓûêΓûêΓûêΓûêΓûêΓûêΓûêΓûêΓûêΓûêΓûêΓûêΓûêΓûêΓûêΓûêΓûê    |  ETA: 0:00:00[39m[K
[34m                   # paths tracked: 217[39m[K
[34m   # non-singular solutions (real): 217 (8)[39m[K
[34m       # singular endpoints (real): 0 (0)[39m[K
[34m          # total solutions (real): 217 (8)[39m[K
[A
[A
[A
[A




[K[A
[K[A
[K[A
[K[A
[32mTracking 252 paths...  99%|ΓûêΓûêΓûêΓûêΓûêΓûêΓûêΓûêΓûêΓûêΓûêΓûêΓûêΓûêΓûêΓûêΓûêΓûêΓûêΓûêΓûêΓûêΓûêΓûêΓûêΓûêΓûêΓûêΓûê|  ETA: 0:00:00[39m[K
[34m                   # paths tracked: 250[39m[K
[34m   # non-singular solutions (real): 250 (12)[39m[K
[34m       # singular endpoints (real): 0 (0)[39m[K
[34m          # total solutions (real): 250 (12)[39m[K
[A
[A
[A
[A




[K[A
[K[A
[K[A
[K[A
[32mTracking 252 paths... 100%|ΓûêΓûêΓûêΓûêΓûêΓûêΓûêΓûêΓûêΓûêΓûêΓûêΓûêΓûêΓûêΓûêΓûêΓûêΓûêΓûêΓûêΓûêΓûêΓûêΓûêΓûêΓûêΓûêΓûê| Time: 0:00:01[39m[K
[34m                   # paths tracked: 252[39m[K
[34m   # non-singular solutions (real): 252 (12)[39m[K
[34m       # singular endpoints (real): 0 (0)[39m[K
[34m          # total solutions (real): 252 (12)[39m[K

[32mTracking 252 paths...  33%|ΓûêΓûêΓûêΓûêΓûêΓûêΓûêΓûêΓûêΓûê                   |  ETA: 0:00:01[39m[K
[34m                   # paths tracked: 84[39m[K
[34m   # non-singular solutions (real): 84 (3)[39m[K
[34m       # singular endpoints (real): 0 (0)[39m[K
[34m          # total solutions (real): 84 (3)[39m[K
[A
[A
[A
[A




[K[A
[K[A
[K[A
[K[A
[32mTracking 252 paths...  45%|ΓûêΓûêΓûêΓûêΓûêΓûêΓûêΓûêΓûêΓûêΓûêΓûêΓûêΓûê               |  ETA: 0:00:01[39m[K
[34m                   # paths tracked: 114[39m[K
[34m   # non-singular solutions (real): 114 (5)[39m[K
[34m       # singular endpoints (real): 0 (0)[39m[K
[34m          # total solutions (real): 114 (5)[39m[K
[A
[A
[A
[A




[K[A
[K[A
[K[A
[K[A
[32mTracking 252 paths...  59%|ΓûêΓûêΓûêΓûêΓûêΓûêΓûêΓûêΓûêΓûêΓûêΓûêΓûêΓûêΓûêΓûêΓûêΓûê           |  ETA: 0:00:01[39m[K
[34m                   # paths tracked: 148[39m[K
[34m   # non-singular solutions (real): 148 (5)[39m[K
[34m       # singular endpoints (real): 0 (0)[39m[K
[34m          # total solutions (real): 148 (5)[39m[K
[A
[A
[A
[A




[K[A
[K[A
[K[A
[K[A
[32mTracking 252 paths...  71%|ΓûêΓûêΓûêΓûêΓûêΓûêΓûêΓûêΓûêΓûêΓûêΓûêΓûêΓûêΓûêΓûêΓûêΓûêΓûêΓûêΓûê        |  ETA: 0:00:00[39m[K
[34m                   # paths tracked: 179[39m[K
[34m   # non-singular solutions (real): 179 (9)[39m[K
[34m       # singular endpoints (real): 0 (0)[39m[K
[34m          # total solutions (real): 179 (9)[39m[K
[A
[A
[A
[A




[K[A
[K[A
[K[A
[K[A
[32mTracking 252 paths...  85%|ΓûêΓûêΓûêΓûêΓûêΓûêΓûêΓûêΓûêΓûêΓûêΓûêΓûêΓûêΓûêΓûêΓûêΓûêΓûêΓûêΓûêΓûêΓûêΓûêΓûê    |  ETA: 0:00:00[39m[K
[34m                   # paths tracked: 214[39m[K
[34m   # non-singular solutions (real): 214 (10)[39m[K
[34m       # singular endpoints (real): 0 (0)[39m[K
[34m          # total solutions (real): 214 (10)[39m[K
[A
[A
[A
[A




[K[A
[K[A
[K[A
[K[A
[32mTracking 252 paths...  99%|ΓûêΓûêΓûêΓûêΓûêΓûêΓûêΓûêΓûêΓûêΓûêΓûêΓûêΓûêΓûêΓûêΓûêΓûêΓûêΓûêΓûêΓûêΓûêΓûêΓûêΓûêΓûêΓûêΓûê|  ETA: 0:00:00[39m[K
[34m                   # paths tracked: 249[39m[K
[34m   # non-singular solutions (real): 249 (12)[39m[K
[34m       # singular endpoints (real): 0 (0)[39m[K
[34m          # total solutions (real): 249 (12)[39m[K
[A
[A
[A
[A




[K[A
[K[A
[K[A
[K[A
[32mTracking 252 paths... 100%|ΓûêΓûêΓûêΓûêΓûêΓûêΓûêΓûêΓûêΓûêΓûêΓûêΓûêΓûêΓûêΓûêΓûêΓûêΓûêΓûêΓûêΓûêΓûêΓûêΓûêΓûêΓûêΓûêΓûê| Time: 0:00:01[39m[K
[34m                   # paths tracked: 252[39m[K
[34m   # non-singular solutions (real): 252 (12)[39m[K
[34m       # singular endpoints (real): 0 (0)[39m[K
[34m          # total solutions (real): 252 (12)[39m[K

[32mTracking 252 paths...  39%|ΓûêΓûêΓûêΓûêΓûêΓûêΓûêΓûêΓûêΓûêΓûêΓûê                 |  ETA: 0:00:01[39m[K
[34m                   # paths tracked: 99[39m[K
[34m   # non-singular solutions (real): 99 (7)[39m[K
[34m       # singular endpoints (real): 0 (0)[39m[K
[34m          # total solutions (real): 99 (7)[39m[K
[A
[A
[A
[A




[K[A
[K[A
[K[A
[K[A
[32mTracking 252 paths...  55%|ΓûêΓûêΓûêΓûêΓûêΓûêΓûêΓûêΓûêΓûêΓûêΓûêΓûêΓûêΓûêΓûê             |  ETA: 0:00:01[39m[K
[34m                   # paths tracked: 139[39m[K
[34m   # non-singular solutions (real): 139 (8)[39m[K
[34m       # singular endpoints (real): 0 (0)[39m[K
[34m          # total solutions (real): 139 (8)[39m[K
[A
[A
[A
[A




[K[A
[K[A
[K[A
[K[A
[32mTracking 252 paths...  71%|ΓûêΓûêΓûêΓûêΓûêΓûêΓûêΓûêΓûêΓûêΓûêΓûêΓûêΓûêΓûêΓûêΓûêΓûêΓûêΓûêΓûê        |  ETA: 0:00:00[39m[K
[34m                   # paths tracked: 178[39m[K
[34m   # non-singular solutions (real): 178 (9)[39m[K
[34m       # singular endpoints (real): 0 (0)[39m[K
[34m          # total solutions (real): 178 (9)[39m[K
[A
[A
[A
[A




[K[A
[K[A
[K[A
[K[A
[32mTracking 252 paths...  87%|ΓûêΓûêΓûêΓûêΓûêΓûêΓûêΓûêΓûêΓûêΓûêΓûêΓûêΓûêΓûêΓûêΓûêΓûêΓûêΓûêΓûêΓûêΓûêΓûêΓûêΓûê   |  ETA: 0:00:00[39m[K
[34m                   # paths tracked: 218[39m[K
[34m   # non-singular solutions (real): 218 (9)[39m[K
[34m       # singular endpoints (real): 0 (0)[39m[K
[34m          # total solutions (real): 218 (9)[39m[K
[A
[A
[A
[A




[K[A
[K[A
[K[A
[K[A
[32mTracking 252 paths... 100%|ΓûêΓûêΓûêΓûêΓûêΓûêΓûêΓûêΓûêΓûêΓûêΓûêΓûêΓûêΓûêΓûêΓûêΓûêΓûêΓûêΓûêΓûêΓûêΓûêΓûêΓûêΓûêΓûêΓûê| Time: 0:00:01[39m[K
[34m                   # paths tracked: 252[39m[K
[34m   # non-singular solutions (real): 252 (12)[39m[K
[34m       # singular endpoints (real): 0 (0)[39m[K
[34m          # total solutions (real): 252 (12)[39m[K

[32mTracking 252 paths...  34%|ΓûêΓûêΓûêΓûêΓûêΓûêΓûêΓûêΓûêΓûê                   |  ETA: 0:00:01[39m[K
[34m                   # paths tracked: 85[39m[K
[34m   # non-singular solutions (real): 85 (6)[39m[K
[34m       # singular endpoints (real): 0 (0)[39m[K
[34m          # total solutions (real): 85 (6)[39m[K
[A
[A
[A
[A




[K[A
[K[A
[K[A
[K[A
[32mTracking 252 paths...  47%|ΓûêΓûêΓûêΓûêΓûêΓûêΓûêΓûêΓûêΓûêΓûêΓûêΓûêΓûê               |  ETA: 0:00:01[39m[K
[34m                   # paths tracked: 119[39m[K
[34m   # non-singular solutions (real): 119 (7)[39m[K
[34m       # singular endpoints (real): 0 (0)[39m[K
[34m          # total solutions (real): 119 (7)[39m[K
[A
[A
[A
[A




[K[A
[K[A
[K[A
[K[A
[32mTracking 252 paths...  62%|ΓûêΓûêΓûêΓûêΓûêΓûêΓûêΓûêΓûêΓûêΓûêΓûêΓûêΓûêΓûêΓûêΓûêΓûêΓûê          |  ETA: 0:00:01[39m[K
[34m                   # paths tracked: 157[39m[K
[34m   # non-singular solutions (real): 157 (9)[39m[K
[34m       # singular endpoints (real): 0 (0)[39m[K
[34m          # total solutions (real): 157 (9)[39m[K
[A
[A
[A
[A




[K[A
[K[A
[K[A
[K[A
[32mTracking 252 paths...  76%|ΓûêΓûêΓûêΓûêΓûêΓûêΓûêΓûêΓûêΓûêΓûêΓûêΓûêΓûêΓûêΓûêΓûêΓûêΓûêΓûêΓûêΓûê       |  ETA: 0:00:00[39m[K
[34m                   # paths tracked: 191[39m[K
[34m   # non-singular solutions (real): 191 (10)[39m[K
[34m       # singular endpoints (real): 0 (0)[39m[K
[34m          # total solutions (real): 191 (10)[39m[K
[A
[A
[A
[A




[K[A
[K[A
[K[A
[K[A
[32mTracking 252 paths...  90%|ΓûêΓûêΓûêΓûêΓûêΓûêΓûêΓûêΓûêΓûêΓûêΓûêΓûêΓûêΓûêΓûêΓûêΓûêΓûêΓûêΓûêΓûêΓûêΓûêΓûêΓûêΓûê  |  ETA: 0:00:00[39m[K
[34m                   # paths tracked: 227[39m[K
[34m   # non-singular solutions (real): 227 (10)[39m[K
[34m       # singular endpoints (real): 0 (0)[39m[K
[34m          # total solutions (real): 227 (10)[39m[K
[A
[A
[A
[A




[K[A
[K[A
[K[A
[K[A
[32mTracking 252 paths... 100%|ΓûêΓûêΓûêΓûêΓûêΓûêΓûêΓûêΓûêΓûêΓûêΓûêΓûêΓûêΓûêΓûêΓûêΓûêΓûêΓûêΓûêΓûêΓûêΓûêΓûêΓûêΓûêΓûêΓûê| Time: 0:00:01[39m[K
[34m                   # paths tracked: 252[39m[K
[34m   # non-singular solutions (real): 252 (12)[39m[K
[34m       # singular endpoints (real): 0 (0)[39m[K
[34m          # total solutions (real): 252 (12)[39m[K

[32mTracking 252 paths...  29%|ΓûêΓûêΓûêΓûêΓûêΓûêΓûêΓûêΓûê                    |  ETA: 0:00:01[39m[K
[34m                   # paths tracked: 74[39m[K
[34m   # non-singular solutions (real): 74 (3)[39m[K
[34m       # singular endpoints (real): 0 (0)[39m[K
[34m          # total solutions (real): 74 (3)[39m[K
[A
[A
[A
[A




[K[A
[K[A
[K[A
[K[A
[32mTracking 252 paths...  39%|ΓûêΓûêΓûêΓûêΓûêΓûêΓûêΓûêΓûêΓûêΓûêΓûê                 |  ETA: 0:00:01[39m[K
[34m                   # paths tracked: 99[39m[K
[34m   # non-singular solutions (real): 99 (5)[39m[K
[34m       # singular endpoints (real): 0 (0)[39m[K
[34m          # total solutions (real): 99 (5)[39m[K
[A
[A
[A
[A




[K[A
[K[A
[K[A
[K[A
[32mTracking 252 paths...  50%|ΓûêΓûêΓûêΓûêΓûêΓûêΓûêΓûêΓûêΓûêΓûêΓûêΓûêΓûêΓûê              |  ETA: 0:00:01[39m[K
[34m                   # paths tracked: 127[39m[K
[34m   # non-singular solutions (real): 127 (6)[39m[K
[34m       # singular endpoints (real): 0 (0)[39m[K
[34m          # total solutions (real): 127 (6)[39m[K
[A
[A
[A
[A




[K[A
[K[A
[K[A
[K[A
[32mTracking 252 paths...  62%|ΓûêΓûêΓûêΓûêΓûêΓûêΓûêΓûêΓûêΓûêΓûêΓûêΓûêΓûêΓûêΓûêΓûêΓûê           |  ETA: 0:00:01[39m[K
[34m                   # paths tracked: 156[39m[K
[34m   # non-singular solutions (real): 156 (6)[39m[K
[34m       # singular endpoints (real): 0 (0)[39m[K
[34m          # total solutions (real): 156 (6)[39m[K
[A
[A
[A
[A




[K[A
[K[A
[K[A
[K[A
[32mTracking 252 paths...  74%|ΓûêΓûêΓûêΓûêΓûêΓûêΓûêΓûêΓûêΓûêΓûêΓûêΓûêΓûêΓûêΓûêΓûêΓûêΓûêΓûêΓûêΓûê       |  ETA: 0:00:00[39m[K
[34m                   # paths tracked: 187[39m[K
[34m   # non-singular solutions (real): 187 (8)[39m[K
[34m       # singular endpoints (real): 0 (0)[39m[K
[34m          # total solutions (real): 187 (8)[39m[K
[A
[A
[A
[A




[K[A
[K[A
[K[A
[K[A
[32mTracking 252 paths...  86%|ΓûêΓûêΓûêΓûêΓûêΓûêΓûêΓûêΓûêΓûêΓûêΓûêΓûêΓûêΓûêΓûêΓûêΓûêΓûêΓûêΓûêΓûêΓûêΓûêΓûê    |  ETA: 0:00:00[39m[K
[34m                   # paths tracked: 217[39m[K
[34m   # non-singular solutions (real): 217 (10)[39m[K
[34m       # singular endpoints (real): 0 (0)[39m[K
[34m          # total solutions (real): 217 (10)[39m[K
[A
[A
[A
[A




[K[A
[K[A
[K[A
[K[A
[32mTracking 252 paths...  98%|ΓûêΓûêΓûêΓûêΓûêΓûêΓûêΓûêΓûêΓûêΓûêΓûêΓûêΓûêΓûêΓûêΓûêΓûêΓûêΓûêΓûêΓûêΓûêΓûêΓûêΓûêΓûêΓûêΓûê|  ETA: 0:00:00[39m[K
[34m                   # paths tracked: 247[39m[K
[34m   # non-singular solutions (real): 247 (12)[39m[K
[34m       # singular endpoints (real): 0 (0)[39m[K
[34m          # total solutions (real): 247 (12)[39m[K
[A
[A
[A
[A




[K[A
[K[A
[K[A
[K[A
[32mTracking 252 paths... 100%|ΓûêΓûêΓûêΓûêΓûêΓûêΓûêΓûêΓûêΓûêΓûêΓûêΓûêΓûêΓûêΓûêΓûêΓûêΓûêΓûêΓûêΓûêΓûêΓûêΓûêΓûêΓûêΓûêΓûê| Time: 0:00:01[39m[K
[34m                   # paths tracked: 252[39m[K
[34m   # non-singular solutions (real): 252 (12)[39m[K
[34m       # singular endpoints (real): 0 (0)[39m[K
[34m          # total solutions (real): 252 (12)[39m[K

[32mTracking 252 paths...  38%|ΓûêΓûêΓûêΓûêΓûêΓûêΓûêΓûêΓûêΓûêΓûê                  |  ETA: 0:00:01[39m[K
[34m                   # paths tracked: 95[39m[K
[34m   # non-singular solutions (real): 95 (6)[39m[K
[34m       # singular endpoints (real): 0 (0)[39m[K
[34m          # total solutions (real): 95 (6)[39m[K
[A
[A
[A
[A




[K[A
[K[A
[K[A
[K[A
[32mTracking 252 paths...  54%|ΓûêΓûêΓûêΓûêΓûêΓûêΓûêΓûêΓûêΓûêΓûêΓûêΓûêΓûêΓûêΓûê             |  ETA: 0:00:01[39m[K
[34m                   # paths tracked: 136[39m[K
[34m   # non-singular solutions (real): 136 (8)[39m[K
[34m       # singular endpoints (real): 0 (0)[39m[K
[34m          # total solutions (real): 136 (8)[39m[K
[A
[A
[A
[A




[K[A
[K[A
[K[A
[K[A
[32mTracking 252 paths...  70%|ΓûêΓûêΓûêΓûêΓûêΓûêΓûêΓûêΓûêΓûêΓûêΓûêΓûêΓûêΓûêΓûêΓûêΓûêΓûêΓûêΓûê        |  ETA: 0:00:00[39m[K
[34m                   # paths tracked: 176[39m[K
[34m   # non-singular solutions (real): 176 (11)[39m[K
[34m       # singular endpoints (real): 0 (0)[39m[K
[34m          # total solutions (real): 176 (11)[39m[K
[A
[A
[A
[A




[K[A
[K[A
[K[A
[K[A
[32mTracking 252 paths...  85%|ΓûêΓûêΓûêΓûêΓûêΓûêΓûêΓûêΓûêΓûêΓûêΓûêΓûêΓûêΓûêΓûêΓûêΓûêΓûêΓûêΓûêΓûêΓûêΓûêΓûê    |  ETA: 0:00:00[39m[K
[34m                   # paths tracked: 215[39m[K
[34m   # non-singular solutions (real): 215 (11)[39m[K
[34m       # singular endpoints (real): 0 (0)[39m[K
[34m          # total solutions (real): 215 (11)[39m[K
[A
[A
[A
[A




[K[A
[K[A
[K[A
[K[A
[32mTracking 252 paths... 100%|ΓûêΓûêΓûêΓûêΓûêΓûêΓûêΓûêΓûêΓûêΓûêΓûêΓûêΓûêΓûêΓûêΓûêΓûêΓûêΓûêΓûêΓûêΓûêΓûêΓûêΓûêΓûêΓûêΓûê| Time: 0:00:01[39m[K
[34m                   # paths tracked: 252[39m[K
[34m   # non-singular solutions (real): 252 (12)[39m[K
[34m       # singular endpoints (real): 0 (0)[39m[K
[34m          # total solutions (real): 252 (12)[39m[K

[32mTracking 252 paths...  36%|ΓûêΓûêΓûêΓûêΓûêΓûêΓûêΓûêΓûêΓûêΓûê                  |  ETA: 0:00:01[39m[K
[34m                   # paths tracked: 90[39m[K
[34m   # non-singular solutions (real): 90 (5)[39m[K
[34m       # singular endpoints (real): 0 (0)[39m[K
[34m          # total solutions (real): 90 (5)[39m[K
[A
[A
[A
[A




[K[A
[K[A
[K[A
[K[A
[32mTracking 252 paths...  51%|ΓûêΓûêΓûêΓûêΓûêΓûêΓûêΓûêΓûêΓûêΓûêΓûêΓûêΓûêΓûê              |  ETA: 0:00:01[39m[K
[34m                   # paths tracked: 129[39m[K
[34m   # non-singular solutions (real): 129 (7)[39m[K
[34m       # singular endpoints (real): 0 (0)[39m[K
[34m          # total solutions (real): 129 (7)[39m[K
[A
[A
[A
[A




[K[A
[K[A
[K[A
[K[A
[32mTracking 252 paths...  65%|ΓûêΓûêΓûêΓûêΓûêΓûêΓûêΓûêΓûêΓûêΓûêΓûêΓûêΓûêΓûêΓûêΓûêΓûêΓûê          |  ETA: 0:00:00[39m[K
[34m                   # paths tracked: 165[39m[K
[34m   # non-singular solutions (real): 165 (10)[39m[K
[34m       # singular endpoints (real): 0 (0)[39m[K
[34m          # total solutions (real): 165 (10)[39m[K
[A
[A
[A
[A




[K[A
[K[A
[K[A
[K[A
[32mTracking 252 paths...  79%|ΓûêΓûêΓûêΓûêΓûêΓûêΓûêΓûêΓûêΓûêΓûêΓûêΓûêΓûêΓûêΓûêΓûêΓûêΓûêΓûêΓûêΓûêΓûê      |  ETA: 0:00:00[39m[K
[34m                   # paths tracked: 199[39m[K
[34m   # non-singular solutions (real): 199 (12)[39m[K
[34m       # singular endpoints (real): 0 (0)[39m[K
[34m          # total solutions (real): 199 (12)[39m[K
[A
[A
[A
[A




[K[A
[K[A
[K[A
[K[A
[32mTracking 252 paths...  93%|ΓûêΓûêΓûêΓûêΓûêΓûêΓûêΓûêΓûêΓûêΓûêΓûêΓûêΓûêΓûêΓûêΓûêΓûêΓûêΓûêΓûêΓûêΓûêΓûêΓûêΓûêΓûê  |  ETA: 0:00:00[39m[K
[34m                   # paths tracked: 234[39m[K
[34m   # non-singular solutions (real): 234 (12)[39m[K
[34m       # singular endpoints (real): 0 (0)[39m[K
[34m          # total solutions (real): 234 (12)[39m[K
[A
[A
[A
[A




[K[A
[K[A
[K[A
[K[A
[32mTracking 252 paths... 100%|ΓûêΓûêΓûêΓûêΓûêΓûêΓûêΓûêΓûêΓûêΓûêΓûêΓûêΓûêΓûêΓûêΓûêΓûêΓûêΓûêΓûêΓûêΓûêΓûêΓûêΓûêΓûêΓûêΓûê| Time: 0:00:01[39m[K
[34m                   # paths tracked: 252[39m[K
[34m   # non-singular solutions (real): 252 (12)[39m[K
[34m       # singular endpoints (real): 0 (0)[39m[K
[34m          # total solutions (real): 252 (12)[39m[K

[32mTracking 252 paths...  35%|ΓûêΓûêΓûêΓûêΓûêΓûêΓûêΓûêΓûêΓûêΓûê                  |  ETA: 0:00:01[39m[K
[34m                   # paths tracked: 87[39m[K
[34m   # non-singular solutions (real): 87 (5)[39m[K
[34m       # singular endpoints (real): 0 (0)[39m[K
[34m          # total solutions (real): 87 (5)[39m[K
[A
[A
[A
[A




[K[A
[K[A
[K[A
[K[A
[32mTracking 252 paths...  50%|ΓûêΓûêΓûêΓûêΓûêΓûêΓûêΓûêΓûêΓûêΓûêΓûêΓûêΓûêΓûê              |  ETA: 0:00:01[39m[K
[34m                   # paths tracked: 126[39m[K
[34m   # non-singular solutions (real): 126 (8)[39m[K
[34m       # singular endpoints (real): 0 (0)[39m[K
[34m          # total solutions (real): 126 (8)[39m[K
[A
[A
[A
[A




[K[A
[K[A
[K[A
[K[A
[32mTracking 252 paths...  64%|ΓûêΓûêΓûêΓûêΓûêΓûêΓûêΓûêΓûêΓûêΓûêΓûêΓûêΓûêΓûêΓûêΓûêΓûêΓûê          |  ETA: 0:00:01[39m[K
[34m                   # paths tracked: 162[39m[K
[34m   # non-singular solutions (real): 162 (8)[39m[K
[34m       # singular endpoints (real): 0 (0)[39m[K
[34m          # total solutions (real): 162 (8)[39m[K
[A
[A
[A
[A




[K[A
[K[A
[K[A
[K[A
[32mTracking 252 paths...  79%|ΓûêΓûêΓûêΓûêΓûêΓûêΓûêΓûêΓûêΓûêΓûêΓûêΓûêΓûêΓûêΓûêΓûêΓûêΓûêΓûêΓûêΓûêΓûê      |  ETA: 0:00:00[39m[K
[34m                   # paths tracked: 199[39m[K
[34m   # non-singular solutions (real): 199 (10)[39m[K
[34m       # singular endpoints (real): 0 (0)[39m[K
[34m          # total solutions (real): 199 (10)[39m[K
[A
[A
[A
[A




[K[A
[K[A
[K[A
[K[A
[32mTracking 252 paths...  95%|ΓûêΓûêΓûêΓûêΓûêΓûêΓûêΓûêΓûêΓûêΓûêΓûêΓûêΓûêΓûêΓûêΓûêΓûêΓûêΓûêΓûêΓûêΓûêΓûêΓûêΓûêΓûêΓûê |  ETA: 0:00:00[39m[K
[34m                   # paths tracked: 239[39m[K
[34m   # non-singular solutions (real): 239 (12)[39m[K
[34m       # singular endpoints (real): 0 (0)[39m[K
[34m          # total solutions (real): 239 (12)[39m[K
[A
[A
[A
[A




[K[A
[K[A
[K[A
[K[A
[32mTracking 252 paths... 100%|ΓûêΓûêΓûêΓûêΓûêΓûêΓûêΓûêΓûêΓûêΓûêΓûêΓûêΓûêΓûêΓûêΓûêΓûêΓûêΓûêΓûêΓûêΓûêΓûêΓûêΓûêΓûêΓûêΓûê| Time: 0:00:01[39m[K
[34m                   # paths tracked: 252[39m[K
[34m   # non-singular solutions (real): 252 (12)[39m[K
[34m       # singular endpoints (real): 0 (0)[39m[K
[34m          # total solutions (real): 252 (12)[39m[K

[32mTracking 252 paths...  33%|ΓûêΓûêΓûêΓûêΓûêΓûêΓûêΓûêΓûêΓûê                   |  ETA: 0:00:01[39m[K
[34m                   # paths tracked: 84[39m[K
[34m   # non-singular solutions (real): 84 (6)[39m[K
[34m       # singular endpoints (real): 0 (0)[39m[K
[34m          # total solutions (real): 84 (6)[39m[K
[A
[A
[A
[A




[K[A
[K[A
[K[A
[K[A
[32mTracking 252 paths...  48%|ΓûêΓûêΓûêΓûêΓûêΓûêΓûêΓûêΓûêΓûêΓûêΓûêΓûêΓûê               |  ETA: 0:00:01[39m[K
[34m                   # paths tracked: 121[39m[K
[34m   # non-singular solutions (real): 121 (8)[39m[K
[34m       # singular endpoints (real): 0 (0)[39m[K
[34m          # total solutions (real): 121 (8)[39m[K
[A
[A
[A
[A




[K[A
[K[A
[K[A
[K[A
[32mTracking 252 paths...  63%|ΓûêΓûêΓûêΓûêΓûêΓûêΓûêΓûêΓûêΓûêΓûêΓûêΓûêΓûêΓûêΓûêΓûêΓûêΓûê          |  ETA: 0:00:01[39m[K
[34m                   # paths tracked: 160[39m[K
[34m   # non-singular solutions (real): 160 (10)[39m[K
[34m       # singular endpoints (real): 0 (0)[39m[K
[34m          # total solutions (real): 160 (10)[39m[K
[A
[A
[A
[A




[K[A
[K[A
[K[A
[K[A
[32mTracking 252 paths...  79%|ΓûêΓûêΓûêΓûêΓûêΓûêΓûêΓûêΓûêΓûêΓûêΓûêΓûêΓûêΓûêΓûêΓûêΓûêΓûêΓûêΓûêΓûêΓûê      |  ETA: 0:00:00[39m[K
[34m                   # paths tracked: 199[39m[K
[34m   # non-singular solutions (real): 199 (11)[39m[K
[34m       # singular endpoints (real): 0 (0)[39m[K
[34m          # total solutions (real): 199 (11)[39m[K
[A
[A
[A
[A




[K[A
[K[A
[K[A
[K[A
[32mTracking 252 paths...  94%|ΓûêΓûêΓûêΓûêΓûêΓûêΓûêΓûêΓûêΓûêΓûêΓûêΓûêΓûêΓûêΓûêΓûêΓûêΓûêΓûêΓûêΓûêΓûêΓûêΓûêΓûêΓûêΓûê |  ETA: 0:00:00[39m[K
[34m                   # paths tracked: 236[39m[K
[34m   # non-singular solutions (real): 236 (11)[39m[K
[34m       # singular endpoints (real): 0 (0)[39m[K
[34m          # total solutions (real): 236 (11)[39m[K
[A
[A
[A
[A




[K[A
[K[A
[K[A
[K[A
[32mTracking 252 paths... 100%|ΓûêΓûêΓûêΓûêΓûêΓûêΓûêΓûêΓûêΓûêΓûêΓûêΓûêΓûêΓûêΓûêΓûêΓûêΓûêΓûêΓûêΓûêΓûêΓûêΓûêΓûêΓûêΓûêΓûê| Time: 0:00:01[39m[K
[34m                   # paths tracked: 252[39m[K
[34m   # non-singular solutions (real): 252 (12)[39m[K
[34m       # singular endpoints (real): 0 (0)[39m[K
[34m          # total solutions (real): 252 (12)[39m[K

[32mTracking 252 paths...  38%|ΓûêΓûêΓûêΓûêΓûêΓûêΓûêΓûêΓûêΓûêΓûê                  |  ETA: 0:00:01[39m[K
[34m                   # paths tracked: 95[39m[K
[34m   # non-singular solutions (real): 95 (3)[39m[K
[34m       # singular endpoints (real): 0 (0)[39m[K
[34m          # total solutions (real): 95 (3)[39m[K
[A
[A
[A
[A




[K[A
[K[A
[K[A
[K[A
[32mTracking 252 paths...  52%|ΓûêΓûêΓûêΓûêΓûêΓûêΓûêΓûêΓûêΓûêΓûêΓûêΓûêΓûêΓûêΓûê             |  ETA: 0:00:01[39m[K
[34m                   # paths tracked: 131[39m[K
[34m   # non-singular solutions (real): 131 (4)[39m[K
[34m       # singular endpoints (real): 0 (0)[39m[K
[34m          # total solutions (real): 131 (4)[39m[K
[A
[A
[A
[A




[K[A
[K[A
[K[A
[K[A
[32mTracking 252 paths...  68%|ΓûêΓûêΓûêΓûêΓûêΓûêΓûêΓûêΓûêΓûêΓûêΓûêΓûêΓûêΓûêΓûêΓûêΓûêΓûêΓûê         |  ETA: 0:00:00[39m[K
[34m                   # paths tracked: 171[39m[K
[34m   # non-singular solutions (real): 171 (8)[39m[K
[34m       # singular endpoints (real): 0 (0)[39m[K
[34m          # total solutions (real): 171 (8)[39m[K
[A
[A
[A
[A




[K[A
[K[A
[K[A
[K[A
[32mTracking 252 paths...  84%|ΓûêΓûêΓûêΓûêΓûêΓûêΓûêΓûêΓûêΓûêΓûêΓûêΓûêΓûêΓûêΓûêΓûêΓûêΓûêΓûêΓûêΓûêΓûêΓûêΓûê    |  ETA: 0:00:00[39m[K
[34m                   # paths tracked: 212[39m[K
[34m   # non-singular solutions (real): 212 (12)[39m[K
[34m       # singular endpoints (real): 0 (0)[39m[K
[34m          # total solutions (real): 212 (12)[39m[K
[A
[A
[A
[A




[K[A
[K[A
[K[A
[K[A
[32mTracking 252 paths... 100%|ΓûêΓûêΓûêΓûêΓûêΓûêΓûêΓûêΓûêΓûêΓûêΓûêΓûêΓûêΓûêΓûêΓûêΓûêΓûêΓûêΓûêΓûêΓûêΓûêΓûêΓûêΓûêΓûêΓûê| Time: 0:00:01[39m[K
[34m                   # paths tracked: 252[39m[K
[34m   # non-singular solutions (real): 252 (12)[39m[K
[34m       # singular endpoints (real): 0 (0)[39m[K
[34m          # total solutions (real): 252 (12)[39m[K

[32mTracking 252 paths...  40%|ΓûêΓûêΓûêΓûêΓûêΓûêΓûêΓûêΓûêΓûêΓûêΓûê                 |  ETA: 0:00:01[39m[K
[34m                   # paths tracked: 100[39m[K
[34m   # non-singular solutions (real): 100 (3)[39m[K
[34m       # singular endpoints (real): 0 (0)[39m[K
[34m          # total solutions (real): 100 (3)[39m[K
[A
[A
[A
[A




[K[A
[K[A
[K[A
[K[A
[32mTracking 252 paths...  55%|ΓûêΓûêΓûêΓûêΓûêΓûêΓûêΓûêΓûêΓûêΓûêΓûêΓûêΓûêΓûêΓûê             |  ETA: 0:00:01[39m[K
[34m                   # paths tracked: 138[39m[K
[34m   # non-singular solutions (real): 138 (7)[39m[K
[34m       # singular endpoints (real): 0 (0)[39m[K
[34m          # total solutions (real): 138 (7)[39m[K
[A
[A
[A
[A




[K[A
[K[A
[K[A
[K[A
[32mTracking 252 paths...  70%|ΓûêΓûêΓûêΓûêΓûêΓûêΓûêΓûêΓûêΓûêΓûêΓûêΓûêΓûêΓûêΓûêΓûêΓûêΓûêΓûêΓûê        |  ETA: 0:00:00[39m[K
[34m                   # paths tracked: 177[39m[K
[34m   # non-singular solutions (real): 177 (9)[39m[K
[34m       # singular endpoints (real): 0 (0)[39m[K
[34m          # total solutions (real): 177 (9)[39m[K
[A
[A
[A
[A




[K[A
[K[A
[K[A
[K[A
[32mTracking 252 paths...  86%|ΓûêΓûêΓûêΓûêΓûêΓûêΓûêΓûêΓûêΓûêΓûêΓûêΓûêΓûêΓûêΓûêΓûêΓûêΓûêΓûêΓûêΓûêΓûêΓûêΓûê    |  ETA: 0:00:00[39m[K
[34m                   # paths tracked: 216[39m[K
[34m   # non-singular solutions (real): 216 (10)[39m[K
[34m       # singular endpoints (real): 0 (0)[39m[K
[34m          # total solutions (real): 216 (10)[39m[K
[A
[A
[A
[A




[K[A
[K[A
[K[A
[K[A
[32mTracking 252 paths... 100%|ΓûêΓûêΓûêΓûêΓûêΓûêΓûêΓûêΓûêΓûêΓûêΓûêΓûêΓûêΓûêΓûêΓûêΓûêΓûêΓûêΓûêΓûêΓûêΓûêΓûêΓûêΓûêΓûêΓûê| Time: 0:00:01[39m[K
[34m                   # paths tracked: 252[39m[K
[34m   # non-singular solutions (real): 252 (12)[39m[K
[34m       # singular endpoints (real): 0 (0)[39m[K
[34m          # total solutions (real): 252 (12)[39m[K

[32mTracking 252 paths...  23%|ΓûêΓûêΓûêΓûêΓûêΓûêΓûê                      |  ETA: 0:00:02[39m[K
[34m                   # paths tracked: 57[39m[K
[34m   # non-singular solutions (real): 57 (4)[39m[K
[34m       # singular endpoints (real): 0 (0)[39m[K
[34m          # total solutions (real): 57 (4)[39m[K
[A
[A
[A
[A




[K[A
[K[A
[K[A
[K[A
[32mTracking 252 paths...  36%|ΓûêΓûêΓûêΓûêΓûêΓûêΓûêΓûêΓûêΓûêΓûê                  |  ETA: 0:00:01[39m[K
[34m                   # paths tracked: 90[39m[K
[34m   # non-singular solutions (real): 90 (4)[39m[K
[34m       # singular endpoints (real): 0 (0)[39m[K
[34m          # total solutions (real): 90 (4)[39m[K
[A
[A
[A
[A




[K[A
[K[A
[K[A
[K[A
[32mTracking 252 paths...  52%|ΓûêΓûêΓûêΓûêΓûêΓûêΓûêΓûêΓûêΓûêΓûêΓûêΓûêΓûêΓûê              |  ETA: 0:00:01[39m[K
[34m                   # paths tracked: 130[39m[K
[34m   # non-singular solutions (real): 130 (5)[39m[K
[34m       # singular endpoints (real): 0 (0)[39m[K
[34m          # total solutions (real): 130 (5)[39m[K
[A
[A
[A
[A




[K[A
[K[A
[K[A
[K[A
[32mTracking 252 paths...  68%|ΓûêΓûêΓûêΓûêΓûêΓûêΓûêΓûêΓûêΓûêΓûêΓûêΓûêΓûêΓûêΓûêΓûêΓûêΓûêΓûê         |  ETA: 0:00:01[39m[K
[34m                   # paths tracked: 171[39m[K
[34m   # non-singular solutions (real): 171 (9)[39m[K
[34m       # singular endpoints (real): 0 (0)[39m[K
[34m          # total solutions (real): 171 (9)[39m[K
[A
[A
[A
[A




[K[A
[K[A
[K[A
[K[A
[32mTracking 252 paths...  83%|ΓûêΓûêΓûêΓûêΓûêΓûêΓûêΓûêΓûêΓûêΓûêΓûêΓûêΓûêΓûêΓûêΓûêΓûêΓûêΓûêΓûêΓûêΓûêΓûêΓûê    |  ETA: 0:00:00[39m[K
[34m                   # paths tracked: 210[39m[K
[34m   # non-singular solutions (real): 210 (9)[39m[K
[34m       # singular endpoints (real): 0 (0)[39m[K
[34m          # total solutions (real): 210 (9)[39m[K
[A
[A
[A
[A




[K[A
[K[A
[K[A
[K[A
[32mTracking 252 paths...  99%|ΓûêΓûêΓûêΓûêΓûêΓûêΓûêΓûêΓûêΓûêΓûêΓûêΓûêΓûêΓûêΓûêΓûêΓûêΓûêΓûêΓûêΓûêΓûêΓûêΓûêΓûêΓûêΓûêΓûê|  ETA: 0:00:00[39m[K
[34m                   # paths tracked: 251[39m[K
[34m   # non-singular solutions (real): 251 (12)[39m[K
[34m       # singular endpoints (real): 0 (0)[39m[K
[34m          # total solutions (real): 251 (12)[39m[K
[A
[A
[A
[A




[K[A
[K[A
[K[A
[K[A
[32mTracking 252 paths... 100%|ΓûêΓûêΓûêΓûêΓûêΓûêΓûêΓûêΓûêΓûêΓûêΓûêΓûêΓûêΓûêΓûêΓûêΓûêΓûêΓûêΓûêΓûêΓûêΓûêΓûêΓûêΓûêΓûêΓûê| Time: 0:00:01[39m[K
[34m                   # paths tracked: 252[39m[K
[34m   # non-singular solutions (real): 252 (12)[39m[K
[34m       # singular endpoints (real): 0 (0)[39m[K
[34m          # total solutions (real): 252 (12)[39m[K

[32mTracking 252 paths...  38%|ΓûêΓûêΓûêΓûêΓûêΓûêΓûêΓûêΓûêΓûêΓûêΓûê                 |  ETA: 0:00:01[39m[K
[34m                   # paths tracked: 97[39m[K
[34m   # non-singular solutions (real): 97 (4)[39m[K
[34m       # singular endpoints (real): 0 (0)[39m[K
[34m          # total solutions (real): 97 (4)[39m[K
[A
[A
[A
[A




[K[A
[K[A
[K[A
[K[A
[32mTracking 252 paths...  53%|ΓûêΓûêΓûêΓûêΓûêΓûêΓûêΓûêΓûêΓûêΓûêΓûêΓûêΓûêΓûêΓûê             |  ETA: 0:00:01[39m[K
[34m                   # paths tracked: 134[39m[K
[34m   # non-singular solutions (real): 134 (7)[39m[K
[34m       # singular endpoints (real): 0 (0)[39m[K
[34m          # total solutions (real): 134 (7)[39m[K
[A
[A
[A
[A




[K[A
[K[A
[K[A
[K[A
[32mTracking 252 paths...  69%|ΓûêΓûêΓûêΓûêΓûêΓûêΓûêΓûêΓûêΓûêΓûêΓûêΓûêΓûêΓûêΓûêΓûêΓûêΓûêΓûêΓûê        |  ETA: 0:00:00[39m[K
[34m                   # paths tracked: 174[39m[K
[34m   # non-singular solutions (real): 174 (10)[39m[K
[34m       # singular endpoints (real): 0 (0)[39m[K
[34m          # total solutions (real): 174 (10)[39m[K
[A
[A
[A
[A




[K[A
[K[A
[K[A
[K[A
[32mTracking 252 paths...  85%|ΓûêΓûêΓûêΓûêΓûêΓûêΓûêΓûêΓûêΓûêΓûêΓûêΓûêΓûêΓûêΓûêΓûêΓûêΓûêΓûêΓûêΓûêΓûêΓûêΓûê    |  ETA: 0:00:00[39m[K
[34m                   # paths tracked: 214[39m[K
[34m   # non-singular solutions (real): 214 (11)[39m[K
[34m       # singular endpoints (real): 0 (0)[39m[K
[34m          # total solutions (real): 214 (11)[39m[K
[A
[A
[A
[A




[K[A
[K[A
[K[A
[K[A
[32mTracking 252 paths...  99%|ΓûêΓûêΓûêΓûêΓûêΓûêΓûêΓûêΓûêΓûêΓûêΓûêΓûêΓûêΓûêΓûêΓûêΓûêΓûêΓûêΓûêΓûêΓûêΓûêΓûêΓûêΓûêΓûêΓûê|  ETA: 0:00:00[39m[K
[34m                   # paths tracked: 250[39m[K
[34m   # non-singular solutions (real): 250 (12)[39m[K
[34m       # singular endpoints (real): 0 (0)[39m[K
[34m          # total solutions (real): 250 (12)[39m[K
[A
[A
[A
[A




[K[A
[K[A
[K[A
[K[A
[32mTracking 252 paths... 100%|ΓûêΓûêΓûêΓûêΓûêΓûêΓûêΓûêΓûêΓûêΓûêΓûêΓûêΓûêΓûêΓûêΓûêΓûêΓûêΓûêΓûêΓûêΓûêΓûêΓûêΓûêΓûêΓûêΓûê| Time: 0:00:01[39m[K
[34m                   # paths tracked: 252[39m[K
[34m   # non-singular solutions (real): 252 (12)[39m[K
[34m       # singular endpoints (real): 0 (0)[39m[K
[34m          # total solutions (real): 252 (12)[39m[K

[32mTracking 252 paths...  35%|ΓûêΓûêΓûêΓûêΓûêΓûêΓûêΓûêΓûêΓûêΓûê                  |  ETA: 0:00:01[39m[K
[34m                   # paths tracked: 88[39m[K
[34m   # non-singular solutions (real): 88 (6)[39m[K
[34m       # singular endpoints (real): 0 (0)[39m[K
[34m          # total solutions (real): 88 (6)[39m[K
[A
[A
[A
[A




[K[A
[K[A
[K[A
[K[A
[32mTracking 252 paths...  49%|ΓûêΓûêΓûêΓûêΓûêΓûêΓûêΓûêΓûêΓûêΓûêΓûêΓûêΓûêΓûê              |  ETA: 0:00:01[39m[K
[34m                   # paths tracked: 123[39m[K
[34m   # non-singular solutions (real): 123 (6)[39m[K
[34m       # singular endpoints (real): 0 (0)[39m[K
[34m          # total solutions (real): 123 (6)[39m[K
[A
[A
[A
[A




[K[A
[K[A
[K[A
[K[A
[32mTracking 252 paths...  62%|ΓûêΓûêΓûêΓûêΓûêΓûêΓûêΓûêΓûêΓûêΓûêΓûêΓûêΓûêΓûêΓûêΓûêΓûê           |  ETA: 0:00:01[39m[K
[34m                   # paths tracked: 155[39m[K
[34m   # non-singular solutions (real): 155 (6)[39m[K
[34m       # singular endpoints (real): 0 (0)[39m[K
[34m          # total solutions (real): 155 (6)[39m[K
[A
[A
[A
[A




[K[A
[K[A
[K[A
[K[A
[32mTracking 252 paths...  75%|ΓûêΓûêΓûêΓûêΓûêΓûêΓûêΓûêΓûêΓûêΓûêΓûêΓûêΓûêΓûêΓûêΓûêΓûêΓûêΓûêΓûêΓûê       |  ETA: 0:00:00[39m[K
[34m                   # paths tracked: 188[39m[K
[34m   # non-singular solutions (real): 188 (7)[39m[K
[34m       # singular endpoints (real): 0 (0)[39m[K
[34m          # total solutions (real): 188 (7)[39m[K
[A
[A
[A
[A




[K[A
[K[A
[K[A
[K[A
[32mTracking 252 paths...  90%|ΓûêΓûêΓûêΓûêΓûêΓûêΓûêΓûêΓûêΓûêΓûêΓûêΓûêΓûêΓûêΓûêΓûêΓûêΓûêΓûêΓûêΓûêΓûêΓûêΓûêΓûêΓûê  |  ETA: 0:00:00[39m[K
[34m                   # paths tracked: 226[39m[K
[34m   # non-singular solutions (real): 226 (9)[39m[K
[34m       # singular endpoints (real): 0 (0)[39m[K
[34m          # total solutions (real): 226 (9)[39m[K
[A
[A
[A
[A




[K[A
[K[A
[K[A
[K[A
[32mTracking 252 paths... 100%|ΓûêΓûêΓûêΓûêΓûêΓûêΓûêΓûêΓûêΓûêΓûêΓûêΓûêΓûêΓûêΓûêΓûêΓûêΓûêΓûêΓûêΓûêΓûêΓûêΓûêΓûêΓûêΓûêΓûê| Time: 0:00:01[39m[K
[34m                   # paths tracked: 252[39m[K
[34m   # non-singular solutions (real): 252 (12)[39m[K
[34m       # singular endpoints (real): 0 (0)[39m[K
[34m          # total solutions (real): 252 (12)[39m[K

[32mTracking 252 paths...  41%|ΓûêΓûêΓûêΓûêΓûêΓûêΓûêΓûêΓûêΓûêΓûêΓûê                 |  ETA: 0:00:01[39m[K
[34m                   # paths tracked: 104[39m[K
[34m   # non-singular solutions (real): 104 (8)[39m[K
[34m       # singular endpoints (real): 0 (0)[39m[K
[34m          # total solutions (real): 104 (8)[39m[K
[A
[A
[A
[A




[K[A
[K[A
[K[A
[K[A
[32mTracking 252 paths...  57%|ΓûêΓûêΓûêΓûêΓûêΓûêΓûêΓûêΓûêΓûêΓûêΓûêΓûêΓûêΓûêΓûêΓûê            |  ETA: 0:00:01[39m[K
[34m                   # paths tracked: 143[39m[K
[34m   # non-singular solutions (real): 143 (9)[39m[K
[34m       # singular endpoints (real): 0 (0)[39m[K
[34m          # total solutions (real): 143 (9)[39m[K
[A
[A
[A
[A




[K[A
[K[A
[K[A
[K[A
[32mTracking 252 paths...  73%|ΓûêΓûêΓûêΓûêΓûêΓûêΓûêΓûêΓûêΓûêΓûêΓûêΓûêΓûêΓûêΓûêΓûêΓûêΓûêΓûêΓûêΓûê       |  ETA: 0:00:00[39m[K
[34m                   # paths tracked: 183[39m[K
[34m   # non-singular solutions (real): 183 (10)[39m[K
[34m       # singular endpoints (real): 0 (0)[39m[K
[34m          # total solutions (real): 183 (10)[39m[K
[A
[A
[A
[A




[K[A
[K[A
[K[A
[K[A
[32mTracking 252 paths...  90%|ΓûêΓûêΓûêΓûêΓûêΓûêΓûêΓûêΓûêΓûêΓûêΓûêΓûêΓûêΓûêΓûêΓûêΓûêΓûêΓûêΓûêΓûêΓûêΓûêΓûêΓûêΓûê  |  ETA: 0:00:00[39m[K
[34m                   # paths tracked: 227[39m[K
[34m   # non-singular solutions (real): 227 (11)[39m[K
[34m       # singular endpoints (real): 0 (0)[39m[K
[34m          # total solutions (real): 227 (11)[39m[K
[A
[A
[A
[A




[K[A
[K[A
[K[A
[K[A
[32mTracking 252 paths... 100%|ΓûêΓûêΓûêΓûêΓûêΓûêΓûêΓûêΓûêΓûêΓûêΓûêΓûêΓûêΓûêΓûêΓûêΓûêΓûêΓûêΓûêΓûêΓûêΓûêΓûêΓûêΓûêΓûêΓûê| Time: 0:00:01[39m[K
[34m                   # paths tracked: 252[39m[K
[34m   # non-singular solutions (real): 252 (12)[39m[K
[34m       # singular endpoints (real): 0 (0)[39m[K
[34m          # total solutions (real): 252 (12)[39m[K

[32mTracking 252 paths...  40%|ΓûêΓûêΓûêΓûêΓûêΓûêΓûêΓûêΓûêΓûêΓûêΓûê                 |  ETA: 0:00:01[39m[K
[34m                   # paths tracked: 100[39m[K
[34m   # non-singular solutions (real): 100 (4)[39m[K
[34m       # singular endpoints (real): 0 (0)[39m[K
[34m          # total solutions (real): 100 (4)[39m[K
[A
[A
[A
[A




[K[A
[K[A
[K[A
[K[A
[32mTracking 252 paths...  57%|ΓûêΓûêΓûêΓûêΓûêΓûêΓûêΓûêΓûêΓûêΓûêΓûêΓûêΓûêΓûêΓûêΓûê            |  ETA: 0:00:01[39m[K
[34m                   # paths tracked: 143[39m[K
[34m   # non-singular solutions (real): 143 (8)[39m[K
[34m       # singular endpoints (real): 0 (0)[39m[K
[34m          # total solutions (real): 143 (8)[39m[K
[A
[A
[A
[A




[K[A
[K[A
[K[A
[K[A
[32mTracking 252 paths...  74%|ΓûêΓûêΓûêΓûêΓûêΓûêΓûêΓûêΓûêΓûêΓûêΓûêΓûêΓûêΓûêΓûêΓûêΓûêΓûêΓûêΓûêΓûê       |  ETA: 0:00:00[39m[K
[34m                   # paths tracked: 187[39m[K
[34m   # non-singular solutions (real): 187 (10)[39m[K
[34m       # singular endpoints (real): 0 (0)[39m[K
[34m          # total solutions (real): 187 (10)[39m[K
[A
[A
[A
[A




[K[A
[K[A
[K[A
[K[A
[32mTracking 252 paths...  92%|ΓûêΓûêΓûêΓûêΓûêΓûêΓûêΓûêΓûêΓûêΓûêΓûêΓûêΓûêΓûêΓûêΓûêΓûêΓûêΓûêΓûêΓûêΓûêΓûêΓûêΓûêΓûê  |  ETA: 0:00:00[39m[K
[34m                   # paths tracked: 231[39m[K
[34m   # non-singular solutions (real): 231 (11)[39m[K
[34m       # singular endpoints (real): 0 (0)[39m[K
[34m          # total solutions (real): 231 (11)[39m[K
[A
[A
[A
[A




[K[A
[K[A
[K[A
[K[A
[32mTracking 252 paths... 100%|ΓûêΓûêΓûêΓûêΓûêΓûêΓûêΓûêΓûêΓûêΓûêΓûêΓûêΓûêΓûêΓûêΓûêΓûêΓûêΓûêΓûêΓûêΓûêΓûêΓûêΓûêΓûêΓûêΓûê| Time: 0:00:01[39m[K
[34m                   # paths tracked: 252[39m[K
[34m   # non-singular solutions (real): 252 (12)[39m[K
[34m       # singular endpoints (real): 0 (0)[39m[K
[34m          # total solutions (real): 252 (12)[39m[K

[32mTracking 252 paths...  41%|ΓûêΓûêΓûêΓûêΓûêΓûêΓûêΓûêΓûêΓûêΓûêΓûê                 |  ETA: 0:00:01[39m[K
[34m                   # paths tracked: 104[39m[K
[34m   # non-singular solutions (real): 104 (3)[39m[K
[34m       # singular endpoints (real): 0 (0)[39m[K
[34m          # total solutions (real): 104 (3)[39m[K
[A
[A
[A
[A




[K[A
[K[A
[K[A
[K[A
[32mTracking 252 paths...  58%|ΓûêΓûêΓûêΓûêΓûêΓûêΓûêΓûêΓûêΓûêΓûêΓûêΓûêΓûêΓûêΓûêΓûê            |  ETA: 0:00:01[39m[K
[34m                   # paths tracked: 147[39m[K
[34m   # non-singular solutions (real): 147 (4)[39m[K
[34m       # singular endpoints (real): 0 (0)[39m[K
[34m          # total solutions (real): 147 (4)[39m[K
[A
[A
[A
[A




[K[A
[K[A
[K[A
[K[A
[32mTracking 252 paths...  76%|ΓûêΓûêΓûêΓûêΓûêΓûêΓûêΓûêΓûêΓûêΓûêΓûêΓûêΓûêΓûêΓûêΓûêΓûêΓûêΓûêΓûêΓûê       |  ETA: 0:00:00[39m[K
[34m                   # paths tracked: 191[39m[K
[34m   # non-singular solutions (real): 191 (9)[39m[K
[34m       # singular endpoints (real): 0 (0)[39m[K
[34m          # total solutions (real): 191 (9)[39m[K
[A
[A
[A
[A




[K[A
[K[A
[K[A
[K[A
[32mTracking 252 paths...  94%|ΓûêΓûêΓûêΓûêΓûêΓûêΓûêΓûêΓûêΓûêΓûêΓûêΓûêΓûêΓûêΓûêΓûêΓûêΓûêΓûêΓûêΓûêΓûêΓûêΓûêΓûêΓûêΓûê |  ETA: 0:00:00[39m[K
[34m                   # paths tracked: 236[39m[K
[34m   # non-singular solutions (real): 236 (10)[39m[K
[34m       # singular endpoints (real): 0 (0)[39m[K
[34m          # total solutions (real): 236 (10)[39m[K
[A
[A
[A
[A




[K[A
[K[A
[K[A
[K[A
[32mTracking 252 paths... 100%|ΓûêΓûêΓûêΓûêΓûêΓûêΓûêΓûêΓûêΓûêΓûêΓûêΓûêΓûêΓûêΓûêΓûêΓûêΓûêΓûêΓûêΓûêΓûêΓûêΓûêΓûêΓûêΓûêΓûê| Time: 0:00:01[39m[K
[34m                   # paths tracked: 252[39m[K
[34m   # non-singular solutions (real): 252 (12)[39m[K
[34m       # singular endpoints (real): 0 (0)[39m[K
[34m          # total solutions (real): 252 (12)[39m[K

[32mTracking 252 paths...  38%|ΓûêΓûêΓûêΓûêΓûêΓûêΓûêΓûêΓûêΓûêΓûê                  |  ETA: 0:00:01[39m[K
[34m                   # paths tracked: 95[39m[K
[34m   # non-singular solutions (real): 95 (3)[39m[K
[34m       # singular endpoints (real): 0 (0)[39m[K
[34m          # total solutions (real): 95 (3)[39m[K
[A
[A
[A
[A




[K[A
[K[A
[K[A
[K[A
[32mTracking 252 paths...  52%|ΓûêΓûêΓûêΓûêΓûêΓûêΓûêΓûêΓûêΓûêΓûêΓûêΓûêΓûêΓûêΓûê             |  ETA: 0:00:01[39m[K
[34m                   # paths tracked: 132[39m[K
[34m   # non-singular solutions (real): 132 (5)[39m[K
[34m       # singular endpoints (real): 0 (0)[39m[K
[34m          # total solutions (real): 132 (5)[39m[K
[A
[A
[A
[A




[K[A
[K[A
[K[A
[K[A
[32mTracking 252 paths...  67%|ΓûêΓûêΓûêΓûêΓûêΓûêΓûêΓûêΓûêΓûêΓûêΓûêΓûêΓûêΓûêΓûêΓûêΓûêΓûêΓûê         |  ETA: 0:00:00[39m[K
[34m                   # paths tracked: 169[39m[K
[34m   # non-singular solutions (real): 169 (8)[39m[K
[34m       # singular endpoints (real): 0 (0)[39m[K
[34m          # total solutions (real): 169 (8)[39m[K
[A
[A
[A
[A




[K[A
[K[A
[K[A
[K[A
[32mTracking 252 paths...  82%|ΓûêΓûêΓûêΓûêΓûêΓûêΓûêΓûêΓûêΓûêΓûêΓûêΓûêΓûêΓûêΓûêΓûêΓûêΓûêΓûêΓûêΓûêΓûêΓûê     |  ETA: 0:00:00[39m[K
[34m                   # paths tracked: 206[39m[K
[34m   # non-singular solutions (real): 206 (10)[39m[K
[34m       # singular endpoints (real): 0 (0)[39m[K
[34m          # total solutions (real): 206 (10)[39m[K
[A
[A
[A
[A




[K[A
[K[A
[K[A
[K[A
[32mTracking 252 paths...  97%|ΓûêΓûêΓûêΓûêΓûêΓûêΓûêΓûêΓûêΓûêΓûêΓûêΓûêΓûêΓûêΓûêΓûêΓûêΓûêΓûêΓûêΓûêΓûêΓûêΓûêΓûêΓûêΓûêΓûê|  ETA: 0:00:00[39m[K
[34m                   # paths tracked: 245[39m[K
[34m   # non-singular solutions (real): 245 (12)[39m[K
[34m       # singular endpoints (real): 0 (0)[39m[K
[34m          # total solutions (real): 245 (12)[39m[K
[A
[A
[A
[A




[K[A
[K[A
[K[A
[K[A
[32mTracking 252 paths... 100%|ΓûêΓûêΓûêΓûêΓûêΓûêΓûêΓûêΓûêΓûêΓûêΓûêΓûêΓûêΓûêΓûêΓûêΓûêΓûêΓûêΓûêΓûêΓûêΓûêΓûêΓûêΓûêΓûêΓûê| Time: 0:00:01[39m[K
[34m                   # paths tracked: 252[39m[K
[34m   # non-singular solutions (real): 252 (12)[39m[K
[34m       # singular endpoints (real): 0 (0)[39m[K
[34m          # total solutions (real): 252 (12)[39m[K

[32mTracking 252 paths...  38%|ΓûêΓûêΓûêΓûêΓûêΓûêΓûêΓûêΓûêΓûêΓûêΓûê                 |  ETA: 0:00:01[39m[K
[34m                   # paths tracked: 96[39m[K
[34m   # non-singular solutions (real): 96 (4)[39m[K
[34m       # singular endpoints (real): 0 (0)[39m[K
[34m          # total solutions (real): 96 (4)[39m[K
[A
[A
[A
[A




[K[A
[K[A
[K[A
[K[A
[32mTracking 252 paths...  54%|ΓûêΓûêΓûêΓûêΓûêΓûêΓûêΓûêΓûêΓûêΓûêΓûêΓûêΓûêΓûêΓûê             |  ETA: 0:00:01[39m[K
[34m                   # paths tracked: 137[39m[K
[34m   # non-singular solutions (real): 137 (7)[39m[K
[34m       # singular endpoints (real): 0 (0)[39m[K
[34m          # total solutions (real): 137 (7)[39m[K
[A
[A
[A
[A




[K[A
[K[A
[K[A
[K[A
[32mTracking 252 paths...  70%|ΓûêΓûêΓûêΓûêΓûêΓûêΓûêΓûêΓûêΓûêΓûêΓûêΓûêΓûêΓûêΓûêΓûêΓûêΓûêΓûêΓûê        |  ETA: 0:00:00[39m[K
[34m                   # paths tracked: 176[39m[K
[34m   # non-singular solutions (real): 176 (8)[39m[K
[34m       # singular endpoints (real): 0 (0)[39m[K
[34m          # total solutions (real): 176 (8)[39m[K
[A
[A
[A
[A




[K[A
[K[A
[K[A
[K[A
[32mTracking 252 paths...  85%|ΓûêΓûêΓûêΓûêΓûêΓûêΓûêΓûêΓûêΓûêΓûêΓûêΓûêΓûêΓûêΓûêΓûêΓûêΓûêΓûêΓûêΓûêΓûêΓûêΓûê    |  ETA: 0:00:00[39m[K
[34m                   # paths tracked: 214[39m[K
[34m   # non-singular solutions (real): 214 (11)[39m[K
[34m       # singular endpoints (real): 0 (0)[39m[K
[34m          # total solutions (real): 214 (11)[39m[K
[A
[A
[A
[A




[K[A
[K[A
[K[A
[K[A
[32mTracking 252 paths... 100%|ΓûêΓûêΓûêΓûêΓûêΓûêΓûêΓûêΓûêΓûêΓûêΓûêΓûêΓûêΓûêΓûêΓûêΓûêΓûêΓûêΓûêΓûêΓûêΓûêΓûêΓûêΓûêΓûêΓûê| Time: 0:00:01[39m[K
[34m                   # paths tracked: 252[39m[K
[34m   # non-singular solutions (real): 252 (12)[39m[K
[34m       # singular endpoints (real): 0 (0)[39m[K
[34m          # total solutions (real): 252 (12)[39m[K

[32mTracking 252 paths...  39%|ΓûêΓûêΓûêΓûêΓûêΓûêΓûêΓûêΓûêΓûêΓûêΓûê                 |  ETA: 0:00:01[39m[K
[34m                   # paths tracked: 99[39m[K
[34m   # non-singular solutions (real): 99 (6)[39m[K
[34m       # singular endpoints (real): 0 (0)[39m[K
[34m          # total solutions (real): 99 (6)[39m[K
[A
[A
[A
[A




[K[A
[K[A
[K[A
[K[A
[32mTracking 252 paths...  55%|ΓûêΓûêΓûêΓûêΓûêΓûêΓûêΓûêΓûêΓûêΓûêΓûêΓûêΓûêΓûêΓûê             |  ETA: 0:00:01[39m[K
[34m                   # paths tracked: 138[39m[K
[34m   # non-singular solutions (real): 138 (7)[39m[K
[34m       # singular endpoints (real): 0 (0)[39m[K
[34m          # total solutions (real): 138 (7)[39m[K
[A
[A
[A
[A




[K[A
[K[A
[K[A
[K[A
[32mTracking 252 paths...  71%|ΓûêΓûêΓûêΓûêΓûêΓûêΓûêΓûêΓûêΓûêΓûêΓûêΓûêΓûêΓûêΓûêΓûêΓûêΓûêΓûêΓûê        |  ETA: 0:00:00[39m[K
[34m                   # paths tracked: 179[39m[K
[34m   # non-singular solutions (real): 179 (8)[39m[K
[34m       # singular endpoints (real): 0 (0)[39m[K
[34m          # total solutions (real): 179 (8)[39m[K
[A
[A
[A
[A




[K[A
[K[A
[K[A
[K[A
[32mTracking 252 paths...  85%|ΓûêΓûêΓûêΓûêΓûêΓûêΓûêΓûêΓûêΓûêΓûêΓûêΓûêΓûêΓûêΓûêΓûêΓûêΓûêΓûêΓûêΓûêΓûêΓûêΓûê    |  ETA: 0:00:00[39m[K
[34m                   # paths tracked: 215[39m[K
[34m   # non-singular solutions (real): 215 (10)[39m[K
[34m       # singular endpoints (real): 0 (0)[39m[K
[34m          # total solutions (real): 215 (10)[39m[K
[A
[A
[A
[A




[K[A
[K[A
[K[A
[K[A
[32mTracking 252 paths... 100%|ΓûêΓûêΓûêΓûêΓûêΓûêΓûêΓûêΓûêΓûêΓûêΓûêΓûêΓûêΓûêΓûêΓûêΓûêΓûêΓûêΓûêΓûêΓûêΓûêΓûêΓûêΓûêΓûêΓûê| Time: 0:00:01[39m[K
[34m                   # paths tracked: 252[39m[K
[34m   # non-singular solutions (real): 252 (12)[39m[K
[34m       # singular endpoints (real): 0 (0)[39m[K
[34m          # total solutions (real): 252 (12)[39m[K

[32mTracking 252 paths...  37%|ΓûêΓûêΓûêΓûêΓûêΓûêΓûêΓûêΓûêΓûêΓûê                  |  ETA: 0:00:01[39m[K
[34m                   # paths tracked: 92[39m[K
[34m   # non-singular solutions (real): 92 (6)[39m[K
[34m       # singular endpoints (real): 0 (0)[39m[K
[34m          # total solutions (real): 92 (6)[39m[K
[A
[A
[A
[A




[K[A
[K[A
[K[A
[K[A
[32mTracking 252 paths...  52%|ΓûêΓûêΓûêΓûêΓûêΓûêΓûêΓûêΓûêΓûêΓûêΓûêΓûêΓûêΓûêΓûê             |  ETA: 0:00:01[39m[K
[34m                   # paths tracked: 132[39m[K
[34m   # non-singular solutions (real): 132 (9)[39m[K
[34m       # singular endpoints (real): 0 (0)[39m[K
[34m          # total solutions (real): 132 (9)[39m[K
[A
[A
[A
[A




[K[A
[K[A
[K[A
[K[A
[32mTracking 252 paths...  67%|ΓûêΓûêΓûêΓûêΓûêΓûêΓûêΓûêΓûêΓûêΓûêΓûêΓûêΓûêΓûêΓûêΓûêΓûêΓûêΓûê         |  ETA: 0:00:00[39m[K
[34m                   # paths tracked: 170[39m[K
[34m   # non-singular solutions (real): 170 (9)[39m[K
[34m       # singular endpoints (real): 0 (0)[39m[K
[34m          # total solutions (real): 170 (9)[39m[K
[A
[A
[A
[A




[K[A
[K[A
[K[A
[K[A
[32mTracking 252 paths...  84%|ΓûêΓûêΓûêΓûêΓûêΓûêΓûêΓûêΓûêΓûêΓûêΓûêΓûêΓûêΓûêΓûêΓûêΓûêΓûêΓûêΓûêΓûêΓûêΓûêΓûê    |  ETA: 0:00:00[39m[K
[34m                   # paths tracked: 211[39m[K
[34m   # non-singular solutions (real): 211 (11)[39m[K
[34m       # singular endpoints (real): 0 (0)[39m[K
[34m          # total solutions (real): 211 (11)[39m[K
[A
[A
[A
[A




[K[A
[K[A
[K[A
[K[A
[32mTracking 252 paths...  98%|ΓûêΓûêΓûêΓûêΓûêΓûêΓûêΓûêΓûêΓûêΓûêΓûêΓûêΓûêΓûêΓûêΓûêΓûêΓûêΓûêΓûêΓûêΓûêΓûêΓûêΓûêΓûêΓûêΓûê|  ETA: 0:00:00[39m[K
[34m                   # paths tracked: 248[39m[K
[34m   # non-singular solutions (real): 248 (12)[39m[K
[34m       # singular endpoints (real): 0 (0)[39m[K
[34m          # total solutions (real): 248 (12)[39m[K
[A
[A
[A
[A




[K[A
[K[A
[K[A
[K[A
[32mTracking 252 paths... 100%|ΓûêΓûêΓûêΓûêΓûêΓûêΓûêΓûêΓûêΓûêΓûêΓûêΓûêΓûêΓûêΓûêΓûêΓûêΓûêΓûêΓûêΓûêΓûêΓûêΓûêΓûêΓûêΓûêΓûê| Time: 0:00:01[39m[K
[34m                   # paths tracked: 252[39m[K
[34m   # non-singular solutions (real): 252 (12)[39m[K
[34m       # singular endpoints (real): 0 (0)[39m[K
[34m          # total solutions (real): 252 (12)[39m[K

[32mTracking 252 paths...  43%|ΓûêΓûêΓûêΓûêΓûêΓûêΓûêΓûêΓûêΓûêΓûêΓûêΓûê                |  ETA: 0:00:01[39m[K
[34m                   # paths tracked: 108[39m[K
[34m   # non-singular solutions (real): 108 (3)[39m[K
[34m       # singular endpoints (real): 0 (0)[39m[K
[34m          # total solutions (real): 108 (3)[39m[K
[A
[A
[A
[A




[K[A
[K[A
[K[A
[K[A
[32mTracking 252 paths...  59%|ΓûêΓûêΓûêΓûêΓûêΓûêΓûêΓûêΓûêΓûêΓûêΓûêΓûêΓûêΓûêΓûêΓûêΓûê           |  ETA: 0:00:01[39m[K
[34m                   # paths tracked: 148[39m[K
[34m   # non-singular solutions (real): 148 (5)[39m[K
[34m       # singular endpoints (real): 0 (0)[39m[K
[34m          # total solutions (real): 148 (5)[39m[K
[A
[A
[A
[A




[K[A
[K[A
[K[A
[K[A
[32mTracking 252 paths...  76%|ΓûêΓûêΓûêΓûêΓûêΓûêΓûêΓûêΓûêΓûêΓûêΓûêΓûêΓûêΓûêΓûêΓûêΓûêΓûêΓûêΓûêΓûê       |  ETA: 0:00:00[39m[K
[34m                   # paths tracked: 191[39m[K
[34m   # non-singular solutions (real): 191 (9)[39m[K
[34m       # singular endpoints (real): 0 (0)[39m[K
[34m          # total solutions (real): 191 (9)[39m[K
[A
[A
[A
[A




[K[A
[K[A
[K[A
[K[A
[32mTracking 252 paths...  91%|ΓûêΓûêΓûêΓûêΓûêΓûêΓûêΓûêΓûêΓûêΓûêΓûêΓûêΓûêΓûêΓûêΓûêΓûêΓûêΓûêΓûêΓûêΓûêΓûêΓûêΓûêΓûê  |  ETA: 0:00:00[39m[K
[34m                   # paths tracked: 230[39m[K
[34m   # non-singular solutions (real): 230 (11)[39m[K
[34m       # singular endpoints (real): 0 (0)[39m[K
[34m          # total solutions (real): 230 (11)[39m[K
[A
[A
[A
[A




[K[A
[K[A
[K[A
[K[A
[32mTracking 252 paths... 100%|ΓûêΓûêΓûêΓûêΓûêΓûêΓûêΓûêΓûêΓûêΓûêΓûêΓûêΓûêΓûêΓûêΓûêΓûêΓûêΓûêΓûêΓûêΓûêΓûêΓûêΓûêΓûêΓûêΓûê| Time: 0:00:01[39m[K
[34m                   # paths tracked: 252[39m[K
[34m   # non-singular solutions (real): 252 (12)[39m[K
[34m       # singular endpoints (real): 0 (0)[39m[K
[34m          # total solutions (real): 252 (12)[39m[K

[32mTracking 252 paths...  33%|ΓûêΓûêΓûêΓûêΓûêΓûêΓûêΓûêΓûêΓûê                   |  ETA: 0:00:01[39m[K
[34m                   # paths tracked: 83[39m[K
[34m   # non-singular solutions (real): 83 (2)[39m[K
[34m       # singular endpoints (real): 0 (0)[39m[K
[34m          # total solutions (real): 83 (2)[39m[K
[A
[A
[A
[A




[K[A
[K[A
[K[A
[K[A
[32mTracking 252 paths...  49%|ΓûêΓûêΓûêΓûêΓûêΓûêΓûêΓûêΓûêΓûêΓûêΓûêΓûêΓûêΓûê              |  ETA: 0:00:01[39m[K
[34m                   # paths tracked: 123[39m[K
[34m   # non-singular solutions (real): 123 (4)[39m[K
[34m       # singular endpoints (real): 0 (0)[39m[K
[34m          # total solutions (real): 123 (4)[39m[K
[A
[A
[A
[A




[K[A
[K[A
[K[A
[K[A
[32mTracking 252 paths...  65%|ΓûêΓûêΓûêΓûêΓûêΓûêΓûêΓûêΓûêΓûêΓûêΓûêΓûêΓûêΓûêΓûêΓûêΓûêΓûê          |  ETA: 0:00:01[39m[K
[34m                   # paths tracked: 165[39m[K
[34m   # non-singular solutions (real): 165 (6)[39m[K
[34m       # singular endpoints (real): 0 (0)[39m[K
[34m          # total solutions (real): 165 (6)[39m[K
[A
[A
[A
[A




[K[A
[K[A
[K[A
[K[A
[32mTracking 252 paths...  81%|ΓûêΓûêΓûêΓûêΓûêΓûêΓûêΓûêΓûêΓûêΓûêΓûêΓûêΓûêΓûêΓûêΓûêΓûêΓûêΓûêΓûêΓûêΓûêΓûê     |  ETA: 0:00:00[39m[K
[34m                   # paths tracked: 205[39m[K
[34m   # non-singular solutions (real): 205 (9)[39m[K
[34m       # singular endpoints (real): 0 (0)[39m[K
[34m          # total solutions (real): 205 (9)[39m[K
[A
[A
[A
[A




[K[A
[K[A
[K[A
[K[A
[32mTracking 252 paths...  99%|ΓûêΓûêΓûêΓûêΓûêΓûêΓûêΓûêΓûêΓûêΓûêΓûêΓûêΓûêΓûêΓûêΓûêΓûêΓûêΓûêΓûêΓûêΓûêΓûêΓûêΓûêΓûêΓûêΓûê|  ETA: 0:00:00[39m[K
[34m                   # paths tracked: 250[39m[K
[34m   # non-singular solutions (real): 250 (12)[39m[K
[34m       # singular endpoints (real): 0 (0)[39m[K
[34m          # total solutions (real): 250 (12)[39m[K
[A
[A
[A
[A




[K[A
[K[A
[K[A
[K[A
[32mTracking 252 paths... 100%|ΓûêΓûêΓûêΓûêΓûêΓûêΓûêΓûêΓûêΓûêΓûêΓûêΓûêΓûêΓûêΓûêΓûêΓûêΓûêΓûêΓûêΓûêΓûêΓûêΓûêΓûêΓûêΓûêΓûê| Time: 0:00:01[39m[K
[34m                   # paths tracked: 252[39m[K
[34m   # non-singular solutions (real): 252 (12)[39m[K
[34m       # singular endpoints (real): 0 (0)[39m[K
[34m          # total solutions (real): 252 (12)[39m[K

[32mTracking 252 paths...  33%|ΓûêΓûêΓûêΓûêΓûêΓûêΓûêΓûêΓûêΓûê                   |  ETA: 0:00:01[39m[K
[34m                   # paths tracked: 83[39m[K
[34m   # non-singular solutions (real): 83 (4)[39m[K
[34m       # singular endpoints (real): 0 (0)[39m[K
[34m          # total solutions (real): 83 (4)[39m[K
[A
[A
[A
[A




[K[A
[K[A
[K[A
[K[A
[32mTracking 252 paths...  46%|ΓûêΓûêΓûêΓûêΓûêΓûêΓûêΓûêΓûêΓûêΓûêΓûêΓûêΓûê               |  ETA: 0:00:01[39m[K
[34m                   # paths tracked: 117[39m[K
[34m   # non-singular solutions (real): 117 (5)[39m[K
[34m       # singular endpoints (real): 0 (0)[39m[K
[34m          # total solutions (real): 117 (5)[39m[K
[A
[A
[A
[A




[K[A
[K[A
[K[A
[K[A
[32mTracking 252 paths...  63%|ΓûêΓûêΓûêΓûêΓûêΓûêΓûêΓûêΓûêΓûêΓûêΓûêΓûêΓûêΓûêΓûêΓûêΓûêΓûê          |  ETA: 0:00:01[39m[K
[34m                   # paths tracked: 159[39m[K
[34m   # non-singular solutions (real): 159 (7)[39m[K
[34m       # singular endpoints (real): 0 (0)[39m[K
[34m          # total solutions (real): 159 (7)[39m[K
[A
[A
[A
[A




[K[A
[K[A
[K[A
[K[A
[32mTracking 252 paths...  79%|ΓûêΓûêΓûêΓûêΓûêΓûêΓûêΓûêΓûêΓûêΓûêΓûêΓûêΓûêΓûêΓûêΓûêΓûêΓûêΓûêΓûêΓûêΓûê      |  ETA: 0:00:00[39m[K
[34m                   # paths tracked: 199[39m[K
[34m   # non-singular solutions (real): 199 (9)[39m[K
[34m       # singular endpoints (real): 0 (0)[39m[K
[34m          # total solutions (real): 199 (9)[39m[K
[A
[A
[A
[A




[K[A
[K[A
[K[A
[K[A
[32mTracking 252 paths...  96%|ΓûêΓûêΓûêΓûêΓûêΓûêΓûêΓûêΓûêΓûêΓûêΓûêΓûêΓûêΓûêΓûêΓûêΓûêΓûêΓûêΓûêΓûêΓûêΓûêΓûêΓûêΓûêΓûê |  ETA: 0:00:00[39m[K
[34m                   # paths tracked: 243[39m[K
[34m   # non-singular solutions (real): 243 (12)[39m[K
[34m       # singular endpoints (real): 0 (0)[39m[K
[34m          # total solutions (real): 243 (12)[39m[K
[A
[A
[A
[A




[K[A
[K[A
[K[A
[K[A
[32mTracking 252 paths... 100%|ΓûêΓûêΓûêΓûêΓûêΓûêΓûêΓûêΓûêΓûêΓûêΓûêΓûêΓûêΓûêΓûêΓûêΓûêΓûêΓûêΓûêΓûêΓûêΓûêΓûêΓûêΓûêΓûêΓûê| Time: 0:00:01[39m[K
[34m                   # paths tracked: 252[39m[K
[34m   # non-singular solutions (real): 252 (12)[39m[K
[34m       # singular endpoints (real): 0 (0)[39m[K
[34m          # total solutions (real): 252 (12)[39m[K

[32mComputing mixed cells... 2    Time: 0:00:00[39m[K
[34m   mixed_volume: 2[39m[K
[A

[K[A
[32mComputing mixed cells... 167    Time: 0:00:00[39m[K
[34m   mixed_volume: 252[39m[K

[32mTracking 252 paths...  37%|ΓûêΓûêΓûêΓûêΓûêΓûêΓûêΓûêΓûêΓûêΓûê                  |  ETA: 0:00:01[39m[K
[34m                   # paths tracked: 92[39m[K
[34m   # non-singular solutions (real): 92 (5)[39m[K
[34m       # singular endpoints (real): 0 (0)[39m[K
[34m          # total solutions (real): 92 (5)[39m[K
[A
[A
[A
[A




[K[A
[K[A
[K[A
[K[A
[32mTracking 252 paths...  51%|ΓûêΓûêΓûêΓûêΓûêΓûêΓûêΓûêΓûêΓûêΓûêΓûêΓûêΓûêΓûê              |  ETA: 0:00:01[39m[K
[34m                   # paths tracked: 128[39m[K
[34m   # non-singular solutions (real): 128 (7)[39m[K
[34m       # singular endpoints (real): 0 (0)[39m[K
[34m          # total solutions (real): 128 (7)[39m[K
[A
[A
[A
[A




[K[A
[K[A
[K[A
[K[A
[32mTracking 252 paths...  64%|ΓûêΓûêΓûêΓûêΓûêΓûêΓûêΓûêΓûêΓûêΓûêΓûêΓûêΓûêΓûêΓûêΓûêΓûêΓûê          |  ETA: 0:00:01[39m[K
[34m                   # paths tracked: 162[39m[K
[34m   # non-singular solutions (real): 162 (7)[39m[K
[34m       # singular endpoints (real): 0 (0)[39m[K
[34m          # total solutions (real): 162 (7)[39m[K
[A
[A
[A
[A




[K[A
[K[A
[K[A
[K[A
[32mTracking 252 paths...  78%|ΓûêΓûêΓûêΓûêΓûêΓûêΓûêΓûêΓûêΓûêΓûêΓûêΓûêΓûêΓûêΓûêΓûêΓûêΓûêΓûêΓûêΓûêΓûê      |  ETA: 0:00:00[39m[K
[34m                   # paths tracked: 197[39m[K
[34m   # non-singular solutions (real): 197 (9)[39m[K
[34m       # singular endpoints (real): 0 (0)[39m[K
[34m          # total solutions (real): 197 (9)[39m[K
[A
[A
[A
[A




[K[A
[K[A
[K[A
[K[A
[32mTracking 252 paths...  93%|ΓûêΓûêΓûêΓûêΓûêΓûêΓûêΓûêΓûêΓûêΓûêΓûêΓûêΓûêΓûêΓûêΓûêΓûêΓûêΓûêΓûêΓûêΓûêΓûêΓûêΓûêΓûêΓûê |  ETA: 0:00:00[39m[K
[34m                   # paths tracked: 235[39m[K
[34m   # non-singular solutions (real): 235 (12)[39m[K
[34m       # singular endpoints (real): 0 (0)[39m[K
[34m          # total solutions (real): 235 (12)[39m[K
[A
[A
[A
[A




[K[A
[K[A
[K[A
[K[A
[32mTracking 252 paths... 100%|ΓûêΓûêΓûêΓûêΓûêΓûêΓûêΓûêΓûêΓûêΓûêΓûêΓûêΓûêΓûêΓûêΓûêΓûêΓûêΓûêΓûêΓûêΓûêΓûêΓûêΓûêΓûêΓûêΓûê| Time: 0:00:01[39m[K
[34m                   # paths tracked: 252[39m[K
[34m   # non-singular solutions (real): 252 (12)[39m[K
[34m       # singular endpoints (real): 0 (0)[39m[K
[34m          # total solutions (real): 252 (12)[39m[K

[32mTracking 252 paths...  36%|ΓûêΓûêΓûêΓûêΓûêΓûêΓûêΓûêΓûêΓûêΓûê                  |  ETA: 0:00:01[39m[K
[34m                   # paths tracked: 91[39m[K
[34m   # non-singular solutions (real): 91 (2)[39m[K
[34m       # singular endpoints (real): 0 (0)[39m[K
[34m          # total solutions (real): 91 (2)[39m[K
[A
[A
[A
[A




[K[A
[K[A
[K[A
[K[A
[32mTracking 252 paths...  50%|ΓûêΓûêΓûêΓûêΓûêΓûêΓûêΓûêΓûêΓûêΓûêΓûêΓûêΓûêΓûê              |  ETA: 0:00:01[39m[K
[34m                   # paths tracked: 126[39m[K
[34m   # non-singular solutions (real): 126 (6)[39m[K
[34m       # singular endpoints (real): 0 (0)[39m[K
[34m          # total solutions (real): 126 (6)[39m[K
[A
[A
[A
[A




[K[A
[K[A
[K[A
[K[A
[32mTracking 252 paths...  66%|ΓûêΓûêΓûêΓûêΓûêΓûêΓûêΓûêΓûêΓûêΓûêΓûêΓûêΓûêΓûêΓûêΓûêΓûêΓûêΓûê         |  ETA: 0:00:00[39m[K
[34m                   # paths tracked: 166[39m[K
[34m   # non-singular solutions (real): 166 (8)[39m[K
[34m       # singular endpoints (real): 0 (0)[39m[K
[34m          # total solutions (real): 166 (8)[39m[K
[A
[A
[A
[A




[K[A
[K[A
[K[A
[K[A
[32mTracking 252 paths...  79%|ΓûêΓûêΓûêΓûêΓûêΓûêΓûêΓûêΓûêΓûêΓûêΓûêΓûêΓûêΓûêΓûêΓûêΓûêΓûêΓûêΓûêΓûêΓûê      |  ETA: 0:00:00[39m[K
[34m                   # paths tracked: 199[39m[K
[34m   # non-singular solutions (real): 199 (10)[39m[K
[34m       # singular endpoints (real): 0 (0)[39m[K
[34m          # total solutions (real): 199 (10)[39m[K
[A
[A
[A
[A




[K[A
[K[A
[K[A
[K[A
[32mTracking 252 paths...  94%|ΓûêΓûêΓûêΓûêΓûêΓûêΓûêΓûêΓûêΓûêΓûêΓûêΓûêΓûêΓûêΓûêΓûêΓûêΓûêΓûêΓûêΓûêΓûêΓûêΓûêΓûêΓûêΓûê |  ETA: 0:00:00[39m[K
[34m                   # paths tracked: 238[39m[K
[34m   # non-singular solutions (real): 238 (11)[39m[K
[34m       # singular endpoints (real): 0 (0)[39m[K
[34m          # total solutions (real): 238 (11)[39m[K
[A
[A
[A
[A




[K[A
[K[A
[K[A
[K[A
[32mTracking 252 paths... 100%|ΓûêΓûêΓûêΓûêΓûêΓûêΓûêΓûêΓûêΓûêΓûêΓûêΓûêΓûêΓûêΓûêΓûêΓûêΓûêΓûêΓûêΓûêΓûêΓûêΓûêΓûêΓûêΓûêΓûê| Time: 0:00:01[39m[K
[34m                   # paths tracked: 252[39m[K
[34m   # non-singular solutions (real): 252 (12)[39m[K
[34m       # singular endpoints (real): 0 (0)[39m[K
[34m          # total solutions (real): 252 (12)[39m[K

[32mTracking 252 paths...  38%|ΓûêΓûêΓûêΓûêΓûêΓûêΓûêΓûêΓûêΓûêΓûêΓûê                 |  ETA: 0:00:01[39m[K
[34m                   # paths tracked: 97[39m[K
[34m   # non-singular solutions (real): 97 (5)[39m[K
[34m       # singular endpoints (real): 0 (0)[39m[K
[34m          # total solutions (real): 97 (5)[39m[K
[A
[A
[A
[A




[K[A
[K[A
[K[A
[K[A
[32mTracking 252 paths...  55%|ΓûêΓûêΓûêΓûêΓûêΓûêΓûêΓûêΓûêΓûêΓûêΓûêΓûêΓûêΓûêΓûê             |  ETA: 0:00:01[39m[K
[34m                   # paths tracked: 139[39m[K
[34m   # non-singular solutions (real): 139 (6)[39m[K
[34m       # singular endpoints (real): 0 (0)[39m[K
[34m          # total solutions (real): 139 (6)[39m[K
[A
[A
[A
[A




[K[A
[K[A
[K[A
[K[A
[32mTracking 252 paths...  70%|ΓûêΓûêΓûêΓûêΓûêΓûêΓûêΓûêΓûêΓûêΓûêΓûêΓûêΓûêΓûêΓûêΓûêΓûêΓûêΓûêΓûê        |  ETA: 0:00:00[39m[K
[34m                   # paths tracked: 177[39m[K
[34m   # non-singular solutions (real): 177 (9)[39m[K
[34m       # singular endpoints (real): 0 (0)[39m[K
[34m          # total solutions (real): 177 (9)[39m[K
[A
[A
[A
[A




[K[A
[K[A
[K[A
[K[A
[32mTracking 252 paths...  85%|ΓûêΓûêΓûêΓûêΓûêΓûêΓûêΓûêΓûêΓûêΓûêΓûêΓûêΓûêΓûêΓûêΓûêΓûêΓûêΓûêΓûêΓûêΓûêΓûêΓûê    |  ETA: 0:00:00[39m[K
[34m                   # paths tracked: 215[39m[K
[34m   # non-singular solutions (real): 215 (11)[39m[K
[34m       # singular endpoints (real): 0 (0)[39m[K
[34m          # total solutions (real): 215 (11)[39m[K
[A
[A
[A
[A




[K[A
[K[A
[K[A
[K[A
[32mTracking 252 paths...  99%|ΓûêΓûêΓûêΓûêΓûêΓûêΓûêΓûêΓûêΓûêΓûêΓûêΓûêΓûêΓûêΓûêΓûêΓûêΓûêΓûêΓûêΓûêΓûêΓûêΓûêΓûêΓûêΓûêΓûê|  ETA: 0:00:00[39m[K
[34m                   # paths tracked: 251[39m[K
[34m   # non-singular solutions (real): 251 (12)[39m[K
[34m       # singular endpoints (real): 0 (0)[39m[K
[34m          # total solutions (real): 251 (12)[39m[K
[A
[A
[A
[A




[K[A
[K[A
[K[A
[K[A
[32mTracking 252 paths... 100%|ΓûêΓûêΓûêΓûêΓûêΓûêΓûêΓûêΓûêΓûêΓûêΓûêΓûêΓûêΓûêΓûêΓûêΓûêΓûêΓûêΓûêΓûêΓûêΓûêΓûêΓûêΓûêΓûêΓûê| Time: 0:00:01[39m[K
[34m                   # paths tracked: 252[39m[K
[34m   # non-singular solutions (real): 252 (12)[39m[K
[34m       # singular endpoints (real): 0 (0)[39m[K
[34m          # total solutions (real): 252 (12)[39m[K

[32mTracking 252 paths...  40%|ΓûêΓûêΓûêΓûêΓûêΓûêΓûêΓûêΓûêΓûêΓûêΓûê                 |  ETA: 0:00:01[39m[K
[34m                   # paths tracked: 102[39m[K
[34m   # non-singular solutions (real): 102 (3)[39m[K
[34m       # singular endpoints (real): 0 (0)[39m[K
[34m          # total solutions (real): 102 (3)[39m[K
[A
[A
[A
[A




[K[A
[K[A
[K[A
[K[A
[32mTracking 252 paths...  56%|ΓûêΓûêΓûêΓûêΓûêΓûêΓûêΓûêΓûêΓûêΓûêΓûêΓûêΓûêΓûêΓûêΓûê            |  ETA: 0:00:01[39m[K
[34m                   # paths tracked: 140[39m[K
[34m   # non-singular solutions (real): 140 (4)[39m[K
[34m       # singular endpoints (real): 0 (0)[39m[K
[34m          # total solutions (real): 140 (4)[39m[K
[A
[A
[A
[A




[K[A
[K[A
[K[A
[K[A
[32mTracking 252 paths...  70%|ΓûêΓûêΓûêΓûêΓûêΓûêΓûêΓûêΓûêΓûêΓûêΓûêΓûêΓûêΓûêΓûêΓûêΓûêΓûêΓûêΓûê        |  ETA: 0:00:00[39m[K
[34m                   # paths tracked: 177[39m[K
[34m   # non-singular solutions (real): 177 (6)[39m[K
[34m       # singular endpoints (real): 0 (0)[39m[K
[34m          # total solutions (real): 177 (6)[39m[K
[A
[A
[A
[A




[K[A
[K[A
[K[A
[K[A
[32mTracking 252 paths...  85%|ΓûêΓûêΓûêΓûêΓûêΓûêΓûêΓûêΓûêΓûêΓûêΓûêΓûêΓûêΓûêΓûêΓûêΓûêΓûêΓûêΓûêΓûêΓûêΓûêΓûê    |  ETA: 0:00:00[39m[K
[34m                   # paths tracked: 215[39m[K
[34m   # non-singular solutions (real): 215 (9)[39m[K
[34m       # singular endpoints (real): 0 (0)[39m[K
[34m          # total solutions (real): 215 (9)[39m[K
[A
[A
[A
[A




[K[A
[K[A
[K[A
[K[A
[32mTracking 252 paths... 100%|ΓûêΓûêΓûêΓûêΓûêΓûêΓûêΓûêΓûêΓûêΓûêΓûêΓûêΓûêΓûêΓûêΓûêΓûêΓûêΓûêΓûêΓûêΓûêΓûêΓûêΓûêΓûêΓûêΓûê| Time: 0:00:01[39m[K
[34m                   # paths tracked: 252[39m[K
[34m   # non-singular solutions (real): 252 (12)[39m[K
[34m       # singular endpoints (real): 0 (0)[39m[K
[34m          # total solutions (real): 252 (12)[39m[K

[32mTracking 252 paths...  43%|ΓûêΓûêΓûêΓûêΓûêΓûêΓûêΓûêΓûêΓûêΓûêΓûêΓûê                |  ETA: 0:00:01[39m[K
[34m                   # paths tracked: 109[39m[K
[34m   # non-singular solutions (real): 109 (4)[39m[K
[34m       # singular endpoints (real): 0 (0)[39m[K
[34m          # total solutions (real): 109 (4)[39m[K
[A
[A
[A
[A




[K[A
[K[A
[K[A
[K[A
[32mTracking 252 paths...  60%|ΓûêΓûêΓûêΓûêΓûêΓûêΓûêΓûêΓûêΓûêΓûêΓûêΓûêΓûêΓûêΓûêΓûêΓûê           |  ETA: 0:00:00[39m[K
[34m                   # paths tracked: 150[39m[K
[34m   # non-singular solutions (real): 150 (7)[39m[K
[34m       # singular endpoints (real): 0 (0)[39m[K
[34m          # total solutions (real): 150 (7)[39m[K
[A
[A
[A
[A




[K[A
[K[A
[K[A
[K[A
[32mTracking 252 paths...  76%|ΓûêΓûêΓûêΓûêΓûêΓûêΓûêΓûêΓûêΓûêΓûêΓûêΓûêΓûêΓûêΓûêΓûêΓûêΓûêΓûêΓûêΓûê       |  ETA: 0:00:00[39m[K
[34m                   # paths tracked: 191[39m[K
[34m   # non-singular solutions (real): 191 (7)[39m[K
[34m       # singular endpoints (real): 0 (0)[39m[K
[34m          # total solutions (real): 191 (7)[39m[K
[A
[A
[A
[A




[K[A
[K[A
[K[A
[K[A
[32mTracking 252 paths...  92%|ΓûêΓûêΓûêΓûêΓûêΓûêΓûêΓûêΓûêΓûêΓûêΓûêΓûêΓûêΓûêΓûêΓûêΓûêΓûêΓûêΓûêΓûêΓûêΓûêΓûêΓûêΓûê  |  ETA: 0:00:00[39m[K
[34m                   # paths tracked: 233[39m[K
[34m   # non-singular solutions (real): 233 (9)[39m[K
[34m       # singular endpoints (real): 0 (0)[39m[K
[34m          # total solutions (real): 233 (9)[39m[K
[A
[A
[A
[A




[K[A
[K[A
[K[A
[K[A
[32mTracking 252 paths... 100%|ΓûêΓûêΓûêΓûêΓûêΓûêΓûêΓûêΓûêΓûêΓûêΓûêΓûêΓûêΓûêΓûêΓûêΓûêΓûêΓûêΓûêΓûêΓûêΓûêΓûêΓûêΓûêΓûêΓûê| Time: 0:00:01[39m[K
[34m                   # paths tracked: 252[39m[K
[34m   # non-singular solutions (real): 252 (12)[39m[K
[34m       # singular endpoints (real): 0 (0)[39m[K
[34m          # total solutions (real): 252 (12)[39m[K

[32mTracking 252 paths...  41%|ΓûêΓûêΓûêΓûêΓûêΓûêΓûêΓûêΓûêΓûêΓûêΓûê                 |  ETA: 0:00:01[39m[K
[34m                   # paths tracked: 103[39m[K
[34m   # non-singular solutions (real): 103 (4)[39m[K
[34m       # singular endpoints (real): 0 (0)[39m[K
[34m          # total solutions (real): 103 (4)[39m[K
[A
[A
[A
[A




[K[A
[K[A
[K[A
[K[A
[32mTracking 252 paths...  59%|ΓûêΓûêΓûêΓûêΓûêΓûêΓûêΓûêΓûêΓûêΓûêΓûêΓûêΓûêΓûêΓûêΓûêΓûê           |  ETA: 0:00:00[39m[K
[34m                   # paths tracked: 149[39m[K
[34m   # non-singular solutions (real): 149 (8)[39m[K
[34m       # singular endpoints (real): 0 (0)[39m[K
[34m          # total solutions (real): 149 (8)[39m[K
[A
[A
[A
[A




[K[A
[K[A
[K[A
[K[A
[32mTracking 252 paths...  77%|ΓûêΓûêΓûêΓûêΓûêΓûêΓûêΓûêΓûêΓûêΓûêΓûêΓûêΓûêΓûêΓûêΓûêΓûêΓûêΓûêΓûêΓûêΓûê      |  ETA: 0:00:00[39m[K
[34m                   # paths tracked: 194[39m[K
[34m   # non-singular solutions (real): 194 (11)[39m[K
[34m       # singular endpoints (real): 0 (0)[39m[K
[34m          # total solutions (real): 194 (11)[39m[K
[A
[A
[A
[A




[K[A
[K[A
[K[A
[K[A
[32mTracking 252 paths...  95%|ΓûêΓûêΓûêΓûêΓûêΓûêΓûêΓûêΓûêΓûêΓûêΓûêΓûêΓûêΓûêΓûêΓûêΓûêΓûêΓûêΓûêΓûêΓûêΓûêΓûêΓûêΓûêΓûê |  ETA: 0:00:00[39m[K
[34m                   # paths tracked: 239[39m[K
[34m   # non-singular solutions (real): 239 (12)[39m[K
[34m       # singular endpoints (real): 0 (0)[39m[K
[34m          # total solutions (real): 239 (12)[39m[K
[A
[A
[A
[A




[K[A
[K[A
[K[A
[K[A
[32mTracking 252 paths... 100%|ΓûêΓûêΓûêΓûêΓûêΓûêΓûêΓûêΓûêΓûêΓûêΓûêΓûêΓûêΓûêΓûêΓûêΓûêΓûêΓûêΓûêΓûêΓûêΓûêΓûêΓûêΓûêΓûêΓûê| Time: 0:00:01[39m[K
[34m                   # paths tracked: 252[39m[K
[34m   # non-singular solutions (real): 252 (12)[39m[K
[34m       # singular endpoints (real): 0 (0)[39m[K
[34m          # total solutions (real): 252 (12)[39m[K

[32mTracking 252 paths...  35%|ΓûêΓûêΓûêΓûêΓûêΓûêΓûêΓûêΓûêΓûêΓûê                  |  ETA: 0:00:01[39m[K
[34m                   # paths tracked: 88[39m[K
[34m   # non-singular solutions (real): 88 (5)[39m[K
[34m       # singular endpoints (real): 0 (0)[39m[K
[34m          # total solutions (real): 88 (5)[39m[K
[A
[A
[A
[A




[K[A
[K[A
[K[A
[K[A
[32mTracking 252 paths...  48%|ΓûêΓûêΓûêΓûêΓûêΓûêΓûêΓûêΓûêΓûêΓûêΓûêΓûêΓûêΓûê              |  ETA: 0:00:01[39m[K
[34m                   # paths tracked: 122[39m[K
[34m   # non-singular solutions (real): 122 (5)[39m[K
[34m       # singular endpoints (real): 0 (0)[39m[K
[34m          # total solutions (real): 122 (5)[39m[K
[A
[A
[A
[A




[K[A
[K[A
[K[A
[K[A
[32mTracking 252 paths...  62%|ΓûêΓûêΓûêΓûêΓûêΓûêΓûêΓûêΓûêΓûêΓûêΓûêΓûêΓûêΓûêΓûêΓûêΓûê           |  ETA: 0:00:01[39m[K
[34m                   # paths tracked: 155[39m[K
[34m   # non-singular solutions (real): 155 (8)[39m[K
[34m       # singular endpoints (real): 0 (0)[39m[K
[34m          # total solutions (real): 155 (8)[39m[K
[A
[A
[A
[A




[K[A
[K[A
[K[A
[K[A
[32mTracking 252 paths...  75%|ΓûêΓûêΓûêΓûêΓûêΓûêΓûêΓûêΓûêΓûêΓûêΓûêΓûêΓûêΓûêΓûêΓûêΓûêΓûêΓûêΓûêΓûê       |  ETA: 0:00:00[39m[K
[34m                   # paths tracked: 189[39m[K
[34m   # non-singular solutions (real): 189 (12)[39m[K
[34m       # singular endpoints (real): 0 (0)[39m[K
[34m          # total solutions (real): 189 (12)[39m[K
[A
[A
[A
[A




[K[A
[K[A
[K[A
[K[A
[32mTracking 252 paths...  87%|ΓûêΓûêΓûêΓûêΓûêΓûêΓûêΓûêΓûêΓûêΓûêΓûêΓûêΓûêΓûêΓûêΓûêΓûêΓûêΓûêΓûêΓûêΓûêΓûêΓûêΓûê   |  ETA: 0:00:00[39m[K
[34m                   # paths tracked: 218[39m[K
[34m   # non-singular solutions (real): 218 (12)[39m[K
[34m       # singular endpoints (real): 0 (0)[39m[K
[34m          # total solutions (real): 218 (12)[39m[K
[A
[A
[A
[A




[K[A
[K[A
[K[A
[K[A
[32mTracking 252 paths... 100%|ΓûêΓûêΓûêΓûêΓûêΓûêΓûêΓûêΓûêΓûêΓûêΓûêΓûêΓûêΓûêΓûêΓûêΓûêΓûêΓûêΓûêΓûêΓûêΓûêΓûêΓûêΓûêΓûêΓûê| Time: 0:00:01[39m[K
[34m                   # paths tracked: 252[39m[K
[34m   # non-singular solutions (real): 252 (12)[39m[K
[34m       # singular endpoints (real): 0 (0)[39m[K
[34m          # total solutions (real): 252 (12)[39m[K

[32mTracking 252 paths...  34%|ΓûêΓûêΓûêΓûêΓûêΓûêΓûêΓûêΓûêΓûê                   |  ETA: 0:00:01[39m[K
[34m                   # paths tracked: 86[39m[K
[34m   # non-singular solutions (real): 86 (5)[39m[K
[34m       # singular endpoints (real): 0 (0)[39m[K
[34m          # total solutions (real): 86 (5)[39m[K
[A
[A
[A
[A




[K[A
[K[A
[K[A
[K[A
[32mTracking 252 paths...  50%|ΓûêΓûêΓûêΓûêΓûêΓûêΓûêΓûêΓûêΓûêΓûêΓûêΓûêΓûêΓûê              |  ETA: 0:00:01[39m[K
[34m                   # paths tracked: 125[39m[K
[34m   # non-singular solutions (real): 125 (6)[39m[K
[34m       # singular endpoints (real): 0 (0)[39m[K
[34m          # total solutions (real): 125 (6)[39m[K
[A
[A
[A
[A




[K[A
[K[A
[K[A
[K[A
[32mTracking 252 paths...  64%|ΓûêΓûêΓûêΓûêΓûêΓûêΓûêΓûêΓûêΓûêΓûêΓûêΓûêΓûêΓûêΓûêΓûêΓûêΓûê          |  ETA: 0:00:01[39m[K
[34m                   # paths tracked: 161[39m[K
[34m   # non-singular solutions (real): 161 (9)[39m[K
[34m       # singular endpoints (real): 0 (0)[39m[K
[34m          # total solutions (real): 161 (9)[39m[K
[A
[A
[A
[A




[K[A
[K[A
[K[A
[K[A
[32mTracking 252 paths...  79%|ΓûêΓûêΓûêΓûêΓûêΓûêΓûêΓûêΓûêΓûêΓûêΓûêΓûêΓûêΓûêΓûêΓûêΓûêΓûêΓûêΓûêΓûêΓûê      |  ETA: 0:00:00[39m[K
[34m                   # paths tracked: 199[39m[K
[34m   # non-singular solutions (real): 199 (9)[39m[K
[34m       # singular endpoints (real): 0 (0)[39m[K
[34m          # total solutions (real): 199 (9)[39m[K
[A
[A
[A
[A




[K[A
[K[A
[K[A
[K[A
[32mTracking 252 paths...  94%|ΓûêΓûêΓûêΓûêΓûêΓûêΓûêΓûêΓûêΓûêΓûêΓûêΓûêΓûêΓûêΓûêΓûêΓûêΓûêΓûêΓûêΓûêΓûêΓûêΓûêΓûêΓûêΓûê |  ETA: 0:00:00[39m[K
[34m                   # paths tracked: 238[39m[K
[34m   # non-singular solutions (real): 238 (11)[39m[K
[34m       # singular endpoints (real): 0 (0)[39m[K
[34m          # total solutions (real): 238 (11)[39m[K
[A
[A
[A
[A




[K[A
[K[A
[K[A
[K[A
[32mTracking 252 paths... 100%|ΓûêΓûêΓûêΓûêΓûêΓûêΓûêΓûêΓûêΓûêΓûêΓûêΓûêΓûêΓûêΓûêΓûêΓûêΓûêΓûêΓûêΓûêΓûêΓûêΓûêΓûêΓûêΓûêΓûê| Time: 0:00:01[39m[K
[34m                   # paths tracked: 252[39m[K
[34m   # non-singular solutions (real): 252 (12)[39m[K
[34m       # singular endpoints (real): 0 (0)[39m[K
[34m          # total solutions (real): 252 (12)[39m[K

[32mTracking 252 paths...  37%|ΓûêΓûêΓûêΓûêΓûêΓûêΓûêΓûêΓûêΓûêΓûê                  |  ETA: 0:00:01[39m[K
[34m                   # paths tracked: 93[39m[K
[34m   # non-singular solutions (real): 93 (4)[39m[K
[34m       # singular endpoints (real): 0 (0)[39m[K
[34m          # total solutions (real): 93 (4)[39m[K
[A
[A
[A
[A




[K[A
[K[A
[K[A
[K[A
[32mTracking 252 paths...  54%|ΓûêΓûêΓûêΓûêΓûêΓûêΓûêΓûêΓûêΓûêΓûêΓûêΓûêΓûêΓûêΓûê             |  ETA: 0:00:01[39m[K
[34m                   # paths tracked: 136[39m[K
[34m   # non-singular solutions (real): 136 (5)[39m[K
[34m       # singular endpoints (real): 0 (0)[39m[K
[34m          # total solutions (real): 136 (5)[39m[K
[A
[A
[A
[A




[K[A
[K[A
[K[A
[K[A
[32mTracking 252 paths...  71%|ΓûêΓûêΓûêΓûêΓûêΓûêΓûêΓûêΓûêΓûêΓûêΓûêΓûêΓûêΓûêΓûêΓûêΓûêΓûêΓûêΓûê        |  ETA: 0:00:00[39m[K
[34m                   # paths tracked: 179[39m[K
[34m   # non-singular solutions (real): 179 (8)[39m[K
[34m       # singular endpoints (real): 0 (0)[39m[K
[34m          # total solutions (real): 179 (8)[39m[K
[A
[A
[A
[A




[K[A
[K[A
[K[A
[K[A
[32mTracking 252 paths...  81%|ΓûêΓûêΓûêΓûêΓûêΓûêΓûêΓûêΓûêΓûêΓûêΓûêΓûêΓûêΓûêΓûêΓûêΓûêΓûêΓûêΓûêΓûêΓûêΓûê     |  ETA: 0:00:00[39m[K
[34m                   # paths tracked: 203[39m[K
[34m   # non-singular solutions (real): 203 (10)[39m[K
[34m       # singular endpoints (real): 0 (0)[39m[K
[34m          # total solutions (real): 203 (10)[39m[K
[A
[A
[A
[A




[K[A
[K[A
[K[A
[K[A
[32mTracking 252 paths... 100%|ΓûêΓûêΓûêΓûêΓûêΓûêΓûêΓûêΓûêΓûêΓûêΓûêΓûêΓûêΓûêΓûêΓûêΓûêΓûêΓûêΓûêΓûêΓûêΓûêΓûêΓûêΓûêΓûêΓûê| Time: 0:00:01[39m[K
[34m                   # paths tracked: 252[39m[K
[34m   # non-singular solutions (real): 252 (12)[39m[K
[34m       # singular endpoints (real): 0 (0)[39m[K
[34m          # total solutions (real): 252 (12)[39m[K

[32mTracking 252 paths...  37%|ΓûêΓûêΓûêΓûêΓûêΓûêΓûêΓûêΓûêΓûêΓûê                  |  ETA: 0:00:01[39m[K
[34m                   # paths tracked: 94[39m[K
[34m   # non-singular solutions (real): 94 (4)[39m[K
[34m       # singular endpoints (real): 0 (0)[39m[K
[34m          # total solutions (real): 94 (4)[39m[K
[A
[A
[A
[A




[K[A
[K[A
[K[A
[K[A
[32mTracking 252 paths...  52%|ΓûêΓûêΓûêΓûêΓûêΓûêΓûêΓûêΓûêΓûêΓûêΓûêΓûêΓûêΓûêΓûê             |  ETA: 0:00:01[39m[K
[34m                   # paths tracked: 131[39m[K
[34m   # non-singular solutions (real): 131 (6)[39m[K
[34m       # singular endpoints (real): 0 (0)[39m[K
[34m          # total solutions (real): 131 (6)[39m[K
[A
[A
[A
[A




[K[A
[K[A
[K[A
[K[A
[32mTracking 252 paths...  67%|ΓûêΓûêΓûêΓûêΓûêΓûêΓûêΓûêΓûêΓûêΓûêΓûêΓûêΓûêΓûêΓûêΓûêΓûêΓûêΓûê         |  ETA: 0:00:00[39m[K
[34m                   # paths tracked: 168[39m[K
[34m   # non-singular solutions (real): 168 (6)[39m[K
[34m       # singular endpoints (real): 0 (0)[39m[K
[34m          # total solutions (real): 168 (6)[39m[K
[A
[A
[A
[A




[K[A
[K[A
[K[A
[K[A
[32mTracking 252 paths...  83%|ΓûêΓûêΓûêΓûêΓûêΓûêΓûêΓûêΓûêΓûêΓûêΓûêΓûêΓûêΓûêΓûêΓûêΓûêΓûêΓûêΓûêΓûêΓûêΓûê     |  ETA: 0:00:00[39m[K
[34m                   # paths tracked: 208[39m[K
[34m   # non-singular solutions (real): 208 (8)[39m[K
[34m       # singular endpoints (real): 0 (0)[39m[K
[34m          # total solutions (real): 208 (8)[39m[K
[A
[A
[A
[A




[K[A
[K[A
[K[A
[K[A
[32mTracking 252 paths...  98%|ΓûêΓûêΓûêΓûêΓûêΓûêΓûêΓûêΓûêΓûêΓûêΓûêΓûêΓûêΓûêΓûêΓûêΓûêΓûêΓûêΓûêΓûêΓûêΓûêΓûêΓûêΓûêΓûêΓûê|  ETA: 0:00:00[39m[K
[34m                   # paths tracked: 247[39m[K
[34m   # non-singular solutions (real): 247 (12)[39m[K
[34m       # singular endpoints (real): 0 (0)[39m[K
[34m          # total solutions (real): 247 (12)[39m[K
[A
[A
[A
[A




[K[A
[K[A
[K[A
[K[A
[32mTracking 252 paths... 100%|ΓûêΓûêΓûêΓûêΓûêΓûêΓûêΓûêΓûêΓûêΓûêΓûêΓûêΓûêΓûêΓûêΓûêΓûêΓûêΓûêΓûêΓûêΓûêΓûêΓûêΓûêΓûêΓûêΓûê| Time: 0:00:01[39m[K
[34m                   # paths tracked: 252[39m[K
[34m   # non-singular solutions (real): 252 (12)[39m[K
[34m       # singular endpoints (real): 0 (0)[39m[K
[34m          # total solutions (real): 252 (12)[39m[K

[32mTracking 252 paths...  37%|ΓûêΓûêΓûêΓûêΓûêΓûêΓûêΓûêΓûêΓûêΓûê                  |  ETA: 0:00:01[39m[K
[34m                   # paths tracked: 94[39m[K
[34m   # non-singular solutions (real): 94 (4)[39m[K
[34m       # singular endpoints (real): 0 (0)[39m[K
[34m          # total solutions (real): 94 (4)[39m[K
[A
[A
[A
[A




[K[A
[K[A
[K[A
[K[A
[32mTracking 252 paths...  52%|ΓûêΓûêΓûêΓûêΓûêΓûêΓûêΓûêΓûêΓûêΓûêΓûêΓûêΓûêΓûêΓûê             |  ETA: 0:00:01[39m[K
[34m                   # paths tracked: 132[39m[K
[34m   # non-singular solutions (real): 132 (5)[39m[K
[34m       # singular endpoints (real): 0 (0)[39m[K
[34m          # total solutions (real): 132 (5)[39m[K
[A
[A
[A
[A




[K[A
[K[A
[K[A
[K[A
[32mTracking 252 paths...  69%|ΓûêΓûêΓûêΓûêΓûêΓûêΓûêΓûêΓûêΓûêΓûêΓûêΓûêΓûêΓûêΓûêΓûêΓûêΓûêΓûê         |  ETA: 0:00:00[39m[K
[34m                   # paths tracked: 173[39m[K
[34m   # non-singular solutions (real): 173 (6)[39m[K
[34m       # singular endpoints (real): 0 (0)[39m[K
[34m          # total solutions (real): 173 (6)[39m[K
[A
[A
[A
[A




[K[A
[K[A
[K[A
[K[A
[32mTracking 252 paths...  84%|ΓûêΓûêΓûêΓûêΓûêΓûêΓûêΓûêΓûêΓûêΓûêΓûêΓûêΓûêΓûêΓûêΓûêΓûêΓûêΓûêΓûêΓûêΓûêΓûêΓûê    |  ETA: 0:00:00[39m[K
[34m                   # paths tracked: 211[39m[K
[34m   # non-singular solutions (real): 211 (8)[39m[K
[34m       # singular endpoints (real): 0 (0)[39m[K
[34m          # total solutions (real): 211 (8)[39m[K
[A
[A
[A
[A




[K[A
[K[A
[K[A
[K[A
[32mTracking 252 paths...  99%|ΓûêΓûêΓûêΓûêΓûêΓûêΓûêΓûêΓûêΓûêΓûêΓûêΓûêΓûêΓûêΓûêΓûêΓûêΓûêΓûêΓûêΓûêΓûêΓûêΓûêΓûêΓûêΓûêΓûê|  ETA: 0:00:00[39m[K
[34m                   # paths tracked: 249[39m[K
[34m   # non-singular solutions (real): 249 (10)[39m[K
[34m       # singular endpoints (real): 0 (0)[39m[K
[34m          # total solutions (real): 249 (10)[39m[K
[A
[A
[A
[A




[K[A
[K[A
[K[A
[K[A
[32mTracking 252 paths... 100%|ΓûêΓûêΓûêΓûêΓûêΓûêΓûêΓûêΓûêΓûêΓûêΓûêΓûêΓûêΓûêΓûêΓûêΓûêΓûêΓûêΓûêΓûêΓûêΓûêΓûêΓûêΓûêΓûêΓûê| Time: 0:00:01[39m[K
[34m                   # paths tracked: 252[39m[K
[34m   # non-singular solutions (real): 252 (12)[39m[K
[34m       # singular endpoints (real): 0 (0)[39m[K
[34m          # total solutions (real): 252 (12)[39m[K

[32mTracking 252 paths...  39%|ΓûêΓûêΓûêΓûêΓûêΓûêΓûêΓûêΓûêΓûêΓûêΓûê                 |  ETA: 0:00:01[39m[K
[34m                   # paths tracked: 99[39m[K
[34m   # non-singular solutions (real): 99 (4)[39m[K
[34m       # singular endpoints (real): 0 (0)[39m[K
[34m          # total solutions (real): 99 (4)[39m[K
[A
[A
[A
[A




[K[A
[K[A
[K[A
[K[A
[32mTracking 252 paths...  55%|ΓûêΓûêΓûêΓûêΓûêΓûêΓûêΓûêΓûêΓûêΓûêΓûêΓûêΓûêΓûêΓûê             |  ETA: 0:00:01[39m[K
[34m                   # paths tracked: 139[39m[K
[34m   # non-singular solutions (real): 139 (7)[39m[K
[34m       # singular endpoints (real): 0 (0)[39m[K
[34m          # total solutions (real): 139 (7)[39m[K
[A
[A
[A
[A




[K[A
[K[A
[K[A
[K[A
[32mTracking 252 paths...  72%|ΓûêΓûêΓûêΓûêΓûêΓûêΓûêΓûêΓûêΓûêΓûêΓûêΓûêΓûêΓûêΓûêΓûêΓûêΓûêΓûêΓûê        |  ETA: 0:00:00[39m[K
[34m                   # paths tracked: 182[39m[K
[34m   # non-singular solutions (real): 182 (8)[39m[K
[34m       # singular endpoints (real): 0 (0)[39m[K
[34m          # total solutions (real): 182 (8)[39m[K
[A
[A
[A
[A




[K[A
[K[A
[K[A
[K[A
[32mTracking 252 paths...  89%|ΓûêΓûêΓûêΓûêΓûêΓûêΓûêΓûêΓûêΓûêΓûêΓûêΓûêΓûêΓûêΓûêΓûêΓûêΓûêΓûêΓûêΓûêΓûêΓûêΓûêΓûê   |  ETA: 0:00:00[39m[K
[34m                   # paths tracked: 224[39m[K
[34m   # non-singular solutions (real): 224 (10)[39m[K
[34m       # singular endpoints (real): 0 (0)[39m[K
[34m          # total solutions (real): 224 (10)[39m[K
[A
[A
[A
[A




[K[A
[K[A
[K[A
[K[A
[32mTracking 252 paths... 100%|ΓûêΓûêΓûêΓûêΓûêΓûêΓûêΓûêΓûêΓûêΓûêΓûêΓûêΓûêΓûêΓûêΓûêΓûêΓûêΓûêΓûêΓûêΓûêΓûêΓûêΓûêΓûêΓûêΓûê| Time: 0:00:01[39m[K
[34m                   # paths tracked: 252[39m[K
[34m   # non-singular solutions (real): 252 (12)[39m[K
[34m       # singular endpoints (real): 0 (0)[39m[K
[34m          # total solutions (real): 252 (12)[39m[K

[32mTracking 252 paths...  37%|ΓûêΓûêΓûêΓûêΓûêΓûêΓûêΓûêΓûêΓûêΓûê                  |  ETA: 0:00:01[39m[K
[34m                   # paths tracked: 92[39m[K
[34m   # non-singular solutions (real): 92 (3)[39m[K
[34m       # singular endpoints (real): 0 (0)[39m[K
[34m          # total solutions (real): 92 (3)[39m[K
[A
[A
[A
[A




[K[A
[K[A
[K[A
[K[A
[32mTracking 252 paths...  50%|ΓûêΓûêΓûêΓûêΓûêΓûêΓûêΓûêΓûêΓûêΓûêΓûêΓûêΓûêΓûê              |  ETA: 0:00:01[39m[K
[34m                   # paths tracked: 125[39m[K
[34m   # non-singular solutions (real): 125 (9)[39m[K
[34m       # singular endpoints (real): 0 (0)[39m[K
[34m          # total solutions (real): 125 (9)[39m[K
[A
[A
[A
[A




[K[A
[K[A
[K[A
[K[A
[32mTracking 252 paths...  62%|ΓûêΓûêΓûêΓûêΓûêΓûêΓûêΓûêΓûêΓûêΓûêΓûêΓûêΓûêΓûêΓûêΓûêΓûê           |  ETA: 0:00:01[39m[K
[34m                   # paths tracked: 156[39m[K
[34m   # non-singular solutions (real): 156 (9)[39m[K
[34m       # singular endpoints (real): 0 (0)[39m[K
[34m          # total solutions (real): 156 (9)[39m[K
[A
[A
[A
[A




[K[A
[K[A
[K[A
[K[A
[32mTracking 252 paths...  77%|ΓûêΓûêΓûêΓûêΓûêΓûêΓûêΓûêΓûêΓûêΓûêΓûêΓûêΓûêΓûêΓûêΓûêΓûêΓûêΓûêΓûêΓûêΓûê      |  ETA: 0:00:00[39m[K
[34m                   # paths tracked: 193[39m[K
[34m   # non-singular solutions (real): 193 (9)[39m[K
[34m       # singular endpoints (real): 0 (0)[39m[K
[34m          # total solutions (real): 193 (9)[39m[K
[A
[A
[A
[A




[K[A
[K[A
[K[A
[K[A
[32mTracking 252 paths...  90%|ΓûêΓûêΓûêΓûêΓûêΓûêΓûêΓûêΓûêΓûêΓûêΓûêΓûêΓûêΓûêΓûêΓûêΓûêΓûêΓûêΓûêΓûêΓûêΓûêΓûêΓûêΓûê  |  ETA: 0:00:00[39m[K
[34m                   # paths tracked: 226[39m[K
[34m   # non-singular solutions (real): 226 (10)[39m[K
[34m       # singular endpoints (real): 0 (0)[39m[K
[34m          # total solutions (real): 226 (10)[39m[K
[A
[A
[A
[A




[K[A
[K[A
[K[A
[K[A
[32mTracking 252 paths... 100%|ΓûêΓûêΓûêΓûêΓûêΓûêΓûêΓûêΓûêΓûêΓûêΓûêΓûêΓûêΓûêΓûêΓûêΓûêΓûêΓûêΓûêΓûêΓûêΓûêΓûêΓûêΓûêΓûêΓûê| Time: 0:00:01[39m[K
[34m                   # paths tracked: 252[39m[K
[34m   # non-singular solutions (real): 252 (12)[39m[K
[34m       # singular endpoints (real): 0 (0)[39m[K
[34m          # total solutions (real): 252 (12)[39m[K

[32mTracking 252 paths...  33%|ΓûêΓûêΓûêΓûêΓûêΓûêΓûêΓûêΓûêΓûê                   |  ETA: 0:00:01[39m[K
[34m                   # paths tracked: 82[39m[K
[34m   # non-singular solutions (real): 82 (2)[39m[K
[34m       # singular endpoints (real): 0 (0)[39m[K
[34m          # total solutions (real): 82 (2)[39m[K
[A
[A
[A
[A




[K[A
[K[A
[K[A
[K[A
[32mTracking 252 paths...  47%|ΓûêΓûêΓûêΓûêΓûêΓûêΓûêΓûêΓûêΓûêΓûêΓûêΓûêΓûê               |  ETA: 0:00:01[39m[K
[34m                   # paths tracked: 119[39m[K
[34m   # non-singular solutions (real): 119 (4)[39m[K
[34m       # singular endpoints (real): 0 (0)[39m[K
[34m          # total solutions (real): 119 (4)[39m[K
[A
[A
[A
[A




[K[A
[K[A
[K[A
[K[A
[32mTracking 252 paths...  63%|ΓûêΓûêΓûêΓûêΓûêΓûêΓûêΓûêΓûêΓûêΓûêΓûêΓûêΓûêΓûêΓûêΓûêΓûêΓûê          |  ETA: 0:00:01[39m[K
[34m                   # paths tracked: 158[39m[K
[34m   # non-singular solutions (real): 158 (9)[39m[K
[34m       # singular endpoints (real): 0 (0)[39m[K
[34m          # total solutions (real): 158 (9)[39m[K
[A
[A
[A
[A




[K[A
[K[A
[K[A
[K[A
[32mTracking 252 paths...  79%|ΓûêΓûêΓûêΓûêΓûêΓûêΓûêΓûêΓûêΓûêΓûêΓûêΓûêΓûêΓûêΓûêΓûêΓûêΓûêΓûêΓûêΓûêΓûê      |  ETA: 0:00:00[39m[K
[34m                   # paths tracked: 198[39m[K
[34m   # non-singular solutions (real): 198 (11)[39m[K
[34m       # singular endpoints (real): 0 (0)[39m[K
[34m          # total solutions (real): 198 (11)[39m[K
[A
[A
[A
[A




[K[A
[K[A
[K[A
[K[A
[32mTracking 252 paths...  91%|ΓûêΓûêΓûêΓûêΓûêΓûêΓûêΓûêΓûêΓûêΓûêΓûêΓûêΓûêΓûêΓûêΓûêΓûêΓûêΓûêΓûêΓûêΓûêΓûêΓûêΓûêΓûê  |  ETA: 0:00:00[39m[K
[34m                   # paths tracked: 230[39m[K
[34m   # non-singular solutions (real): 230 (11)[39m[K
[34m       # singular endpoints (real): 0 (0)[39m[K
[34m          # total solutions (real): 230 (11)[39m[K
[A
[A
[A
[A




[K[A
[K[A
[K[A
[K[A
[32mTracking 252 paths... 100%|ΓûêΓûêΓûêΓûêΓûêΓûêΓûêΓûêΓûêΓûêΓûêΓûêΓûêΓûêΓûêΓûêΓûêΓûêΓûêΓûêΓûêΓûêΓûêΓûêΓûêΓûêΓûêΓûêΓûê| Time: 0:00:01[39m[K
[34m                   # paths tracked: 252[39m[K
[34m   # non-singular solutions (real): 252 (12)[39m[K
[34m       # singular endpoints (real): 0 (0)[39m[K
[34m          # total solutions (real): 252 (12)[39m[K

[32mTracking 252 paths...  43%|ΓûêΓûêΓûêΓûêΓûêΓûêΓûêΓûêΓûêΓûêΓûêΓûêΓûê                |  ETA: 0:00:01[39m[K
[34m                   # paths tracked: 108[39m[K
[34m   # non-singular solutions (real): 108 (5)[39m[K
[34m       # singular endpoints (real): 0 (0)[39m[K
[34m          # total solutions (real): 108 (5)[39m[K
[A
[A
[A
[A




[K[A
[K[A
[K[A
[K[A
[32mTracking 252 paths...  59%|ΓûêΓûêΓûêΓûêΓûêΓûêΓûêΓûêΓûêΓûêΓûêΓûêΓûêΓûêΓûêΓûêΓûêΓûê           |  ETA: 0:00:01[39m[K
[34m                   # paths tracked: 148[39m[K
[34m   # non-singular solutions (real): 148 (6)[39m[K
[34m       # singular endpoints (real): 0 (0)[39m[K
[34m          # total solutions (real): 148 (6)[39m[K
[A
[A
[A
[A




[K[A
[K[A
[K[A
[K[A
[32mTracking 252 paths...  76%|ΓûêΓûêΓûêΓûêΓûêΓûêΓûêΓûêΓûêΓûêΓûêΓûêΓûêΓûêΓûêΓûêΓûêΓûêΓûêΓûêΓûêΓûêΓûê      |  ETA: 0:00:00[39m[K
[34m                   # paths tracked: 192[39m[K
[34m   # non-singular solutions (real): 192 (11)[39m[K
[34m       # singular endpoints (real): 0 (0)[39m[K
[34m          # total solutions (real): 192 (11)[39m[K
[A
[A
[A
[A




[K[A
[K[A
[K[A
[K[A
[32mTracking 252 paths...  88%|ΓûêΓûêΓûêΓûêΓûêΓûêΓûêΓûêΓûêΓûêΓûêΓûêΓûêΓûêΓûêΓûêΓûêΓûêΓûêΓûêΓûêΓûêΓûêΓûêΓûêΓûê   |  ETA: 0:00:00[39m[K
[34m                   # paths tracked: 223[39m[K
[34m   # non-singular solutions (real): 223 (11)[39m[K
[34m       # singular endpoints (real): 0 (0)[39m[K
[34m          # total solutions (real): 223 (11)[39m[K
[A
[A
[A
[A




[K[A
[K[A
[K[A
[K[A
[32mTracking 252 paths... 100%|ΓûêΓûêΓûêΓûêΓûêΓûêΓûêΓûêΓûêΓûêΓûêΓûêΓûêΓûêΓûêΓûêΓûêΓûêΓûêΓûêΓûêΓûêΓûêΓûêΓûêΓûêΓûêΓûêΓûê| Time: 0:00:01[39m[K
[34m                   # paths tracked: 252[39m[K
[34m   # non-singular solutions (real): 252 (12)[39m[K
[34m       # singular endpoints (real): 0 (0)[39m[K
[34m          # total solutions (real): 252 (12)[39m[K

[32mTracking 252 paths...  37%|ΓûêΓûêΓûêΓûêΓûêΓûêΓûêΓûêΓûêΓûêΓûê                  |  ETA: 0:00:01[39m[K
[34m                   # paths tracked: 93[39m[K
[34m   # non-singular solutions (real): 93 (1)[39m[K
[34m       # singular endpoints (real): 0 (0)[39m[K
[34m          # total solutions (real): 93 (1)[39m[K
[A
[A
[A
[A




[K[A
[K[A
[K[A
[K[A
[32mTracking 252 paths...  52%|ΓûêΓûêΓûêΓûêΓûêΓûêΓûêΓûêΓûêΓûêΓûêΓûêΓûêΓûêΓûê              |  ETA: 0:00:01[39m[K
[34m                   # paths tracked: 130[39m[K
[34m   # non-singular solutions (real): 130 (2)[39m[K
[34m       # singular endpoints (real): 0 (0)[39m[K
[34m          # total solutions (real): 130 (2)[39m[K
[A
[A
[A
[A




[K[A
[K[A
[K[A
[K[A
[32mTracking 252 paths...  67%|ΓûêΓûêΓûêΓûêΓûêΓûêΓûêΓûêΓûêΓûêΓûêΓûêΓûêΓûêΓûêΓûêΓûêΓûêΓûêΓûê         |  ETA: 0:00:00[39m[K
[34m                   # paths tracked: 170[39m[K
[34m   # non-singular solutions (real): 170 (5)[39m[K
[34m       # singular endpoints (real): 0 (0)[39m[K
[34m          # total solutions (real): 170 (5)[39m[K
[A
[A
[A
[A




[K[A
[K[A
[K[A
[K[A
[32mTracking 252 paths...  85%|ΓûêΓûêΓûêΓûêΓûêΓûêΓûêΓûêΓûêΓûêΓûêΓûêΓûêΓûêΓûêΓûêΓûêΓûêΓûêΓûêΓûêΓûêΓûêΓûêΓûê    |  ETA: 0:00:00[39m[K
[34m                   # paths tracked: 213[39m[K
[34m   # non-singular solutions (real): 213 (8)[39m[K
[34m       # singular endpoints (real): 0 (0)[39m[K
[34m          # total solutions (real): 213 (8)[39m[K
[A
[A
[A
[A




[K[A
[K[A
[K[A
[K[A
[32mTracking 252 paths... 100%|ΓûêΓûêΓûêΓûêΓûêΓûêΓûêΓûêΓûêΓûêΓûêΓûêΓûêΓûêΓûêΓûêΓûêΓûêΓûêΓûêΓûêΓûêΓûêΓûêΓûêΓûêΓûêΓûêΓûê| Time: 0:00:01[39m[K
[34m                   # paths tracked: 252[39m[K
[34m   # non-singular solutions (real): 252 (12)[39m[K
[34m       # singular endpoints (real): 0 (0)[39m[K
[34m          # total solutions (real): 252 (12)[39m[K

[32mTracking 252 paths...  39%|ΓûêΓûêΓûêΓûêΓûêΓûêΓûêΓûêΓûêΓûêΓûêΓûê                 |  ETA: 0:00:01[39m[K
[34m                   # paths tracked: 99[39m[K
[34m   # non-singular solutions (real): 99 (2)[39m[K
[34m       # singular endpoints (real): 0 (0)[39m[K
[34m          # total solutions (real): 99 (2)[39m[K
[A
[A
[A
[A




[K[A
[K[A
[K[A
[K[A
[32mTracking 252 paths...  55%|ΓûêΓûêΓûêΓûêΓûêΓûêΓûêΓûêΓûêΓûêΓûêΓûêΓûêΓûêΓûêΓûê             |  ETA: 0:00:01[39m[K
[34m                   # paths tracked: 139[39m[K
[34m   # non-singular solutions (real): 139 (4)[39m[K
[34m       # singular endpoints (real): 0 (0)[39m[K
[34m          # total solutions (real): 139 (4)[39m[K
[A
[A
[A
[A




[K[A
[K[A
[K[A
[K[A
[32mTracking 252 paths...  73%|ΓûêΓûêΓûêΓûêΓûêΓûêΓûêΓûêΓûêΓûêΓûêΓûêΓûêΓûêΓûêΓûêΓûêΓûêΓûêΓûêΓûêΓûê       |  ETA: 0:00:00[39m[K
[34m                   # paths tracked: 183[39m[K
[34m   # non-singular solutions (real): 183 (9)[39m[K
[34m       # singular endpoints (real): 0 (0)[39m[K
[34m          # total solutions (real): 183 (9)[39m[K
[A
[A
[A
[A




[K[A
[K[A
[K[A
[K[A
[32mTracking 252 paths...  89%|ΓûêΓûêΓûêΓûêΓûêΓûêΓûêΓûêΓûêΓûêΓûêΓûêΓûêΓûêΓûêΓûêΓûêΓûêΓûêΓûêΓûêΓûêΓûêΓûêΓûêΓûê   |  ETA: 0:00:00[39m[K
[34m                   # paths tracked: 224[39m[K
[34m   # non-singular solutions (real): 224 (11)[39m[K
[34m       # singular endpoints (real): 0 (0)[39m[K
[34m          # total solutions (real): 224 (11)[39m[K
[A
[A
[A
[A




[K[A
[K[A
[K[A
[K[A
[32mTracking 252 paths... 100%|ΓûêΓûêΓûêΓûêΓûêΓûêΓûêΓûêΓûêΓûêΓûêΓûêΓûêΓûêΓûêΓûêΓûêΓûêΓûêΓûêΓûêΓûêΓûêΓûêΓûêΓûêΓûêΓûêΓûê| Time: 0:00:01[39m[K
[34m                   # paths tracked: 252[39m[K
[34m   # non-singular solutions (real): 252 (12)[39m[K
[34m       # singular endpoints (real): 0 (0)[39m[K
[34m          # total solutions (real): 252 (12)[39m[K

[32mTracking 252 paths...  41%|ΓûêΓûêΓûêΓûêΓûêΓûêΓûêΓûêΓûêΓûêΓûêΓûê                 |  ETA: 0:00:01[39m[K
[34m                   # paths tracked: 103[39m[K
[34m   # non-singular solutions (real): 103 (2)[39m[K
[34m       # singular endpoints (real): 0 (0)[39m[K
[34m          # total solutions (real): 103 (2)[39m[K
[A
[A
[A
[A




[K[A
[K[A
[K[A
[K[A
[32mTracking 252 paths...  57%|ΓûêΓûêΓûêΓûêΓûêΓûêΓûêΓûêΓûêΓûêΓûêΓûêΓûêΓûêΓûêΓûêΓûê            |  ETA: 0:00:01[39m[K
[34m                   # paths tracked: 144[39m[K
[34m   # non-singular solutions (real): 144 (5)[39m[K
[34m       # singular endpoints (real): 0 (0)[39m[K
[34m          # total solutions (real): 144 (5)[39m[K
[A
[A
[A
[A




[K[A
[K[A
[K[A
[K[A
[32mTracking 252 paths...  75%|ΓûêΓûêΓûêΓûêΓûêΓûêΓûêΓûêΓûêΓûêΓûêΓûêΓûêΓûêΓûêΓûêΓûêΓûêΓûêΓûêΓûêΓûê       |  ETA: 0:00:00[39m[K
[34m                   # paths tracked: 190[39m[K
[34m   # non-singular solutions (real): 190 (7)[39m[K
[34m       # singular endpoints (real): 0 (0)[39m[K
[34m          # total solutions (real): 190 (7)[39m[K
[A
[A
[A
[A




[K[A
[K[A
[K[A
[K[A
[32mTracking 252 paths...  92%|ΓûêΓûêΓûêΓûêΓûêΓûêΓûêΓûêΓûêΓûêΓûêΓûêΓûêΓûêΓûêΓûêΓûêΓûêΓûêΓûêΓûêΓûêΓûêΓûêΓûêΓûêΓûê  |  ETA: 0:00:00[39m[K
[34m                   # paths tracked: 232[39m[K
[34m   # non-singular solutions (real): 232 (9)[39m[K
[34m       # singular endpoints (real): 0 (0)[39m[K
[34m          # total solutions (real): 232 (9)[39m[K
[A
[A
[A
[A




[K[A
[K[A
[K[A
[K[A
[32mTracking 252 paths... 100%|ΓûêΓûêΓûêΓûêΓûêΓûêΓûêΓûêΓûêΓûêΓûêΓûêΓûêΓûêΓûêΓûêΓûêΓûêΓûêΓûêΓûêΓûêΓûêΓûêΓûêΓûêΓûêΓûêΓûê| Time: 0:00:01[39m[K
[34m                   # paths tracked: 252[39m[K
[34m   # non-singular solutions (real): 252 (12)[39m[K
[34m       # singular endpoints (real): 0 (0)[39m[K
[34m          # total solutions (real): 252 (12)[39m[K

[32mTracking 252 paths...  37%|ΓûêΓûêΓûêΓûêΓûêΓûêΓûêΓûêΓûêΓûêΓûê                  |  ETA: 0:00:01[39m[K
[34m                   # paths tracked: 94[39m[K
[34m   # non-singular solutions (real): 94 (6)[39m[K
[34m       # singular endpoints (real): 0 (0)[39m[K
[34m          # total solutions (real): 94 (6)[39m[K
[A
[A
[A
[A




[K[A
[K[A
[K[A
[K[A
[32mTracking 252 paths...  54%|ΓûêΓûêΓûêΓûêΓûêΓûêΓûêΓûêΓûêΓûêΓûêΓûêΓûêΓûêΓûêΓûê             |  ETA: 0:00:01[39m[K
[34m                   # paths tracked: 136[39m[K
[34m   # non-singular solutions (real): 136 (7)[39m[K
[34m       # singular endpoints (real): 0 (0)[39m[K
[34m          # total solutions (real): 136 (7)[39m[K
[A
[A
[A
[A




[K[A
[K[A
[K[A
[K[A
[32mTracking 252 paths...  69%|ΓûêΓûêΓûêΓûêΓûêΓûêΓûêΓûêΓûêΓûêΓûêΓûêΓûêΓûêΓûêΓûêΓûêΓûêΓûêΓûê         |  ETA: 0:00:00[39m[K
[34m                   # paths tracked: 173[39m[K
[34m   # non-singular solutions (real): 173 (9)[39m[K
[34m       # singular endpoints (real): 0 (0)[39m[K
[34m          # total solutions (real): 173 (9)[39m[K
[A
[A
[A
[A




[K[A
[K[A
[K[A
[K[A
[32mTracking 252 paths...  84%|ΓûêΓûêΓûêΓûêΓûêΓûêΓûêΓûêΓûêΓûêΓûêΓûêΓûêΓûêΓûêΓûêΓûêΓûêΓûêΓûêΓûêΓûêΓûêΓûêΓûê    |  ETA: 0:00:00[39m[K
[34m                   # paths tracked: 211[39m[K
[34m   # non-singular solutions (real): 211 (11)[39m[K
[34m       # singular endpoints (real): 0 (0)[39m[K
[34m          # total solutions (real): 211 (11)[39m[K
[A
[A
[A
[A




[K[A
[K[A
[K[A
[K[A
[32mTracking 252 paths...  99%|ΓûêΓûêΓûêΓûêΓûêΓûêΓûêΓûêΓûêΓûêΓûêΓûêΓûêΓûêΓûêΓûêΓûêΓûêΓûêΓûêΓûêΓûêΓûêΓûêΓûêΓûêΓûêΓûêΓûê|  ETA: 0:00:00[39m[K
[34m                   # paths tracked: 250[39m[K
[34m   # non-singular solutions (real): 250 (12)[39m[K
[34m       # singular endpoints (real): 0 (0)[39m[K
[34m          # total solutions (real): 250 (12)[39m[K
[A
[A
[A
[A




[K[A
[K[A
[K[A
[K[A
[32mTracking 252 paths... 100%|ΓûêΓûêΓûêΓûêΓûêΓûêΓûêΓûêΓûêΓûêΓûêΓûêΓûêΓûêΓûêΓûêΓûêΓûêΓûêΓûêΓûêΓûêΓûêΓûêΓûêΓûêΓûêΓûêΓûê| Time: 0:00:01[39m[K
[34m                   # paths tracked: 252[39m[K
[34m   # non-singular solutions (real): 252 (12)[39m[K
[34m       # singular endpoints (real): 0 (0)[39m[K
[34m          # total solutions (real): 252 (12)[39m[K

[32mTracking 252 paths...  37%|ΓûêΓûêΓûêΓûêΓûêΓûêΓûêΓûêΓûêΓûêΓûê                  |  ETA: 0:00:01[39m[K
[34m                   # paths tracked: 93[39m[K
[34m   # non-singular solutions (real): 93 (4)[39m[K
[34m       # singular endpoints (real): 0 (0)[39m[K
[34m          # total solutions (real): 93 (4)[39m[K
[A
[A
[A
[A




[K[A
[K[A
[K[A
[K[A
[32mTracking 252 paths...  52%|ΓûêΓûêΓûêΓûêΓûêΓûêΓûêΓûêΓûêΓûêΓûêΓûêΓûêΓûêΓûê              |  ETA: 0:00:01[39m[K
[34m                   # paths tracked: 130[39m[K
[34m   # non-singular solutions (real): 130 (6)[39m[K
[34m       # singular endpoints (real): 0 (0)[39m[K
[34m          # total solutions (real): 130 (6)[39m[K
[A
[A
[A
[A




[K[A
[K[A
[K[A
[K[A
[32mTracking 252 paths...  67%|ΓûêΓûêΓûêΓûêΓûêΓûêΓûêΓûêΓûêΓûêΓûêΓûêΓûêΓûêΓûêΓûêΓûêΓûêΓûêΓûê         |  ETA: 0:00:00[39m[K
[34m                   # paths tracked: 168[39m[K
[34m   # non-singular solutions (real): 168 (7)[39m[K
[34m       # singular endpoints (real): 0 (0)[39m[K
[34m          # total solutions (real): 168 (7)[39m[K
[A
[A
[A
[A




[K[A
[K[A
[K[A
[K[A
[32mTracking 252 paths...  82%|ΓûêΓûêΓûêΓûêΓûêΓûêΓûêΓûêΓûêΓûêΓûêΓûêΓûêΓûêΓûêΓûêΓûêΓûêΓûêΓûêΓûêΓûêΓûêΓûê     |  ETA: 0:00:00[39m[K
[34m                   # paths tracked: 207[39m[K
[34m   # non-singular solutions (real): 207 (9)[39m[K
[34m       # singular endpoints (real): 0 (0)[39m[K
[34m          # total solutions (real): 207 (9)[39m[K
[A
[A
[A
[A




[K[A
[K[A
[K[A
[K[A
[32mTracking 252 paths...  98%|ΓûêΓûêΓûêΓûêΓûêΓûêΓûêΓûêΓûêΓûêΓûêΓûêΓûêΓûêΓûêΓûêΓûêΓûêΓûêΓûêΓûêΓûêΓûêΓûêΓûêΓûêΓûêΓûêΓûê|  ETA: 0:00:00[39m[K
[34m                   # paths tracked: 248[39m[K
[34m   # non-singular solutions (real): 248 (12)[39m[K
[34m       # singular endpoints (real): 0 (0)[39m[K
[34m          # total solutions (real): 248 (12)[39m[K
[A
[A
[A
[A




[K[A
[K[A
[K[A
[K[A
[32mTracking 252 paths... 100%|ΓûêΓûêΓûêΓûêΓûêΓûêΓûêΓûêΓûêΓûêΓûêΓûêΓûêΓûêΓûêΓûêΓûêΓûêΓûêΓûêΓûêΓûêΓûêΓûêΓûêΓûêΓûêΓûêΓûê| Time: 0:00:01[39m[K
[34m                   # paths tracked: 252[39m[K
[34m   # non-singular solutions (real): 252 (12)[39m[K
[34m       # singular endpoints (real): 0 (0)[39m[K
[34m          # total solutions (real): 252 (12)[39m[K

[32mTracking 252 paths...  37%|ΓûêΓûêΓûêΓûêΓûêΓûêΓûêΓûêΓûêΓûêΓûê                  |  ETA: 0:00:01[39m[K
[34m                   # paths tracked: 92[39m[K
[34m   # non-singular solutions (real): 92 (3)[39m[K
[34m       # singular endpoints (real): 0 (0)[39m[K
[34m          # total solutions (real): 92 (3)[39m[K
[A
[A
[A
[A




[K[A
[K[A
[K[A
[K[A
[32mTracking 252 paths...  52%|ΓûêΓûêΓûêΓûêΓûêΓûêΓûêΓûêΓûêΓûêΓûêΓûêΓûêΓûêΓûê              |  ETA: 0:00:01[39m[K
[34m                   # paths tracked: 130[39m[K
[34m   # non-singular solutions (real): 130 (5)[39m[K
[34m       # singular endpoints (real): 0 (0)[39m[K
[34m          # total solutions (real): 130 (5)[39m[K
[A
[A
[A
[A




[K[A
[K[A
[K[A
[K[A
[32mTracking 252 paths...  67%|ΓûêΓûêΓûêΓûêΓûêΓûêΓûêΓûêΓûêΓûêΓûêΓûêΓûêΓûêΓûêΓûêΓûêΓûêΓûêΓûê         |  ETA: 0:00:00[39m[K
[34m                   # paths tracked: 168[39m[K
[34m   # non-singular solutions (real): 168 (5)[39m[K
[34m       # singular endpoints (real): 0 (0)[39m[K
[34m          # total solutions (real): 168 (5)[39m[K
[A
[A
[A
[A




[K[A
[K[A
[K[A
[K[A
[32mTracking 252 paths...  82%|ΓûêΓûêΓûêΓûêΓûêΓûêΓûêΓûêΓûêΓûêΓûêΓûêΓûêΓûêΓûêΓûêΓûêΓûêΓûêΓûêΓûêΓûêΓûêΓûê     |  ETA: 0:00:00[39m[K
[34m                   # paths tracked: 206[39m[K
[34m   # non-singular solutions (real): 206 (7)[39m[K
[34m       # singular endpoints (real): 0 (0)[39m[K
[34m          # total solutions (real): 206 (7)[39m[K
[A
[A
[A
[A




[K[A
[K[A
[K[A
[K[A
[32mTracking 252 paths...  97%|ΓûêΓûêΓûêΓûêΓûêΓûêΓûêΓûêΓûêΓûêΓûêΓûêΓûêΓûêΓûêΓûêΓûêΓûêΓûêΓûêΓûêΓûêΓûêΓûêΓûêΓûêΓûêΓûêΓûê|  ETA: 0:00:00[39m[K
[34m                   # paths tracked: 244[39m[K
[34m   # non-singular solutions (real): 244 (11)[39m[K
[34m       # singular endpoints (real): 0 (0)[39m[K
[34m          # total solutions (real): 244 (11)[39m[K
[A
[A
[A
[A




[K[A
[K[A
[K[A
[K[A
[32mTracking 252 paths... 100%|ΓûêΓûêΓûêΓûêΓûêΓûêΓûêΓûêΓûêΓûêΓûêΓûêΓûêΓûêΓûêΓûêΓûêΓûêΓûêΓûêΓûêΓûêΓûêΓûêΓûêΓûêΓûêΓûêΓûê| Time: 0:00:01[39m[K
[34m                   # paths tracked: 252[39m[K
[34m   # non-singular solutions (real): 252 (12)[39m[K
[34m       # singular endpoints (real): 0 (0)[39m[K
[34m          # total solutions (real): 252 (12)[39m[K

[32mTracking 252 paths...  42%|ΓûêΓûêΓûêΓûêΓûêΓûêΓûêΓûêΓûêΓûêΓûêΓûêΓûê                |  ETA: 0:00:01[39m[K
[34m                   # paths tracked: 106[39m[K
[34m   # non-singular solutions (real): 106 (5)[39m[K
[34m       # singular endpoints (real): 0 (0)[39m[K
[34m          # total solutions (real): 106 (5)[39m[K
[A
[A
[A
[A




[K[A
[K[A
[K[A
[K[A
[32mTracking 252 paths...  58%|ΓûêΓûêΓûêΓûêΓûêΓûêΓûêΓûêΓûêΓûêΓûêΓûêΓûêΓûêΓûêΓûêΓûê            |  ETA: 0:00:01[39m[K
[34m                   # paths tracked: 146[39m[K
[34m   # non-singular solutions (real): 146 (10)[39m[K
[34m       # singular endpoints (real): 0 (0)[39m[K
[34m          # total solutions (real): 146 (10)[39m[K
[A
[A
[A
[A




[K[A
[K[A
[K[A
[K[A
[32mTracking 252 paths...  75%|ΓûêΓûêΓûêΓûêΓûêΓûêΓûêΓûêΓûêΓûêΓûêΓûêΓûêΓûêΓûêΓûêΓûêΓûêΓûêΓûêΓûêΓûê       |  ETA: 0:00:00[39m[K
[34m                   # paths tracked: 188[39m[K
[34m   # non-singular solutions (real): 188 (11)[39m[K
[34m       # singular endpoints (real): 0 (0)[39m[K
[34m          # total solutions (real): 188 (11)[39m[K
[A
[A
[A
[A




[K[A
[K[A
[K[A
[K[A
[32mTracking 252 paths...  91%|ΓûêΓûêΓûêΓûêΓûêΓûêΓûêΓûêΓûêΓûêΓûêΓûêΓûêΓûêΓûêΓûêΓûêΓûêΓûêΓûêΓûêΓûêΓûêΓûêΓûêΓûêΓûê  |  ETA: 0:00:00[39m[K
[34m                   # paths tracked: 229[39m[K
[34m   # non-singular solutions (real): 229 (12)[39m[K
[34m       # singular endpoints (real): 0 (0)[39m[K
[34m          # total solutions (real): 229 (12)[39m[K
[A
[A
[A
[A




[K[A
[K[A
[K[A
[K[A
[32mTracking 252 paths... 100%|ΓûêΓûêΓûêΓûêΓûêΓûêΓûêΓûêΓûêΓûêΓûêΓûêΓûêΓûêΓûêΓûêΓûêΓûêΓûêΓûêΓûêΓûêΓûêΓûêΓûêΓûêΓûêΓûêΓûê| Time: 0:00:01[39m[K
[34m                   # paths tracked: 252[39m[K
[34m   # non-singular solutions (real): 252 (12)[39m[K
[34m       # singular endpoints (real): 0 (0)[39m[K
[34m          # total solutions (real): 252 (12)[39m[K

[32mTracking 252 paths...  40%|ΓûêΓûêΓûêΓûêΓûêΓûêΓûêΓûêΓûêΓûêΓûêΓûê                 |  ETA: 0:00:01[39m[K
[34m                   # paths tracked: 100[39m[K
[34m   # non-singular solutions (real): 100 (3)[39m[K
[34m       # singular endpoints (real): 0 (0)[39m[K
[34m          # total solutions (real): 100 (3)[39m[K
[A
[A
[A
[A




[K[A
[K[A
[K[A
[K[A
[32mTracking 252 paths...  57%|ΓûêΓûêΓûêΓûêΓûêΓûêΓûêΓûêΓûêΓûêΓûêΓûêΓûêΓûêΓûêΓûêΓûê            |  ETA: 0:00:01[39m[K
[34m                   # paths tracked: 144[39m[K
[34m   # non-singular solutions (real): 144 (6)[39m[K
[34m       # singular endpoints (real): 0 (0)[39m[K
[34m          # total solutions (real): 144 (6)[39m[K
[A
[A
[A
[A




[K[A
[K[A
[K[A
[K[A
[32mTracking 252 paths...  74%|ΓûêΓûêΓûêΓûêΓûêΓûêΓûêΓûêΓûêΓûêΓûêΓûêΓûêΓûêΓûêΓûêΓûêΓûêΓûêΓûêΓûêΓûê       |  ETA: 0:00:00[39m[K
[34m                   # paths tracked: 186[39m[K
[34m   # non-singular solutions (real): 186 (10)[39m[K
[34m       # singular endpoints (real): 0 (0)[39m[K
[34m          # total solutions (real): 186 (10)[39m[K
[A
[A
[A
[A




[K[A
[K[A
[K[A
[K[A
[32mTracking 252 paths...  89%|ΓûêΓûêΓûêΓûêΓûêΓûêΓûêΓûêΓûêΓûêΓûêΓûêΓûêΓûêΓûêΓûêΓûêΓûêΓûêΓûêΓûêΓûêΓûêΓûêΓûêΓûê   |  ETA: 0:00:00[39m[K
[34m                   # paths tracked: 224[39m[K
[34m   # non-singular solutions (real): 224 (11)[39m[K
[34m       # singular endpoints (real): 0 (0)[39m[K
[34m          # total solutions (real): 224 (11)[39m[K
[A
[A
[A
[A




[K[A
[K[A
[K[A
[K[A
[32mTracking 252 paths... 100%|ΓûêΓûêΓûêΓûêΓûêΓûêΓûêΓûêΓûêΓûêΓûêΓûêΓûêΓûêΓûêΓûêΓûêΓûêΓûêΓûêΓûêΓûêΓûêΓûêΓûêΓûêΓûêΓûêΓûê| Time: 0:00:01[39m[K
[34m                   # paths tracked: 252[39m[K
[34m   # non-singular solutions (real): 252 (12)[39m[K
[34m       # singular endpoints (real): 0 (0)[39m[K
[34m          # total solutions (real): 252 (12)[39m[K

[32mTracking 252 paths...  38%|ΓûêΓûêΓûêΓûêΓûêΓûêΓûêΓûêΓûêΓûêΓûê                  |  ETA: 0:00:01[39m[K
[34m                   # paths tracked: 95[39m[K
[34m   # non-singular solutions (real): 95 (2)[39m[K
[34m       # singular endpoints (real): 0 (0)[39m[K
[34m          # total solutions (real): 95 (2)[39m[K
[A
[A
[A
[A




[K[A
[K[A
[K[A
[K[A
[32mTracking 252 paths...  52%|ΓûêΓûêΓûêΓûêΓûêΓûêΓûêΓûêΓûêΓûêΓûêΓûêΓûêΓûêΓûêΓûê             |  ETA: 0:00:01[39m[K
[34m                   # paths tracked: 132[39m[K
[34m   # non-singular solutions (real): 132 (5)[39m[K
[34m       # singular endpoints (real): 0 (0)[39m[K
[34m          # total solutions (real): 132 (5)[39m[K
[A
[A
[A
[A




[K[A
[K[A
[K[A
[K[A
[32mTracking 252 paths...  65%|ΓûêΓûêΓûêΓûêΓûêΓûêΓûêΓûêΓûêΓûêΓûêΓûêΓûêΓûêΓûêΓûêΓûêΓûêΓûê          |  ETA: 0:00:00[39m[K
[34m                   # paths tracked: 165[39m[K
[34m   # non-singular solutions (real): 165 (7)[39m[K
[34m       # singular endpoints (real): 0 (0)[39m[K
[34m          # total solutions (real): 165 (7)[39m[K
[A
[A
[A
[A




[K[A
[K[A
[K[A
[K[A
[32mTracking 252 paths...  79%|ΓûêΓûêΓûêΓûêΓûêΓûêΓûêΓûêΓûêΓûêΓûêΓûêΓûêΓûêΓûêΓûêΓûêΓûêΓûêΓûêΓûêΓûêΓûê      |  ETA: 0:00:00[39m[K
[34m                   # paths tracked: 199[39m[K
[34m   # non-singular solutions (real): 199 (8)[39m[K
[34m       # singular endpoints (real): 0 (0)[39m[K
[34m          # total solutions (real): 199 (8)[39m[K
[A
[A
[A
[A




[K[A
[K[A
[K[A
[K[A
[32mTracking 252 paths...  92%|ΓûêΓûêΓûêΓûêΓûêΓûêΓûêΓûêΓûêΓûêΓûêΓûêΓûêΓûêΓûêΓûêΓûêΓûêΓûêΓûêΓûêΓûêΓûêΓûêΓûêΓûêΓûê  |  ETA: 0:00:00[39m[K
[34m                   # paths tracked: 233[39m[K
[34m   # non-singular solutions (real): 233 (11)[39m[K
[34m       # singular endpoints (real): 0 (0)[39m[K
[34m          # total solutions (real): 233 (11)[39m[K
[A
[A
[A
[A




[K[A
[K[A
[K[A
[K[A
[32mTracking 252 paths... 100%|ΓûêΓûêΓûêΓûêΓûêΓûêΓûêΓûêΓûêΓûêΓûêΓûêΓûêΓûêΓûêΓûêΓûêΓûêΓûêΓûêΓûêΓûêΓûêΓûêΓûêΓûêΓûêΓûêΓûê| Time: 0:00:01[39m[K
[34m                   # paths tracked: 252[39m[K
[34m   # non-singular solutions (real): 252 (12)[39m[K
[34m       # singular endpoints (real): 0 (0)[39m[K
[34m          # total solutions (real): 252 (12)[39m[K

[32mTracking 252 paths...  35%|ΓûêΓûêΓûêΓûêΓûêΓûêΓûêΓûêΓûêΓûêΓûê                  |  ETA: 0:00:01[39m[K
[34m                   # paths tracked: 88[39m[K
[34m   # non-singular solutions (real): 88 (5)[39m[K
[34m       # singular endpoints (real): 0 (0)[39m[K
[34m          # total solutions (real): 88 (5)[39m[K
[A
[A
[A
[A




[K[A
[K[A
[K[A
[K[A
[32mTracking 252 paths...  65%|ΓûêΓûêΓûêΓûêΓûêΓûêΓûêΓûêΓûêΓûêΓûêΓûêΓûêΓûêΓûêΓûêΓûêΓûêΓûê          |  ETA: 0:00:01[39m[K
[34m                   # paths tracked: 163[39m[K
[34m   # non-singular solutions (real): 163 (8)[39m[K
[34m       # singular endpoints (real): 0 (0)[39m[K
[34m          # total solutions (real): 163 (8)[39m[K
[A
[A
[A
[A




[K[A
[K[A
[K[A
[K[A
[32mTracking 252 paths...  78%|ΓûêΓûêΓûêΓûêΓûêΓûêΓûêΓûêΓûêΓûêΓûêΓûêΓûêΓûêΓûêΓûêΓûêΓûêΓûêΓûêΓûêΓûêΓûê      |  ETA: 0:00:00[39m[K
[34m                   # paths tracked: 197[39m[K
[34m   # non-singular solutions (real): 197 (11)[39m[K
[34m       # singular endpoints (real): 0 (0)[39m[K
[34m          # total solutions (real): 197 (11)[39m[K
[A
[A
[A
[A




[K[A
[K[A
[K[A
[K[A
[32mTracking 252 paths...  92%|ΓûêΓûêΓûêΓûêΓûêΓûêΓûêΓûêΓûêΓûêΓûêΓûêΓûêΓûêΓûêΓûêΓûêΓûêΓûêΓûêΓûêΓûêΓûêΓûêΓûêΓûêΓûê  |  ETA: 0:00:00[39m[K
[34m                   # paths tracked: 233[39m[K
[34m   # non-singular solutions (real): 233 (11)[39m[K
[34m       # singular endpoints (real): 0 (0)[39m[K
[34m          # total solutions (real): 233 (11)[39m[K
[A
[A
[A
[A




[K[A
[K[A
[K[A
[K[A
[32mTracking 252 paths... 100%|ΓûêΓûêΓûêΓûêΓûêΓûêΓûêΓûêΓûêΓûêΓûêΓûêΓûêΓûêΓûêΓûêΓûêΓûêΓûêΓûêΓûêΓûêΓûêΓûêΓûêΓûêΓûêΓûêΓûê| Time: 0:00:01[39m[K
[34m                   # paths tracked: 252[39m[K
[34m   # non-singular solutions (real): 252 (12)[39m[K
[34m       # singular endpoints (real): 0 (0)[39m[K
[34m          # total solutions (real): 252 (12)[39m[K

[32mTracking 252 paths...  37%|ΓûêΓûêΓûêΓûêΓûêΓûêΓûêΓûêΓûêΓûêΓûê                  |  ETA: 0:00:01[39m[K
[34m                   # paths tracked: 94[39m[K
[34m   # non-singular solutions (real): 94 (5)[39m[K
[34m       # singular endpoints (real): 0 (0)[39m[K
[34m          # total solutions (real): 94 (5)[39m[K
[A
[A
[A
[A




[K[A
[K[A
[K[A
[K[A
[32mTracking 252 paths...  51%|ΓûêΓûêΓûêΓûêΓûêΓûêΓûêΓûêΓûêΓûêΓûêΓûêΓûêΓûêΓûê              |  ETA: 0:00:01[39m[K
[34m                   # paths tracked: 128[39m[K
[34m   # non-singular solutions (real): 128 (6)[39m[K
[34m       # singular endpoints (real): 0 (0)[39m[K
[34m          # total solutions (real): 128 (6)[39m[K
[A
[A
[A
[A




[K[A
[K[A
[K[A
[K[A
[32mTracking 252 paths...  67%|ΓûêΓûêΓûêΓûêΓûêΓûêΓûêΓûêΓûêΓûêΓûêΓûêΓûêΓûêΓûêΓûêΓûêΓûêΓûêΓûê         |  ETA: 0:00:00[39m[K
[34m                   # paths tracked: 170[39m[K
[34m   # non-singular solutions (real): 170 (9)[39m[K
[34m       # singular endpoints (real): 0 (0)[39m[K
[34m          # total solutions (real): 170 (9)[39m[K
[A
[A
[A
[A




[K[A
[K[A
[K[A
[K[A
[32mTracking 252 paths...  83%|ΓûêΓûêΓûêΓûêΓûêΓûêΓûêΓûêΓûêΓûêΓûêΓûêΓûêΓûêΓûêΓûêΓûêΓûêΓûêΓûêΓûêΓûêΓûêΓûê     |  ETA: 0:00:00[39m[K
[34m                   # paths tracked: 208[39m[K
[34m   # non-singular solutions (real): 208 (10)[39m[K
[34m       # singular endpoints (real): 0 (0)[39m[K
[34m          # total solutions (real): 208 (10)[39m[K
[A
[A
[A
[A




[K[A
[K[A
[K[A
[K[A
[32mTracking 252 paths...  96%|ΓûêΓûêΓûêΓûêΓûêΓûêΓûêΓûêΓûêΓûêΓûêΓûêΓûêΓûêΓûêΓûêΓûêΓûêΓûêΓûêΓûêΓûêΓûêΓûêΓûêΓûêΓûêΓûê |  ETA: 0:00:00[39m[K
[34m                   # paths tracked: 243[39m[K
[34m   # non-singular solutions (real): 243 (11)[39m[K
[34m       # singular endpoints (real): 0 (0)[39m[K
[34m          # total solutions (real): 243 (11)[39m[K
[A
[A
[A
[A




[K[A
[K[A
[K[A
[K[A
[32mTracking 252 paths... 100%|ΓûêΓûêΓûêΓûêΓûêΓûêΓûêΓûêΓûêΓûêΓûêΓûêΓûêΓûêΓûêΓûêΓûêΓûêΓûêΓûêΓûêΓûêΓûêΓûêΓûêΓûêΓûêΓûêΓûê| Time: 0:00:01[39m[K
[34m                   # paths tracked: 252[39m[K
[34m   # non-singular solutions (real): 252 (12)[39m[K
[34m       # singular endpoints (real): 0 (0)[39m[K
[34m          # total solutions (real): 252 (12)[39m[K

[32mTracking 252 paths...  38%|ΓûêΓûêΓûêΓûêΓûêΓûêΓûêΓûêΓûêΓûêΓûê                  |  ETA: 0:00:01[39m[K
[34m                   # paths tracked: 95[39m[K
[34m   # non-singular solutions (real): 95 (4)[39m[K
[34m       # singular endpoints (real): 0 (0)[39m[K
[34m          # total solutions (real): 95 (4)[39m[K
[A
[A
[A
[A




[K[A
[K[A
[K[A
[K[A
[32mTracking 252 paths...  52%|ΓûêΓûêΓûêΓûêΓûêΓûêΓûêΓûêΓûêΓûêΓûêΓûêΓûêΓûêΓûêΓûê             |  ETA: 0:00:01[39m[K
[34m                   # paths tracked: 132[39m[K
[34m   # non-singular solutions (real): 132 (6)[39m[K
[34m       # singular endpoints (real): 0 (0)[39m[K
[34m          # total solutions (real): 132 (6)[39m[K
[A
[A
[A
[A




[K[A
[K[A
[K[A
[K[A
[32mTracking 252 paths...  67%|ΓûêΓûêΓûêΓûêΓûêΓûêΓûêΓûêΓûêΓûêΓûêΓûêΓûêΓûêΓûêΓûêΓûêΓûêΓûêΓûê         |  ETA: 0:00:00[39m[K
[34m                   # paths tracked: 170[39m[K
[34m   # non-singular solutions (real): 170 (8)[39m[K
[34m       # singular endpoints (real): 0 (0)[39m[K
[34m          # total solutions (real): 170 (8)[39m[K
[A
[A
[A
[A




[K[A
[K[A
[K[A
[K[A
[32mTracking 252 paths...  83%|ΓûêΓûêΓûêΓûêΓûêΓûêΓûêΓûêΓûêΓûêΓûêΓûêΓûêΓûêΓûêΓûêΓûêΓûêΓûêΓûêΓûêΓûêΓûêΓûêΓûê    |  ETA: 0:00:00[39m[K
[34m                   # paths tracked: 209[39m[K
[34m   # non-singular solutions (real): 209 (11)[39m[K
[34m       # singular endpoints (real): 0 (0)[39m[K
[34m          # total solutions (real): 209 (11)[39m[K
[A
[A
[A
[A




[K[A
[K[A
[K[A
[K[A
[32mTracking 252 paths... 100%|ΓûêΓûêΓûêΓûêΓûêΓûêΓûêΓûêΓûêΓûêΓûêΓûêΓûêΓûêΓûêΓûêΓûêΓûêΓûêΓûêΓûêΓûêΓûêΓûêΓûêΓûêΓûêΓûêΓûê| Time: 0:00:01[39m[K
[34m                   # paths tracked: 252[39m[K
[34m   # non-singular solutions (real): 252 (12)[39m[K
[34m       # singular endpoints (real): 0 (0)[39m[K
[34m          # total solutions (real): 252 (12)[39m[K

[32mTracking 252 paths...  37%|ΓûêΓûêΓûêΓûêΓûêΓûêΓûêΓûêΓûêΓûêΓûê                  |  ETA: 0:00:01[39m[K
[34m                   # paths tracked: 92[39m[K
[34m   # non-singular solutions (real): 92 (6)[39m[K
[34m       # singular endpoints (real): 0 (0)[39m[K
[34m          # total solutions (real): 92 (6)[39m[K
[A
[A
[A
[A




[K[A
[K[A
[K[A
[K[A
[32mTracking 252 paths...  52%|ΓûêΓûêΓûêΓûêΓûêΓûêΓûêΓûêΓûêΓûêΓûêΓûêΓûêΓûêΓûêΓûê             |  ETA: 0:00:01[39m[K
[34m                   # paths tracked: 131[39m[K
[34m   # non-singular solutions (real): 131 (8)[39m[K
[34m       # singular endpoints (real): 0 (0)[39m[K
[34m          # total solutions (real): 131 (8)[39m[K
[A
[A
[A
[A




[K[A
[K[A
[K[A
[K[A
[32mTracking 252 paths...  68%|ΓûêΓûêΓûêΓûêΓûêΓûêΓûêΓûêΓûêΓûêΓûêΓûêΓûêΓûêΓûêΓûêΓûêΓûêΓûêΓûê         |  ETA: 0:00:00[39m[K
[34m                   # paths tracked: 172[39m[K
[34m   # non-singular solutions (real): 172 (9)[39m[K
[34m       # singular endpoints (real): 0 (0)[39m[K
[34m          # total solutions (real): 172 (9)[39m[K
[A
[A
[A
[A




[K[A
[K[A
[K[A
[K[A
[32mTracking 252 paths...  83%|ΓûêΓûêΓûêΓûêΓûêΓûêΓûêΓûêΓûêΓûêΓûêΓûêΓûêΓûêΓûêΓûêΓûêΓûêΓûêΓûêΓûêΓûêΓûêΓûêΓûê    |  ETA: 0:00:00[39m[K
[34m                   # paths tracked: 209[39m[K
[34m   # non-singular solutions (real): 209 (10)[39m[K
[34m       # singular endpoints (real): 0 (0)[39m[K
[34m          # total solutions (real): 209 (10)[39m[K
[A
[A
[A
[A




[K[A
[K[A
[K[A
[K[A
[32mTracking 252 paths...  98%|ΓûêΓûêΓûêΓûêΓûêΓûêΓûêΓûêΓûêΓûêΓûêΓûêΓûêΓûêΓûêΓûêΓûêΓûêΓûêΓûêΓûêΓûêΓûêΓûêΓûêΓûêΓûêΓûêΓûê|  ETA: 0:00:00[39m[K
[34m                   # paths tracked: 247[39m[K
[34m   # non-singular solutions (real): 247 (12)[39m[K
[34m       # singular endpoints (real): 0 (0)[39m[K
[34m          # total solutions (real): 247 (12)[39m[K
[A
[A
[A
[A




[K[A
[K[A
[K[A
[K[A
[32mTracking 252 paths... 100%|ΓûêΓûêΓûêΓûêΓûêΓûêΓûêΓûêΓûêΓûêΓûêΓûêΓûêΓûêΓûêΓûêΓûêΓûêΓûêΓûêΓûêΓûêΓûêΓûêΓûêΓûêΓûêΓûêΓûê| Time: 0:00:01[39m[K
[34m                   # paths tracked: 252[39m[K
[34m   # non-singular solutions (real): 252 (12)[39m[K
[34m       # singular endpoints (real): 0 (0)[39m[K
[34m          # total solutions (real): 252 (12)[39m[K

[32mTracking 252 paths...  37%|ΓûêΓûêΓûêΓûêΓûêΓûêΓûêΓûêΓûêΓûêΓûê                  |  ETA: 0:00:01[39m[K
[34m                   # paths tracked: 93[39m[K
[34m   # non-singular solutions (real): 93 (2)[39m[K
[34m       # singular endpoints (real): 0 (0)[39m[K
[34m          # total solutions (real): 93 (2)[39m[K
[A
[A
[A
[A




[K[A
[K[A
[K[A
[K[A
[32mTracking 252 paths...  52%|ΓûêΓûêΓûêΓûêΓûêΓûêΓûêΓûêΓûêΓûêΓûêΓûêΓûêΓûêΓûê              |  ETA: 0:00:01[39m[K
[34m                   # paths tracked: 130[39m[K
[34m   # non-singular solutions (real): 130 (5)[39m[K
[34m       # singular endpoints (real): 0 (0)[39m[K
[34m          # total solutions (real): 130 (5)[39m[K
[A
[A
[A
[A




[K[A
[K[A
[K[A
[K[A
[32mTracking 252 paths...  67%|ΓûêΓûêΓûêΓûêΓûêΓûêΓûêΓûêΓûêΓûêΓûêΓûêΓûêΓûêΓûêΓûêΓûêΓûêΓûêΓûê         |  ETA: 0:00:00[39m[K
[34m                   # paths tracked: 170[39m[K
[34m   # non-singular solutions (real): 170 (8)[39m[K
[34m       # singular endpoints (real): 0 (0)[39m[K
[34m          # total solutions (real): 170 (8)[39m[K
[A
[A
[A
[A




[K[A
[K[A
[K[A
[K[A
[32mTracking 252 paths...  83%|ΓûêΓûêΓûêΓûêΓûêΓûêΓûêΓûêΓûêΓûêΓûêΓûêΓûêΓûêΓûêΓûêΓûêΓûêΓûêΓûêΓûêΓûêΓûêΓûêΓûê    |  ETA: 0:00:00[39m[K
[34m                   # paths tracked: 210[39m[K
[34m   # non-singular solutions (real): 210 (11)[39m[K
[34m       # singular endpoints (real): 0 (0)[39m[K
[34m          # total solutions (real): 210 (11)[39m[K
[A
[A
[A
[A




[K[A
[K[A
[K[A
[K[A
[32mTracking 252 paths... 100%|ΓûêΓûêΓûêΓûêΓûêΓûêΓûêΓûêΓûêΓûêΓûêΓûêΓûêΓûêΓûêΓûêΓûêΓûêΓûêΓûêΓûêΓûêΓûêΓûêΓûêΓûêΓûêΓûêΓûê| Time: 0:00:01[39m[K
[34m                   # paths tracked: 252[39m[K
[34m   # non-singular solutions (real): 252 (12)[39m[K
[34m       # singular endpoints (real): 0 (0)[39m[K
[34m          # total solutions (real): 252 (12)[39m[K

[32mTracking 252 paths...  37%|ΓûêΓûêΓûêΓûêΓûêΓûêΓûêΓûêΓûêΓûêΓûê                  |  ETA: 0:00:01[39m[K
[34m                   # paths tracked: 92[39m[K
[34m   # non-singular solutions (real): 92 (6)[39m[K
[34m       # singular endpoints (real): 0 (0)[39m[K
[34m          # total solutions (real): 92 (6)[39m[K
[A
[A
[A
[A




[K[A
[K[A
[K[A
[K[A
[32mTracking 252 paths...  51%|ΓûêΓûêΓûêΓûêΓûêΓûêΓûêΓûêΓûêΓûêΓûêΓûêΓûêΓûêΓûê              |  ETA: 0:00:01[39m[K
[34m                   # paths tracked: 128[39m[K
[34m   # non-singular solutions (real): 128 (7)[39m[K
[34m       # singular endpoints (real): 0 (0)[39m[K
[34m          # total solutions (real): 128 (7)[39m[K
[A
[A
[A
[A




[K[A
[K[A
[K[A
[K[A
[32mTracking 252 paths...  66%|ΓûêΓûêΓûêΓûêΓûêΓûêΓûêΓûêΓûêΓûêΓûêΓûêΓûêΓûêΓûêΓûêΓûêΓûêΓûêΓûê         |  ETA: 0:00:00[39m[K
[34m                   # paths tracked: 167[39m[K
[34m   # non-singular solutions (real): 167 (8)[39m[K
[34m       # singular endpoints (real): 0 (0)[39m[K
[34m          # total solutions (real): 167 (8)[39m[K
[A
[A
[A
[A




[K[A
[K[A
[K[A
[K[A
[32mTracking 252 paths...  79%|ΓûêΓûêΓûêΓûêΓûêΓûêΓûêΓûêΓûêΓûêΓûêΓûêΓûêΓûêΓûêΓûêΓûêΓûêΓûêΓûêΓûêΓûêΓûê      |  ETA: 0:00:00[39m[K
[34m                   # paths tracked: 199[39m[K
[34m   # non-singular solutions (real): 199 (10)[39m[K
[34m       # singular endpoints (real): 0 (0)[39m[K
[34m          # total solutions (real): 199 (10)[39m[K
[A
[A
[A
[A




[K[A
[K[A
[K[A
[K[A
[32mTracking 252 paths...  91%|ΓûêΓûêΓûêΓûêΓûêΓûêΓûêΓûêΓûêΓûêΓûêΓûêΓûêΓûêΓûêΓûêΓûêΓûêΓûêΓûêΓûêΓûêΓûêΓûêΓûêΓûêΓûê  |  ETA: 0:00:00[39m[K
[34m                   # paths tracked: 230[39m[K
[34m   # non-singular solutions (real): 230 (10)[39m[K
[34m       # singular endpoints (real): 0 (0)[39m[K
[34m          # total solutions (real): 230 (10)[39m[K
[A
[A
[A
[A




[K[A
[K[A
[K[A
[K[A
[32mTracking 252 paths... 100%|ΓûêΓûêΓûêΓûêΓûêΓûêΓûêΓûêΓûêΓûêΓûêΓûêΓûêΓûêΓûêΓûêΓûêΓûêΓûêΓûêΓûêΓûêΓûêΓûêΓûêΓûêΓûêΓûêΓûê| Time: 0:00:01[39m[K
[34m                   # paths tracked: 252[39m[K
[34m   # non-singular solutions (real): 252 (12)[39m[K
[34m       # singular endpoints (real): 0 (0)[39m[K
[34m          # total solutions (real): 252 (12)[39m[K

[32mTracking 252 paths...  34%|ΓûêΓûêΓûêΓûêΓûêΓûêΓûêΓûêΓûêΓûê                   |  ETA: 0:00:01[39m[K
[34m                   # paths tracked: 85[39m[K
[34m   # non-singular solutions (real): 85 (6)[39m[K
[34m       # singular endpoints (real): 0 (0)[39m[K
[34m          # total solutions (real): 85 (6)[39m[K
[A
[A
[A
[A




[K[A
[K[A
[K[A
[K[A
[32mTracking 252 paths...  50%|ΓûêΓûêΓûêΓûêΓûêΓûêΓûêΓûêΓûêΓûêΓûêΓûêΓûêΓûêΓûê              |  ETA: 0:00:01[39m[K
[34m                   # paths tracked: 126[39m[K
[34m   # non-singular solutions (real): 126 (8)[39m[K
[34m       # singular endpoints (real): 0 (0)[39m[K
[34m          # total solutions (real): 126 (8)[39m[K
[A
[A
[A
[A




[K[A
[K[A
[K[A
[K[A
[32mTracking 252 paths...  66%|ΓûêΓûêΓûêΓûêΓûêΓûêΓûêΓûêΓûêΓûêΓûêΓûêΓûêΓûêΓûêΓûêΓûêΓûêΓûêΓûê         |  ETA: 0:00:00[39m[K
[34m                   # paths tracked: 166[39m[K
[34m   # non-singular solutions (real): 166 (10)[39m[K
[34m       # singular endpoints (real): 0 (0)[39m[K
[34m          # total solutions (real): 166 (10)[39m[K
[A
[A
[A
[A




[K[A
[K[A
[K[A
[K[A
[32mTracking 252 paths...  81%|ΓûêΓûêΓûêΓûêΓûêΓûêΓûêΓûêΓûêΓûêΓûêΓûêΓûêΓûêΓûêΓûêΓûêΓûêΓûêΓûêΓûêΓûêΓûêΓûê     |  ETA: 0:00:00[39m[K
[34m                   # paths tracked: 205[39m[K
[34m   # non-singular solutions (real): 205 (10)[39m[K
[34m       # singular endpoints (real): 0 (0)[39m[K
[34m          # total solutions (real): 205 (10)[39m[K
[A
[A
[A
[A




[K[A
[K[A
[K[A
[K[A
[32mTracking 252 paths...  96%|ΓûêΓûêΓûêΓûêΓûêΓûêΓûêΓûêΓûêΓûêΓûêΓûêΓûêΓûêΓûêΓûêΓûêΓûêΓûêΓûêΓûêΓûêΓûêΓûêΓûêΓûêΓûêΓûê |  ETA: 0:00:00[39m[K
[34m                   # paths tracked: 241[39m[K
[34m   # non-singular solutions (real): 241 (10)[39m[K
[34m       # singular endpoints (real): 0 (0)[39m[K
[34m          # total solutions (real): 241 (10)[39m[K
[A
[A
[A
[A




[K[A
[K[A
[K[A
[K[A
[32mTracking 252 paths... 100%|ΓûêΓûêΓûêΓûêΓûêΓûêΓûêΓûêΓûêΓûêΓûêΓûêΓûêΓûêΓûêΓûêΓûêΓûêΓûêΓûêΓûêΓûêΓûêΓûêΓûêΓûêΓûêΓûêΓûê| Time: 0:00:01[39m[K
[34m                   # paths tracked: 252[39m[K
[34m   # non-singular solutions (real): 252 (12)[39m[K
[34m       # singular endpoints (real): 0 (0)[39m[K
[34m          # total solutions (real): 252 (12)[39m[K

[32mTracking 252 paths...  36%|ΓûêΓûêΓûêΓûêΓûêΓûêΓûêΓûêΓûêΓûêΓûê                  |  ETA: 0:00:01[39m[K
[34m                   # paths tracked: 90[39m[K
[34m   # non-singular solutions (real): 90 (7)[39m[K
[34m       # singular endpoints (real): 0 (0)[39m[K
[34m          # total solutions (real): 90 (7)[39m[K
[A
[A
[A
[A




[K[A
[K[A
[K[A
[K[A
[32mTracking 252 paths...  48%|ΓûêΓûêΓûêΓûêΓûêΓûêΓûêΓûêΓûêΓûêΓûêΓûêΓûêΓûê               |  ETA: 0:00:01[39m[K
[34m                   # paths tracked: 121[39m[K
[34m   # non-singular solutions (real): 121 (9)[39m[K
[34m       # singular endpoints (real): 0 (0)[39m[K
[34m          # total solutions (real): 121 (9)[39m[K
[A
[A
[A
[A




[K[A
[K[A
[K[A
[K[A
[32mTracking 252 paths...  62%|ΓûêΓûêΓûêΓûêΓûêΓûêΓûêΓûêΓûêΓûêΓûêΓûêΓûêΓûêΓûêΓûêΓûêΓûê           |  ETA: 0:00:01[39m[K
[34m                   # paths tracked: 156[39m[K
[34m   # non-singular solutions (real): 156 (9)[39m[K
[34m       # singular endpoints (real): 0 (0)[39m[K
[34m          # total solutions (real): 156 (9)[39m[K
[A
[A
[A
[A




[K[A
[K[A
[K[A
[K[A
[32mTracking 252 paths...  75%|ΓûêΓûêΓûêΓûêΓûêΓûêΓûêΓûêΓûêΓûêΓûêΓûêΓûêΓûêΓûêΓûêΓûêΓûêΓûêΓûêΓûêΓûê       |  ETA: 0:00:00[39m[K
[34m                   # paths tracked: 188[39m[K
[34m   # non-singular solutions (real): 188 (10)[39m[K
[34m       # singular endpoints (real): 0 (0)[39m[K
[34m          # total solutions (real): 188 (10)[39m[K
[A
[A
[A
[A




[K[A
[K[A
[K[A
[K[A
[32mTracking 252 paths...  88%|ΓûêΓûêΓûêΓûêΓûêΓûêΓûêΓûêΓûêΓûêΓûêΓûêΓûêΓûêΓûêΓûêΓûêΓûêΓûêΓûêΓûêΓûêΓûêΓûêΓûêΓûê   |  ETA: 0:00:00[39m[K
[34m                   # paths tracked: 222[39m[K
[34m   # non-singular solutions (real): 222 (11)[39m[K
[34m       # singular endpoints (real): 0 (0)[39m[K
[34m          # total solutions (real): 222 (11)[39m[K
[A
[A
[A
[A




[K[A
[K[A
[K[A
[K[A
[32mTracking 252 paths... 100%|ΓûêΓûêΓûêΓûêΓûêΓûêΓûêΓûêΓûêΓûêΓûêΓûêΓûêΓûêΓûêΓûêΓûêΓûêΓûêΓûêΓûêΓûêΓûêΓûêΓûêΓûêΓûêΓûêΓûê| Time: 0:00:01[39m[K
[34m                   # paths tracked: 252[39m[K
[34m   # non-singular solutions (real): 252 (12)[39m[K
[34m       # singular endpoints (real): 0 (0)[39m[K
[34m          # total solutions (real): 252 (12)[39m[K

[32mTracking 252 paths...  27%|ΓûêΓûêΓûêΓûêΓûêΓûêΓûêΓûê                     |  ETA: 0:00:01[39m[K
[34m                   # paths tracked: 68[39m[K
[34m   # non-singular solutions (real): 68 (5)[39m[K
[34m       # singular endpoints (real): 0 (0)[39m[K
[34m          # total solutions (real): 68 (5)[39m[K
[A
[A
[A
[A




[K[A
[K[A
[K[A
[K[A
[32mTracking 252 paths...  41%|ΓûêΓûêΓûêΓûêΓûêΓûêΓûêΓûêΓûêΓûêΓûêΓûê                 |  ETA: 0:00:01[39m[K
[34m                   # paths tracked: 103[39m[K
[34m   # non-singular solutions (real): 103 (6)[39m[K
[34m       # singular endpoints (real): 0 (0)[39m[K
[34m          # total solutions (real): 103 (6)[39m[K
[A
[A
[A
[A




[K[A
[K[A
[K[A
[K[A
[32mTracking 252 paths...  55%|ΓûêΓûêΓûêΓûêΓûêΓûêΓûêΓûêΓûêΓûêΓûêΓûêΓûêΓûêΓûêΓûê             |  ETA: 0:00:01[39m[K
[34m                   # paths tracked: 139[39m[K
[34m   # non-singular solutions (real): 139 (7)[39m[K
[34m       # singular endpoints (real): 0 (0)[39m[K
[34m          # total solutions (real): 139 (7)[39m[K
[A
[A
[A
[A




[K[A
[K[A
[K[A
[K[A
[32mTracking 252 paths...  69%|ΓûêΓûêΓûêΓûêΓûêΓûêΓûêΓûêΓûêΓûêΓûêΓûêΓûêΓûêΓûêΓûêΓûêΓûêΓûêΓûêΓûê        |  ETA: 0:00:01[39m[K
[34m                   # paths tracked: 175[39m[K
[34m   # non-singular solutions (real): 175 (9)[39m[K
[34m       # singular endpoints (real): 0 (0)[39m[K
[34m          # total solutions (real): 175 (9)[39m[K
[A
[A
[A
[A




[K[A
[K[A
[K[A
[K[A
[32mTracking 252 paths...  84%|ΓûêΓûêΓûêΓûêΓûêΓûêΓûêΓûêΓûêΓûêΓûêΓûêΓûêΓûêΓûêΓûêΓûêΓûêΓûêΓûêΓûêΓûêΓûêΓûêΓûê    |  ETA: 0:00:00[39m[K
[34m                   # paths tracked: 212[39m[K
[34m   # non-singular solutions (real): 212 (10)[39m[K
[34m       # singular endpoints (real): 0 (0)[39m[K
[34m          # total solutions (real): 212 (10)[39m[K
[A
[A
[A
[A




[K[A
[K[A
[K[A
[K[A
[32mTracking 252 paths...  98%|ΓûêΓûêΓûêΓûêΓûêΓûêΓûêΓûêΓûêΓûêΓûêΓûêΓûêΓûêΓûêΓûêΓûêΓûêΓûêΓûêΓûêΓûêΓûêΓûêΓûêΓûêΓûêΓûêΓûê|  ETA: 0:00:00[39m[K
[34m                   # paths tracked: 248[39m[K
[34m   # non-singular solutions (real): 248 (12)[39m[K
[34m       # singular endpoints (real): 0 (0)[39m[K
[34m          # total solutions (real): 248 (12)[39m[K
[A
[A
[A
[A




[K[A
[K[A
[K[A
[K[A
[32mTracking 252 paths... 100%|ΓûêΓûêΓûêΓûêΓûêΓûêΓûêΓûêΓûêΓûêΓûêΓûêΓûêΓûêΓûêΓûêΓûêΓûêΓûêΓûêΓûêΓûêΓûêΓûêΓûêΓûêΓûêΓûêΓûê| Time: 0:00:01[39m[K
[34m                   # paths tracked: 252[39m[K
[34m   # non-singular solutions (real): 252 (12)[39m[K
[34m       # singular endpoints (real): 0 (0)[39m[K
[34m          # total solutions (real): 252 (12)[39m[K

[32mTracking 252 paths...  39%|ΓûêΓûêΓûêΓûêΓûêΓûêΓûêΓûêΓûêΓûêΓûêΓûê                 |  ETA: 0:00:01[39m[K
[34m                   # paths tracked: 98[39m[K
[34m   # non-singular solutions (real): 98 (3)[39m[K
[34m       # singular endpoints (real): 0 (0)[39m[K
[34m          # total solutions (real): 98 (3)[39m[K
[A
[A
[A
[A




[K[A
[K[A
[K[A
[K[A
[32mTracking 252 paths...  54%|ΓûêΓûêΓûêΓûêΓûêΓûêΓûêΓûêΓûêΓûêΓûêΓûêΓûêΓûêΓûêΓûê             |  ETA: 0:00:01[39m[K
[34m                   # paths tracked: 136[39m[K
[34m   # non-singular solutions (real): 136 (5)[39m[K
[34m       # singular endpoints (real): 0 (0)[39m[K
[34m          # total solutions (real): 136 (5)[39m[K
[A
[A
[A
[A




[K[A
[K[A
[K[A
[K[A
[32mTracking 252 paths...  69%|ΓûêΓûêΓûêΓûêΓûêΓûêΓûêΓûêΓûêΓûêΓûêΓûêΓûêΓûêΓûêΓûêΓûêΓûêΓûêΓûê         |  ETA: 0:00:00[39m[K
[34m                   # paths tracked: 173[39m[K
[34m   # non-singular solutions (real): 173 (7)[39m[K
[34m       # singular endpoints (real): 0 (0)[39m[K
[34m          # total solutions (real): 173 (7)[39m[K
[A
[A
[A
[A




[K[A
[K[A
[K[A
[K[A
[32mTracking 252 paths...  84%|ΓûêΓûêΓûêΓûêΓûêΓûêΓûêΓûêΓûêΓûêΓûêΓûêΓûêΓûêΓûêΓûêΓûêΓûêΓûêΓûêΓûêΓûêΓûêΓûêΓûê    |  ETA: 0:00:00[39m[K
[34m                   # paths tracked: 211[39m[K
[34m   # non-singular solutions (real): 211 (10)[39m[K
[34m       # singular endpoints (real): 0 (0)[39m[K
[34m          # total solutions (real): 211 (10)[39m[K
[A
[A
[A
[A




[K[A
[K[A
[K[A
[K[A
[32mTracking 252 paths...  98%|ΓûêΓûêΓûêΓûêΓûêΓûêΓûêΓûêΓûêΓûêΓûêΓûêΓûêΓûêΓûêΓûêΓûêΓûêΓûêΓûêΓûêΓûêΓûêΓûêΓûêΓûêΓûêΓûêΓûê|  ETA: 0:00:00[39m[K
[34m                   # paths tracked: 247[39m[K
[34m   # non-singular solutions (real): 247 (12)[39m[K
[34m       # singular endpoints (real): 0 (0)[39m[K
[34m          # total solutions (real): 247 (12)[39m[K
[A
[A
[A
[A




[K[A
[K[A
[K[A
[K[A
[32mTracking 252 paths... 100%|ΓûêΓûêΓûêΓûêΓûêΓûêΓûêΓûêΓûêΓûêΓûêΓûêΓûêΓûêΓûêΓûêΓûêΓûêΓûêΓûêΓûêΓûêΓûêΓûêΓûêΓûêΓûêΓûêΓûê| Time: 0:00:01[39m[K
[34m                   # paths tracked: 252[39m[K
[34m   # non-singular solutions (real): 252 (12)[39m[K
[34m       # singular endpoints (real): 0 (0)[39m[K
[34m          # total solutions (real): 252 (12)[39m[K

[32mTracking 252 paths...  29%|ΓûêΓûêΓûêΓûêΓûêΓûêΓûêΓûêΓûê                    |  ETA: 0:00:01[39m[K
[34m                   # paths tracked: 73[39m[K
[34m   # non-singular solutions (real): 73 (2)[39m[K
[34m       # singular endpoints (real): 0 (0)[39m[K
[34m          # total solutions (real): 73 (2)[39m[K
[A
[A
[A
[A




[K[A
[K[A
[K[A
[K[A
[32mTracking 252 paths...  37%|ΓûêΓûêΓûêΓûêΓûêΓûêΓûêΓûêΓûêΓûêΓûê                  |  ETA: 0:00:01[39m[K
[34m                   # paths tracked: 93[39m[K
[34m   # non-singular solutions (real): 93 (4)[39m[K
[34m       # singular endpoints (real): 0 (0)[39m[K
[34m          # total solutions (real): 93 (4)[39m[K
[A
[A
[A
[A




[K[A
[K[A
[K[A
[K[A
[32mTracking 252 paths...  52%|ΓûêΓûêΓûêΓûêΓûêΓûêΓûêΓûêΓûêΓûêΓûêΓûêΓûêΓûêΓûêΓûê             |  ETA: 0:00:01[39m[K
[34m                   # paths tracked: 131[39m[K
[34m   # non-singular solutions (real): 131 (6)[39m[K
[34m       # singular endpoints (real): 0 (0)[39m[K
[34m          # total solutions (real): 131 (6)[39m[K
[A
[A
[A
[A




[K[A
[K[A
[K[A
[K[A
[32mTracking 252 paths...  62%|ΓûêΓûêΓûêΓûêΓûêΓûêΓûêΓûêΓûêΓûêΓûêΓûêΓûêΓûêΓûêΓûêΓûêΓûê           |  ETA: 0:00:01[39m[K
[34m                   # paths tracked: 156[39m[K
[34m   # non-singular solutions (real): 156 (6)[39m[K
[34m       # singular endpoints (real): 0 (0)[39m[K
[34m          # total solutions (real): 156 (6)[39m[K
[A
[A
[A
[A




[K[A
[K[A
[K[A
[K[A
[32mTracking 252 paths...  74%|ΓûêΓûêΓûêΓûêΓûêΓûêΓûêΓûêΓûêΓûêΓûêΓûêΓûêΓûêΓûêΓûêΓûêΓûêΓûêΓûêΓûêΓûê       |  ETA: 0:00:01[39m[K
[34m                   # paths tracked: 187[39m[K
[34m   # non-singular solutions (real): 187 (9)[39m[K
[34m       # singular endpoints (real): 0 (0)[39m[K
[34m          # total solutions (real): 187 (9)[39m[K
[A
[A
[A
[A




[K[A
[K[A
[K[A
[K[A
[32mTracking 252 paths...  86%|ΓûêΓûêΓûêΓûêΓûêΓûêΓûêΓûêΓûêΓûêΓûêΓûêΓûêΓûêΓûêΓûêΓûêΓûêΓûêΓûêΓûêΓûêΓûêΓûêΓûê    |  ETA: 0:00:00[39m[K
[34m                   # paths tracked: 216[39m[K
[34m   # non-singular solutions (real): 216 (11)[39m[K
[34m       # singular endpoints (real): 0 (0)[39m[K
[34m          # total solutions (real): 216 (11)[39m[K
[A
[A
[A
[A




[K[A
[K[A
[K[A
[K[A
[32mTracking 252 paths...  98%|ΓûêΓûêΓûêΓûêΓûêΓûêΓûêΓûêΓûêΓûêΓûêΓûêΓûêΓûêΓûêΓûêΓûêΓûêΓûêΓûêΓûêΓûêΓûêΓûêΓûêΓûêΓûêΓûêΓûê|  ETA: 0:00:00[39m[K
[34m                   # paths tracked: 248[39m[K
[34m   # non-singular solutions (real): 248 (12)[39m[K
[34m       # singular endpoints (real): 0 (0)[39m[K
[34m          # total solutions (real): 248 (12)[39m[K
[A
[A
[A
[A




[K[A
[K[A
[K[A
[K[A
[32mTracking 252 paths... 100%|ΓûêΓûêΓûêΓûêΓûêΓûêΓûêΓûêΓûêΓûêΓûêΓûêΓûêΓûêΓûêΓûêΓûêΓûêΓûêΓûêΓûêΓûêΓûêΓûêΓûêΓûêΓûêΓûêΓûê| Time: 0:00:02[39m[K
[34m                   # paths tracked: 252[39m[K
[34m   # non-singular solutions (real): 252 (12)[39m[K
[34m       # singular endpoints (real): 0 (0)[39m[K
[34m          # total solutions (real): 252 (12)[39m[K

[32mTracking 252 paths...  26%|ΓûêΓûêΓûêΓûêΓûêΓûêΓûêΓûê                     |  ETA: 0:00:01[39m[K
[34m                   # paths tracked: 66[39m[K
[34m   # non-singular solutions (real): 66 (5)[39m[K
[34m       # singular endpoints (real): 0 (0)[39m[K
[34m          # total solutions (real): 66 (5)[39m[K
[A
[A
[A
[A




[K[A
[K[A
[K[A
[K[A
[32mTracking 252 paths...  39%|ΓûêΓûêΓûêΓûêΓûêΓûêΓûêΓûêΓûêΓûêΓûêΓûê                 |  ETA: 0:00:01[39m[K
[34m                   # paths tracked: 99[39m[K
[34m   # non-singular solutions (real): 99 (5)[39m[K
[34m       # singular endpoints (real): 0 (0)[39m[K
[34m          # total solutions (real): 99 (5)[39m[K
[A
[A
[A
[A




[K[A
[K[A
[K[A
[K[A
[32mTracking 252 paths...  53%|ΓûêΓûêΓûêΓûêΓûêΓûêΓûêΓûêΓûêΓûêΓûêΓûêΓûêΓûêΓûêΓûê             |  ETA: 0:00:01[39m[K
[34m                   # paths tracked: 133[39m[K
[34m   # non-singular solutions (real): 133 (6)[39m[K
[34m       # singular endpoints (real): 0 (0)[39m[K
[34m          # total solutions (real): 133 (6)[39m[K
[A
[A
[A
[A




[K[A
[K[A
[K[A
[K[A
[32mTracking 252 paths...  67%|ΓûêΓûêΓûêΓûêΓûêΓûêΓûêΓûêΓûêΓûêΓûêΓûêΓûêΓûêΓûêΓûêΓûêΓûêΓûêΓûê         |  ETA: 0:00:01[39m[K
[34m                   # paths tracked: 169[39m[K
[34m   # non-singular solutions (real): 169 (10)[39m[K
[34m       # singular endpoints (real): 0 (0)[39m[K
[34m          # total solutions (real): 169 (10)[39m[K
[A
[A
[A
[A




[K[A
[K[A
[K[A
[K[A
[32mTracking 252 paths...  81%|ΓûêΓûêΓûêΓûêΓûêΓûêΓûêΓûêΓûêΓûêΓûêΓûêΓûêΓûêΓûêΓûêΓûêΓûêΓûêΓûêΓûêΓûêΓûêΓûê     |  ETA: 0:00:00[39m[K
[34m                   # paths tracked: 204[39m[K
[34m   # non-singular solutions (real): 204 (11)[39m[K
[34m       # singular endpoints (real): 0 (0)[39m[K
[34m          # total solutions (real): 204 (11)[39m[K
[A
[A
[A
[A




[K[A
[K[A
[K[A
[K[A
[32mTracking 252 paths...  96%|ΓûêΓûêΓûêΓûêΓûêΓûêΓûêΓûêΓûêΓûêΓûêΓûêΓûêΓûêΓûêΓûêΓûêΓûêΓûêΓûêΓûêΓûêΓûêΓûêΓûêΓûêΓûêΓûê |  ETA: 0:00:00[39m[K
[34m                   # paths tracked: 241[39m[K
[34m   # non-singular solutions (real): 241 (12)[39m[K
[34m       # singular endpoints (real): 0 (0)[39m[K
[34m          # total solutions (real): 241 (12)[39m[K
[A
[A
[A
[A




[K[A
[K[A
[K[A
[K[A
[32mTracking 252 paths... 100%|ΓûêΓûêΓûêΓûêΓûêΓûêΓûêΓûêΓûêΓûêΓûêΓûêΓûêΓûêΓûêΓûêΓûêΓûêΓûêΓûêΓûêΓûêΓûêΓûêΓûêΓûêΓûêΓûêΓûê| Time: 0:00:01[39m[K
[34m                   # paths tracked: 252[39m[K
[34m   # non-singular solutions (real): 252 (12)[39m[K
[34m       # singular endpoints (real): 0 (0)[39m[K
[34m          # total solutions (real): 252 (12)[39m[K

[32mTracking 252 paths...  37%|ΓûêΓûêΓûêΓûêΓûêΓûêΓûêΓûêΓûêΓûêΓûê                  |  ETA: 0:00:01[39m[K
[34m                   # paths tracked: 94[39m[K
[34m   # non-singular solutions (real): 94 (3)[39m[K
[34m       # singular endpoints (real): 0 (0)[39m[K
[34m          # total solutions (real): 94 (3)[39m[K
[A
[A
[A
[A




[K[A
[K[A
[K[A
[K[A
[32mTracking 252 paths...  52%|ΓûêΓûêΓûêΓûêΓûêΓûêΓûêΓûêΓûêΓûêΓûêΓûêΓûêΓûêΓûêΓûê             |  ETA: 0:00:01[39m[K
[34m                   # paths tracked: 131[39m[K
[34m   # non-singular solutions (real): 131 (4)[39m[K
[34m       # singular endpoints (real): 0 (0)[39m[K
[34m          # total solutions (real): 131 (4)[39m[K
[A
[A
[A
[A




[K[A
[K[A
[K[A
[K[A
[32mTracking 252 paths...  66%|ΓûêΓûêΓûêΓûêΓûêΓûêΓûêΓûêΓûêΓûêΓûêΓûêΓûêΓûêΓûêΓûêΓûêΓûêΓûêΓûê         |  ETA: 0:00:00[39m[K
[34m                   # paths tracked: 167[39m[K
[34m   # non-singular solutions (real): 167 (5)[39m[K
[34m       # singular endpoints (real): 0 (0)[39m[K
[34m          # total solutions (real): 167 (5)[39m[K
[A
[A
[A
[A




[K[A
[K[A
[K[A
[K[A
[32mTracking 252 paths...  82%|ΓûêΓûêΓûêΓûêΓûêΓûêΓûêΓûêΓûêΓûêΓûêΓûêΓûêΓûêΓûêΓûêΓûêΓûêΓûêΓûêΓûêΓûêΓûêΓûê     |  ETA: 0:00:00[39m[K
[34m                   # paths tracked: 207[39m[K
[34m   # non-singular solutions (real): 207 (8)[39m[K
[34m       # singular endpoints (real): 0 (0)[39m[K
[34m          # total solutions (real): 207 (8)[39m[K
[A
[A
[A
[A




[K[A
[K[A
[K[A
[K[A
[32mTracking 252 paths...  97%|ΓûêΓûêΓûêΓûêΓûêΓûêΓûêΓûêΓûêΓûêΓûêΓûêΓûêΓûêΓûêΓûêΓûêΓûêΓûêΓûêΓûêΓûêΓûêΓûêΓûêΓûêΓûêΓûêΓûê|  ETA: 0:00:00[39m[K
[34m                   # paths tracked: 245[39m[K
[34m   # non-singular solutions (real): 245 (12)[39m[K
[34m       # singular endpoints (real): 0 (0)[39m[K
[34m          # total solutions (real): 245 (12)[39m[K
[A
[A
[A
[A




[K[A
[K[A
[K[A
[K[A
[32mTracking 252 paths... 100%|ΓûêΓûêΓûêΓûêΓûêΓûêΓûêΓûêΓûêΓûêΓûêΓûêΓûêΓûêΓûêΓûêΓûêΓûêΓûêΓûêΓûêΓûêΓûêΓûêΓûêΓûêΓûêΓûêΓûê| Time: 0:00:01[39m[K
[34m                   # paths tracked: 252[39m[K
[34m   # non-singular solutions (real): 252 (12)[39m[K
[34m       # singular endpoints (real): 0 (0)[39m[K
[34m          # total solutions (real): 252 (12)[39m[K

[32mTracking 252 paths...  34%|ΓûêΓûêΓûêΓûêΓûêΓûêΓûêΓûêΓûêΓûê                   |  ETA: 0:00:01[39m[K
[34m                   # paths tracked: 86[39m[K
[34m   # non-singular solutions (real): 86 (3)[39m[K
[34m       # singular endpoints (real): 0 (0)[39m[K
[34m          # total solutions (real): 86 (3)[39m[K
[A
[A
[A
[A




[K[A
[K[A
[K[A
[K[A
[32mTracking 252 paths...  48%|ΓûêΓûêΓûêΓûêΓûêΓûêΓûêΓûêΓûêΓûêΓûêΓûêΓûêΓûê               |  ETA: 0:00:01[39m[K
[34m                   # paths tracked: 121[39m[K
[34m   # non-singular solutions (real): 121 (4)[39m[K
[34m       # singular endpoints (real): 0 (0)[39m[K
[34m          # total solutions (real): 121 (4)[39m[K
[A
[A
[A
[A




[K[A
[K[A
[K[A
[K[A
[32mTracking 252 paths...  63%|ΓûêΓûêΓûêΓûêΓûêΓûêΓûêΓûêΓûêΓûêΓûêΓûêΓûêΓûêΓûêΓûêΓûêΓûêΓûê          |  ETA: 0:00:01[39m[K
[34m                   # paths tracked: 158[39m[K
[34m   # non-singular solutions (real): 158 (6)[39m[K
[34m       # singular endpoints (real): 0 (0)[39m[K
[34m          # total solutions (real): 158 (6)[39m[K
[A
[A
[A
[A




[K[A
[K[A
[K[A
[K[A
[32mTracking 252 paths...  77%|ΓûêΓûêΓûêΓûêΓûêΓûêΓûêΓûêΓûêΓûêΓûêΓûêΓûêΓûêΓûêΓûêΓûêΓûêΓûêΓûêΓûêΓûêΓûê      |  ETA: 0:00:00[39m[K
[34m                   # paths tracked: 194[39m[K
[34m   # non-singular solutions (real): 194 (7)[39m[K
[34m       # singular endpoints (real): 0 (0)[39m[K
[34m          # total solutions (real): 194 (7)[39m[K
[A
[A
[A
[A




[K[A
[K[A
[K[A
[K[A
[32mTracking 252 paths...  92%|ΓûêΓûêΓûêΓûêΓûêΓûêΓûêΓûêΓûêΓûêΓûêΓûêΓûêΓûêΓûêΓûêΓûêΓûêΓûêΓûêΓûêΓûêΓûêΓûêΓûêΓûêΓûê  |  ETA: 0:00:00[39m[K
[34m                   # paths tracked: 232[39m[K
[34m   # non-singular solutions (real): 232 (12)[39m[K
[34m       # singular endpoints (real): 0 (0)[39m[K
[34m          # total solutions (real): 232 (12)[39m[K
[A
[A
[A
[A




[K[A
[K[A
[K[A
[K[A
[32mTracking 252 paths... 100%|ΓûêΓûêΓûêΓûêΓûêΓûêΓûêΓûêΓûêΓûêΓûêΓûêΓûêΓûêΓûêΓûêΓûêΓûêΓûêΓûêΓûêΓûêΓûêΓûêΓûêΓûêΓûêΓûêΓûê| Time: 0:00:01[39m[K
[34m                   # paths tracked: 252[39m[K
[34m   # non-singular solutions (real): 252 (12)[39m[K
[34m       # singular endpoints (real): 0 (0)[39m[K
[34m          # total solutions (real): 252 (12)[39m[K

[32mTracking 252 paths...  41%|ΓûêΓûêΓûêΓûêΓûêΓûêΓûêΓûêΓûêΓûêΓûêΓûê                 |  ETA: 0:00:01[39m[K
[34m                   # paths tracked: 104[39m[K
[34m   # non-singular solutions (real): 104 (5)[39m[K
[34m       # singular endpoints (real): 0 (0)[39m[K
[34m          # total solutions (real): 104 (5)[39m[K
[A
[A
[A
[A




[K[A
[K[A
[K[A
[K[A
[32mTracking 252 paths...  60%|ΓûêΓûêΓûêΓûêΓûêΓûêΓûêΓûêΓûêΓûêΓûêΓûêΓûêΓûêΓûêΓûêΓûêΓûê           |  ETA: 0:00:00[39m[K
[34m                   # paths tracked: 150[39m[K
[34m   # non-singular solutions (real): 150 (7)[39m[K
[34m       # singular endpoints (real): 0 (0)[39m[K
[34m          # total solutions (real): 150 (7)[39m[K
[A
[A
[A
[A




[K[A
[K[A
[K[A
[K[A
[32mTracking 252 paths...  76%|ΓûêΓûêΓûêΓûêΓûêΓûêΓûêΓûêΓûêΓûêΓûêΓûêΓûêΓûêΓûêΓûêΓûêΓûêΓûêΓûêΓûêΓûê       |  ETA: 0:00:00[39m[K
[34m                   # paths tracked: 191[39m[K
[34m   # non-singular solutions (real): 191 (7)[39m[K
[34m       # singular endpoints (real): 0 (0)[39m[K
[34m          # total solutions (real): 191 (7)[39m[K
[A
[A
[A
[A




[K[A
[K[A
[K[A
[K[A
[32mTracking 252 paths...  92%|ΓûêΓûêΓûêΓûêΓûêΓûêΓûêΓûêΓûêΓûêΓûêΓûêΓûêΓûêΓûêΓûêΓûêΓûêΓûêΓûêΓûêΓûêΓûêΓûêΓûêΓûêΓûê  |  ETA: 0:00:00[39m[K
[34m                   # paths tracked: 233[39m[K
[34m   # non-singular solutions (real): 233 (11)[39m[K
[34m       # singular endpoints (real): 0 (0)[39m[K
[34m          # total solutions (real): 233 (11)[39m[K
[A
[A
[A
[A




[K[A
[K[A
[K[A
[K[A
[32mTracking 252 paths... 100%|ΓûêΓûêΓûêΓûêΓûêΓûêΓûêΓûêΓûêΓûêΓûêΓûêΓûêΓûêΓûêΓûêΓûêΓûêΓûêΓûêΓûêΓûêΓûêΓûêΓûêΓûêΓûêΓûêΓûê| Time: 0:00:01[39m[K
[34m                   # paths tracked: 252[39m[K
[34m   # non-singular solutions (real): 252 (12)[39m[K
[34m       # singular endpoints (real): 0 (0)[39m[K
[34m          # total solutions (real): 252 (12)[39m[K

[32mTracking 252 paths...  39%|ΓûêΓûêΓûêΓûêΓûêΓûêΓûêΓûêΓûêΓûêΓûêΓûê                 |  ETA: 0:00:01[39m[K
[34m                   # paths tracked: 98[39m[K
[34m   # non-singular solutions (real): 98 (4)[39m[K
[34m       # singular endpoints (real): 0 (0)[39m[K
[34m          # total solutions (real): 98 (4)[39m[K
[A
[A
[A
[A




[K[A
[K[A
[K[A
[K[A
[32mTracking 252 paths...  54%|ΓûêΓûêΓûêΓûêΓûêΓûêΓûêΓûêΓûêΓûêΓûêΓûêΓûêΓûêΓûêΓûê             |  ETA: 0:00:01[39m[K
[34m                   # paths tracked: 136[39m[K
[34m   # non-singular solutions (real): 136 (4)[39m[K
[34m       # singular endpoints (real): 0 (0)[39m[K
[34m          # total solutions (real): 136 (4)[39m[K
[A
[A
[A
[A




[K[A
[K[A
[K[A
[K[A
[32mTracking 252 paths...  70%|ΓûêΓûêΓûêΓûêΓûêΓûêΓûêΓûêΓûêΓûêΓûêΓûêΓûêΓûêΓûêΓûêΓûêΓûêΓûêΓûêΓûê        |  ETA: 0:00:00[39m[K
[34m                   # paths tracked: 177[39m[K
[34m   # non-singular solutions (real): 177 (9)[39m[K
[34m       # singular endpoints (real): 0 (0)[39m[K
[34m          # total solutions (real): 177 (9)[39m[K
[A
[A
[A
[A




[K[A
[K[A
[K[A
[K[A
[32mTracking 252 paths...  87%|ΓûêΓûêΓûêΓûêΓûêΓûêΓûêΓûêΓûêΓûêΓûêΓûêΓûêΓûêΓûêΓûêΓûêΓûêΓûêΓûêΓûêΓûêΓûêΓûêΓûêΓûê   |  ETA: 0:00:00[39m[K
[34m                   # paths tracked: 219[39m[K
[34m   # non-singular solutions (real): 219 (12)[39m[K
[34m       # singular endpoints (real): 0 (0)[39m[K
[34m          # total solutions (real): 219 (12)[39m[K
[A
[A
[A
[A




[K[A
[K[A
[K[A
[K[A
[32mTracking 252 paths... 100%|ΓûêΓûêΓûêΓûêΓûêΓûêΓûêΓûêΓûêΓûêΓûêΓûêΓûêΓûêΓûêΓûêΓûêΓûêΓûêΓûêΓûêΓûêΓûêΓûêΓûêΓûêΓûêΓûêΓûê| Time: 0:00:01[39m[K
[34m                   # paths tracked: 252[39m[K
[34m   # non-singular solutions (real): 252 (12)[39m[K
[34m       # singular endpoints (real): 0 (0)[39m[K
[34m          # total solutions (real): 252 (12)[39m[K

[32mTracking 252 paths...  42%|ΓûêΓûêΓûêΓûêΓûêΓûêΓûêΓûêΓûêΓûêΓûêΓûêΓûê                |  ETA: 0:00:01[39m[K
[34m                   # paths tracked: 106[39m[K
[34m   # non-singular solutions (real): 106 (5)[39m[K
[34m       # singular endpoints (real): 0 (0)[39m[K
[34m          # total solutions (real): 106 (5)[39m[K
[A
[A
[A
[A




[K[A
[K[A
[K[A
[K[A
[32mTracking 252 paths...  58%|ΓûêΓûêΓûêΓûêΓûêΓûêΓûêΓûêΓûêΓûêΓûêΓûêΓûêΓûêΓûêΓûêΓûê            |  ETA: 0:00:01[39m[K
[34m                   # paths tracked: 146[39m[K
[34m   # non-singular solutions (real): 146 (8)[39m[K
[34m       # singular endpoints (real): 0 (0)[39m[K
[34m          # total solutions (real): 146 (8)[39m[K
[A
[A
[A
[A




[K[A
[K[A
[K[A
[K[A
[32mTracking 252 paths...  75%|ΓûêΓûêΓûêΓûêΓûêΓûêΓûêΓûêΓûêΓûêΓûêΓûêΓûêΓûêΓûêΓûêΓûêΓûêΓûêΓûêΓûêΓûê       |  ETA: 0:00:00[39m[K
[34m                   # paths tracked: 189[39m[K
[34m   # non-singular solutions (real): 189 (9)[39m[K
[34m       # singular endpoints (real): 0 (0)[39m[K
[34m          # total solutions (real): 189 (9)[39m[K
[A
[A
[A
[A




[K[A
[K[A
[K[A
[K[A
[32mTracking 252 paths...  90%|ΓûêΓûêΓûêΓûêΓûêΓûêΓûêΓûêΓûêΓûêΓûêΓûêΓûêΓûêΓûêΓûêΓûêΓûêΓûêΓûêΓûêΓûêΓûêΓûêΓûêΓûêΓûê  |  ETA: 0:00:00[39m[K
[34m                   # paths tracked: 227[39m[K
[34m   # non-singular solutions (real): 227 (10)[39m[K
[34m       # singular endpoints (real): 0 (0)[39m[K
[34m          # total solutions (real): 227 (10)[39m[K
[A
[A
[A
[A




[K[A
[K[A
[K[A
[K[A
[32mTracking 252 paths... 100%|ΓûêΓûêΓûêΓûêΓûêΓûêΓûêΓûêΓûêΓûêΓûêΓûêΓûêΓûêΓûêΓûêΓûêΓûêΓûêΓûêΓûêΓûêΓûêΓûêΓûêΓûêΓûêΓûêΓûê| Time: 0:00:01[39m[K
[34m                   # paths tracked: 252[39m[K
[34m   # non-singular solutions (real): 252 (12)[39m[K
[34m       # singular endpoints (real): 0 (0)[39m[K
[34m          # total solutions (real): 252 (12)[39m[K

[32mTracking 252 paths...  38%|ΓûêΓûêΓûêΓûêΓûêΓûêΓûêΓûêΓûêΓûêΓûê                  |  ETA: 0:00:01[39m[K
[34m                   # paths tracked: 95[39m[K
[34m   # non-singular solutions (real): 95 (6)[39m[K
[34m       # singular endpoints (real): 0 (0)[39m[K
[34m          # total solutions (real): 95 (6)[39m[K
[A
[A
[A
[A




[K[A
[K[A
[K[A
[K[A
[32mTracking 252 paths...  52%|ΓûêΓûêΓûêΓûêΓûêΓûêΓûêΓûêΓûêΓûêΓûêΓûêΓûêΓûêΓûêΓûê             |  ETA: 0:00:01[39m[K
[34m                   # paths tracked: 131[39m[K
[34m   # non-singular solutions (real): 131 (6)[39m[K
[34m       # singular endpoints (real): 0 (0)[39m[K
[34m          # total solutions (real): 131 (6)[39m[K
[A
[A
[A
[A




[K[A
[K[A
[K[A
[K[A
[32mTracking 252 paths...  67%|ΓûêΓûêΓûêΓûêΓûêΓûêΓûêΓûêΓûêΓûêΓûêΓûêΓûêΓûêΓûêΓûêΓûêΓûêΓûêΓûê         |  ETA: 0:00:00[39m[K
[34m                   # paths tracked: 168[39m[K
[34m   # non-singular solutions (real): 168 (9)[39m[K
[34m       # singular endpoints (real): 0 (0)[39m[K
[34m          # total solutions (real): 168 (9)[39m[K
[A
[A
[A
[A




[K[A
[K[A
[K[A
[K[A
[32mTracking 252 paths...  82%|ΓûêΓûêΓûêΓûêΓûêΓûêΓûêΓûêΓûêΓûêΓûêΓûêΓûêΓûêΓûêΓûêΓûêΓûêΓûêΓûêΓûêΓûêΓûêΓûê     |  ETA: 0:00:00[39m[K
[34m                   # paths tracked: 207[39m[K
[34m   # non-singular solutions (real): 207 (10)[39m[K
[34m       # singular endpoints (real): 0 (0)[39m[K
[34m          # total solutions (real): 207 (10)[39m[K
[A
[A
[A
[A




[K[A
[K[A
[K[A
[K[A
[32mTracking 252 paths...  98%|ΓûêΓûêΓûêΓûêΓûêΓûêΓûêΓûêΓûêΓûêΓûêΓûêΓûêΓûêΓûêΓûêΓûêΓûêΓûêΓûêΓûêΓûêΓûêΓûêΓûêΓûêΓûêΓûêΓûê|  ETA: 0:00:00[39m[K
[34m                   # paths tracked: 247[39m[K
[34m   # non-singular solutions (real): 247 (12)[39m[K
[34m       # singular endpoints (real): 0 (0)[39m[K
[34m          # total solutions (real): 247 (12)[39m[K
[A
[A
[A
[A




[K[A
[K[A
[K[A
[K[A
[32mTracking 252 paths... 100%|ΓûêΓûêΓûêΓûêΓûêΓûêΓûêΓûêΓûêΓûêΓûêΓûêΓûêΓûêΓûêΓûêΓûêΓûêΓûêΓûêΓûêΓûêΓûêΓûêΓûêΓûêΓûêΓûêΓûê| Time: 0:00:01[39m[K
[34m                   # paths tracked: 252[39m[K
[34m   # non-singular solutions (real): 252 (12)[39m[K
[34m       # singular endpoints (real): 0 (0)[39m[K
[34m          # total solutions (real): 252 (12)[39m[K

[32mTracking 252 paths...  38%|ΓûêΓûêΓûêΓûêΓûêΓûêΓûêΓûêΓûêΓûêΓûêΓûê                 |  ETA: 0:00:01[39m[K
[34m                   # paths tracked: 97[39m[K
[34m   # non-singular solutions (real): 97 (1)[39m[K
[34m       # singular endpoints (real): 0 (0)[39m[K
[34m          # total solutions (real): 97 (1)[39m[K
[A
[A
[A
[A




[K[A
[K[A
[K[A
[K[A
[32mTracking 252 paths...  54%|ΓûêΓûêΓûêΓûêΓûêΓûêΓûêΓûêΓûêΓûêΓûêΓûêΓûêΓûêΓûêΓûê             |  ETA: 0:00:01[39m[K
[34m                   # paths tracked: 136[39m[K
[34m   # non-singular solutions (real): 136 (3)[39m[K
[34m       # singular endpoints (real): 0 (0)[39m[K
[34m          # total solutions (real): 136 (3)[39m[K
[A
[A
[A
[A




[K[A
[K[A
[K[A
[K[A
[32mTracking 252 paths...  70%|ΓûêΓûêΓûêΓûêΓûêΓûêΓûêΓûêΓûêΓûêΓûêΓûêΓûêΓûêΓûêΓûêΓûêΓûêΓûêΓûêΓûê        |  ETA: 0:00:00[39m[K
[34m                   # paths tracked: 176[39m[K
[34m   # non-singular solutions (real): 176 (5)[39m[K
[34m       # singular endpoints (real): 0 (0)[39m[K
[34m          # total solutions (real): 176 (5)[39m[K
[A
[A
[A
[A




[K[A
[K[A
[K[A
[K[A
[32mTracking 252 paths...  86%|ΓûêΓûêΓûêΓûêΓûêΓûêΓûêΓûêΓûêΓûêΓûêΓûêΓûêΓûêΓûêΓûêΓûêΓûêΓûêΓûêΓûêΓûêΓûêΓûêΓûê    |  ETA: 0:00:00[39m[K
[34m                   # paths tracked: 216[39m[K
[34m   # non-singular solutions (real): 216 (9)[39m[K
[34m       # singular endpoints (real): 0 (0)[39m[K
[34m          # total solutions (real): 216 (9)[39m[K
[A
[A
[A
[A




[K[A
[K[A
[K[A
[K[A
[32mTracking 252 paths... 100%|ΓûêΓûêΓûêΓûêΓûêΓûêΓûêΓûêΓûêΓûêΓûêΓûêΓûêΓûêΓûêΓûêΓûêΓûêΓûêΓûêΓûêΓûêΓûêΓûêΓûêΓûêΓûêΓûêΓûê| Time: 0:00:01[39m[K
[34m                   # paths tracked: 252[39m[K
[34m   # non-singular solutions (real): 252 (12)[39m[K
[34m       # singular endpoints (real): 0 (0)[39m[K
[34m          # total solutions (real): 252 (12)[39m[K

[32mTracking 252 paths...  38%|ΓûêΓûêΓûêΓûêΓûêΓûêΓûêΓûêΓûêΓûêΓûê                  |  ETA: 0:00:01[39m[K
[34m                   # paths tracked: 95[39m[K
[34m   # non-singular solutions (real): 95 (6)[39m[K
[34m       # singular endpoints (real): 0 (0)[39m[K
[34m          # total solutions (real): 95 (6)[39m[K
[A
[A
[A
[A




[K[A
[K[A
[K[A
[K[A
[32mTracking 252 paths...  54%|ΓûêΓûêΓûêΓûêΓûêΓûêΓûêΓûêΓûêΓûêΓûêΓûêΓûêΓûêΓûêΓûê             |  ETA: 0:00:01[39m[K
[34m                   # paths tracked: 137[39m[K
[34m   # non-singular solutions (real): 137 (7)[39m[K
[34m       # singular endpoints (real): 0 (0)[39m[K
[34m          # total solutions (real): 137 (7)[39m[K
[A
[A
[A
[A




[K[A
[K[A
[K[A
[K[A
[32mTracking 252 paths...  69%|ΓûêΓûêΓûêΓûêΓûêΓûêΓûêΓûêΓûêΓûêΓûêΓûêΓûêΓûêΓûêΓûêΓûêΓûêΓûêΓûêΓûê        |  ETA: 0:00:00[39m[K
[34m                   # paths tracked: 175[39m[K
[34m   # non-singular solutions (real): 175 (8)[39m[K
[34m       # singular endpoints (real): 0 (0)[39m[K
[34m          # total solutions (real): 175 (8)[39m[K
[A
[A
[A
[A




[K[A
[K[A
[K[A
[K[A
[32mTracking 252 paths...  86%|ΓûêΓûêΓûêΓûêΓûêΓûêΓûêΓûêΓûêΓûêΓûêΓûêΓûêΓûêΓûêΓûêΓûêΓûêΓûêΓûêΓûêΓûêΓûêΓûêΓûê    |  ETA: 0:00:00[39m[K
[34m                   # paths tracked: 216[39m[K
[34m   # non-singular solutions (real): 216 (10)[39m[K
[34m       # singular endpoints (real): 0 (0)[39m[K
[34m          # total solutions (real): 216 (10)[39m[K
[A
[A
[A
[A




[K[A
[K[A
[K[A
[K[A
[32mTracking 252 paths... 100%|ΓûêΓûêΓûêΓûêΓûêΓûêΓûêΓûêΓûêΓûêΓûêΓûêΓûêΓûêΓûêΓûêΓûêΓûêΓûêΓûêΓûêΓûêΓûêΓûêΓûêΓûêΓûêΓûêΓûê| Time: 0:00:01[39m[K
[34m                   # paths tracked: 252[39m[K
[34m   # non-singular solutions (real): 252 (12)[39m[K
[34m       # singular endpoints (real): 0 (0)[39m[K
[34m          # total solutions (real): 252 (12)[39m[K

[32mTracking 252 paths...  38%|ΓûêΓûêΓûêΓûêΓûêΓûêΓûêΓûêΓûêΓûêΓûê                  |  ETA: 0:00:01[39m[K
[34m                   # paths tracked: 95[39m[K
[34m   # non-singular solutions (real): 95 (6)[39m[K
[34m       # singular endpoints (real): 0 (0)[39m[K
[34m          # total solutions (real): 95 (6)[39m[K
[A
[A
[A
[A




[K[A
[K[A
[K[A
[K[A
[32mTracking 252 paths...  54%|ΓûêΓûêΓûêΓûêΓûêΓûêΓûêΓûêΓûêΓûêΓûêΓûêΓûêΓûêΓûêΓûê             |  ETA: 0:00:01[39m[K
[34m                   # paths tracked: 136[39m[K
[34m   # non-singular solutions (real): 136 (6)[39m[K
[34m       # singular endpoints (real): 0 (0)[39m[K
[34m          # total solutions (real): 136 (6)[39m[K
[A
[A
[A
[A




[K[A
[K[A
[K[A
[K[A
[32mTracking 252 paths...  68%|ΓûêΓûêΓûêΓûêΓûêΓûêΓûêΓûêΓûêΓûêΓûêΓûêΓûêΓûêΓûêΓûêΓûêΓûêΓûêΓûê         |  ETA: 0:00:00[39m[K
[34m                   # paths tracked: 172[39m[K
[34m   # non-singular solutions (real): 172 (10)[39m[K
[34m       # singular endpoints (real): 0 (0)[39m[K
[34m          # total solutions (real): 172 (10)[39m[K
[A
[A
[A
[A




[K[A
[K[A
[K[A
[K[A
[32mTracking 252 paths...  85%|ΓûêΓûêΓûêΓûêΓûêΓûêΓûêΓûêΓûêΓûêΓûêΓûêΓûêΓûêΓûêΓûêΓûêΓûêΓûêΓûêΓûêΓûêΓûêΓûêΓûê    |  ETA: 0:00:00[39m[K
[34m                   # paths tracked: 215[39m[K
[34m   # non-singular solutions (real): 215 (11)[39m[K
[34m       # singular endpoints (real): 0 (0)[39m[K
[34m          # total solutions (real): 215 (11)[39m[K
[A
[A
[A
[A




[K[A
[K[A
[K[A
[K[A
[32mTracking 252 paths... 100%|ΓûêΓûêΓûêΓûêΓûêΓûêΓûêΓûêΓûêΓûêΓûêΓûêΓûêΓûêΓûêΓûêΓûêΓûêΓûêΓûêΓûêΓûêΓûêΓûêΓûêΓûêΓûêΓûêΓûê| Time: 0:00:01[39m[K
[34m                   # paths tracked: 252[39m[K
[34m   # non-singular solutions (real): 252 (12)[39m[K
[34m       # singular endpoints (real): 0 (0)[39m[K
[34m          # total solutions (real): 252 (12)[39m[K

[32mTracking 252 paths...  31%|ΓûêΓûêΓûêΓûêΓûêΓûêΓûêΓûêΓûê                    |  ETA: 0:00:01[39m[K
[34m                   # paths tracked: 77[39m[K
[34m   # non-singular solutions (real): 77 (1)[39m[K
[34m       # singular endpoints (real): 0 (0)[39m[K
[34m          # total solutions (real): 77 (1)[39m[K
[A
[A
[A
[A




[K[A
[K[A
[K[A
[K[A
[32mTracking 252 paths...  54%|ΓûêΓûêΓûêΓûêΓûêΓûêΓûêΓûêΓûêΓûêΓûêΓûêΓûêΓûêΓûêΓûê             |  ETA: 0:00:01[39m[K
[34m                   # paths tracked: 136[39m[K
[34m   # non-singular solutions (real): 136 (5)[39m[K
[34m       # singular endpoints (real): 0 (0)[39m[K
[34m          # total solutions (real): 136 (5)[39m[K
[A
[A
[A
[A




[K[A
[K[A
[K[A
[K[A
[32mTracking 252 paths...  68%|ΓûêΓûêΓûêΓûêΓûêΓûêΓûêΓûêΓûêΓûêΓûêΓûêΓûêΓûêΓûêΓûêΓûêΓûêΓûêΓûê         |  ETA: 0:00:01[39m[K
[34m                   # paths tracked: 171[39m[K
[34m   # non-singular solutions (real): 171 (8)[39m[K
[34m       # singular endpoints (real): 0 (0)[39m[K
[34m          # total solutions (real): 171 (8)[39m[K
[A
[A
[A
[A




[K[A
[K[A
[K[A
[K[A
[32mTracking 252 paths...  83%|ΓûêΓûêΓûêΓûêΓûêΓûêΓûêΓûêΓûêΓûêΓûêΓûêΓûêΓûêΓûêΓûêΓûêΓûêΓûêΓûêΓûêΓûêΓûêΓûê     |  ETA: 0:00:00[39m[K
[34m                   # paths tracked: 208[39m[K
[34m   # non-singular solutions (real): 208 (12)[39m[K
[34m       # singular endpoints (real): 0 (0)[39m[K
[34m          # total solutions (real): 208 (12)[39m[K
[A
[A
[A
[A




[K[A
[K[A
[K[A
[K[A
[32mTracking 252 paths...  98%|ΓûêΓûêΓûêΓûêΓûêΓûêΓûêΓûêΓûêΓûêΓûêΓûêΓûêΓûêΓûêΓûêΓûêΓûêΓûêΓûêΓûêΓûêΓûêΓûêΓûêΓûêΓûêΓûêΓûê|  ETA: 0:00:00[39m[K
[34m                   # paths tracked: 247[39m[K
[34m   # non-singular solutions (real): 247 (12)[39m[K
[34m       # singular endpoints (real): 0 (0)[39m[K
[34m          # total solutions (real): 247 (12)[39m[K
[A
[A
[A
[A




[K[A
[K[A
[K[A
[K[A
[32mTracking 252 paths... 100%|ΓûêΓûêΓûêΓûêΓûêΓûêΓûêΓûêΓûêΓûêΓûêΓûêΓûêΓûêΓûêΓûêΓûêΓûêΓûêΓûêΓûêΓûêΓûêΓûêΓûêΓûêΓûêΓûêΓûê| Time: 0:00:01[39m[K
[34m                   # paths tracked: 252[39m[K
[34m   # non-singular solutions (real): 252 (12)[39m[K
[34m       # singular endpoints (real): 0 (0)[39m[K
[34m          # total solutions (real): 252 (12)[39m[K

[32mTracking 252 paths...  33%|ΓûêΓûêΓûêΓûêΓûêΓûêΓûêΓûêΓûêΓûê                   |  ETA: 0:00:01[39m[K
[34m                   # paths tracked: 82[39m[K
[34m   # non-singular solutions (real): 82 (3)[39m[K
[34m       # singular endpoints (real): 0 (0)[39m[K
[34m          # total solutions (real): 82 (3)[39m[K
[A
[A
[A
[A




[K[A
[K[A
[K[A
[K[A
[32mTracking 252 paths...  46%|ΓûêΓûêΓûêΓûêΓûêΓûêΓûêΓûêΓûêΓûêΓûêΓûêΓûêΓûê               |  ETA: 0:00:01[39m[K
[34m                   # paths tracked: 117[39m[K
[34m   # non-singular solutions (real): 117 (4)[39m[K
[34m       # singular endpoints (real): 0 (0)[39m[K
[34m          # total solutions (real): 117 (4)[39m[K
[A
[A
[A
[A




[K[A
[K[A
[K[A
[K[A
[32mTracking 252 paths...  60%|ΓûêΓûêΓûêΓûêΓûêΓûêΓûêΓûêΓûêΓûêΓûêΓûêΓûêΓûêΓûêΓûêΓûêΓûê           |  ETA: 0:00:01[39m[K
[34m                   # paths tracked: 152[39m[K
[34m   # non-singular solutions (real): 152 (8)[39m[K
[34m       # singular endpoints (real): 0 (0)[39m[K
[34m          # total solutions (real): 152 (8)[39m[K
[A
[A
[A
[A




[K[A
[K[A
[K[A
[K[A
[32mTracking 252 paths...  73%|ΓûêΓûêΓûêΓûêΓûêΓûêΓûêΓûêΓûêΓûêΓûêΓûêΓûêΓûêΓûêΓûêΓûêΓûêΓûêΓûêΓûêΓûê       |  ETA: 0:00:00[39m[K
[34m                   # paths tracked: 185[39m[K
[34m   # non-singular solutions (real): 185 (11)[39m[K
[34m       # singular endpoints (real): 0 (0)[39m[K
[34m          # total solutions (real): 185 (11)[39m[K
[A
[A
[A
[A




[K[A
[K[A
[K[A
[K[A
[32mTracking 252 paths...  85%|ΓûêΓûêΓûêΓûêΓûêΓûêΓûêΓûêΓûêΓûêΓûêΓûêΓûêΓûêΓûêΓûêΓûêΓûêΓûêΓûêΓûêΓûêΓûêΓûêΓûê    |  ETA: 0:00:00[39m[K
[34m                   # paths tracked: 215[39m[K
[34m   # non-singular solutions (real): 215 (11)[39m[K
[34m       # singular endpoints (real): 0 (0)[39m[K
[34m          # total solutions (real): 215 (11)[39m[K
[A
[A
[A
[A




[K[A
[K[A
[K[A
[K[A
[32mTracking 252 paths...  98%|ΓûêΓûêΓûêΓûêΓûêΓûêΓûêΓûêΓûêΓûêΓûêΓûêΓûêΓûêΓûêΓûêΓûêΓûêΓûêΓûêΓûêΓûêΓûêΓûêΓûêΓûêΓûêΓûêΓûê|  ETA: 0:00:00[39m[K
[34m                   # paths tracked: 247[39m[K
[34m   # non-singular solutions (real): 247 (12)[39m[K
[34m       # singular endpoints (real): 0 (0)[39m[K
[34m          # total solutions (real): 247 (12)[39m[K
[A
[A
[A
[A




[K[A
[K[A
[K[A
[K[A
[32mTracking 252 paths... 100%|ΓûêΓûêΓûêΓûêΓûêΓûêΓûêΓûêΓûêΓûêΓûêΓûêΓûêΓûêΓûêΓûêΓûêΓûêΓûêΓûêΓûêΓûêΓûêΓûêΓûêΓûêΓûêΓûêΓûê| Time: 0:00:01[39m[K
[34m                   # paths tracked: 252[39m[K
[34m   # non-singular solutions (real): 252 (12)[39m[K
[34m       # singular endpoints (real): 0 (0)[39m[K
[34m          # total solutions (real): 252 (12)[39m[K

[32mTracking 252 paths...  37%|ΓûêΓûêΓûêΓûêΓûêΓûêΓûêΓûêΓûêΓûêΓûê                  |  ETA: 0:00:01[39m[K
[34m                   # paths tracked: 94[39m[K
[34m   # non-singular solutions (real): 94 (5)[39m[K
[34m       # singular endpoints (real): 0 (0)[39m[K
[34m          # total solutions (real): 94 (5)[39m[K
[A
[A
[A
[A




[K[A
[K[A
[K[A
[K[A
[32mTracking 252 paths...  54%|ΓûêΓûêΓûêΓûêΓûêΓûêΓûêΓûêΓûêΓûêΓûêΓûêΓûêΓûêΓûêΓûê             |  ETA: 0:00:01[39m[K
[34m                   # paths tracked: 135[39m[K
[34m   # non-singular solutions (real): 135 (6)[39m[K
[34m       # singular endpoints (real): 0 (0)[39m[K
[34m          # total solutions (real): 135 (6)[39m[K
[A
[A
[A
[A




[K[A
[K[A
[K[A
[K[A
[32mTracking 252 paths...  69%|ΓûêΓûêΓûêΓûêΓûêΓûêΓûêΓûêΓûêΓûêΓûêΓûêΓûêΓûêΓûêΓûêΓûêΓûêΓûêΓûêΓûê        |  ETA: 0:00:00[39m[K
[34m                   # paths tracked: 175[39m[K
[34m   # non-singular solutions (real): 175 (7)[39m[K
[34m       # singular endpoints (real): 0 (0)[39m[K
[34m          # total solutions (real): 175 (7)[39m[K
[A
[A
[A
[A




[K[A
[K[A
[K[A
[K[A
[32mTracking 252 paths...  85%|ΓûêΓûêΓûêΓûêΓûêΓûêΓûêΓûêΓûêΓûêΓûêΓûêΓûêΓûêΓûêΓûêΓûêΓûêΓûêΓûêΓûêΓûêΓûêΓûêΓûê    |  ETA: 0:00:00[39m[K
[34m                   # paths tracked: 213[39m[K
[34m   # non-singular solutions (real): 213 (9)[39m[K
[34m       # singular endpoints (real): 0 (0)[39m[K
[34m          # total solutions (real): 213 (9)[39m[K
[A
[A
[A
[A




[K[A
[K[A
[K[A
[K[A
[32mTracking 252 paths... 100%|ΓûêΓûêΓûêΓûêΓûêΓûêΓûêΓûêΓûêΓûêΓûêΓûêΓûêΓûêΓûêΓûêΓûêΓûêΓûêΓûêΓûêΓûêΓûêΓûêΓûêΓûêΓûêΓûêΓûê| Time: 0:00:01[39m[K
[34m                   # paths tracked: 252[39m[K
[34m   # non-singular solutions (real): 252 (12)[39m[K
[34m       # singular endpoints (real): 0 (0)[39m[K
[34m          # total solutions (real): 252 (12)[39m[K

[32mTracking 252 paths...  39%|ΓûêΓûêΓûêΓûêΓûêΓûêΓûêΓûêΓûêΓûêΓûêΓûê                 |  ETA: 0:00:01[39m[K
[34m                   # paths tracked: 99[39m[K
[34m   # non-singular solutions (real): 99 (4)[39m[K
[34m       # singular endpoints (real): 0 (0)[39m[K
[34m          # total solutions (real): 99 (4)[39m[K
[A
[A
[A
[A




[K[A
[K[A
[K[A
[K[A
[32mTracking 252 paths...  55%|ΓûêΓûêΓûêΓûêΓûêΓûêΓûêΓûêΓûêΓûêΓûêΓûêΓûêΓûêΓûêΓûê             |  ETA: 0:00:01[39m[K
[34m                   # paths tracked: 138[39m[K
[34m   # non-singular solutions (real): 138 (6)[39m[K
[34m       # singular endpoints (real): 0 (0)[39m[K
[34m          # total solutions (real): 138 (6)[39m[K
[A
[A
[A
[A




[K[A
[K[A
[K[A
[K[A
[32mTracking 252 paths...  72%|ΓûêΓûêΓûêΓûêΓûêΓûêΓûêΓûêΓûêΓûêΓûêΓûêΓûêΓûêΓûêΓûêΓûêΓûêΓûêΓûêΓûê        |  ETA: 0:00:00[39m[K
[34m                   # paths tracked: 181[39m[K
[34m   # non-singular solutions (real): 181 (7)[39m[K
[34m       # singular endpoints (real): 0 (0)[39m[K
[34m          # total solutions (real): 181 (7)[39m[K
[A
[A
[A
[A




[K[A
[K[A
[K[A
[K[A
[32mTracking 252 paths...  87%|ΓûêΓûêΓûêΓûêΓûêΓûêΓûêΓûêΓûêΓûêΓûêΓûêΓûêΓûêΓûêΓûêΓûêΓûêΓûêΓûêΓûêΓûêΓûêΓûêΓûêΓûê   |  ETA: 0:00:00[39m[K
[34m                   # paths tracked: 218[39m[K
[34m   # non-singular solutions (real): 218 (9)[39m[K
[34m       # singular endpoints (real): 0 (0)[39m[K
[34m          # total solutions (real): 218 (9)[39m[K
[A
[A
[A
[A




[K[A
[K[A
[K[A
[K[A
[32mTracking 252 paths... 100%|ΓûêΓûêΓûêΓûêΓûêΓûêΓûêΓûêΓûêΓûêΓûêΓûêΓûêΓûêΓûêΓûêΓûêΓûêΓûêΓûêΓûêΓûêΓûêΓûêΓûêΓûêΓûêΓûêΓûê| Time: 0:00:01[39m[K
[34m                   # paths tracked: 252[39m[K
[34m   # non-singular solutions (real): 252 (12)[39m[K
[34m       # singular endpoints (real): 0 (0)[39m[K
[34m          # total solutions (real): 252 (12)[39m[K

[32mTracking 252 paths...  40%|ΓûêΓûêΓûêΓûêΓûêΓûêΓûêΓûêΓûêΓûêΓûêΓûê                 |  ETA: 0:00:01[39m[K
[34m                   # paths tracked: 101[39m[K
[34m   # non-singular solutions (real): 101 (2)[39m[K
[34m       # singular endpoints (real): 0 (0)[39m[K
[34m          # total solutions (real): 101 (2)[39m[K
[A
[A
[A
[A




[K[A
[K[A
[K[A
[K[A
[32mTracking 252 paths...  54%|ΓûêΓûêΓûêΓûêΓûêΓûêΓûêΓûêΓûêΓûêΓûêΓûêΓûêΓûêΓûêΓûê             |  ETA: 0:00:01[39m[K
[34m                   # paths tracked: 137[39m[K
[34m   # non-singular solutions (real): 137 (3)[39m[K
[34m       # singular endpoints (real): 0 (0)[39m[K
[34m          # total solutions (real): 137 (3)[39m[K
[A
[A
[A
[A




[K[A
[K[A
[K[A
[K[A
[32mTracking 252 paths...  71%|ΓûêΓûêΓûêΓûêΓûêΓûêΓûêΓûêΓûêΓûêΓûêΓûêΓûêΓûêΓûêΓûêΓûêΓûêΓûêΓûêΓûê        |  ETA: 0:00:00[39m[K
[34m                   # paths tracked: 178[39m[K
[34m   # non-singular solutions (real): 178 (6)[39m[K
[34m       # singular endpoints (real): 0 (0)[39m[K
[34m          # total solutions (real): 178 (6)[39m[K
[A
[A
[A
[A




[K[A
[K[A
[K[A
[K[A
[32mTracking 252 paths...  85%|ΓûêΓûêΓûêΓûêΓûêΓûêΓûêΓûêΓûêΓûêΓûêΓûêΓûêΓûêΓûêΓûêΓûêΓûêΓûêΓûêΓûêΓûêΓûêΓûêΓûê    |  ETA: 0:00:00[39m[K
[34m                   # paths tracked: 215[39m[K
[34m   # non-singular solutions (real): 215 (9)[39m[K
[34m       # singular endpoints (real): 0 (0)[39m[K
[34m          # total solutions (real): 215 (9)[39m[K
[A
[A
[A
[A




[K[A
[K[A
[K[A
[K[A
[32mTracking 252 paths... 100%|ΓûêΓûêΓûêΓûêΓûêΓûêΓûêΓûêΓûêΓûêΓûêΓûêΓûêΓûêΓûêΓûêΓûêΓûêΓûêΓûêΓûêΓûêΓûêΓûêΓûêΓûêΓûêΓûêΓûê| Time: 0:00:01[39m[K
[34m                   # paths tracked: 252[39m[K
[34m   # non-singular solutions (real): 252 (12)[39m[K
[34m       # singular endpoints (real): 0 (0)[39m[K
[34m          # total solutions (real): 252 (12)[39m[K

[32mTracking 252 paths...  33%|ΓûêΓûêΓûêΓûêΓûêΓûêΓûêΓûêΓûêΓûê                   |  ETA: 0:00:01[39m[K
[34m                   # paths tracked: 83[39m[K
[34m   # non-singular solutions (real): 83 (1)[39m[K
[34m       # singular endpoints (real): 0 (0)[39m[K
[34m          # total solutions (real): 83 (1)[39m[K
[A
[A
[A
[A




[K[A
[K[A
[K[A
[K[A
[32mTracking 252 paths...  46%|ΓûêΓûêΓûêΓûêΓûêΓûêΓûêΓûêΓûêΓûêΓûêΓûêΓûêΓûê               |  ETA: 0:00:01[39m[K
[34m                   # paths tracked: 116[39m[K
[34m   # non-singular solutions (real): 116 (4)[39m[K
[34m       # singular endpoints (real): 0 (0)[39m[K
[34m          # total solutions (real): 116 (4)[39m[K
[A
[A
[A
[A




[K[A
[K[A
[K[A
[K[A
[32mTracking 252 paths...  60%|ΓûêΓûêΓûêΓûêΓûêΓûêΓûêΓûêΓûêΓûêΓûêΓûêΓûêΓûêΓûêΓûêΓûêΓûê           |  ETA: 0:00:01[39m[K
[34m                   # paths tracked: 151[39m[K
[34m   # non-singular solutions (real): 151 (7)[39m[K
[34m       # singular endpoints (real): 0 (0)[39m[K
[34m          # total solutions (real): 151 (7)[39m[K
[A
[A
[A
[A




[K[A
[K[A
[K[A
[K[A
[32mTracking 252 paths...  74%|ΓûêΓûêΓûêΓûêΓûêΓûêΓûêΓûêΓûêΓûêΓûêΓûêΓûêΓûêΓûêΓûêΓûêΓûêΓûêΓûêΓûêΓûê       |  ETA: 0:00:00[39m[K
[34m                   # paths tracked: 186[39m[K
[34m   # non-singular solutions (real): 186 (10)[39m[K
[34m       # singular endpoints (real): 0 (0)[39m[K
[34m          # total solutions (real): 186 (10)[39m[K
[A
[A
[A
[A




[K[A
[K[A
[K[A
[K[A
[32mTracking 252 paths...  87%|ΓûêΓûêΓûêΓûêΓûêΓûêΓûêΓûêΓûêΓûêΓûêΓûêΓûêΓûêΓûêΓûêΓûêΓûêΓûêΓûêΓûêΓûêΓûêΓûêΓûêΓûê   |  ETA: 0:00:00[39m[K
[34m                   # paths tracked: 218[39m[K
[34m   # non-singular solutions (real): 218 (12)[39m[K
[34m       # singular endpoints (real): 0 (0)[39m[K
[34m          # total solutions (real): 218 (12)[39m[K
[A
[A
[A
[A




[K[A
[K[A
[K[A
[K[A
[32mTracking 252 paths... 100%|ΓûêΓûêΓûêΓûêΓûêΓûêΓûêΓûêΓûêΓûêΓûêΓûêΓûêΓûêΓûêΓûêΓûêΓûêΓûêΓûêΓûêΓûêΓûêΓûêΓûêΓûêΓûêΓûêΓûê| Time: 0:00:01[39m[K
[34m                   # paths tracked: 252[39m[K
[34m   # non-singular solutions (real): 252 (12)[39m[K
[34m       # singular endpoints (real): 0 (0)[39m[K
[34m          # total solutions (real): 252 (12)[39m[K

[32mTracking 252 paths...  35%|ΓûêΓûêΓûêΓûêΓûêΓûêΓûêΓûêΓûêΓûêΓûê                  |  ETA: 0:00:01[39m[K
[34m                   # paths tracked: 88[39m[K
[34m   # non-singular solutions (real): 88 (6)[39m[K
[34m       # singular endpoints (real): 0 (0)[39m[K
[34m          # total solutions (real): 88 (6)[39m[K
[A
[A
[A
[A




[K[A
[K[A
[K[A
[K[A
[32mTracking 252 paths...  50%|ΓûêΓûêΓûêΓûêΓûêΓûêΓûêΓûêΓûêΓûêΓûêΓûêΓûêΓûêΓûê              |  ETA: 0:00:01[39m[K
[34m                   # paths tracked: 127[39m[K
[34m   # non-singular solutions (real): 127 (10)[39m[K
[34m       # singular endpoints (real): 0 (0)[39m[K
[34m          # total solutions (real): 127 (10)[39m[K
[A
[A
[A
[A




[K[A
[K[A
[K[A
[K[A
[32mTracking 252 paths...  65%|ΓûêΓûêΓûêΓûêΓûêΓûêΓûêΓûêΓûêΓûêΓûêΓûêΓûêΓûêΓûêΓûêΓûêΓûêΓûê          |  ETA: 0:00:00[39m[K
[34m                   # paths tracked: 165[39m[K
[34m   # non-singular solutions (real): 165 (11)[39m[K
[34m       # singular endpoints (real): 0 (0)[39m[K
[34m          # total solutions (real): 165 (11)[39m[K
[A
[A
[A
[A




[K[A
[K[A
[K[A
[K[A
[32mTracking 252 paths...  80%|ΓûêΓûêΓûêΓûêΓûêΓûêΓûêΓûêΓûêΓûêΓûêΓûêΓûêΓûêΓûêΓûêΓûêΓûêΓûêΓûêΓûêΓûêΓûêΓûê     |  ETA: 0:00:00[39m[K
[34m                   # paths tracked: 201[39m[K
[34m   # non-singular solutions (real): 201 (12)[39m[K
[34m       # singular endpoints (real): 0 (0)[39m[K
[34m          # total solutions (real): 201 (12)[39m[K
[A
[A
[A
[A




[K[A
[K[A
[K[A
[K[A
[32mTracking 252 paths...  95%|ΓûêΓûêΓûêΓûêΓûêΓûêΓûêΓûêΓûêΓûêΓûêΓûêΓûêΓûêΓûêΓûêΓûêΓûêΓûêΓûêΓûêΓûêΓûêΓûêΓûêΓûêΓûêΓûê |  ETA: 0:00:00[39m[K
[34m                   # paths tracked: 239[39m[K
[34m   # non-singular solutions (real): 239 (12)[39m[K
[34m       # singular endpoints (real): 0 (0)[39m[K
[34m          # total solutions (real): 239 (12)[39m[K
[A
[A
[A
[A




[K[A
[K[A
[K[A
[K[A
[32mTracking 252 paths... 100%|ΓûêΓûêΓûêΓûêΓûêΓûêΓûêΓûêΓûêΓûêΓûêΓûêΓûêΓûêΓûêΓûêΓûêΓûêΓûêΓûêΓûêΓûêΓûêΓûêΓûêΓûêΓûêΓûêΓûê| Time: 0:00:01[39m[K
[34m                   # paths tracked: 252[39m[K
[34m   # non-singular solutions (real): 252 (12)[39m[K
[34m       # singular endpoints (real): 0 (0)[39m[K
[34m          # total solutions (real): 252 (12)[39m[K

[32mTracking 252 paths...  33%|ΓûêΓûêΓûêΓûêΓûêΓûêΓûêΓûêΓûêΓûê                   |  ETA: 0:00:01[39m[K
[34m                   # paths tracked: 83[39m[K
[34m   # non-singular solutions (real): 83 (5)[39m[K
[34m       # singular endpoints (real): 0 (0)[39m[K
[34m          # total solutions (real): 83 (5)[39m[K
[A
[A
[A
[A




[K[A
[K[A
[K[A
[K[A
[32mTracking 252 paths...  46%|ΓûêΓûêΓûêΓûêΓûêΓûêΓûêΓûêΓûêΓûêΓûêΓûêΓûêΓûê               |  ETA: 0:00:01[39m[K
[34m                   # paths tracked: 115[39m[K
[34m   # non-singular solutions (real): 115 (6)[39m[K
[34m       # singular endpoints (real): 0 (0)[39m[K
[34m          # total solutions (real): 115 (6)[39m[K
[A
[A
[A
[A




[K[A
[K[A
[K[A
[K[A
[32mTracking 252 paths...  59%|ΓûêΓûêΓûêΓûêΓûêΓûêΓûêΓûêΓûêΓûêΓûêΓûêΓûêΓûêΓûêΓûêΓûêΓûê           |  ETA: 0:00:01[39m[K
[34m                   # paths tracked: 149[39m[K
[34m   # non-singular solutions (real): 149 (6)[39m[K
[34m       # singular endpoints (real): 0 (0)[39m[K
[34m          # total solutions (real): 149 (6)[39m[K
[A
[A
[A
[A




[K[A
[K[A
[K[A
[K[A
[32mTracking 252 paths...  73%|ΓûêΓûêΓûêΓûêΓûêΓûêΓûêΓûêΓûêΓûêΓûêΓûêΓûêΓûêΓûêΓûêΓûêΓûêΓûêΓûêΓûêΓûê       |  ETA: 0:00:00[39m[K
[34m                   # paths tracked: 183[39m[K
[34m   # non-singular solutions (real): 183 (8)[39m[K
[34m       # singular endpoints (real): 0 (0)[39m[K
[34m          # total solutions (real): 183 (8)[39m[K
[A
[A
[A
[A




[K[A
[K[A
[K[A
[K[A
[32mTracking 252 paths...  81%|ΓûêΓûêΓûêΓûêΓûêΓûêΓûêΓûêΓûêΓûêΓûêΓûêΓûêΓûêΓûêΓûêΓûêΓûêΓûêΓûêΓûêΓûêΓûêΓûê     |  ETA: 0:00:00[39m[K
[34m                   # paths tracked: 203[39m[K
[34m   # non-singular solutions (real): 203 (9)[39m[K
[34m       # singular endpoints (real): 0 (0)[39m[K
[34m          # total solutions (real): 203 (9)[39m[K
[A
[A
[A
[A




[K[A
[K[A
[K[A
[K[A
[32mTracking 252 paths... 100%|ΓûêΓûêΓûêΓûêΓûêΓûêΓûêΓûêΓûêΓûêΓûêΓûêΓûêΓûêΓûêΓûêΓûêΓûêΓûêΓûêΓûêΓûêΓûêΓûêΓûêΓûêΓûêΓûêΓûê| Time: 0:00:01[39m[K
[34m                   # paths tracked: 252[39m[K
[34m   # non-singular solutions (real): 252 (12)[39m[K
[34m       # singular endpoints (real): 0 (0)[39m[K
[34m          # total solutions (real): 252 (12)[39m[K

[32mTracking 252 paths...  22%|ΓûêΓûêΓûêΓûêΓûêΓûêΓûê                      |  ETA: 0:00:02[39m[K
[34m                   # paths tracked: 55[39m[K
[34m   # non-singular solutions (real): 55 (3)[39m[K
[34m       # singular endpoints (real): 0 (0)[39m[K
[34m          # total solutions (real): 55 (3)[39m[K
[A
[A
[A
[A




[K[A
[K[A
[K[A
[K[A
[32mTracking 252 paths...  37%|ΓûêΓûêΓûêΓûêΓûêΓûêΓûêΓûêΓûêΓûêΓûê                  |  ETA: 0:00:01[39m[K
[34m                   # paths tracked: 94[39m[K
[34m   # non-singular solutions (real): 94 (7)[39m[K
[34m       # singular endpoints (real): 0 (0)[39m[K
[34m          # total solutions (real): 94 (7)[39m[K
[A
[A
[A
[A




[K[A
[K[A
[K[A
[K[A
[32mTracking 252 paths...  52%|ΓûêΓûêΓûêΓûêΓûêΓûêΓûêΓûêΓûêΓûêΓûêΓûêΓûêΓûêΓûêΓûê             |  ETA: 0:00:01[39m[K
[34m                   # paths tracked: 132[39m[K
[34m   # non-singular solutions (real): 132 (8)[39m[K
[34m       # singular endpoints (real): 0 (0)[39m[K
[34m          # total solutions (real): 132 (8)[39m[K
[A
[A
[A
[A




[K[A
[K[A
[K[A
[K[A
[32mTracking 252 paths...  68%|ΓûêΓûêΓûêΓûêΓûêΓûêΓûêΓûêΓûêΓûêΓûêΓûêΓûêΓûêΓûêΓûêΓûêΓûêΓûêΓûê         |  ETA: 0:00:01[39m[K
[34m                   # paths tracked: 172[39m[K
[34m   # non-singular solutions (real): 172 (9)[39m[K
[34m       # singular endpoints (real): 0 (0)[39m[K
[34m          # total solutions (real): 172 (9)[39m[K
[A
[A
[A
[A




[K[A
[K[A
[K[A
[K[A
[32mTracking 252 paths...  83%|ΓûêΓûêΓûêΓûêΓûêΓûêΓûêΓûêΓûêΓûêΓûêΓûêΓûêΓûêΓûêΓûêΓûêΓûêΓûêΓûêΓûêΓûêΓûêΓûê     |  ETA: 0:00:00[39m[K
[34m                   # paths tracked: 208[39m[K
[34m   # non-singular solutions (real): 208 (11)[39m[K
[34m       # singular endpoints (real): 0 (0)[39m[K
[34m          # total solutions (real): 208 (11)[39m[K
[A
[A
[A
[A




[K[A
[K[A
[K[A
[K[A
[32mTracking 252 paths...  96%|ΓûêΓûêΓûêΓûêΓûêΓûêΓûêΓûêΓûêΓûêΓûêΓûêΓûêΓûêΓûêΓûêΓûêΓûêΓûêΓûêΓûêΓûêΓûêΓûêΓûêΓûêΓûêΓûê |  ETA: 0:00:00[39m[K
[34m                   # paths tracked: 243[39m[K
[34m   # non-singular solutions (real): 243 (12)[39m[K
[34m       # singular endpoints (real): 0 (0)[39m[K
[34m          # total solutions (real): 243 (12)[39m[K
[A
[A
[A
[A




[K[A
[K[A
[K[A
[K[A
[32mTracking 252 paths... 100%|ΓûêΓûêΓûêΓûêΓûêΓûêΓûêΓûêΓûêΓûêΓûêΓûêΓûêΓûêΓûêΓûêΓûêΓûêΓûêΓûêΓûêΓûêΓûêΓûêΓûêΓûêΓûêΓûêΓûê| Time: 0:00:01[39m[K
[34m                   # paths tracked: 252[39m[K
[34m   # non-singular solutions (real): 252 (12)[39m[K
[34m       # singular endpoints (real): 0 (0)[39m[K
[34m          # total solutions (real): 252 (12)[39m[K

[32mTracking 252 paths...  37%|ΓûêΓûêΓûêΓûêΓûêΓûêΓûêΓûêΓûêΓûêΓûê                  |  ETA: 0:00:01[39m[K
[34m                   # paths tracked: 92[39m[K
[34m   # non-singular solutions (real): 92 (5)[39m[K
[34m       # singular endpoints (real): 0 (0)[39m[K
[34m          # total solutions (real): 92 (5)[39m[K
[A
[A
[A
[A




[K[A
[K[A
[K[A
[K[A
[32mTracking 252 paths...  50%|ΓûêΓûêΓûêΓûêΓûêΓûêΓûêΓûêΓûêΓûêΓûêΓûêΓûêΓûêΓûê              |  ETA: 0:00:01[39m[K
[34m                   # paths tracked: 127[39m[K
[34m   # non-singular solutions (real): 127 (7)[39m[K
[34m       # singular endpoints (real): 0 (0)[39m[K
[34m          # total solutions (real): 127 (7)[39m[K
[A
[A
[A
[A




[K[A
[K[A
[K[A
[K[A
[32mTracking 252 paths...  63%|ΓûêΓûêΓûêΓûêΓûêΓûêΓûêΓûêΓûêΓûêΓûêΓûêΓûêΓûêΓûêΓûêΓûêΓûêΓûê          |  ETA: 0:00:01[39m[K
[34m                   # paths tracked: 160[39m[K
[34m   # non-singular solutions (real): 160 (9)[39m[K
[34m       # singular endpoints (real): 0 (0)[39m[K
[34m          # total solutions (real): 160 (9)[39m[K
[A
[A
[A
[A




[K[A
[K[A
[K[A
[K[A
[32mTracking 252 paths...  78%|ΓûêΓûêΓûêΓûêΓûêΓûêΓûêΓûêΓûêΓûêΓûêΓûêΓûêΓûêΓûêΓûêΓûêΓûêΓûêΓûêΓûêΓûêΓûê      |  ETA: 0:00:00[39m[K
[34m                   # paths tracked: 197[39m[K
[34m   # non-singular solutions (real): 197 (10)[39m[K
[34m       # singular endpoints (real): 0 (0)[39m[K
[34m          # total solutions (real): 197 (10)[39m[K
[A
[A
[A
[A




[K[A
[K[A
[K[A
[K[A
[32mTracking 252 paths...  91%|ΓûêΓûêΓûêΓûêΓûêΓûêΓûêΓûêΓûêΓûêΓûêΓûêΓûêΓûêΓûêΓûêΓûêΓûêΓûêΓûêΓûêΓûêΓûêΓûêΓûêΓûêΓûê  |  ETA: 0:00:00[39m[K
[34m                   # paths tracked: 229[39m[K
[34m   # non-singular solutions (real): 229 (12)[39m[K
[34m       # singular endpoints (real): 0 (0)[39m[K
[34m          # total solutions (real): 229 (12)[39m[K
[A
[A
[A
[A




[K[A
[K[A
[K[A
[K[A
[32mTracking 252 paths... 100%|ΓûêΓûêΓûêΓûêΓûêΓûêΓûêΓûêΓûêΓûêΓûêΓûêΓûêΓûêΓûêΓûêΓûêΓûêΓûêΓûêΓûêΓûêΓûêΓûêΓûêΓûêΓûêΓûêΓûê| Time: 0:00:01[39m[K
[34m                   # paths tracked: 252[39m[K
[34m   # non-singular solutions (real): 252 (12)[39m[K
[34m       # singular endpoints (real): 0 (0)[39m[K
[34m          # total solutions (real): 252 (12)[39m[K

[32mTracking 252 paths...  39%|ΓûêΓûêΓûêΓûêΓûêΓûêΓûêΓûêΓûêΓûêΓûêΓûê                 |  ETA: 0:00:01[39m[K
[34m                   # paths tracked: 99[39m[K
[34m   # non-singular solutions (real): 99 (3)[39m[K
[34m       # singular endpoints (real): 0 (0)[39m[K
[34m          # total solutions (real): 99 (3)[39m[K
[A
[A
[A
[A




[K[A
[K[A
[K[A
[K[A
[32mTracking 252 paths...  54%|ΓûêΓûêΓûêΓûêΓûêΓûêΓûêΓûêΓûêΓûêΓûêΓûêΓûêΓûêΓûêΓûê             |  ETA: 0:00:01[39m[K
[34m                   # paths tracked: 135[39m[K
[34m   # non-singular solutions (real): 135 (5)[39m[K
[34m       # singular endpoints (real): 0 (0)[39m[K
[34m          # total solutions (real): 135 (5)[39m[K
[A
[A
[A
[A




[K[A
[K[A
[K[A
[K[A
[32mTracking 252 paths...  69%|ΓûêΓûêΓûêΓûêΓûêΓûêΓûêΓûêΓûêΓûêΓûêΓûêΓûêΓûêΓûêΓûêΓûêΓûêΓûêΓûê         |  ETA: 0:00:00[39m[K
[34m                   # paths tracked: 173[39m[K
[34m   # non-singular solutions (real): 173 (7)[39m[K
[34m       # singular endpoints (real): 0 (0)[39m[K
[34m          # total solutions (real): 173 (7)[39m[K
[A
[A
[A
[A




[K[A
[K[A
[K[A
[K[A
[32mTracking 252 paths...  84%|ΓûêΓûêΓûêΓûêΓûêΓûêΓûêΓûêΓûêΓûêΓûêΓûêΓûêΓûêΓûêΓûêΓûêΓûêΓûêΓûêΓûêΓûêΓûêΓûêΓûê    |  ETA: 0:00:00[39m[K
[34m                   # paths tracked: 211[39m[K
[34m   # non-singular solutions (real): 211 (10)[39m[K
[34m       # singular endpoints (real): 0 (0)[39m[K
[34m          # total solutions (real): 211 (10)[39m[K
[A
[A
[A
[A




[K[A
[K[A
[K[A
[K[A
[32mTracking 252 paths...  98%|ΓûêΓûêΓûêΓûêΓûêΓûêΓûêΓûêΓûêΓûêΓûêΓûêΓûêΓûêΓûêΓûêΓûêΓûêΓûêΓûêΓûêΓûêΓûêΓûêΓûêΓûêΓûêΓûêΓûê|  ETA: 0:00:00[39m[K
[34m                   # paths tracked: 247[39m[K
[34m   # non-singular solutions (real): 247 (12)[39m[K
[34m       # singular endpoints (real): 0 (0)[39m[K
[34m          # total solutions (real): 247 (12)[39m[K
[A
[A
[A
[A




[K[A
[K[A
[K[A
[K[A
[32mTracking 252 paths... 100%|ΓûêΓûêΓûêΓûêΓûêΓûêΓûêΓûêΓûêΓûêΓûêΓûêΓûêΓûêΓûêΓûêΓûêΓûêΓûêΓûêΓûêΓûêΓûêΓûêΓûêΓûêΓûêΓûêΓûê| Time: 0:00:01[39m[K
[34m                   # paths tracked: 252[39m[K
[34m   # non-singular solutions (real): 252 (12)[39m[K
[34m       # singular endpoints (real): 0 (0)[39m[K
[34m          # total solutions (real): 252 (12)[39m[K

[32mTracking 252 paths...  38%|ΓûêΓûêΓûêΓûêΓûêΓûêΓûêΓûêΓûêΓûêΓûê                  |  ETA: 0:00:01[39m[K
[34m                   # paths tracked: 95[39m[K
[34m   # non-singular solutions (real): 95 (5)[39m[K
[34m       # singular endpoints (real): 0 (0)[39m[K
[34m          # total solutions (real): 95 (5)[39m[K
[A
[A
[A
[A




[K[A
[K[A
[K[A
[K[A
[32mTracking 252 paths...  54%|ΓûêΓûêΓûêΓûêΓûêΓûêΓûêΓûêΓûêΓûêΓûêΓûêΓûêΓûêΓûêΓûê             |  ETA: 0:00:01[39m[K
[34m                   # paths tracked: 135[39m[K
[34m   # non-singular solutions (real): 135 (9)[39m[K
[34m       # singular endpoints (real): 0 (0)[39m[K
[34m          # total solutions (real): 135 (9)[39m[K
[A
[A
[A
[A




[K[A
[K[A
[K[A
[K[A
[32mTracking 252 paths...  70%|ΓûêΓûêΓûêΓûêΓûêΓûêΓûêΓûêΓûêΓûêΓûêΓûêΓûêΓûêΓûêΓûêΓûêΓûêΓûêΓûêΓûê        |  ETA: 0:00:00[39m[K
[34m                   # paths tracked: 176[39m[K
[34m   # non-singular solutions (real): 176 (11)[39m[K
[34m       # singular endpoints (real): 0 (0)[39m[K
[34m          # total solutions (real): 176 (11)[39m[K
[A
[A
[A
[A




[K[A
[K[A
[K[A
[K[A
[32mTracking 252 paths...  86%|ΓûêΓûêΓûêΓûêΓûêΓûêΓûêΓûêΓûêΓûêΓûêΓûêΓûêΓûêΓûêΓûêΓûêΓûêΓûêΓûêΓûêΓûêΓûêΓûêΓûê    |  ETA: 0:00:00[39m[K
[34m                   # paths tracked: 216[39m[K
[34m   # non-singular solutions (real): 216 (11)[39m[K
[34m       # singular endpoints (real): 0 (0)[39m[K
[34m          # total solutions (real): 216 (11)[39m[K
[A
[A
[A
[A




[K[A
[K[A
[K[A
[K[A
[32mTracking 252 paths... 100%|ΓûêΓûêΓûêΓûêΓûêΓûêΓûêΓûêΓûêΓûêΓûêΓûêΓûêΓûêΓûêΓûêΓûêΓûêΓûêΓûêΓûêΓûêΓûêΓûêΓûêΓûêΓûêΓûêΓûê| Time: 0:00:01[39m[K
[34m                   # paths tracked: 252[39m[K
[34m   # non-singular solutions (real): 252 (12)[39m[K
[34m       # singular endpoints (real): 0 (0)[39m[K
[34m          # total solutions (real): 252 (12)[39m[K

[32mTracking 252 paths...  43%|ΓûêΓûêΓûêΓûêΓûêΓûêΓûêΓûêΓûêΓûêΓûêΓûêΓûê                |  ETA: 0:00:01[39m[K
[34m                   # paths tracked: 108[39m[K
[34m   # non-singular solutions (real): 108 (6)[39m[K
[34m       # singular endpoints (real): 0 (0)[39m[K
[34m          # total solutions (real): 108 (6)[39m[K
[A
[A
[A
[A




[K[A
[K[A
[K[A
[K[A
[32mTracking 252 paths...  60%|ΓûêΓûêΓûêΓûêΓûêΓûêΓûêΓûêΓûêΓûêΓûêΓûêΓûêΓûêΓûêΓûêΓûêΓûê           |  ETA: 0:00:00[39m[K
[34m                   # paths tracked: 152[39m[K
[34m   # non-singular solutions (real): 152 (6)[39m[K
[34m       # singular endpoints (real): 0 (0)[39m[K
[34m          # total solutions (real): 152 (6)[39m[K
[A
[A
[A
[A




[K[A
[K[A
[K[A
[K[A
[32mTracking 252 paths...  78%|ΓûêΓûêΓûêΓûêΓûêΓûêΓûêΓûêΓûêΓûêΓûêΓûêΓûêΓûêΓûêΓûêΓûêΓûêΓûêΓûêΓûêΓûêΓûê      |  ETA: 0:00:00[39m[K
[34m                   # paths tracked: 197[39m[K
[34m   # non-singular solutions (real): 197 (7)[39m[K
[34m       # singular endpoints (real): 0 (0)[39m[K
[34m          # total solutions (real): 197 (7)[39m[K
[A
[A
[A
[A




[K[A
[K[A
[K[A
[K[A
[32mTracking 252 paths...  96%|ΓûêΓûêΓûêΓûêΓûêΓûêΓûêΓûêΓûêΓûêΓûêΓûêΓûêΓûêΓûêΓûêΓûêΓûêΓûêΓûêΓûêΓûêΓûêΓûêΓûêΓûêΓûêΓûê |  ETA: 0:00:00[39m[K
[34m                   # paths tracked: 242[39m[K
[34m   # non-singular solutions (real): 242 (11)[39m[K
[34m       # singular endpoints (real): 0 (0)[39m[K
[34m          # total solutions (real): 242 (11)[39m[K
[A
[A
[A
[A




[K[A
[K[A
[K[A
[K[A
[32mTracking 252 paths... 100%|ΓûêΓûêΓûêΓûêΓûêΓûêΓûêΓûêΓûêΓûêΓûêΓûêΓûêΓûêΓûêΓûêΓûêΓûêΓûêΓûêΓûêΓûêΓûêΓûêΓûêΓûêΓûêΓûêΓûê| Time: 0:00:01[39m[K
[34m                   # paths tracked: 252[39m[K
[34m   # non-singular solutions (real): 252 (12)[39m[K
[34m       # singular endpoints (real): 0 (0)[39m[K
[34m          # total solutions (real): 252 (12)[39m[K

[32mTracking 252 paths...  35%|ΓûêΓûêΓûêΓûêΓûêΓûêΓûêΓûêΓûêΓûêΓûê                  |  ETA: 0:00:01[39m[K
[34m                   # paths tracked: 87[39m[K
[34m   # non-singular solutions (real): 87 (4)[39m[K
[34m       # singular endpoints (real): 0 (0)[39m[K
[34m          # total solutions (real): 87 (4)[39m[K
[A
[A
[A
[A




[K[A
[K[A
[K[A
[K[A
[32mTracking 252 paths...  50%|ΓûêΓûêΓûêΓûêΓûêΓûêΓûêΓûêΓûêΓûêΓûêΓûêΓûêΓûêΓûê              |  ETA: 0:00:01[39m[K
[34m                   # paths tracked: 126[39m[K
[34m   # non-singular solutions (real): 126 (7)[39m[K
[34m       # singular endpoints (real): 0 (0)[39m[K
[34m          # total solutions (real): 126 (7)[39m[K
[A
[A
[A
[A




[K[A
[K[A
[K[A
[K[A
[32mTracking 252 paths...  65%|ΓûêΓûêΓûêΓûêΓûêΓûêΓûêΓûêΓûêΓûêΓûêΓûêΓûêΓûêΓûêΓûêΓûêΓûêΓûê          |  ETA: 0:00:00[39m[K
[34m                   # paths tracked: 165[39m[K
[34m   # non-singular solutions (real): 165 (10)[39m[K
[34m       # singular endpoints (real): 0 (0)[39m[K
[34m          # total solutions (real): 165 (10)[39m[K
[A
[A
[A
[A




[K[A
[K[A
[K[A
[K[A
[32mTracking 252 paths...  81%|ΓûêΓûêΓûêΓûêΓûêΓûêΓûêΓûêΓûêΓûêΓûêΓûêΓûêΓûêΓûêΓûêΓûêΓûêΓûêΓûêΓûêΓûêΓûêΓûê     |  ETA: 0:00:00[39m[K
[34m                   # paths tracked: 205[39m[K
[34m   # non-singular solutions (real): 205 (11)[39m[K
[34m       # singular endpoints (real): 0 (0)[39m[K
[34m          # total solutions (real): 205 (11)[39m[K
[A
[A
[A
[A




[K[A
[K[A
[K[A
[K[A
[32mTracking 252 paths...  96%|ΓûêΓûêΓûêΓûêΓûêΓûêΓûêΓûêΓûêΓûêΓûêΓûêΓûêΓûêΓûêΓûêΓûêΓûêΓûêΓûêΓûêΓûêΓûêΓûêΓûêΓûêΓûêΓûê |  ETA: 0:00:00[39m[K
[34m                   # paths tracked: 243[39m[K
[34m   # non-singular solutions (real): 243 (11)[39m[K
[34m       # singular endpoints (real): 0 (0)[39m[K
[34m          # total solutions (real): 243 (11)[39m[K
[A
[A
[A
[A




[K[A
[K[A
[K[A
[K[A
[32mTracking 252 paths... 100%|ΓûêΓûêΓûêΓûêΓûêΓûêΓûêΓûêΓûêΓûêΓûêΓûêΓûêΓûêΓûêΓûêΓûêΓûêΓûêΓûêΓûêΓûêΓûêΓûêΓûêΓûêΓûêΓûêΓûê| Time: 0:00:01[39m[K
[34m                   # paths tracked: 252[39m[K
[34m   # non-singular solutions (real): 252 (12)[39m[K
[34m       # singular endpoints (real): 0 (0)[39m[K
[34m          # total solutions (real): 252 (12)[39m[K

[32mTracking 252 paths...  35%|ΓûêΓûêΓûêΓûêΓûêΓûêΓûêΓûêΓûêΓûêΓûê                  |  ETA: 0:00:01[39m[K
[34m                   # paths tracked: 88[39m[K
[34m   # non-singular solutions (real): 88 (5)[39m[K
[34m       # singular endpoints (real): 0 (0)[39m[K
[34m          # total solutions (real): 88 (5)[39m[K
[A
[A
[A
[A




[K[A
[K[A
[K[A
[K[A
[32mTracking 252 paths...  49%|ΓûêΓûêΓûêΓûêΓûêΓûêΓûêΓûêΓûêΓûêΓûêΓûêΓûêΓûêΓûê              |  ETA: 0:00:01[39m[K
[34m                   # paths tracked: 124[39m[K
[34m   # non-singular solutions (real): 124 (5)[39m[K
[34m       # singular endpoints (real): 0 (0)[39m[K
[34m          # total solutions (real): 124 (5)[39m[K
[A
[A
[A
[A




[K[A
[K[A
[K[A
[K[A
[32mTracking 252 paths...  64%|ΓûêΓûêΓûêΓûêΓûêΓûêΓûêΓûêΓûêΓûêΓûêΓûêΓûêΓûêΓûêΓûêΓûêΓûêΓûê          |  ETA: 0:00:01[39m[K
[34m                   # paths tracked: 161[39m[K
[34m   # non-singular solutions (real): 161 (6)[39m[K
[34m       # singular endpoints (real): 0 (0)[39m[K
[34m          # total solutions (real): 161 (6)[39m[K
[A
[A
[A
[A




[K[A
[K[A
[K[A
[K[A
[32mTracking 252 paths...  78%|ΓûêΓûêΓûêΓûêΓûêΓûêΓûêΓûêΓûêΓûêΓûêΓûêΓûêΓûêΓûêΓûêΓûêΓûêΓûêΓûêΓûêΓûêΓûê      |  ETA: 0:00:00[39m[K
[34m                   # paths tracked: 196[39m[K
[34m   # non-singular solutions (real): 196 (8)[39m[K
[34m       # singular endpoints (real): 0 (0)[39m[K
[34m          # total solutions (real): 196 (8)[39m[K
[A
[A
[A
[A




[K[A
[K[A
[K[A
[K[A
[32mTracking 252 paths...  91%|ΓûêΓûêΓûêΓûêΓûêΓûêΓûêΓûêΓûêΓûêΓûêΓûêΓûêΓûêΓûêΓûêΓûêΓûêΓûêΓûêΓûêΓûêΓûêΓûêΓûêΓûêΓûê  |  ETA: 0:00:00[39m[K
[34m                   # paths tracked: 229[39m[K
[34m   # non-singular solutions (real): 229 (11)[39m[K
[34m       # singular endpoints (real): 0 (0)[39m[K
[34m          # total solutions (real): 229 (11)[39m[K
[A
[A
[A
[A




[K[A
[K[A
[K[A
[K[A
[32mTracking 252 paths... 100%|ΓûêΓûêΓûêΓûêΓûêΓûêΓûêΓûêΓûêΓûêΓûêΓûêΓûêΓûêΓûêΓûêΓûêΓûêΓûêΓûêΓûêΓûêΓûêΓûêΓûêΓûêΓûêΓûêΓûê| Time: 0:00:01[39m[K
[34m                   # paths tracked: 252[39m[K
[34m   # non-singular solutions (real): 252 (12)[39m[K
[34m       # singular endpoints (real): 0 (0)[39m[K
[34m          # total solutions (real): 252 (12)[39m[K

[32mTracking 252 paths...  24%|ΓûêΓûêΓûêΓûêΓûêΓûêΓûê                      |  ETA: 0:00:02[39m[K
[34m                   # paths tracked: 60[39m[K
[34m   # non-singular solutions (real): 60 (1)[39m[K
[34m       # singular endpoints (real): 0 (0)[39m[K
[34m          # total solutions (real): 60 (1)[39m[K
[A
[A
[A
[A




[K[A
[K[A
[K[A
[K[A
[32mTracking 252 paths...  41%|ΓûêΓûêΓûêΓûêΓûêΓûêΓûêΓûêΓûêΓûêΓûêΓûê                 |  ETA: 0:00:01[39m[K
[34m                   # paths tracked: 103[39m[K
[34m   # non-singular solutions (real): 103 (2)[39m[K
[34m       # singular endpoints (real): 0 (0)[39m[K
[34m          # total solutions (real): 103 (2)[39m[K
[A
[A
[A
[A




[K[A
[K[A
[K[A
[K[A
[32mTracking 252 paths...  58%|ΓûêΓûêΓûêΓûêΓûêΓûêΓûêΓûêΓûêΓûêΓûêΓûêΓûêΓûêΓûêΓûêΓûê            |  ETA: 0:00:01[39m[K
[34m                   # paths tracked: 146[39m[K
[34m   # non-singular solutions (real): 146 (5)[39m[K
[34m       # singular endpoints (real): 0 (0)[39m[K
[34m          # total solutions (real): 146 (5)[39m[K
[A
[A
[A
[A




[K[A
[K[A
[K[A
[K[A
[32mTracking 252 paths...  75%|ΓûêΓûêΓûêΓûêΓûêΓûêΓûêΓûêΓûêΓûêΓûêΓûêΓûêΓûêΓûêΓûêΓûêΓûêΓûêΓûêΓûêΓûê       |  ETA: 0:00:00[39m[K
[34m                   # paths tracked: 190[39m[K
[34m   # non-singular solutions (real): 190 (10)[39m[K
[34m       # singular endpoints (real): 0 (0)[39m[K
[34m          # total solutions (real): 190 (10)[39m[K
[A
[A
[A
[A




[K[A
[K[A
[K[A
[K[A
[32mTracking 252 paths...  92%|ΓûêΓûêΓûêΓûêΓûêΓûêΓûêΓûêΓûêΓûêΓûêΓûêΓûêΓûêΓûêΓûêΓûêΓûêΓûêΓûêΓûêΓûêΓûêΓûêΓûêΓûêΓûê  |  ETA: 0:00:00[39m[K
[34m                   # paths tracked: 233[39m[K
[34m   # non-singular solutions (real): 233 (11)[39m[K
[34m       # singular endpoints (real): 0 (0)[39m[K
[34m          # total solutions (real): 233 (11)[39m[K
[A
[A
[A
[A




[K[A
[K[A
[K[A
[K[A
[32mTracking 252 paths... 100%|ΓûêΓûêΓûêΓûêΓûêΓûêΓûêΓûêΓûêΓûêΓûêΓûêΓûêΓûêΓûêΓûêΓûêΓûêΓûêΓûêΓûêΓûêΓûêΓûêΓûêΓûêΓûêΓûêΓûê| Time: 0:00:01[39m[K
[34m                   # paths tracked: 252[39m[K
[34m   # non-singular solutions (real): 252 (12)[39m[K
[34m       # singular endpoints (real): 0 (0)[39m[K
[34m          # total solutions (real): 252 (12)[39m[K

[32mTracking 252 paths...  31%|ΓûêΓûêΓûêΓûêΓûêΓûêΓûêΓûêΓûê                    |  ETA: 0:00:01[39m[K
[34m                   # paths tracked: 77[39m[K
[34m   # non-singular solutions (real): 77 (5)[39m[K
[34m       # singular endpoints (real): 0 (0)[39m[K
[34m          # total solutions (real): 77 (5)[39m[K
[A
[A
[A
[A




[K[A
[K[A
[K[A
[K[A
[32mTracking 252 paths...  43%|ΓûêΓûêΓûêΓûêΓûêΓûêΓûêΓûêΓûêΓûêΓûêΓûêΓûê                |  ETA: 0:00:01[39m[K
[34m                   # paths tracked: 108[39m[K
[34m   # non-singular solutions (real): 108 (7)[39m[K
[34m       # singular endpoints (real): 0 (0)[39m[K
[34m          # total solutions (real): 108 (7)[39m[K
[A
[A
[A
[A




[K[A
[K[A
[K[A
[K[A
[32mTracking 252 paths...  55%|ΓûêΓûêΓûêΓûêΓûêΓûêΓûêΓûêΓûêΓûêΓûêΓûêΓûêΓûêΓûêΓûê             |  ETA: 0:00:01[39m[K
[34m                   # paths tracked: 138[39m[K
[34m   # non-singular solutions (real): 138 (8)[39m[K
[34m       # singular endpoints (real): 0 (0)[39m[K
[34m          # total solutions (real): 138 (8)[39m[K
[A
[A
[A
[A




[K[A
[K[A
[K[A
[K[A
[32mTracking 252 paths...  66%|ΓûêΓûêΓûêΓûêΓûêΓûêΓûêΓûêΓûêΓûêΓûêΓûêΓûêΓûêΓûêΓûêΓûêΓûêΓûêΓûê         |  ETA: 0:00:01[39m[K
[34m                   # paths tracked: 167[39m[K
[34m   # non-singular solutions (real): 167 (9)[39m[K
[34m       # singular endpoints (real): 0 (0)[39m[K
[34m          # total solutions (real): 167 (9)[39m[K
[A
[A
[A
[A




[K[A
[K[A
[K[A
[K[A
[32mTracking 252 paths...  79%|ΓûêΓûêΓûêΓûêΓûêΓûêΓûêΓûêΓûêΓûêΓûêΓûêΓûêΓûêΓûêΓûêΓûêΓûêΓûêΓûêΓûêΓûêΓûê      |  ETA: 0:00:00[39m[K
[34m                   # paths tracked: 199[39m[K
[34m   # non-singular solutions (real): 199 (9)[39m[K
[34m       # singular endpoints (real): 0 (0)[39m[K
[34m          # total solutions (real): 199 (9)[39m[K
[A
[A
[A
[A




[K[A
[K[A
[K[A
[K[A
[32mTracking 252 paths...  92%|ΓûêΓûêΓûêΓûêΓûêΓûêΓûêΓûêΓûêΓûêΓûêΓûêΓûêΓûêΓûêΓûêΓûêΓûêΓûêΓûêΓûêΓûêΓûêΓûêΓûêΓûêΓûê  |  ETA: 0:00:00[39m[K
[34m                   # paths tracked: 233[39m[K
[34m   # non-singular solutions (real): 233 (12)[39m[K
[34m       # singular endpoints (real): 0 (0)[39m[K
[34m          # total solutions (real): 233 (12)[39m[K
[A
[A
[A
[A




[K[A
[K[A
[K[A
[K[A
[32mTracking 252 paths... 100%|ΓûêΓûêΓûêΓûêΓûêΓûêΓûêΓûêΓûêΓûêΓûêΓûêΓûêΓûêΓûêΓûêΓûêΓûêΓûêΓûêΓûêΓûêΓûêΓûêΓûêΓûêΓûêΓûêΓûê| Time: 0:00:01[39m[K
[34m                   # paths tracked: 252[39m[K
[34m   # non-singular solutions (real): 252 (12)[39m[K
[34m       # singular endpoints (real): 0 (0)[39m[K
[34m          # total solutions (real): 252 (12)[39m[K

[32mTracking 252 paths...  38%|ΓûêΓûêΓûêΓûêΓûêΓûêΓûêΓûêΓûêΓûêΓûêΓûê                 |  ETA: 0:00:01[39m[K
[34m                   # paths tracked: 97[39m[K
[34m   # non-singular solutions (real): 97 (6)[39m[K
[34m       # singular endpoints (real): 0 (0)[39m[K
[34m          # total solutions (real): 97 (6)[39m[K
[A
[A
[A
[A




[K[A
[K[A
[K[A
[K[A
[32mTracking 252 paths...  53%|ΓûêΓûêΓûêΓûêΓûêΓûêΓûêΓûêΓûêΓûêΓûêΓûêΓûêΓûêΓûêΓûê             |  ETA: 0:00:01[39m[K
[34m                   # paths tracked: 134[39m[K
[34m   # non-singular solutions (real): 134 (8)[39m[K
[34m       # singular endpoints (real): 0 (0)[39m[K
[34m          # total solutions (real): 134 (8)[39m[K
[A
[A
[A
[A




[K[A
[K[A
[K[A
[K[A
[32mTracking 252 paths...  70%|ΓûêΓûêΓûêΓûêΓûêΓûêΓûêΓûêΓûêΓûêΓûêΓûêΓûêΓûêΓûêΓûêΓûêΓûêΓûêΓûêΓûê        |  ETA: 0:00:00[39m[K
[34m                   # paths tracked: 176[39m[K
[34m   # non-singular solutions (real): 176 (10)[39m[K
[34m       # singular endpoints (real): 0 (0)[39m[K
[34m          # total solutions (real): 176 (10)[39m[K
[A
[A
[A
[A




[K[A
[K[A
[K[A
[K[A
[32mTracking 252 paths...  85%|ΓûêΓûêΓûêΓûêΓûêΓûêΓûêΓûêΓûêΓûêΓûêΓûêΓûêΓûêΓûêΓûêΓûêΓûêΓûêΓûêΓûêΓûêΓûêΓûêΓûê    |  ETA: 0:00:00[39m[K
[34m                   # paths tracked: 213[39m[K
[34m   # non-singular solutions (real): 213 (12)[39m[K
[34m       # singular endpoints (real): 0 (0)[39m[K
[34m          # total solutions (real): 213 (12)[39m[K
[A
[A
[A
[A




[K[A
[K[A
[K[A
[K[A
[32mTracking 252 paths... 100%|ΓûêΓûêΓûêΓûêΓûêΓûêΓûêΓûêΓûêΓûêΓûêΓûêΓûêΓûêΓûêΓûêΓûêΓûêΓûêΓûêΓûêΓûêΓûêΓûêΓûêΓûêΓûêΓûêΓûê| Time: 0:00:01[39m[K
[34m                   # paths tracked: 252[39m[K
[34m   # non-singular solutions (real): 252 (12)[39m[K
[34m       # singular endpoints (real): 0 (0)[39m[K
[34m          # total solutions (real): 252 (12)[39m[K

[32mTracking 252 paths...  37%|ΓûêΓûêΓûêΓûêΓûêΓûêΓûêΓûêΓûêΓûêΓûê                  |  ETA: 0:00:01[39m[K
[34m                   # paths tracked: 93[39m[K
[34m   # non-singular solutions (real): 93 (6)[39m[K
[34m       # singular endpoints (real): 0 (0)[39m[K
[34m          # total solutions (real): 93 (6)[39m[K
[A
[A
[A
[A




[K[A
[K[A
[K[A
[K[A
[32mTracking 252 paths...  50%|ΓûêΓûêΓûêΓûêΓûêΓûêΓûêΓûêΓûêΓûêΓûêΓûêΓûêΓûêΓûê              |  ETA: 0:00:01[39m[K
[34m                   # paths tracked: 127[39m[K
[34m   # non-singular solutions (real): 127 (7)[39m[K
[34m       # singular endpoints (real): 0 (0)[39m[K
[34m          # total solutions (real): 127 (7)[39m[K
[A
[A
[A
[A




[K[A
[K[A
[K[A
[K[A
[32mTracking 252 paths...  64%|ΓûêΓûêΓûêΓûêΓûêΓûêΓûêΓûêΓûêΓûêΓûêΓûêΓûêΓûêΓûêΓûêΓûêΓûêΓûê          |  ETA: 0:00:01[39m[K
[34m                   # paths tracked: 162[39m[K
[34m   # non-singular solutions (real): 162 (9)[39m[K
[34m       # singular endpoints (real): 0 (0)[39m[K
[34m          # total solutions (real): 162 (9)[39m[K
[A
[A
[A
[A




[K[A
[K[A
[K[A
[K[A
[32mTracking 252 paths...  79%|ΓûêΓûêΓûêΓûêΓûêΓûêΓûêΓûêΓûêΓûêΓûêΓûêΓûêΓûêΓûêΓûêΓûêΓûêΓûêΓûêΓûêΓûêΓûêΓûê     |  ETA: 0:00:00[39m[K
[34m                   # paths tracked: 200[39m[K
[34m   # non-singular solutions (real): 200 (12)[39m[K
[34m       # singular endpoints (real): 0 (0)[39m[K
[34m          # total solutions (real): 200 (12)[39m[K
[A
[A
[A
[A




[K[A
[K[A
[K[A
[K[A
[32mTracking 252 paths...  94%|ΓûêΓûêΓûêΓûêΓûêΓûêΓûêΓûêΓûêΓûêΓûêΓûêΓûêΓûêΓûêΓûêΓûêΓûêΓûêΓûêΓûêΓûêΓûêΓûêΓûêΓûêΓûêΓûê |  ETA: 0:00:00[39m[K
[34m                   # paths tracked: 236[39m[K
[34m   # non-singular solutions (real): 236 (12)[39m[K
[34m       # singular endpoints (real): 0 (0)[39m[K
[34m          # total solutions (real): 236 (12)[39m[K
[A
[A
[A
[A




[K[A
[K[A
[K[A
[K[A
[32mTracking 252 paths... 100%|ΓûêΓûêΓûêΓûêΓûêΓûêΓûêΓûêΓûêΓûêΓûêΓûêΓûêΓûêΓûêΓûêΓûêΓûêΓûêΓûêΓûêΓûêΓûêΓûêΓûêΓûêΓûêΓûêΓûê| Time: 0:00:01[39m[K
[34m                   # paths tracked: 252[39m[K
[34m   # non-singular solutions (real): 252 (12)[39m[K
[34m       # singular endpoints (real): 0 (0)[39m[K
[34m          # total solutions (real): 252 (12)[39m[K

[32mTracking 252 paths...  35%|ΓûêΓûêΓûêΓûêΓûêΓûêΓûêΓûêΓûêΓûêΓûê                  |  ETA: 0:00:01[39m[K
[34m                   # paths tracked: 87[39m[K
[34m   # non-singular solutions (real): 87 (2)[39m[K
[34m       # singular endpoints (real): 0 (0)[39m[K
[34m          # total solutions (real): 87 (2)[39m[K
[A
[A
[A
[A




[K[A
[K[A
[K[A
[K[A
[32mTracking 252 paths...  50%|ΓûêΓûêΓûêΓûêΓûêΓûêΓûêΓûêΓûêΓûêΓûêΓûêΓûêΓûêΓûê              |  ETA: 0:00:01[39m[K
[34m                   # paths tracked: 125[39m[K
[34m   # non-singular solutions (real): 125 (5)[39m[K
[34m       # singular endpoints (real): 0 (0)[39m[K
[34m          # total solutions (real): 125 (5)[39m[K
[A
[A
[A
[A




[K[A
[K[A
[K[A
[K[A
[32mTracking 252 paths...  65%|ΓûêΓûêΓûêΓûêΓûêΓûêΓûêΓûêΓûêΓûêΓûêΓûêΓûêΓûêΓûêΓûêΓûêΓûêΓûê          |  ETA: 0:00:01[39m[K
[34m                   # paths tracked: 163[39m[K
[34m   # non-singular solutions (real): 163 (6)[39m[K
[34m       # singular endpoints (real): 0 (0)[39m[K
[34m          # total solutions (real): 163 (6)[39m[K
[A
[A
[A
[A




[K[A
[K[A
[K[A
[K[A
[32mTracking 252 paths...  77%|ΓûêΓûêΓûêΓûêΓûêΓûêΓûêΓûêΓûêΓûêΓûêΓûêΓûêΓûêΓûêΓûêΓûêΓûêΓûêΓûêΓûêΓûêΓûê      |  ETA: 0:00:00[39m[K
[34m                   # paths tracked: 195[39m[K
[34m   # non-singular solutions (real): 195 (8)[39m[K
[34m       # singular endpoints (real): 0 (0)[39m[K
[34m          # total solutions (real): 195 (8)[39m[K
[A
[A
[A
[A




[K[A
[K[A
[K[A
[K[A
[32mTracking 252 paths... 100%|ΓûêΓûêΓûêΓûêΓûêΓûêΓûêΓûêΓûêΓûêΓûêΓûêΓûêΓûêΓûêΓûêΓûêΓûêΓûêΓûêΓûêΓûêΓûêΓûêΓûêΓûêΓûêΓûêΓûê| Time: 0:00:01[39m[K
[34m                   # paths tracked: 252[39m[K
[34m   # non-singular solutions (real): 252 (12)[39m[K
[34m       # singular endpoints (real): 0 (0)[39m[K
[34m          # total solutions (real): 252 (12)[39m[K

[32mTracking 252 paths...  37%|ΓûêΓûêΓûêΓûêΓûêΓûêΓûêΓûêΓûêΓûêΓûê                  |  ETA: 0:00:01[39m[K
[34m                   # paths tracked: 92[39m[K
[34m   # non-singular solutions (real): 92 (5)[39m[K
[34m       # singular endpoints (real): 0 (0)[39m[K
[34m          # total solutions (real): 92 (5)[39m[K
[A
[A
[A
[A




[K[A
[K[A
[K[A
[K[A
[32mTracking 252 paths...  50%|ΓûêΓûêΓûêΓûêΓûêΓûêΓûêΓûêΓûêΓûêΓûêΓûêΓûêΓûêΓûê              |  ETA: 0:00:01[39m[K
[34m                   # paths tracked: 127[39m[K
[34m   # non-singular solutions (real): 127 (6)[39m[K
[34m       # singular endpoints (real): 0 (0)[39m[K
[34m          # total solutions (real): 127 (6)[39m[K
[A
[A
[A
[A




[K[A
[K[A
[K[A
[K[A
[32mTracking 252 paths...  64%|ΓûêΓûêΓûêΓûêΓûêΓûêΓûêΓûêΓûêΓûêΓûêΓûêΓûêΓûêΓûêΓûêΓûêΓûêΓûê          |  ETA: 0:00:01[39m[K
[34m                   # paths tracked: 161[39m[K
[34m   # non-singular solutions (real): 161 (7)[39m[K
[34m       # singular endpoints (real): 0 (0)[39m[K
[34m          # total solutions (real): 161 (7)[39m[K
[A
[A
[A
[A




[K[A
[K[A
[K[A
[K[A
[32mTracking 252 paths...  78%|ΓûêΓûêΓûêΓûêΓûêΓûêΓûêΓûêΓûêΓûêΓûêΓûêΓûêΓûêΓûêΓûêΓûêΓûêΓûêΓûêΓûêΓûêΓûê      |  ETA: 0:00:00[39m[K
[34m                   # paths tracked: 197[39m[K
[34m   # non-singular solutions (real): 197 (8)[39m[K
[34m       # singular endpoints (real): 0 (0)[39m[K
[34m          # total solutions (real): 197 (8)[39m[K
[A
[A
[A
[A




[K[A
[K[A
[K[A
[K[A
[32mTracking 252 paths...  92%|ΓûêΓûêΓûêΓûêΓûêΓûêΓûêΓûêΓûêΓûêΓûêΓûêΓûêΓûêΓûêΓûêΓûêΓûêΓûêΓûêΓûêΓûêΓûêΓûêΓûêΓûêΓûê  |  ETA: 0:00:00[39m[K
[34m                   # paths tracked: 233[39m[K
[34m   # non-singular solutions (real): 233 (11)[39m[K
[34m       # singular endpoints (real): 0 (0)[39m[K
[34m          # total solutions (real): 233 (11)[39m[K
[A
[A
[A
[A




[K[A
[K[A
[K[A
[K[A
[32mTracking 252 paths... 100%|ΓûêΓûêΓûêΓûêΓûêΓûêΓûêΓûêΓûêΓûêΓûêΓûêΓûêΓûêΓûêΓûêΓûêΓûêΓûêΓûêΓûêΓûêΓûêΓûêΓûêΓûêΓûêΓûêΓûê| Time: 0:00:01[39m[K
[34m                   # paths tracked: 252[39m[K
[34m   # non-singular solutions (real): 252 (12)[39m[K
[34m       # singular endpoints (real): 0 (0)[39m[K
[34m          # total solutions (real): 252 (12)[39m[K

[32mTracking 252 paths...  39%|ΓûêΓûêΓûêΓûêΓûêΓûêΓûêΓûêΓûêΓûêΓûêΓûê                 |  ETA: 0:00:01[39m[K
[34m                   # paths tracked: 98[39m[K
[34m   # non-singular solutions (real): 98 (4)[39m[K
[34m       # singular endpoints (real): 0 (0)[39m[K
[34m          # total solutions (real): 98 (4)[39m[K
[A
[A
[A
[A




[K[A
[K[A
[K[A
[K[A
[32mTracking 252 paths...  55%|ΓûêΓûêΓûêΓûêΓûêΓûêΓûêΓûêΓûêΓûêΓûêΓûêΓûêΓûêΓûêΓûê             |  ETA: 0:00:01[39m[K
[34m                   # paths tracked: 138[39m[K
[34m   # non-singular solutions (real): 138 (5)[39m[K
[34m       # singular endpoints (real): 0 (0)[39m[K
[34m          # total solutions (real): 138 (5)[39m[K
[A
[A
[A
[A




[K[A
[K[A
[K[A
[K[A
[32mTracking 252 paths...  71%|ΓûêΓûêΓûêΓûêΓûêΓûêΓûêΓûêΓûêΓûêΓûêΓûêΓûêΓûêΓûêΓûêΓûêΓûêΓûêΓûêΓûê        |  ETA: 0:00:00[39m[K
[34m                   # paths tracked: 178[39m[K
[34m   # non-singular solutions (real): 178 (6)[39m[K
[34m       # singular endpoints (real): 0 (0)[39m[K
[34m          # total solutions (real): 178 (6)[39m[K
[A
[A
[A
[A




[K[A
[K[A
[K[A
[K[A
[32mTracking 252 paths...  86%|ΓûêΓûêΓûêΓûêΓûêΓûêΓûêΓûêΓûêΓûêΓûêΓûêΓûêΓûêΓûêΓûêΓûêΓûêΓûêΓûêΓûêΓûêΓûêΓûêΓûê    |  ETA: 0:00:00[39m[K
[34m                   # paths tracked: 216[39m[K
[34m   # non-singular solutions (real): 216 (10)[39m[K
[34m       # singular endpoints (real): 0 (0)[39m[K
[34m          # total solutions (real): 216 (10)[39m[K
[A
[A
[A
[A




[K[A
[K[A
[K[A
[K[A
[32mTracking 252 paths...  99%|ΓûêΓûêΓûêΓûêΓûêΓûêΓûêΓûêΓûêΓûêΓûêΓûêΓûêΓûêΓûêΓûêΓûêΓûêΓûêΓûêΓûêΓûêΓûêΓûêΓûêΓûêΓûêΓûêΓûê|  ETA: 0:00:00[39m[K
[34m                   # paths tracked: 251[39m[K
[34m   # non-singular solutions (real): 251 (12)[39m[K
[34m       # singular endpoints (real): 0 (0)[39m[K
[34m          # total solutions (real): 251 (12)[39m[K
[A
[A
[A
[A




[K[A
[K[A
[K[A
[K[A
[32mTracking 252 paths... 100%|ΓûêΓûêΓûêΓûêΓûêΓûêΓûêΓûêΓûêΓûêΓûêΓûêΓûêΓûêΓûêΓûêΓûêΓûêΓûêΓûêΓûêΓûêΓûêΓûêΓûêΓûêΓûêΓûêΓûê| Time: 0:00:01[39m[K
[34m                   # paths tracked: 252[39m[K
[34m   # non-singular solutions (real): 252 (12)[39m[K
[34m       # singular endpoints (real): 0 (0)[39m[K
[34m          # total solutions (real): 252 (12)[39m[K

[32mTracking 252 paths...  40%|ΓûêΓûêΓûêΓûêΓûêΓûêΓûêΓûêΓûêΓûêΓûêΓûê                 |  ETA: 0:00:01[39m[K
[34m                   # paths tracked: 100[39m[K
[34m   # non-singular solutions (real): 100 (4)[39m[K
[34m       # singular endpoints (real): 0 (0)[39m[K
[34m          # total solutions (real): 100 (4)[39m[K
[A
[A
[A
[A




[K[A
[K[A
[K[A
[K[A
[32mTracking 252 paths...  57%|ΓûêΓûêΓûêΓûêΓûêΓûêΓûêΓûêΓûêΓûêΓûêΓûêΓûêΓûêΓûêΓûêΓûê            |  ETA: 0:00:01[39m[K
[34m                   # paths tracked: 143[39m[K
[34m   # non-singular solutions (real): 143 (6)[39m[K
[34m       # singular endpoints (real): 0 (0)[39m[K
[34m          # total solutions (real): 143 (6)[39m[K
[A
[A
[A
[A




[K[A
[K[A
[K[A
[K[A
[32mTracking 252 paths...  74%|ΓûêΓûêΓûêΓûêΓûêΓûêΓûêΓûêΓûêΓûêΓûêΓûêΓûêΓûêΓûêΓûêΓûêΓûêΓûêΓûêΓûêΓûê       |  ETA: 0:00:00[39m[K
[34m                   # paths tracked: 186[39m[K
[34m   # non-singular solutions (real): 186 (8)[39m[K
[34m       # singular endpoints (real): 0 (0)[39m[K
[34m          # total solutions (real): 186 (8)[39m[K
[A
[A
[A
[A




[K[A
[K[A
[K[A
[K[A
[32mTracking 252 paths...  89%|ΓûêΓûêΓûêΓûêΓûêΓûêΓûêΓûêΓûêΓûêΓûêΓûêΓûêΓûêΓûêΓûêΓûêΓûêΓûêΓûêΓûêΓûêΓûêΓûêΓûêΓûê   |  ETA: 0:00:00[39m[K
[34m                   # paths tracked: 225[39m[K
[34m   # non-singular solutions (real): 225 (10)[39m[K
[34m       # singular endpoints (real): 0 (0)[39m[K
[34m          # total solutions (real): 225 (10)[39m[K
[A
[A
[A
[A




[K[A
[K[A
[K[A
[K[A
[32mTracking 252 paths... 100%|ΓûêΓûêΓûêΓûêΓûêΓûêΓûêΓûêΓûêΓûêΓûêΓûêΓûêΓûêΓûêΓûêΓûêΓûêΓûêΓûêΓûêΓûêΓûêΓûêΓûêΓûêΓûêΓûêΓûê| Time: 0:00:01[39m[K
[34m                   # paths tracked: 252[39m[K
[34m   # non-singular solutions (real): 252 (12)[39m[K
[34m       # singular endpoints (real): 0 (0)[39m[K
[34m          # total solutions (real): 252 (12)[39m[K

[32mTracking 252 paths...  40%|ΓûêΓûêΓûêΓûêΓûêΓûêΓûêΓûêΓûêΓûêΓûêΓûê                 |  ETA: 0:00:01[39m[K
[34m                   # paths tracked: 100[39m[K
[34m   # non-singular solutions (real): 100 (5)[39m[K
[34m       # singular endpoints (real): 0 (0)[39m[K
[34m          # total solutions (real): 100 (5)[39m[K
[A
[A
[A
[A




[K[A
[K[A
[K[A
[K[A
[32mTracking 252 paths...  54%|ΓûêΓûêΓûêΓûêΓûêΓûêΓûêΓûêΓûêΓûêΓûêΓûêΓûêΓûêΓûêΓûê             |  ETA: 0:00:01[39m[K
[34m                   # paths tracked: 137[39m[K
[34m   # non-singular solutions (real): 137 (9)[39m[K
[34m       # singular endpoints (real): 0 (0)[39m[K
[34m          # total solutions (real): 137 (9)[39m[K
[A
[A
[A
[A




[K[A
[K[A
[K[A
[K[A
[32mTracking 252 paths...  70%|ΓûêΓûêΓûêΓûêΓûêΓûêΓûêΓûêΓûêΓûêΓûêΓûêΓûêΓûêΓûêΓûêΓûêΓûêΓûêΓûêΓûê        |  ETA: 0:00:00[39m[K
[34m                   # paths tracked: 176[39m[K
[34m   # non-singular solutions (real): 176 (9)[39m[K
[34m       # singular endpoints (real): 0 (0)[39m[K
[34m          # total solutions (real): 176 (9)[39m[K
[A
[A
[A
[A




[K[A
[K[A
[K[A
[K[A
[32mTracking 252 paths...  85%|ΓûêΓûêΓûêΓûêΓûêΓûêΓûêΓûêΓûêΓûêΓûêΓûêΓûêΓûêΓûêΓûêΓûêΓûêΓûêΓûêΓûêΓûêΓûêΓûêΓûê    |  ETA: 0:00:00[39m[K
[34m                   # paths tracked: 215[39m[K
[34m   # non-singular solutions (real): 215 (10)[39m[K
[34m       # singular endpoints (real): 0 (0)[39m[K
[34m          # total solutions (real): 215 (10)[39m[K
[A
[A
[A
[A




[K[A
[K[A
[K[A
[K[A
[32mTracking 252 paths... 100%|ΓûêΓûêΓûêΓûêΓûêΓûêΓûêΓûêΓûêΓûêΓûêΓûêΓûêΓûêΓûêΓûêΓûêΓûêΓûêΓûêΓûêΓûêΓûêΓûêΓûêΓûêΓûêΓûêΓûê| Time: 0:00:01[39m[K
[34m                   # paths tracked: 252[39m[K
[34m   # non-singular solutions (real): 252 (12)[39m[K
[34m       # singular endpoints (real): 0 (0)[39m[K
[34m          # total solutions (real): 252 (12)[39m[K

[32mTracking 252 paths...  35%|ΓûêΓûêΓûêΓûêΓûêΓûêΓûêΓûêΓûêΓûêΓûê                  |  ETA: 0:00:01[39m[K
[34m                   # paths tracked: 89[39m[K
[34m   # non-singular solutions (real): 89 (4)[39m[K
[34m       # singular endpoints (real): 0 (0)[39m[K
[34m          # total solutions (real): 89 (4)[39m[K
[A
[A
[A
[A




[K[A
[K[A
[K[A
[K[A
[32mTracking 252 paths...  47%|ΓûêΓûêΓûêΓûêΓûêΓûêΓûêΓûêΓûêΓûêΓûêΓûêΓûêΓûê               |  ETA: 0:00:01[39m[K
[34m                   # paths tracked: 119[39m[K
[34m   # non-singular solutions (real): 119 (7)[39m[K
[34m       # singular endpoints (real): 0 (0)[39m[K
[34m          # total solutions (real): 119 (7)[39m[K
[A
[A
[A
[A




[K[A
[K[A
[K[A
[K[A
[32mTracking 252 paths...  61%|ΓûêΓûêΓûêΓûêΓûêΓûêΓûêΓûêΓûêΓûêΓûêΓûêΓûêΓûêΓûêΓûêΓûêΓûê           |  ETA: 0:00:01[39m[K
[34m                   # paths tracked: 153[39m[K
[34m   # non-singular solutions (real): 153 (10)[39m[K
[34m       # singular endpoints (real): 0 (0)[39m[K
[34m          # total solutions (real): 153 (10)[39m[K
[A
[A
[A
[A




[K[A
[K[A
[K[A
[K[A
[32mTracking 252 paths...  73%|ΓûêΓûêΓûêΓûêΓûêΓûêΓûêΓûêΓûêΓûêΓûêΓûêΓûêΓûêΓûêΓûêΓûêΓûêΓûêΓûêΓûêΓûê       |  ETA: 0:00:00[39m[K
[34m                   # paths tracked: 183[39m[K
[34m   # non-singular solutions (real): 183 (11)[39m[K
[34m       # singular endpoints (real): 0 (0)[39m[K
[34m          # total solutions (real): 183 (11)[39m[K
[A
[A
[A
[A




[K[A
[K[A
[K[A
[K[A
[32mTracking 252 paths...  86%|ΓûêΓûêΓûêΓûêΓûêΓûêΓûêΓûêΓûêΓûêΓûêΓûêΓûêΓûêΓûêΓûêΓûêΓûêΓûêΓûêΓûêΓûêΓûêΓûêΓûê    |  ETA: 0:00:00[39m[K
[34m                   # paths tracked: 216[39m[K
[34m   # non-singular solutions (real): 216 (12)[39m[K
[34m       # singular endpoints (real): 0 (0)[39m[K
[34m          # total solutions (real): 216 (12)[39m[K
[A
[A
[A
[A




[K[A
[K[A
[K[A
[K[A
[32mTracking 252 paths...  96%|ΓûêΓûêΓûêΓûêΓûêΓûêΓûêΓûêΓûêΓûêΓûêΓûêΓûêΓûêΓûêΓûêΓûêΓûêΓûêΓûêΓûêΓûêΓûêΓûêΓûêΓûêΓûêΓûê |  ETA: 0:00:00[39m[K
[34m                   # paths tracked: 243[39m[K
[34m   # non-singular solutions (real): 243 (12)[39m[K
[34m       # singular endpoints (real): 0 (0)[39m[K
[34m          # total solutions (real): 243 (12)[39m[K
[A
[A
[A
[A




[K[A
[K[A
[K[A
[K[A
[32mTracking 252 paths... 100%|ΓûêΓûêΓûêΓûêΓûêΓûêΓûêΓûêΓûêΓûêΓûêΓûêΓûêΓûêΓûêΓûêΓûêΓûêΓûêΓûêΓûêΓûêΓûêΓûêΓûêΓûêΓûêΓûêΓûê| Time: 0:00:01[39m[K
[34m                   # paths tracked: 252[39m[K
[34m   # non-singular solutions (real): 252 (12)[39m[K
[34m       # singular endpoints (real): 0 (0)[39m[K
[34m          # total solutions (real): 252 (12)[39m[K

[32mTracking 252 paths...  38%|ΓûêΓûêΓûêΓûêΓûêΓûêΓûêΓûêΓûêΓûêΓûêΓûê                 |  ETA: 0:00:01[39m[K
[34m                   # paths tracked: 96[39m[K
[34m   # non-singular solutions (real): 96 (4)[39m[K
[34m       # singular endpoints (real): 0 (0)[39m[K
[34m          # total solutions (real): 96 (4)[39m[K
[A
[A
[A
[A




[K[A
[K[A
[K[A
[K[A
[32mTracking 252 paths...  54%|ΓûêΓûêΓûêΓûêΓûêΓûêΓûêΓûêΓûêΓûêΓûêΓûêΓûêΓûêΓûêΓûê             |  ETA: 0:00:01[39m[K
[34m                   # paths tracked: 135[39m[K
[34m   # non-singular solutions (real): 135 (5)[39m[K
[34m       # singular endpoints (real): 0 (0)[39m[K
[34m          # total solutions (real): 135 (5)[39m[K
[A
[A
[A
[A




[K[A
[K[A
[K[A
[K[A
[32mTracking 252 paths...  70%|ΓûêΓûêΓûêΓûêΓûêΓûêΓûêΓûêΓûêΓûêΓûêΓûêΓûêΓûêΓûêΓûêΓûêΓûêΓûêΓûêΓûê        |  ETA: 0:00:00[39m[K
[34m                   # paths tracked: 176[39m[K
[34m   # non-singular solutions (real): 176 (6)[39m[K
[34m       # singular endpoints (real): 0 (0)[39m[K
[34m          # total solutions (real): 176 (6)[39m[K
[A
[A
[A
[A




[K[A
[K[A
[K[A
[K[A
[32mTracking 252 paths...  84%|ΓûêΓûêΓûêΓûêΓûêΓûêΓûêΓûêΓûêΓûêΓûêΓûêΓûêΓûêΓûêΓûêΓûêΓûêΓûêΓûêΓûêΓûêΓûêΓûêΓûê    |  ETA: 0:00:00[39m[K
[34m                   # paths tracked: 212[39m[K
[34m   # non-singular solutions (real): 212 (11)[39m[K
[34m       # singular endpoints (real): 0 (0)[39m[K
[34m          # total solutions (real): 212 (11)[39m[K
[A
[A
[A
[A




[K[A
[K[A
[K[A
[K[A
[32mTracking 252 paths...  99%|ΓûêΓûêΓûêΓûêΓûêΓûêΓûêΓûêΓûêΓûêΓûêΓûêΓûêΓûêΓûêΓûêΓûêΓûêΓûêΓûêΓûêΓûêΓûêΓûêΓûêΓûêΓûêΓûêΓûê|  ETA: 0:00:00[39m[K
[34m                   # paths tracked: 249[39m[K
[34m   # non-singular solutions (real): 249 (12)[39m[K
[34m       # singular endpoints (real): 0 (0)[39m[K
[34m          # total solutions (real): 249 (12)[39m[K
[A
[A
[A
[A




[K[A
[K[A
[K[A
[K[A
[32mTracking 252 paths... 100%|ΓûêΓûêΓûêΓûêΓûêΓûêΓûêΓûêΓûêΓûêΓûêΓûêΓûêΓûêΓûêΓûêΓûêΓûêΓûêΓûêΓûêΓûêΓûêΓûêΓûêΓûêΓûêΓûêΓûê| Time: 0:00:01[39m[K
[34m                   # paths tracked: 252[39m[K
[34m   # non-singular solutions (real): 252 (12)[39m[K
[34m       # singular endpoints (real): 0 (0)[39m[K
[34m          # total solutions (real): 252 (12)[39m[K

[32mTracking 252 paths...  40%|ΓûêΓûêΓûêΓûêΓûêΓûêΓûêΓûêΓûêΓûêΓûêΓûê                 |  ETA: 0:00:01[39m[K
[34m                   # paths tracked: 100[39m[K
[34m   # non-singular solutions (real): 100 (5)[39m[K
[34m       # singular endpoints (real): 0 (0)[39m[K
[34m          # total solutions (real): 100 (5)[39m[K
[A
[A
[A
[A




[K[A
[K[A
[K[A
[K[A
[32mTracking 252 paths...  56%|ΓûêΓûêΓûêΓûêΓûêΓûêΓûêΓûêΓûêΓûêΓûêΓûêΓûêΓûêΓûêΓûêΓûê            |  ETA: 0:00:01[39m[K
[34m                   # paths tracked: 141[39m[K
[34m   # non-singular solutions (real): 141 (6)[39m[K
[34m       # singular endpoints (real): 0 (0)[39m[K
[34m          # total solutions (real): 141 (6)[39m[K
[A
[A
[A
[A




[K[A
[K[A
[K[A
[K[A
[32mTracking 252 paths...  73%|ΓûêΓûêΓûêΓûêΓûêΓûêΓûêΓûêΓûêΓûêΓûêΓûêΓûêΓûêΓûêΓûêΓûêΓûêΓûêΓûêΓûêΓûê       |  ETA: 0:00:00[39m[K
[34m                   # paths tracked: 183[39m[K
[34m   # non-singular solutions (real): 183 (8)[39m[K
[34m       # singular endpoints (real): 0 (0)[39m[K
[34m          # total solutions (real): 183 (8)[39m[K
[A
[A
[A
[A




[K[A
[K[A
[K[A
[K[A
[32mTracking 252 paths...  89%|ΓûêΓûêΓûêΓûêΓûêΓûêΓûêΓûêΓûêΓûêΓûêΓûêΓûêΓûêΓûêΓûêΓûêΓûêΓûêΓûêΓûêΓûêΓûêΓûêΓûêΓûê   |  ETA: 0:00:00[39m[K
[34m                   # paths tracked: 224[39m[K
[34m   # non-singular solutions (real): 224 (9)[39m[K
[34m       # singular endpoints (real): 0 (0)[39m[K
[34m          # total solutions (real): 224 (9)[39m[K
[A
[A
[A
[A




[K[A
[K[A
[K[A
[K[A
[32mTracking 252 paths... 100%|ΓûêΓûêΓûêΓûêΓûêΓûêΓûêΓûêΓûêΓûêΓûêΓûêΓûêΓûêΓûêΓûêΓûêΓûêΓûêΓûêΓûêΓûêΓûêΓûêΓûêΓûêΓûêΓûêΓûê| Time: 0:00:01[39m[K
[34m                   # paths tracked: 252[39m[K
[34m   # non-singular solutions (real): 252 (12)[39m[K
[34m       # singular endpoints (real): 0 (0)[39m[K
[34m          # total solutions (real): 252 (12)[39m[K

[32mTracking 252 paths...  37%|ΓûêΓûêΓûêΓûêΓûêΓûêΓûêΓûêΓûêΓûêΓûê                  |  ETA: 0:00:01[39m[K
[34m                   # paths tracked: 92[39m[K
[34m   # non-singular solutions (real): 92 (3)[39m[K
[34m       # singular endpoints (real): 0 (0)[39m[K
[34m          # total solutions (real): 92 (3)[39m[K
[A
[A
[A
[A




[K[A
[K[A
[K[A
[K[A
[32mTracking 252 paths...  50%|ΓûêΓûêΓûêΓûêΓûêΓûêΓûêΓûêΓûêΓûêΓûêΓûêΓûêΓûêΓûê              |  ETA: 0:00:01[39m[K
[34m                   # paths tracked: 127[39m[K
[34m   # non-singular solutions (real): 127 (6)[39m[K
[34m       # singular endpoints (real): 0 (0)[39m[K
[34m          # total solutions (real): 127 (6)[39m[K
[A
[A
[A
[A




[K[A
[K[A
[K[A
[K[A
[32mTracking 252 paths...  66%|ΓûêΓûêΓûêΓûêΓûêΓûêΓûêΓûêΓûêΓûêΓûêΓûêΓûêΓûêΓûêΓûêΓûêΓûêΓûêΓûê         |  ETA: 0:00:00[39m[K
[34m                   # paths tracked: 166[39m[K
[34m   # non-singular solutions (real): 166 (7)[39m[K
[34m       # singular endpoints (real): 0 (0)[39m[K
[34m          # total solutions (real): 166 (7)[39m[K
[A
[A
[A
[A




[K[A
[K[A
[K[A
[K[A
[32mTracking 252 paths...  81%|ΓûêΓûêΓûêΓûêΓûêΓûêΓûêΓûêΓûêΓûêΓûêΓûêΓûêΓûêΓûêΓûêΓûêΓûêΓûêΓûêΓûêΓûêΓûêΓûê     |  ETA: 0:00:00[39m[K
[34m                   # paths tracked: 205[39m[K
[34m   # non-singular solutions (real): 205 (10)[39m[K
[34m       # singular endpoints (real): 0 (0)[39m[K
[34m          # total solutions (real): 205 (10)[39m[K
[A
[A
[A
[A




[K[A
[K[A
[K[A
[K[A
[32mTracking 252 paths...  97%|ΓûêΓûêΓûêΓûêΓûêΓûêΓûêΓûêΓûêΓûêΓûêΓûêΓûêΓûêΓûêΓûêΓûêΓûêΓûêΓûêΓûêΓûêΓûêΓûêΓûêΓûêΓûêΓûêΓûê|  ETA: 0:00:00[39m[K
[34m                   # paths tracked: 244[39m[K
[34m   # non-singular solutions (real): 244 (11)[39m[K
[34m       # singular endpoints (real): 0 (0)[39m[K
[34m          # total solutions (real): 244 (11)[39m[K
[A
[A
[A
[A




[K[A
[K[A
[K[A
[K[A
[32mTracking 252 paths... 100%|ΓûêΓûêΓûêΓûêΓûêΓûêΓûêΓûêΓûêΓûêΓûêΓûêΓûêΓûêΓûêΓûêΓûêΓûêΓûêΓûêΓûêΓûêΓûêΓûêΓûêΓûêΓûêΓûêΓûê| Time: 0:00:01[39m[K
[34m                   # paths tracked: 252[39m[K
[34m   # non-singular solutions (real): 252 (12)[39m[K
[34m       # singular endpoints (real): 0 (0)[39m[K
[34m          # total solutions (real): 252 (12)[39m[K

[32mTracking 252 paths...  39%|ΓûêΓûêΓûêΓûêΓûêΓûêΓûêΓûêΓûêΓûêΓûêΓûê                 |  ETA: 0:00:01[39m[K
[34m                   # paths tracked: 99[39m[K
[34m   # non-singular solutions (real): 99 (4)[39m[K
[34m       # singular endpoints (real): 0 (0)[39m[K
[34m          # total solutions (real): 99 (4)[39m[K
[A
[A
[A
[A




[K[A
[K[A
[K[A
[K[A
[32mTracking 252 paths...  55%|ΓûêΓûêΓûêΓûêΓûêΓûêΓûêΓûêΓûêΓûêΓûêΓûêΓûêΓûêΓûêΓûê             |  ETA: 0:00:01[39m[K
[34m                   # paths tracked: 138[39m[K
[34m   # non-singular solutions (real): 138 (7)[39m[K
[34m       # singular endpoints (real): 0 (0)[39m[K
[34m          # total solutions (real): 138 (7)[39m[K
[A
[A
[A
[A




[K[A
[K[A
[K[A
[K[A
[32mTracking 252 paths...  70%|ΓûêΓûêΓûêΓûêΓûêΓûêΓûêΓûêΓûêΓûêΓûêΓûêΓûêΓûêΓûêΓûêΓûêΓûêΓûêΓûêΓûê        |  ETA: 0:00:00[39m[K
[34m                   # paths tracked: 176[39m[K
[34m   # non-singular solutions (real): 176 (9)[39m[K
[34m       # singular endpoints (real): 0 (0)[39m[K
[34m          # total solutions (real): 176 (9)[39m[K
[A
[A
[A
[A




[K[A
[K[A
[K[A
[K[A
[32mTracking 252 paths...  85%|ΓûêΓûêΓûêΓûêΓûêΓûêΓûêΓûêΓûêΓûêΓûêΓûêΓûêΓûêΓûêΓûêΓûêΓûêΓûêΓûêΓûêΓûêΓûêΓûêΓûê    |  ETA: 0:00:00[39m[K
[34m                   # paths tracked: 215[39m[K
[34m   # non-singular solutions (real): 215 (12)[39m[K
[34m       # singular endpoints (real): 0 (0)[39m[K
[34m          # total solutions (real): 215 (12)[39m[K
[A
[A
[A
[A




[K[A
[K[A
[K[A
[K[A
[32mTracking 252 paths... 100%|ΓûêΓûêΓûêΓûêΓûêΓûêΓûêΓûêΓûêΓûêΓûêΓûêΓûêΓûêΓûêΓûêΓûêΓûêΓûêΓûêΓûêΓûêΓûêΓûêΓûêΓûêΓûêΓûêΓûê| Time: 0:00:01[39m[K
[34m                   # paths tracked: 252[39m[K
[34m   # non-singular solutions (real): 252 (12)[39m[K
[34m       # singular endpoints (real): 0 (0)[39m[K
[34m          # total solutions (real): 252 (12)[39m[K

[32mTracking 252 paths...  26%|ΓûêΓûêΓûêΓûêΓûêΓûêΓûêΓûê                     |  ETA: 0:00:01[39m[K
[34m                   # paths tracked: 65[39m[K
[34m   # non-singular solutions (real): 65 (5)[39m[K
[34m       # singular endpoints (real): 0 (0)[39m[K
[34m          # total solutions (real): 65 (5)[39m[K
[A
[A
[A
[A




[K[A
[K[A
[K[A
[K[A
[32mTracking 252 paths...  38%|ΓûêΓûêΓûêΓûêΓûêΓûêΓûêΓûêΓûêΓûêΓûê                  |  ETA: 0:00:01[39m[K
[34m                   # paths tracked: 95[39m[K
[34m   # non-singular solutions (real): 95 (6)[39m[K
[34m       # singular endpoints (real): 0 (0)[39m[K
[34m          # total solutions (real): 95 (6)[39m[K
[A
[A
[A
[A




[K[A
[K[A
[K[A
[K[A
[32mTracking 252 paths...  50%|ΓûêΓûêΓûêΓûêΓûêΓûêΓûêΓûêΓûêΓûêΓûêΓûêΓûêΓûêΓûê              |  ETA: 0:00:01[39m[K
[34m                   # paths tracked: 126[39m[K
[34m   # non-singular solutions (real): 126 (6)[39m[K
[34m       # singular endpoints (real): 0 (0)[39m[K
[34m          # total solutions (real): 126 (6)[39m[K
[A
[A
[A
[A




[K[A
[K[A
[K[A
[K[A
[32mTracking 252 paths...  62%|ΓûêΓûêΓûêΓûêΓûêΓûêΓûêΓûêΓûêΓûêΓûêΓûêΓûêΓûêΓûêΓûêΓûêΓûêΓûê          |  ETA: 0:00:01[39m[K
[34m                   # paths tracked: 157[39m[K
[34m   # non-singular solutions (real): 157 (7)[39m[K
[34m       # singular endpoints (real): 0 (0)[39m[K
[34m          # total solutions (real): 157 (7)[39m[K
[A
[A
[A
[A




[K[A
[K[A
[K[A
[K[A
[32mTracking 252 paths...  70%|ΓûêΓûêΓûêΓûêΓûêΓûêΓûêΓûêΓûêΓûêΓûêΓûêΓûêΓûêΓûêΓûêΓûêΓûêΓûêΓûêΓûê        |  ETA: 0:00:01[39m[K
[34m                   # paths tracked: 177[39m[K
[34m   # non-singular solutions (real): 177 (8)[39m[K
[34m       # singular endpoints (real): 0 (0)[39m[K
[34m          # total solutions (real): 177 (8)[39m[K
[A
[A
[A
[A




[K[A
[K[A
[K[A
[K[A
[32mTracking 252 paths...  85%|ΓûêΓûêΓûêΓûêΓûêΓûêΓûêΓûêΓûêΓûêΓûêΓûêΓûêΓûêΓûêΓûêΓûêΓûêΓûêΓûêΓûêΓûêΓûêΓûêΓûê    |  ETA: 0:00:00[39m[K
[34m                   # paths tracked: 215[39m[K
[34m   # non-singular solutions (real): 215 (10)[39m[K
[34m       # singular endpoints (real): 0 (0)[39m[K
[34m          # total solutions (real): 215 (10)[39m[K
[A
[A
[A
[A




[K[A
[K[A
[K[A
[K[A
[32mTracking 252 paths...  96%|ΓûêΓûêΓûêΓûêΓûêΓûêΓûêΓûêΓûêΓûêΓûêΓûêΓûêΓûêΓûêΓûêΓûêΓûêΓûêΓûêΓûêΓûêΓûêΓûêΓûêΓûêΓûêΓûê |  ETA: 0:00:00[39m[K
[34m                   # paths tracked: 243[39m[K
[34m   # non-singular solutions (real): 243 (12)[39m[K
[34m       # singular endpoints (real): 0 (0)[39m[K
[34m          # total solutions (real): 243 (12)[39m[K
[A
[A
[A
[A




[K[A
[K[A
[K[A
[K[A
[32mTracking 252 paths... 100%|ΓûêΓûêΓûêΓûêΓûêΓûêΓûêΓûêΓûêΓûêΓûêΓûêΓûêΓûêΓûêΓûêΓûêΓûêΓûêΓûêΓûêΓûêΓûêΓûêΓûêΓûêΓûêΓûêΓûê| Time: 0:00:02[39m[K
[34m                   # paths tracked: 252[39m[K
[34m   # non-singular solutions (real): 252 (12)[39m[K
[34m       # singular endpoints (real): 0 (0)[39m[K
[34m          # total solutions (real): 252 (12)[39m[K

[32mTracking 252 paths...  33%|ΓûêΓûêΓûêΓûêΓûêΓûêΓûêΓûêΓûêΓûê                   |  ETA: 0:00:01[39m[K
[34m                   # paths tracked: 83[39m[K
[34m   # non-singular solutions (real): 83 (4)[39m[K
[34m       # singular endpoints (real): 0 (0)[39m[K
[34m          # total solutions (real): 83 (4)[39m[K
[A
[A
[A
[A




[K[A
[K[A
[K[A
[K[A
[32mTracking 252 paths...  47%|ΓûêΓûêΓûêΓûêΓûêΓûêΓûêΓûêΓûêΓûêΓûêΓûêΓûêΓûê               |  ETA: 0:00:01[39m[K
[34m                   # paths tracked: 118[39m[K
[34m   # non-singular solutions (real): 118 (5)[39m[K
[34m       # singular endpoints (real): 0 (0)[39m[K
[34m          # total solutions (real): 118 (5)[39m[K
[A
[A
[A
[A




[K[A
[K[A
[K[A
[K[A
[32mTracking 252 paths...  61%|ΓûêΓûêΓûêΓûêΓûêΓûêΓûêΓûêΓûêΓûêΓûêΓûêΓûêΓûêΓûêΓûêΓûêΓûê           |  ETA: 0:00:01[39m[K
[34m                   # paths tracked: 153[39m[K
[34m   # non-singular solutions (real): 153 (6)[39m[K
[34m       # singular endpoints (real): 0 (0)[39m[K
[34m          # total solutions (real): 153 (6)[39m[K
[A
[A
[A
[A




[K[A
[K[A
[K[A
[K[A
[32mTracking 252 paths...  74%|ΓûêΓûêΓûêΓûêΓûêΓûêΓûêΓûêΓûêΓûêΓûêΓûêΓûêΓûêΓûêΓûêΓûêΓûêΓûêΓûêΓûêΓûê       |  ETA: 0:00:00[39m[K
[34m                   # paths tracked: 187[39m[K
[34m   # non-singular solutions (real): 187 (10)[39m[K
[34m       # singular endpoints (real): 0 (0)[39m[K
[34m          # total solutions (real): 187 (10)[39m[K
[A
[A
[A
[A




[K[A
[K[A
[K[A
[K[A
[32mTracking 252 paths...  87%|ΓûêΓûêΓûêΓûêΓûêΓûêΓûêΓûêΓûêΓûêΓûêΓûêΓûêΓûêΓûêΓûêΓûêΓûêΓûêΓûêΓûêΓûêΓûêΓûêΓûêΓûê   |  ETA: 0:00:00[39m[K
[34m                   # paths tracked: 219[39m[K
[34m   # non-singular solutions (real): 219 (11)[39m[K
[34m       # singular endpoints (real): 0 (0)[39m[K
[34m          # total solutions (real): 219 (11)[39m[K
[A
[A
[A
[A




[K[A
[K[A
[K[A
[K[A
[32mTracking 252 paths...  99%|ΓûêΓûêΓûêΓûêΓûêΓûêΓûêΓûêΓûêΓûêΓûêΓûêΓûêΓûêΓûêΓûêΓûêΓûêΓûêΓûêΓûêΓûêΓûêΓûêΓûêΓûêΓûêΓûêΓûê|  ETA: 0:00:00[39m[K
[34m                   # paths tracked: 250[39m[K
[34m   # non-singular solutions (real): 250 (12)[39m[K
[34m       # singular endpoints (real): 0 (0)[39m[K
[34m          # total solutions (real): 250 (12)[39m[K
[A
[A
[A
[A




[K[A
[K[A
[K[A
[K[A
[32mTracking 252 paths... 100%|ΓûêΓûêΓûêΓûêΓûêΓûêΓûêΓûêΓûêΓûêΓûêΓûêΓûêΓûêΓûêΓûêΓûêΓûêΓûêΓûêΓûêΓûêΓûêΓûêΓûêΓûêΓûêΓûêΓûê| Time: 0:00:01[39m[K
[34m                   # paths tracked: 252[39m[K
[34m   # non-singular solutions (real): 252 (12)[39m[K
[34m       # singular endpoints (real): 0 (0)[39m[K
[34m          # total solutions (real): 252 (12)[39m[K

[32mTracking 252 paths...  38%|ΓûêΓûêΓûêΓûêΓûêΓûêΓûêΓûêΓûêΓûêΓûê                  |  ETA: 0:00:01[39m[K
[34m                   # paths tracked: 95[39m[K
[34m   # non-singular solutions (real): 95 (6)[39m[K
[34m       # singular endpoints (real): 0 (0)[39m[K
[34m          # total solutions (real): 95 (6)[39m[K
[A
[A
[A
[A




[K[A
[K[A
[K[A
[K[A
[32mTracking 252 paths...  54%|ΓûêΓûêΓûêΓûêΓûêΓûêΓûêΓûêΓûêΓûêΓûêΓûêΓûêΓûêΓûêΓûê             |  ETA: 0:00:01[39m[K
[34m                   # paths tracked: 136[39m[K
[34m   # non-singular solutions (real): 136 (9)[39m[K
[34m       # singular endpoints (real): 0 (0)[39m[K
[34m          # total solutions (real): 136 (9)[39m[K
[A
[A
[A
[A




[K[A
[K[A
[K[A
[K[A
[32mTracking 252 paths...  71%|ΓûêΓûêΓûêΓûêΓûêΓûêΓûêΓûêΓûêΓûêΓûêΓûêΓûêΓûêΓûêΓûêΓûêΓûêΓûêΓûêΓûê        |  ETA: 0:00:00[39m[K
[34m                   # paths tracked: 178[39m[K
[34m   # non-singular solutions (real): 178 (9)[39m[K
[34m       # singular endpoints (real): 0 (0)[39m[K
[34m          # total solutions (real): 178 (9)[39m[K
[A
[A
[A
[A




[K[A
[K[A
[K[A
[K[A
[32mTracking 252 paths...  85%|ΓûêΓûêΓûêΓûêΓûêΓûêΓûêΓûêΓûêΓûêΓûêΓûêΓûêΓûêΓûêΓûêΓûêΓûêΓûêΓûêΓûêΓûêΓûêΓûêΓûê    |  ETA: 0:00:00[39m[K
[34m                   # paths tracked: 214[39m[K
[34m   # non-singular solutions (real): 214 (10)[39m[K
[34m       # singular endpoints (real): 0 (0)[39m[K
[34m          # total solutions (real): 214 (10)[39m[K
[A
[A
[A
[A




[K[A
[K[A
[K[A
[K[A
[32mTracking 252 paths... 100%|ΓûêΓûêΓûêΓûêΓûêΓûêΓûêΓûêΓûêΓûêΓûêΓûêΓûêΓûêΓûêΓûêΓûêΓûêΓûêΓûêΓûêΓûêΓûêΓûêΓûêΓûêΓûêΓûêΓûê| Time: 0:00:01[39m[K
[34m                   # paths tracked: 252[39m[K
[34m   # non-singular solutions (real): 252 (12)[39m[K
[34m       # singular endpoints (real): 0 (0)[39m[K
[34m          # total solutions (real): 252 (12)[39m[K

[32mTracking 252 paths...  37%|ΓûêΓûêΓûêΓûêΓûêΓûêΓûêΓûêΓûêΓûêΓûê                  |  ETA: 0:00:01[39m[K
[34m                   # paths tracked: 94[39m[K
[34m   # non-singular solutions (real): 94 (6)[39m[K
[34m       # singular endpoints (real): 0 (0)[39m[K
[34m          # total solutions (real): 94 (6)[39m[K
[A
[A
[A
[A




[K[A
[K[A
[K[A
[K[A
[32mTracking 252 paths...  54%|ΓûêΓûêΓûêΓûêΓûêΓûêΓûêΓûêΓûêΓûêΓûêΓûêΓûêΓûêΓûêΓûê             |  ETA: 0:00:01[39m[K
[34m                   # paths tracked: 135[39m[K
[34m   # non-singular solutions (real): 135 (8)[39m[K
[34m       # singular endpoints (real): 0 (0)[39m[K
[34m          # total solutions (real): 135 (8)[39m[K
[A
[A
[A
[A




[K[A
[K[A
[K[A
[K[A
[32mTracking 252 paths...  69%|ΓûêΓûêΓûêΓûêΓûêΓûêΓûêΓûêΓûêΓûêΓûêΓûêΓûêΓûêΓûêΓûêΓûêΓûêΓûêΓûê         |  ETA: 0:00:00[39m[K
[34m                   # paths tracked: 173[39m[K
[34m   # non-singular solutions (real): 173 (9)[39m[K
[34m       # singular endpoints (real): 0 (0)[39m[K
[34m          # total solutions (real): 173 (9)[39m[K
[A
[A
[A
[A




[K[A
[K[A
[K[A
[K[A
[32mTracking 252 paths...  84%|ΓûêΓûêΓûêΓûêΓûêΓûêΓûêΓûêΓûêΓûêΓûêΓûêΓûêΓûêΓûêΓûêΓûêΓûêΓûêΓûêΓûêΓûêΓûêΓûêΓûê    |  ETA: 0:00:00[39m[K
[34m                   # paths tracked: 211[39m[K
[34m   # non-singular solutions (real): 211 (9)[39m[K
[34m       # singular endpoints (real): 0 (0)[39m[K
[34m          # total solutions (real): 211 (9)[39m[K
[A
[A
[A
[A




[K[A
[K[A
[K[A
[K[A
[32mTracking 252 paths...  99%|ΓûêΓûêΓûêΓûêΓûêΓûêΓûêΓûêΓûêΓûêΓûêΓûêΓûêΓûêΓûêΓûêΓûêΓûêΓûêΓûêΓûêΓûêΓûêΓûêΓûêΓûêΓûêΓûêΓûê|  ETA: 0:00:00[39m[K
[34m                   # paths tracked: 250[39m[K
[34m   # non-singular solutions (real): 250 (12)[39m[K
[34m       # singular endpoints (real): 0 (0)[39m[K
[34m          # total solutions (real): 250 (12)[39m[K
[A
[A
[A
[A




[K[A
[K[A
[K[A
[K[A
[32mTracking 252 paths... 100%|ΓûêΓûêΓûêΓûêΓûêΓûêΓûêΓûêΓûêΓûêΓûêΓûêΓûêΓûêΓûêΓûêΓûêΓûêΓûêΓûêΓûêΓûêΓûêΓûêΓûêΓûêΓûêΓûêΓûê| Time: 0:00:01[39m[K
[34m                   # paths tracked: 252[39m[K
[34m   # non-singular solutions (real): 252 (12)[39m[K
[34m       # singular endpoints (real): 0 (0)[39m[K
[34m          # total solutions (real): 252 (12)[39m[K

[32mTracking 252 paths...  33%|ΓûêΓûêΓûêΓûêΓûêΓûêΓûêΓûêΓûêΓûê                   |  ETA: 0:00:01[39m[K
[34m                   # paths tracked: 82[39m[K
[34m   # non-singular solutions (real): 82 (3)[39m[K
[34m       # singular endpoints (real): 0 (0)[39m[K
[34m          # total solutions (real): 82 (3)[39m[K
[A
[A
[A
[A




[K[A
[K[A
[K[A
[K[A
[32mTracking 252 paths...  46%|ΓûêΓûêΓûêΓûêΓûêΓûêΓûêΓûêΓûêΓûêΓûêΓûêΓûêΓûê               |  ETA: 0:00:01[39m[K
[34m                   # paths tracked: 116[39m[K
[34m   # non-singular solutions (real): 116 (6)[39m[K
[34m       # singular endpoints (real): 0 (0)[39m[K
[34m          # total solutions (real): 116 (6)[39m[K
[A
[A
[A
[A




[K[A
[K[A
[K[A
[K[A
[32mTracking 252 paths...  60%|ΓûêΓûêΓûêΓûêΓûêΓûêΓûêΓûêΓûêΓûêΓûêΓûêΓûêΓûêΓûêΓûêΓûêΓûê           |  ETA: 0:00:01[39m[K
[34m                   # paths tracked: 150[39m[K
[34m   # non-singular solutions (real): 150 (9)[39m[K
[34m       # singular endpoints (real): 0 (0)[39m[K
[34m          # total solutions (real): 150 (9)[39m[K
[A
[A
[A
[A




[K[A
[K[A
[K[A
[K[A
[32mTracking 252 paths...  73%|ΓûêΓûêΓûêΓûêΓûêΓûêΓûêΓûêΓûêΓûêΓûêΓûêΓûêΓûêΓûêΓûêΓûêΓûêΓûêΓûêΓûêΓûê       |  ETA: 0:00:00[39m[K
[34m                   # paths tracked: 185[39m[K
[34m   # non-singular solutions (real): 185 (9)[39m[K
[34m       # singular endpoints (real): 0 (0)[39m[K
[34m          # total solutions (real): 185 (9)[39m[K
[A
[A
[A
[A




[K[A
[K[A
[K[A
[K[A
[32mTracking 252 paths...  87%|ΓûêΓûêΓûêΓûêΓûêΓûêΓûêΓûêΓûêΓûêΓûêΓûêΓûêΓûêΓûêΓûêΓûêΓûêΓûêΓûêΓûêΓûêΓûêΓûêΓûêΓûê   |  ETA: 0:00:00[39m[K
[34m                   # paths tracked: 218[39m[K
[34m   # non-singular solutions (real): 218 (11)[39m[K
[34m       # singular endpoints (real): 0 (0)[39m[K
[34m          # total solutions (real): 218 (11)[39m[K
[A
[A
[A
[A




[K[A
[K[A
[K[A
[K[A
[32mTracking 252 paths... 100%|ΓûêΓûêΓûêΓûêΓûêΓûêΓûêΓûêΓûêΓûêΓûêΓûêΓûêΓûêΓûêΓûêΓûêΓûêΓûêΓûêΓûêΓûêΓûêΓûêΓûêΓûêΓûêΓûêΓûê| Time: 0:00:01[39m[K
[34m                   # paths tracked: 252[39m[K
[34m   # non-singular solutions (real): 252 (12)[39m[K
[34m       # singular endpoints (real): 0 (0)[39m[K
[34m          # total solutions (real): 252 (12)[39m[K

[32mTracking 252 paths...  33%|ΓûêΓûêΓûêΓûêΓûêΓûêΓûêΓûêΓûêΓûê                   |  ETA: 0:00:01[39m[K
[34m                   # paths tracked: 84[39m[K
[34m   # non-singular solutions (real): 84 (4)[39m[K
[34m       # singular endpoints (real): 0 (0)[39m[K
[34m          # total solutions (real): 84 (4)[39m[K
[A
[A
[A
[A




[K[A
[K[A
[K[A
[K[A
[32mTracking 252 paths...  44%|ΓûêΓûêΓûêΓûêΓûêΓûêΓûêΓûêΓûêΓûêΓûêΓûêΓûê                |  ETA: 0:00:01[39m[K
[34m                   # paths tracked: 112[39m[K
[34m   # non-singular solutions (real): 112 (6)[39m[K
[34m       # singular endpoints (real): 0 (0)[39m[K
[34m          # total solutions (real): 112 (6)[39m[K
[A
[A
[A
[A




[K[A
[K[A
[K[A
[K[A
[32mTracking 252 paths...  58%|ΓûêΓûêΓûêΓûêΓûêΓûêΓûêΓûêΓûêΓûêΓûêΓûêΓûêΓûêΓûêΓûêΓûê            |  ETA: 0:00:01[39m[K
[34m                   # paths tracked: 145[39m[K
[34m   # non-singular solutions (real): 145 (6)[39m[K
[34m       # singular endpoints (real): 0 (0)[39m[K
[34m          # total solutions (real): 145 (6)[39m[K
[A
[A
[A
[A




[K[A
[K[A
[K[A
[K[A
[32mTracking 252 paths...  72%|ΓûêΓûêΓûêΓûêΓûêΓûêΓûêΓûêΓûêΓûêΓûêΓûêΓûêΓûêΓûêΓûêΓûêΓûêΓûêΓûêΓûê        |  ETA: 0:00:00[39m[K
[34m                   # paths tracked: 181[39m[K
[34m   # non-singular solutions (real): 181 (7)[39m[K
[34m       # singular endpoints (real): 0 (0)[39m[K
[34m          # total solutions (real): 181 (7)[39m[K
[A
[A
[A
[A




[K[A
[K[A
[K[A
[K[A
[32mTracking 252 paths...  85%|ΓûêΓûêΓûêΓûêΓûêΓûêΓûêΓûêΓûêΓûêΓûêΓûêΓûêΓûêΓûêΓûêΓûêΓûêΓûêΓûêΓûêΓûêΓûêΓûêΓûê    |  ETA: 0:00:00[39m[K
[34m                   # paths tracked: 213[39m[K
[34m   # non-singular solutions (real): 213 (9)[39m[K
[34m       # singular endpoints (real): 0 (0)[39m[K
[34m          # total solutions (real): 213 (9)[39m[K
[A
[A
[A
[A




[K[A
[K[A
[K[A
[K[A
[32mTracking 252 paths...  98%|ΓûêΓûêΓûêΓûêΓûêΓûêΓûêΓûêΓûêΓûêΓûêΓûêΓûêΓûêΓûêΓûêΓûêΓûêΓûêΓûêΓûêΓûêΓûêΓûêΓûêΓûêΓûêΓûêΓûê|  ETA: 0:00:00[39m[K
[34m                   # paths tracked: 247[39m[K
[34m   # non-singular solutions (real): 247 (10)[39m[K
[34m       # singular endpoints (real): 0 (0)[39m[K
[34m          # total solutions (real): 247 (10)[39m[K
[A
[A
[A
[A




[K[A
[K[A
[K[A
[K[A
[32mTracking 252 paths... 100%|ΓûêΓûêΓûêΓûêΓûêΓûêΓûêΓûêΓûêΓûêΓûêΓûêΓûêΓûêΓûêΓûêΓûêΓûêΓûêΓûêΓûêΓûêΓûêΓûêΓûêΓûêΓûêΓûêΓûê| Time: 0:00:01[39m[K
[34m                   # paths tracked: 252[39m[K
[34m   # non-singular solutions (real): 252 (12)[39m[K
[34m       # singular endpoints (real): 0 (0)[39m[K
[34m          # total solutions (real): 252 (12)[39m[K

[32mTracking 252 paths...  36%|ΓûêΓûêΓûêΓûêΓûêΓûêΓûêΓûêΓûêΓûêΓûê                  |  ETA: 0:00:01[39m[K
[34m                   # paths tracked: 91[39m[K
[34m   # non-singular solutions (real): 91 (5)[39m[K
[34m       # singular endpoints (real): 0 (0)[39m[K
[34m          # total solutions (real): 91 (5)[39m[K
[A
[A
[A
[A




[K[A
[K[A
[K[A
[K[A
[32mTracking 252 paths...  50%|ΓûêΓûêΓûêΓûêΓûêΓûêΓûêΓûêΓûêΓûêΓûêΓûêΓûêΓûêΓûê              |  ETA: 0:00:01[39m[K
[34m                   # paths tracked: 126[39m[K
[34m   # non-singular solutions (real): 126 (7)[39m[K
[34m       # singular endpoints (real): 0 (0)[39m[K
[34m          # total solutions (real): 126 (7)[39m[K
[A
[A
[A
[A




[K[A
[K[A
[K[A
[K[A
[32mTracking 252 paths...  63%|ΓûêΓûêΓûêΓûêΓûêΓûêΓûêΓûêΓûêΓûêΓûêΓûêΓûêΓûêΓûêΓûêΓûêΓûêΓûê          |  ETA: 0:00:01[39m[K
[34m                   # paths tracked: 159[39m[K
[34m   # non-singular solutions (real): 159 (8)[39m[K
[34m       # singular endpoints (real): 0 (0)[39m[K
[34m          # total solutions (real): 159 (8)[39m[K
[A
[A
[A
[A




[K[A
[K[A
[K[A
[K[A
[32mTracking 252 paths...  77%|ΓûêΓûêΓûêΓûêΓûêΓûêΓûêΓûêΓûêΓûêΓûêΓûêΓûêΓûêΓûêΓûêΓûêΓûêΓûêΓûêΓûêΓûêΓûê      |  ETA: 0:00:00[39m[K
[34m                   # paths tracked: 193[39m[K
[34m   # non-singular solutions (real): 193 (8)[39m[K
[34m       # singular endpoints (real): 0 (0)[39m[K
[34m          # total solutions (real): 193 (8)[39m[K
[A
[A
[A
[A




[K[A
[K[A
[K[A
[K[A
[32mTracking 252 paths...  90%|ΓûêΓûêΓûêΓûêΓûêΓûêΓûêΓûêΓûêΓûêΓûêΓûêΓûêΓûêΓûêΓûêΓûêΓûêΓûêΓûêΓûêΓûêΓûêΓûêΓûêΓûêΓûê  |  ETA: 0:00:00[39m[K
[34m                   # paths tracked: 227[39m[K
[34m   # non-singular solutions (real): 227 (11)[39m[K
[34m       # singular endpoints (real): 0 (0)[39m[K
[34m          # total solutions (real): 227 (11)[39m[K
[A
[A
[A
[A




[K[A
[K[A
[K[A
[K[A
[32mTracking 252 paths... 100%|ΓûêΓûêΓûêΓûêΓûêΓûêΓûêΓûêΓûêΓûêΓûêΓûêΓûêΓûêΓûêΓûêΓûêΓûêΓûêΓûêΓûêΓûêΓûêΓûêΓûêΓûêΓûêΓûêΓûê| Time: 0:00:01[39m[K
[34m                   # paths tracked: 252[39m[K
[34m   # non-singular solutions (real): 252 (12)[39m[K
[34m       # singular endpoints (real): 0 (0)[39m[K
[34m          # total solutions (real): 252 (12)[39m[K

[32mTracking 252 paths...  37%|ΓûêΓûêΓûêΓûêΓûêΓûêΓûêΓûêΓûêΓûêΓûê                  |  ETA: 0:00:01[39m[K
[34m                   # paths tracked: 94[39m[K
[34m   # non-singular solutions (real): 94 (9)[39m[K
[34m       # singular endpoints (real): 0 (0)[39m[K
[34m          # total solutions (real): 94 (9)[39m[K
[A
[A
[A
[A




[K[A
[K[A
[K[A
[K[A
[32mTracking 252 paths...  52%|ΓûêΓûêΓûêΓûêΓûêΓûêΓûêΓûêΓûêΓûêΓûêΓûêΓûêΓûêΓûêΓûê             |  ETA: 0:00:01[39m[K
[34m                   # paths tracked: 131[39m[K
[34m   # non-singular solutions (real): 131 (9)[39m[K
[34m       # singular endpoints (real): 0 (0)[39m[K
[34m          # total solutions (real): 131 (9)[39m[K
[A
[A
[A
[A




[K[A
[K[A
[K[A
[K[A
[32mTracking 252 paths...  67%|ΓûêΓûêΓûêΓûêΓûêΓûêΓûêΓûêΓûêΓûêΓûêΓûêΓûêΓûêΓûêΓûêΓûêΓûêΓûêΓûê         |  ETA: 0:00:00[39m[K
[34m                   # paths tracked: 170[39m[K
[34m   # non-singular solutions (real): 170 (11)[39m[K
[34m       # singular endpoints (real): 0 (0)[39m[K
[34m          # total solutions (real): 170 (11)[39m[K
[A
[A
[A
[A




[K[A
[K[A
[K[A
[K[A
[32mTracking 252 paths...  83%|ΓûêΓûêΓûêΓûêΓûêΓûêΓûêΓûêΓûêΓûêΓûêΓûêΓûêΓûêΓûêΓûêΓûêΓûêΓûêΓûêΓûêΓûêΓûêΓûê     |  ETA: 0:00:00[39m[K
[34m                   # paths tracked: 208[39m[K
[34m   # non-singular solutions (real): 208 (12)[39m[K
[34m       # singular endpoints (real): 0 (0)[39m[K
[34m          # total solutions (real): 208 (12)[39m[K
[A
[A
[A
[A




[K[A
[K[A
[K[A
[K[A
[32mTracking 252 paths...  99%|ΓûêΓûêΓûêΓûêΓûêΓûêΓûêΓûêΓûêΓûêΓûêΓûêΓûêΓûêΓûêΓûêΓûêΓûêΓûêΓûêΓûêΓûêΓûêΓûêΓûêΓûêΓûêΓûêΓûê|  ETA: 0:00:00[39m[K
[34m                   # paths tracked: 249[39m[K
[34m   # non-singular solutions (real): 249 (12)[39m[K
[34m       # singular endpoints (real): 0 (0)[39m[K
[34m          # total solutions (real): 249 (12)[39m[K
[A
[A
[A
[A




[K[A
[K[A
[K[A
[K[A
[32mTracking 252 paths... 100%|ΓûêΓûêΓûêΓûêΓûêΓûêΓûêΓûêΓûêΓûêΓûêΓûêΓûêΓûêΓûêΓûêΓûêΓûêΓûêΓûêΓûêΓûêΓûêΓûêΓûêΓûêΓûêΓûêΓûê| Time: 0:00:01[39m[K
[34m                   # paths tracked: 252[39m[K
[34m   # non-singular solutions (real): 252 (12)[39m[K
[34m       # singular endpoints (real): 0 (0)[39m[K
[34m          # total solutions (real): 252 (12)[39m[K

[32mTracking 252 paths...  37%|ΓûêΓûêΓûêΓûêΓûêΓûêΓûêΓûêΓûêΓûêΓûê                  |  ETA: 0:00:01[39m[K
[34m                   # paths tracked: 92[39m[K
[34m   # non-singular solutions (real): 92 (4)[39m[K
[34m       # singular endpoints (real): 0 (0)[39m[K
[34m          # total solutions (real): 92 (4)[39m[K
[A
[A
[A
[A




[K[A
[K[A
[K[A
[K[A
[32mTracking 252 paths...  52%|ΓûêΓûêΓûêΓûêΓûêΓûêΓûêΓûêΓûêΓûêΓûêΓûêΓûêΓûêΓûêΓûê             |  ETA: 0:00:01[39m[K
[34m                   # paths tracked: 131[39m[K
[34m   # non-singular solutions (real): 131 (7)[39m[K
[34m       # singular endpoints (real): 0 (0)[39m[K
[34m          # total solutions (real): 131 (7)[39m[K
[A
[A
[A
[A




[K[A
[K[A
[K[A
[K[A
[32mTracking 252 paths...  67%|ΓûêΓûêΓûêΓûêΓûêΓûêΓûêΓûêΓûêΓûêΓûêΓûêΓûêΓûêΓûêΓûêΓûêΓûêΓûêΓûê         |  ETA: 0:00:00[39m[K
[34m                   # paths tracked: 170[39m[K
[34m   # non-singular solutions (real): 170 (10)[39m[K
[34m       # singular endpoints (real): 0 (0)[39m[K
[34m          # total solutions (real): 170 (10)[39m[K
[A
[A
[A
[A




[K[A
[K[A
[K[A
[K[A
[32mTracking 252 paths...  84%|ΓûêΓûêΓûêΓûêΓûêΓûêΓûêΓûêΓûêΓûêΓûêΓûêΓûêΓûêΓûêΓûêΓûêΓûêΓûêΓûêΓûêΓûêΓûêΓûêΓûê    |  ETA: 0:00:00[39m[K
[34m                   # paths tracked: 211[39m[K
[34m   # non-singular solutions (real): 211 (10)[39m[K
[34m       # singular endpoints (real): 0 (0)[39m[K
[34m          # total solutions (real): 211 (10)[39m[K
[A
[A
[A
[A




[K[A
[K[A
[K[A
[K[A
[32mTracking 252 paths... 100%|ΓûêΓûêΓûêΓûêΓûêΓûêΓûêΓûêΓûêΓûêΓûêΓûêΓûêΓûêΓûêΓûêΓûêΓûêΓûêΓûêΓûêΓûêΓûêΓûêΓûêΓûêΓûêΓûêΓûê| Time: 0:00:01[39m[K
[34m                   # paths tracked: 252[39m[K
[34m   # non-singular solutions (real): 252 (12)[39m[K
[34m       # singular endpoints (real): 0 (0)[39m[K
[34m          # total solutions (real): 252 (12)[39m[K

[32mTracking 252 paths...  40%|ΓûêΓûêΓûêΓûêΓûêΓûêΓûêΓûêΓûêΓûêΓûêΓûê                 |  ETA: 0:00:01[39m[K
[34m                   # paths tracked: 102[39m[K
[34m   # non-singular solutions (real): 102 (4)[39m[K
[34m       # singular endpoints (real): 0 (0)[39m[K
[34m          # total solutions (real): 102 (4)[39m[K
[A
[A
[A
[A




[K[A
[K[A
[K[A
[K[A
[32mTracking 252 paths...  56%|ΓûêΓûêΓûêΓûêΓûêΓûêΓûêΓûêΓûêΓûêΓûêΓûêΓûêΓûêΓûêΓûêΓûê            |  ETA: 0:00:01[39m[K
[34m                   # paths tracked: 141[39m[K
[34m   # non-singular solutions (real): 141 (6)[39m[K
[34m       # singular endpoints (real): 0 (0)[39m[K
[34m          # total solutions (real): 141 (6)[39m[K
[A
[A
[A
[A




[K[A
[K[A
[K[A
[K[A
[32mTracking 252 paths...  71%|ΓûêΓûêΓûêΓûêΓûêΓûêΓûêΓûêΓûêΓûêΓûêΓûêΓûêΓûêΓûêΓûêΓûêΓûêΓûêΓûêΓûê        |  ETA: 0:00:00[39m[K
[34m                   # paths tracked: 178[39m[K
[34m   # non-singular solutions (real): 178 (6)[39m[K
[34m       # singular endpoints (real): 0 (0)[39m[K
[34m          # total solutions (real): 178 (6)[39m[K
[A
[A
[A
[A




[K[A
[K[A
[K[A
[K[A
[32mTracking 252 paths...  87%|ΓûêΓûêΓûêΓûêΓûêΓûêΓûêΓûêΓûêΓûêΓûêΓûêΓûêΓûêΓûêΓûêΓûêΓûêΓûêΓûêΓûêΓûêΓûêΓûêΓûêΓûê   |  ETA: 0:00:00[39m[K
[34m                   # paths tracked: 218[39m[K
[34m   # non-singular solutions (real): 218 (6)[39m[K
[34m       # singular endpoints (real): 0 (0)[39m[K
[34m          # total solutions (real): 218 (6)[39m[K
[A
[A
[A
[A




[K[A
[K[A
[K[A
[K[A
[32mTracking 252 paths... 100%|ΓûêΓûêΓûêΓûêΓûêΓûêΓûêΓûêΓûêΓûêΓûêΓûêΓûêΓûêΓûêΓûêΓûêΓûêΓûêΓûêΓûêΓûêΓûêΓûêΓûêΓûêΓûêΓûêΓûê| Time: 0:00:01[39m[K
[34m                   # paths tracked: 252[39m[K
[34m   # non-singular solutions (real): 252 (12)[39m[K
[34m       # singular endpoints (real): 0 (0)[39m[K
[34m          # total solutions (real): 252 (12)[39m[K

[32mTracking 252 paths...  34%|ΓûêΓûêΓûêΓûêΓûêΓûêΓûêΓûêΓûêΓûê                   |  ETA: 0:00:01[39m[K
[34m                   # paths tracked: 85[39m[K
[34m   # non-singular solutions (real): 85 (5)[39m[K
[34m       # singular endpoints (real): 0 (0)[39m[K
[34m          # total solutions (real): 85 (5)[39m[K
[A
[A
[A
[A




[K[A
[K[A
[K[A
[K[A
[32mTracking 252 paths...  49%|ΓûêΓûêΓûêΓûêΓûêΓûêΓûêΓûêΓûêΓûêΓûêΓûêΓûêΓûêΓûê              |  ETA: 0:00:01[39m[K
[34m                   # paths tracked: 124[39m[K
[34m   # non-singular solutions (real): 124 (7)[39m[K
[34m       # singular endpoints (real): 0 (0)[39m[K
[34m          # total solutions (real): 124 (7)[39m[K
[A
[A
[A
[A




[K[A
[K[A
[K[A
[K[A
[32mTracking 252 paths...  65%|ΓûêΓûêΓûêΓûêΓûêΓûêΓûêΓûêΓûêΓûêΓûêΓûêΓûêΓûêΓûêΓûêΓûêΓûêΓûê          |  ETA: 0:00:00[39m[K
[34m                   # paths tracked: 163[39m[K
[34m   # non-singular solutions (real): 163 (8)[39m[K
[34m       # singular endpoints (real): 0 (0)[39m[K
[34m          # total solutions (real): 163 (8)[39m[K
[A
[A
[A
[A




[K[A
[K[A
[K[A
[K[A
[32mTracking 252 paths...  80%|ΓûêΓûêΓûêΓûêΓûêΓûêΓûêΓûêΓûêΓûêΓûêΓûêΓûêΓûêΓûêΓûêΓûêΓûêΓûêΓûêΓûêΓûêΓûêΓûê     |  ETA: 0:00:00[39m[K
[34m                   # paths tracked: 201[39m[K
[34m   # non-singular solutions (real): 201 (10)[39m[K
[34m       # singular endpoints (real): 0 (0)[39m[K
[34m          # total solutions (real): 201 (10)[39m[K
[A
[A
[A
[A




[K[A
[K[A
[K[A
[K[A
[32mTracking 252 paths...  91%|ΓûêΓûêΓûêΓûêΓûêΓûêΓûêΓûêΓûêΓûêΓûêΓûêΓûêΓûêΓûêΓûêΓûêΓûêΓûêΓûêΓûêΓûêΓûêΓûêΓûêΓûêΓûê  |  ETA: 0:00:00[39m[K
[34m                   # paths tracked: 229[39m[K
[34m   # non-singular solutions (real): 229 (10)[39m[K
[34m       # singular endpoints (real): 0 (0)[39m[K
[34m          # total solutions (real): 229 (10)[39m[K
[A
[A
[A
[A




[K[A
[K[A
[K[A
[K[A
[32mTracking 252 paths... 100%|ΓûêΓûêΓûêΓûêΓûêΓûêΓûêΓûêΓûêΓûêΓûêΓûêΓûêΓûêΓûêΓûêΓûêΓûêΓûêΓûêΓûêΓûêΓûêΓûêΓûêΓûêΓûêΓûêΓûê| Time: 0:00:01[39m[K
[34m                   # paths tracked: 252[39m[K
[34m   # non-singular solutions (real): 252 (12)[39m[K
[34m       # singular endpoints (real): 0 (0)[39m[K
[34m          # total solutions (real): 252 (12)[39m[K

[32mTracking 252 paths...  33%|ΓûêΓûêΓûêΓûêΓûêΓûêΓûêΓûêΓûêΓûê                   |  ETA: 0:00:01[39m[K
[34m                   # paths tracked: 84[39m[K
[34m   # non-singular solutions (real): 84 (3)[39m[K
[34m       # singular endpoints (real): 0 (0)[39m[K
[34m          # total solutions (real): 84 (3)[39m[K
[A
[A
[A
[A




[K[A
[K[A
[K[A
[K[A
[32mTracking 252 paths...  44%|ΓûêΓûêΓûêΓûêΓûêΓûêΓûêΓûêΓûêΓûêΓûêΓûêΓûê                |  ETA: 0:00:01[39m[K
[34m                   # paths tracked: 111[39m[K
[34m   # non-singular solutions (real): 111 (5)[39m[K
[34m       # singular endpoints (real): 0 (0)[39m[K
[34m          # total solutions (real): 111 (5)[39m[K
[A
[A
[A
[A




[K[A
[K[A
[K[A
[K[A
[32mTracking 252 paths...  58%|ΓûêΓûêΓûêΓûêΓûêΓûêΓûêΓûêΓûêΓûêΓûêΓûêΓûêΓûêΓûêΓûêΓûê            |  ETA: 0:00:01[39m[K
[34m                   # paths tracked: 147[39m[K
[34m   # non-singular solutions (real): 147 (8)[39m[K
[34m       # singular endpoints (real): 0 (0)[39m[K
[34m          # total solutions (real): 147 (8)[39m[K
[A
[A
[A
[A




[K[A
[K[A
[K[A
[K[A
[32mTracking 252 paths...  72%|ΓûêΓûêΓûêΓûêΓûêΓûêΓûêΓûêΓûêΓûêΓûêΓûêΓûêΓûêΓûêΓûêΓûêΓûêΓûêΓûêΓûê        |  ETA: 0:00:00[39m[K
[34m                   # paths tracked: 181[39m[K
[34m   # non-singular solutions (real): 181 (10)[39m[K
[34m       # singular endpoints (real): 0 (0)[39m[K
[34m          # total solutions (real): 181 (10)[39m[K
[A
[A
[A
[A




[K[A
[K[A
[K[A
[K[A
[32mTracking 252 paths...  86%|ΓûêΓûêΓûêΓûêΓûêΓûêΓûêΓûêΓûêΓûêΓûêΓûêΓûêΓûêΓûêΓûêΓûêΓûêΓûêΓûêΓûêΓûêΓûêΓûêΓûê    |  ETA: 0:00:00[39m[K
[34m                   # paths tracked: 216[39m[K
[34m   # non-singular solutions (real): 216 (12)[39m[K
[34m       # singular endpoints (real): 0 (0)[39m[K
[34m          # total solutions (real): 216 (12)[39m[K
[A
[A
[A
[A




[K[A
[K[A
[K[A
[K[A
[32mTracking 252 paths...  99%|ΓûêΓûêΓûêΓûêΓûêΓûêΓûêΓûêΓûêΓûêΓûêΓûêΓûêΓûêΓûêΓûêΓûêΓûêΓûêΓûêΓûêΓûêΓûêΓûêΓûêΓûêΓûêΓûêΓûê|  ETA: 0:00:00[39m[K
[34m                   # paths tracked: 250[39m[K
[34m   # non-singular solutions (real): 250 (12)[39m[K
[34m       # singular endpoints (real): 0 (0)[39m[K
[34m          # total solutions (real): 250 (12)[39m[K
[A
[A
[A
[A




[K[A
[K[A
[K[A
[K[A
[32mTracking 252 paths... 100%|ΓûêΓûêΓûêΓûêΓûêΓûêΓûêΓûêΓûêΓûêΓûêΓûêΓûêΓûêΓûêΓûêΓûêΓûêΓûêΓûêΓûêΓûêΓûêΓûêΓûêΓûêΓûêΓûêΓûê| Time: 0:00:01[39m[K
[34m                   # paths tracked: 252[39m[K
[34m   # non-singular solutions (real): 252 (12)[39m[K
[34m       # singular endpoints (real): 0 (0)[39m[K
[34m          # total solutions (real): 252 (12)[39m[K

[32mTracking 252 paths...  35%|ΓûêΓûêΓûêΓûêΓûêΓûêΓûêΓûêΓûêΓûêΓûê                  |  ETA: 0:00:01[39m[K
[34m                   # paths tracked: 89[39m[K
[34m   # non-singular solutions (real): 89 (4)[39m[K
[34m       # singular endpoints (real): 0 (0)[39m[K
[34m          # total solutions (real): 89 (4)[39m[K
[A
[A
[A
[A




[K[A
[K[A
[K[A
[K[A
[32mTracking 252 paths...  51%|ΓûêΓûêΓûêΓûêΓûêΓûêΓûêΓûêΓûêΓûêΓûêΓûêΓûêΓûêΓûê              |  ETA: 0:00:01[39m[K
[34m                   # paths tracked: 128[39m[K
[34m   # non-singular solutions (real): 128 (4)[39m[K
[34m       # singular endpoints (real): 0 (0)[39m[K
[34m          # total solutions (real): 128 (4)[39m[K
[A
[A
[A
[A




[K[A
[K[A
[K[A
[K[A
[32mTracking 252 paths...  66%|ΓûêΓûêΓûêΓûêΓûêΓûêΓûêΓûêΓûêΓûêΓûêΓûêΓûêΓûêΓûêΓûêΓûêΓûêΓûêΓûê         |  ETA: 0:00:00[39m[K
[34m                   # paths tracked: 166[39m[K
[34m   # non-singular solutions (real): 166 (6)[39m[K
[34m       # singular endpoints (real): 0 (0)[39m[K
[34m          # total solutions (real): 166 (6)[39m[K
[A
[A
[A
[A




[K[A
[K[A
[K[A
[K[A
[32mTracking 252 paths...  79%|ΓûêΓûêΓûêΓûêΓûêΓûêΓûêΓûêΓûêΓûêΓûêΓûêΓûêΓûêΓûêΓûêΓûêΓûêΓûêΓûêΓûêΓûêΓûêΓûê     |  ETA: 0:00:00[39m[K
[34m                   # paths tracked: 200[39m[K
[34m   # non-singular solutions (real): 200 (9)[39m[K
[34m       # singular endpoints (real): 0 (0)[39m[K
[34m          # total solutions (real): 200 (9)[39m[K
[A
[A
[A
[A




[K[A
[K[A
[K[A
[K[A
[32mTracking 252 paths...  93%|ΓûêΓûêΓûêΓûêΓûêΓûêΓûêΓûêΓûêΓûêΓûêΓûêΓûêΓûêΓûêΓûêΓûêΓûêΓûêΓûêΓûêΓûêΓûêΓûêΓûêΓûêΓûê  |  ETA: 0:00:00[39m[K
[34m                   # paths tracked: 234[39m[K
[34m   # non-singular solutions (real): 234 (10)[39m[K
[34m       # singular endpoints (real): 0 (0)[39m[K
[34m          # total solutions (real): 234 (10)[39m[K
[A
[A
[A
[A




[K[A
[K[A
[K[A
[K[A
[32mTracking 252 paths... 100%|ΓûêΓûêΓûêΓûêΓûêΓûêΓûêΓûêΓûêΓûêΓûêΓûêΓûêΓûêΓûêΓûêΓûêΓûêΓûêΓûêΓûêΓûêΓûêΓûêΓûêΓûêΓûêΓûêΓûê| Time: 0:00:01[39m[K
[34m                   # paths tracked: 252[39m[K
[34m   # non-singular solutions (real): 252 (12)[39m[K
[34m       # singular endpoints (real): 0 (0)[39m[K
[34m          # total solutions (real): 252 (12)[39m[K

[32mTracking 252 paths...  25%|ΓûêΓûêΓûêΓûêΓûêΓûêΓûêΓûê                     |  ETA: 0:00:01[39m[K
[34m                   # paths tracked: 64[39m[K
[34m   # non-singular solutions (real): 64 (3)[39m[K
[34m       # singular endpoints (real): 0 (0)[39m[K
[34m          # total solutions (real): 64 (3)[39m[K
[A
[A
[A
[A




[K[A
[K[A
[K[A
[K[A
[32mTracking 252 paths...  42%|ΓûêΓûêΓûêΓûêΓûêΓûêΓûêΓûêΓûêΓûêΓûêΓûêΓûê                |  ETA: 0:00:01[39m[K
[34m                   # paths tracked: 107[39m[K
[34m   # non-singular solutions (real): 107 (6)[39m[K
[34m       # singular endpoints (real): 0 (0)[39m[K
[34m          # total solutions (real): 107 (6)[39m[K
[A
[A
[A
[A




[K[A
[K[A
[K[A
[K[A
[32mTracking 252 paths...  58%|ΓûêΓûêΓûêΓûêΓûêΓûêΓûêΓûêΓûêΓûêΓûêΓûêΓûêΓûêΓûêΓûêΓûê            |  ETA: 0:00:01[39m[K
[34m                   # paths tracked: 145[39m[K
[34m   # non-singular solutions (real): 145 (6)[39m[K
[34m       # singular endpoints (real): 0 (0)[39m[K
[34m          # total solutions (real): 145 (6)[39m[K
[A
[A
[A
[A




[K[A
[K[A
[K[A
[K[A
[32mTracking 252 paths...  73%|ΓûêΓûêΓûêΓûêΓûêΓûêΓûêΓûêΓûêΓûêΓûêΓûêΓûêΓûêΓûêΓûêΓûêΓûêΓûêΓûêΓûêΓûê       |  ETA: 0:00:00[39m[K
[34m                   # paths tracked: 184[39m[K
[34m   # non-singular solutions (real): 184 (9)[39m[K
[34m       # singular endpoints (real): 0 (0)[39m[K
[34m          # total solutions (real): 184 (9)[39m[K
[A
[A
[A
[A




[K[A
[K[A
[K[A
[K[A
[32mTracking 252 paths...  88%|ΓûêΓûêΓûêΓûêΓûêΓûêΓûêΓûêΓûêΓûêΓûêΓûêΓûêΓûêΓûêΓûêΓûêΓûêΓûêΓûêΓûêΓûêΓûêΓûêΓûêΓûê   |  ETA: 0:00:00[39m[K
[34m                   # paths tracked: 223[39m[K
[34m   # non-singular solutions (real): 223 (12)[39m[K
[34m       # singular endpoints (real): 0 (0)[39m[K
[34m          # total solutions (real): 223 (12)[39m[K
[A
[A
[A
[A




[K[A
[K[A
[K[A
[K[A
[32mTracking 252 paths... 100%|ΓûêΓûêΓûêΓûêΓûêΓûêΓûêΓûêΓûêΓûêΓûêΓûêΓûêΓûêΓûêΓûêΓûêΓûêΓûêΓûêΓûêΓûêΓûêΓûêΓûêΓûêΓûêΓûêΓûê| Time: 0:00:01[39m[K
[34m                   # paths tracked: 252[39m[K
[34m   # non-singular solutions (real): 252 (12)[39m[K
[34m       # singular endpoints (real): 0 (0)[39m[K
[34m          # total solutions (real): 252 (12)[39m[K

[32mTracking 252 paths...  32%|ΓûêΓûêΓûêΓûêΓûêΓûêΓûêΓûêΓûêΓûê                   |  ETA: 0:00:01[39m[K
[34m                   # paths tracked: 81[39m[K
[34m   # non-singular solutions (real): 81 (3)[39m[K
[34m       # singular endpoints (real): 0 (0)[39m[K
[34m          # total solutions (real): 81 (3)[39m[K
[A
[A
[A
[A




[K[A
[K[A
[K[A
[K[A
[32mTracking 252 paths...  46%|ΓûêΓûêΓûêΓûêΓûêΓûêΓûêΓûêΓûêΓûêΓûêΓûêΓûêΓûê               |  ETA: 0:00:01[39m[K
[34m                   # paths tracked: 115[39m[K
[34m   # non-singular solutions (real): 115 (4)[39m[K
[34m       # singular endpoints (real): 0 (0)[39m[K
[34m          # total solutions (real): 115 (4)[39m[K
[A
[A
[A
[A




[K[A
[K[A
[K[A
[K[A
[32mTracking 252 paths...  58%|ΓûêΓûêΓûêΓûêΓûêΓûêΓûêΓûêΓûêΓûêΓûêΓûêΓûêΓûêΓûêΓûêΓûê            |  ETA: 0:00:01[39m[K
[34m                   # paths tracked: 147[39m[K
[34m   # non-singular solutions (real): 147 (8)[39m[K
[34m       # singular endpoints (real): 0 (0)[39m[K
[34m          # total solutions (real): 147 (8)[39m[K
[A
[A
[A
[A




[K[A
[K[A
[K[A
[K[A
[32mTracking 252 paths...  71%|ΓûêΓûêΓûêΓûêΓûêΓûêΓûêΓûêΓûêΓûêΓûêΓûêΓûêΓûêΓûêΓûêΓûêΓûêΓûêΓûêΓûê        |  ETA: 0:00:00[39m[K
[34m                   # paths tracked: 178[39m[K
[34m   # non-singular solutions (real): 178 (8)[39m[K
[34m       # singular endpoints (real): 0 (0)[39m[K
[34m          # total solutions (real): 178 (8)[39m[K
[A
[A
[A
[A




[K[A
[K[A
[K[A
[K[A
[32mTracking 252 paths...  78%|ΓûêΓûêΓûêΓûêΓûêΓûêΓûêΓûêΓûêΓûêΓûêΓûêΓûêΓûêΓûêΓûêΓûêΓûêΓûêΓûêΓûêΓûêΓûê      |  ETA: 0:00:00[39m[K
[34m                   # paths tracked: 197[39m[K
[34m   # non-singular solutions (real): 197 (9)[39m[K
[34m       # singular endpoints (real): 0 (0)[39m[K
[34m          # total solutions (real): 197 (9)[39m[K
[A
[A
[A
[A




[K[A
[K[A
[K[A
[K[A
[32mTracking 252 paths...  99%|ΓûêΓûêΓûêΓûêΓûêΓûêΓûêΓûêΓûêΓûêΓûêΓûêΓûêΓûêΓûêΓûêΓûêΓûêΓûêΓûêΓûêΓûêΓûêΓûêΓûêΓûêΓûêΓûêΓûê|  ETA: 0:00:00[39m[K
[34m                   # paths tracked: 250[39m[K
[34m   # non-singular solutions (real): 250 (11)[39m[K
[34m       # singular endpoints (real): 0 (0)[39m[K
[34m          # total solutions (real): 250 (11)[39m[K
[A
[A
[A
[A




[K[A
[K[A
[K[A
[K[A
[32mTracking 252 paths... 100%|ΓûêΓûêΓûêΓûêΓûêΓûêΓûêΓûêΓûêΓûêΓûêΓûêΓûêΓûêΓûêΓûêΓûêΓûêΓûêΓûêΓûêΓûêΓûêΓûêΓûêΓûêΓûêΓûêΓûê| Time: 0:00:01[39m[K
[34m                   # paths tracked: 252[39m[K
[34m   # non-singular solutions (real): 252 (12)[39m[K
[34m       # singular endpoints (real): 0 (0)[39m[K
[34m          # total solutions (real): 252 (12)[39m[K

[32mTracking 252 paths...  29%|ΓûêΓûêΓûêΓûêΓûêΓûêΓûêΓûêΓûê                    |  ETA: 0:00:01[39m[K
[34m                   # paths tracked: 74[39m[K
[34m   # non-singular solutions (real): 74 (2)[39m[K
[34m       # singular endpoints (real): 0 (0)[39m[K
[34m          # total solutions (real): 74 (2)[39m[K
[A
[A
[A
[A




[K[A
[K[A
[K[A
[K[A
[32mTracking 252 paths...  44%|ΓûêΓûêΓûêΓûêΓûêΓûêΓûêΓûêΓûêΓûêΓûêΓûêΓûê                |  ETA: 0:00:01[39m[K
[34m                   # paths tracked: 112[39m[K
[34m   # non-singular solutions (real): 112 (3)[39m[K
[34m       # singular endpoints (real): 0 (0)[39m[K
[34m          # total solutions (real): 112 (3)[39m[K
[A
[A
[A
[A




[K[A
[K[A
[K[A
[K[A
[32mTracking 252 paths...  58%|ΓûêΓûêΓûêΓûêΓûêΓûêΓûêΓûêΓûêΓûêΓûêΓûêΓûêΓûêΓûêΓûêΓûê            |  ETA: 0:00:01[39m[K
[34m                   # paths tracked: 147[39m[K
[34m   # non-singular solutions (real): 147 (6)[39m[K
[34m       # singular endpoints (real): 0 (0)[39m[K
[34m          # total solutions (real): 147 (6)[39m[K
[A
[A
[A
[A




[K[A
[K[A
[K[A
[K[A
[32mTracking 252 paths...  71%|ΓûêΓûêΓûêΓûêΓûêΓûêΓûêΓûêΓûêΓûêΓûêΓûêΓûêΓûêΓûêΓûêΓûêΓûêΓûêΓûêΓûê        |  ETA: 0:00:00[39m[K
[34m                   # paths tracked: 180[39m[K
[34m   # non-singular solutions (real): 180 (9)[39m[K
[34m       # singular endpoints (real): 0 (0)[39m[K
[34m          # total solutions (real): 180 (9)[39m[K
[A
[A
[A
[A




[K[A
[K[A
[K[A
[K[A
[32mTracking 252 paths...  84%|ΓûêΓûêΓûêΓûêΓûêΓûêΓûêΓûêΓûêΓûêΓûêΓûêΓûêΓûêΓûêΓûêΓûêΓûêΓûêΓûêΓûêΓûêΓûêΓûêΓûê    |  ETA: 0:00:00[39m[K
[34m                   # paths tracked: 211[39m[K
[34m   # non-singular solutions (real): 211 (11)[39m[K
[34m       # singular endpoints (real): 0 (0)[39m[K
[34m          # total solutions (real): 211 (11)[39m[K
[A
[A
[A
[A




[K[A
[K[A
[K[A
[K[A
[32mTracking 252 paths...  96%|ΓûêΓûêΓûêΓûêΓûêΓûêΓûêΓûêΓûêΓûêΓûêΓûêΓûêΓûêΓûêΓûêΓûêΓûêΓûêΓûêΓûêΓûêΓûêΓûêΓûêΓûêΓûêΓûê |  ETA: 0:00:00[39m[K
[34m                   # paths tracked: 243[39m[K
[34m   # non-singular solutions (real): 243 (12)[39m[K
[34m       # singular endpoints (real): 0 (0)[39m[K
[34m          # total solutions (real): 243 (12)[39m[K
[A
[A
[A
[A




[K[A
[K[A
[K[A
[K[A
[32mTracking 252 paths... 100%|ΓûêΓûêΓûêΓûêΓûêΓûêΓûêΓûêΓûêΓûêΓûêΓûêΓûêΓûêΓûêΓûêΓûêΓûêΓûêΓûêΓûêΓûêΓûêΓûêΓûêΓûêΓûêΓûêΓûê| Time: 0:00:01[39m[K
[34m                   # paths tracked: 252[39m[K
[34m   # non-singular solutions (real): 252 (12)[39m[K
[34m       # singular endpoints (real): 0 (0)[39m[K
[34m          # total solutions (real): 252 (12)[39m[K

[32mTracking 252 paths...  36%|ΓûêΓûêΓûêΓûêΓûêΓûêΓûêΓûêΓûêΓûêΓûê                  |  ETA: 0:00:01[39m[K
[34m                   # paths tracked: 91[39m[K
[34m   # non-singular solutions (real): 91 (6)[39m[K
[34m       # singular endpoints (real): 0 (0)[39m[K
[34m          # total solutions (real): 91 (6)[39m[K
[A
[A
[A
[A




[K[A
[K[A
[K[A
[K[A
[32mTracking 252 paths...  51%|ΓûêΓûêΓûêΓûêΓûêΓûêΓûêΓûêΓûêΓûêΓûêΓûêΓûêΓûêΓûê              |  ETA: 0:00:01[39m[K
[34m                   # paths tracked: 128[39m[K
[34m   # non-singular solutions (real): 128 (7)[39m[K
[34m       # singular endpoints (real): 0 (0)[39m[K
[34m          # total solutions (real): 128 (7)[39m[K
[A
[A
[A
[A




[K[A
[K[A
[K[A
[K[A
[32mTracking 252 paths...  65%|ΓûêΓûêΓûêΓûêΓûêΓûêΓûêΓûêΓûêΓûêΓûêΓûêΓûêΓûêΓûêΓûêΓûêΓûêΓûê          |  ETA: 0:00:01[39m[K
[34m                   # paths tracked: 163[39m[K
[34m   # non-singular solutions (real): 163 (7)[39m[K
[34m       # singular endpoints (real): 0 (0)[39m[K
[34m          # total solutions (real): 163 (7)[39m[K
[A
[A
[A
[A




[K[A
[K[A
[K[A
[K[A
[32mTracking 252 paths...  79%|ΓûêΓûêΓûêΓûêΓûêΓûêΓûêΓûêΓûêΓûêΓûêΓûêΓûêΓûêΓûêΓûêΓûêΓûêΓûêΓûêΓûêΓûêΓûê      |  ETA: 0:00:00[39m[K
[34m                   # paths tracked: 199[39m[K
[34m   # non-singular solutions (real): 199 (9)[39m[K
[34m       # singular endpoints (real): 0 (0)[39m[K
[34m          # total solutions (real): 199 (9)[39m[K
[A
[A
[A
[A




[K[A
[K[A
[K[A
[K[A
[32mTracking 252 paths...  94%|ΓûêΓûêΓûêΓûêΓûêΓûêΓûêΓûêΓûêΓûêΓûêΓûêΓûêΓûêΓûêΓûêΓûêΓûêΓûêΓûêΓûêΓûêΓûêΓûêΓûêΓûêΓûêΓûê |  ETA: 0:00:00[39m[K
[34m                   # paths tracked: 237[39m[K
[34m   # non-singular solutions (real): 237 (11)[39m[K
[34m       # singular endpoints (real): 0 (0)[39m[K
[34m          # total solutions (real): 237 (11)[39m[K
[A
[A
[A
[A




[K[A
[K[A
[K[A
[K[A
[32mTracking 252 paths... 100%|ΓûêΓûêΓûêΓûêΓûêΓûêΓûêΓûêΓûêΓûêΓûêΓûêΓûêΓûêΓûêΓûêΓûêΓûêΓûêΓûêΓûêΓûêΓûêΓûêΓûêΓûêΓûêΓûêΓûê| Time: 0:00:01[39m[K
[34m                   # paths tracked: 252[39m[K
[34m   # non-singular solutions (real): 252 (12)[39m[K
[34m       # singular endpoints (real): 0 (0)[39m[K
[34m          # total solutions (real): 252 (12)[39m[K

[32mTracking 252 paths...  39%|ΓûêΓûêΓûêΓûêΓûêΓûêΓûêΓûêΓûêΓûêΓûêΓûê                 |  ETA: 0:00:01[39m[K
[34m                   # paths tracked: 99[39m[K
[34m   # non-singular solutions (real): 99 (6)[39m[K
[34m       # singular endpoints (real): 0 (0)[39m[K
[34m          # total solutions (real): 99 (6)[39m[K
[A
[A
[A
[A




[K[A
[K[A
[K[A
[K[A
[32mTracking 252 paths...  57%|ΓûêΓûêΓûêΓûêΓûêΓûêΓûêΓûêΓûêΓûêΓûêΓûêΓûêΓûêΓûêΓûêΓûê            |  ETA: 0:00:01[39m[K
[34m                   # paths tracked: 143[39m[K
[34m   # non-singular solutions (real): 143 (8)[39m[K
[34m       # singular endpoints (real): 0 (0)[39m[K
[34m          # total solutions (real): 143 (8)[39m[K
[A
[A
[A
[A




[K[A
[K[A
[K[A
[K[A
[32mTracking 252 paths...  71%|ΓûêΓûêΓûêΓûêΓûêΓûêΓûêΓûêΓûêΓûêΓûêΓûêΓûêΓûêΓûêΓûêΓûêΓûêΓûêΓûêΓûê        |  ETA: 0:00:00[39m[K
[34m                   # paths tracked: 179[39m[K
[34m   # non-singular solutions (real): 179 (10)[39m[K
[34m       # singular endpoints (real): 0 (0)[39m[K
[34m          # total solutions (real): 179 (10)[39m[K
[A
[A
[A
[A




[K[A
[K[A
[K[A
[K[A
[32mTracking 252 paths...  88%|ΓûêΓûêΓûêΓûêΓûêΓûêΓûêΓûêΓûêΓûêΓûêΓûêΓûêΓûêΓûêΓûêΓûêΓûêΓûêΓûêΓûêΓûêΓûêΓûêΓûêΓûê   |  ETA: 0:00:00[39m[K
[34m                   # paths tracked: 221[39m[K
[34m   # non-singular solutions (real): 221 (11)[39m[K
[34m       # singular endpoints (real): 0 (0)[39m[K
[34m          # total solutions (real): 221 (11)[39m[K
[A
[A
[A
[A




[K[A
[K[A
[K[A
[K[A
[32mTracking 252 paths... 100%|ΓûêΓûêΓûêΓûêΓûêΓûêΓûêΓûêΓûêΓûêΓûêΓûêΓûêΓûêΓûêΓûêΓûêΓûêΓûêΓûêΓûêΓûêΓûêΓûêΓûêΓûêΓûêΓûêΓûê| Time: 0:00:01[39m[K
[34m                   # paths tracked: 252[39m[K
[34m   # non-singular solutions (real): 252 (12)[39m[K
[34m       # singular endpoints (real): 0 (0)[39m[K
[34m          # total solutions (real): 252 (12)[39m[K

[32mTracking 252 paths...  33%|ΓûêΓûêΓûêΓûêΓûêΓûêΓûêΓûêΓûêΓûê                   |  ETA: 0:00:01[39m[K
[34m                   # paths tracked: 84[39m[K
[34m   # non-singular solutions (real): 84 (7)[39m[K
[34m       # singular endpoints (real): 0 (0)[39m[K
[34m          # total solutions (real): 84 (7)[39m[K
[A
[A
[A
[A




[K[A
[K[A
[K[A
[K[A
[32mTracking 252 paths...  46%|ΓûêΓûêΓûêΓûêΓûêΓûêΓûêΓûêΓûêΓûêΓûêΓûêΓûêΓûê               |  ETA: 0:00:01[39m[K
[34m                   # paths tracked: 117[39m[K
[34m   # non-singular solutions (real): 117 (10)[39m[K
[34m       # singular endpoints (real): 0 (0)[39m[K
[34m          # total solutions (real): 117 (10)[39m[K
[A
[A
[A
[A




[K[A
[K[A
[K[A
[K[A
[32mTracking 252 paths...  56%|ΓûêΓûêΓûêΓûêΓûêΓûêΓûêΓûêΓûêΓûêΓûêΓûêΓûêΓûêΓûêΓûêΓûê            |  ETA: 0:00:01[39m[K
[34m                   # paths tracked: 141[39m[K
[34m   # non-singular solutions (real): 141 (10)[39m[K
[34m       # singular endpoints (real): 0 (0)[39m[K
[34m          # total solutions (real): 141 (10)[39m[K
[A
[A
[A
[A




[K[A
[K[A
[K[A
[K[A
[32mTracking 252 paths...  84%|ΓûêΓûêΓûêΓûêΓûêΓûêΓûêΓûêΓûêΓûêΓûêΓûêΓûêΓûêΓûêΓûêΓûêΓûêΓûêΓûêΓûêΓûêΓûêΓûêΓûê    |  ETA: 0:00:00[39m[K
[34m                   # paths tracked: 211[39m[K
[34m   # non-singular solutions (real): 211 (11)[39m[K
[34m       # singular endpoints (real): 0 (0)[39m[K
[34m          # total solutions (real): 211 (11)[39m[K
[A
[A
[A
[A




[K[A
[K[A
[K[A
[K[A
[32mTracking 252 paths...  99%|ΓûêΓûêΓûêΓûêΓûêΓûêΓûêΓûêΓûêΓûêΓûêΓûêΓûêΓûêΓûêΓûêΓûêΓûêΓûêΓûêΓûêΓûêΓûêΓûêΓûêΓûêΓûêΓûêΓûê|  ETA: 0:00:00[39m[K
[34m                   # paths tracked: 249[39m[K
[34m   # non-singular solutions (real): 249 (11)[39m[K
[34m       # singular endpoints (real): 0 (0)[39m[K
[34m          # total solutions (real): 249 (11)[39m[K
[A
[A
[A
[A




[K[A
[K[A
[K[A
[K[A
[32mTracking 252 paths... 100%|ΓûêΓûêΓûêΓûêΓûêΓûêΓûêΓûêΓûêΓûêΓûêΓûêΓûêΓûêΓûêΓûêΓûêΓûêΓûêΓûêΓûêΓûêΓûêΓûêΓûêΓûêΓûêΓûêΓûê| Time: 0:00:01[39m[K
[34m                   # paths tracked: 252[39m[K
[34m   # non-singular solutions (real): 252 (12)[39m[K
[34m       # singular endpoints (real): 0 (0)[39m[K
[34m          # total solutions (real): 252 (12)[39m[K

[32mTracking 252 paths...  37%|ΓûêΓûêΓûêΓûêΓûêΓûêΓûêΓûêΓûêΓûêΓûê                  |  ETA: 0:00:01[39m[K
[34m                   # paths tracked: 93[39m[K
[34m   # non-singular solutions (real): 93 (5)[39m[K
[34m       # singular endpoints (real): 0 (0)[39m[K
[34m          # total solutions (real): 93 (5)[39m[K
[A
[A
[A
[A




[K[A
[K[A
[K[A
[K[A
[32mTracking 252 paths...  51%|ΓûêΓûêΓûêΓûêΓûêΓûêΓûêΓûêΓûêΓûêΓûêΓûêΓûêΓûêΓûê              |  ETA: 0:00:01[39m[K
[34m                   # paths tracked: 129[39m[K
[34m   # non-singular solutions (real): 129 (6)[39m[K
[34m       # singular endpoints (real): 0 (0)[39m[K
[34m          # total solutions (real): 129 (6)[39m[K
[A
[A
[A
[A




[K[A
[K[A
[K[A
[K[A
[32mTracking 252 paths...  64%|ΓûêΓûêΓûêΓûêΓûêΓûêΓûêΓûêΓûêΓûêΓûêΓûêΓûêΓûêΓûêΓûêΓûêΓûêΓûê          |  ETA: 0:00:01[39m[K
[34m                   # paths tracked: 162[39m[K
[34m   # non-singular solutions (real): 162 (7)[39m[K
[34m       # singular endpoints (real): 0 (0)[39m[K
[34m          # total solutions (real): 162 (7)[39m[K
[A
[A
[A
[A




[K[A
[K[A
[K[A
[K[A
[32mTracking 252 paths...  78%|ΓûêΓûêΓûêΓûêΓûêΓûêΓûêΓûêΓûêΓûêΓûêΓûêΓûêΓûêΓûêΓûêΓûêΓûêΓûêΓûêΓûêΓûêΓûê      |  ETA: 0:00:00[39m[K
[34m                   # paths tracked: 196[39m[K
[34m   # non-singular solutions (real): 196 (10)[39m[K
[34m       # singular endpoints (real): 0 (0)[39m[K
[34m          # total solutions (real): 196 (10)[39m[K
[A
[A
[A
[A




[K[A
[K[A
[K[A
[K[A
[32mTracking 252 paths...  90%|ΓûêΓûêΓûêΓûêΓûêΓûêΓûêΓûêΓûêΓûêΓûêΓûêΓûêΓûêΓûêΓûêΓûêΓûêΓûêΓûêΓûêΓûêΓûêΓûêΓûêΓûêΓûê  |  ETA: 0:00:00[39m[K
[34m                   # paths tracked: 226[39m[K
[34m   # non-singular solutions (real): 226 (10)[39m[K
[34m       # singular endpoints (real): 0 (0)[39m[K
[34m          # total solutions (real): 226 (10)[39m[K
[A
[A
[A
[A




[K[A
[K[A
[K[A
[K[A
[32mTracking 252 paths... 100%|ΓûêΓûêΓûêΓûêΓûêΓûêΓûêΓûêΓûêΓûêΓûêΓûêΓûêΓûêΓûêΓûêΓûêΓûêΓûêΓûêΓûêΓûêΓûêΓûêΓûêΓûêΓûêΓûêΓûê| Time: 0:00:01[39m[K
[34m                   # paths tracked: 252[39m[K
[34m   # non-singular solutions (real): 252 (12)[39m[K
[34m       # singular endpoints (real): 0 (0)[39m[K
[34m          # total solutions (real): 252 (12)[39m[K

[32mTracking 252 paths...  32%|ΓûêΓûêΓûêΓûêΓûêΓûêΓûêΓûêΓûêΓûê                   |  ETA: 0:00:01[39m[K
[34m                   # paths tracked: 80[39m[K
[34m   # non-singular solutions (real): 80 (3)[39m[K
[34m       # singular endpoints (real): 0 (0)[39m[K
[34m          # total solutions (real): 80 (3)[39m[K
[A
[A
[A
[A




[K[A
[K[A
[K[A
[K[A
[32mTracking 252 paths...  44%|ΓûêΓûêΓûêΓûêΓûêΓûêΓûêΓûêΓûêΓûêΓûêΓûêΓûê                |  ETA: 0:00:01[39m[K
[34m                   # paths tracked: 110[39m[K
[34m   # non-singular solutions (real): 110 (3)[39m[K
[34m       # singular endpoints (real): 0 (0)[39m[K
[34m          # total solutions (real): 110 (3)[39m[K
[A
[A
[A
[A




[K[A
[K[A
[K[A
[K[A
[32mTracking 252 paths...  56%|ΓûêΓûêΓûêΓûêΓûêΓûêΓûêΓûêΓûêΓûêΓûêΓûêΓûêΓûêΓûêΓûêΓûê            |  ETA: 0:00:01[39m[K
[34m                   # paths tracked: 141[39m[K
[34m   # non-singular solutions (real): 141 (7)[39m[K
[34m       # singular endpoints (real): 0 (0)[39m[K
[34m          # total solutions (real): 141 (7)[39m[K
[A
[A
[A
[A




[K[A
[K[A
[K[A
[K[A
[32mTracking 252 paths...  68%|ΓûêΓûêΓûêΓûêΓûêΓûêΓûêΓûêΓûêΓûêΓûêΓûêΓûêΓûêΓûêΓûêΓûêΓûêΓûêΓûê         |  ETA: 0:00:01[39m[K
[34m                   # paths tracked: 172[39m[K
[34m   # non-singular solutions (real): 172 (8)[39m[K
[34m       # singular endpoints (real): 0 (0)[39m[K
[34m          # total solutions (real): 172 (8)[39m[K
[A
[A
[A
[A




[K[A
[K[A
[K[A
[K[A
[32mTracking 252 paths...  81%|ΓûêΓûêΓûêΓûêΓûêΓûêΓûêΓûêΓûêΓûêΓûêΓûêΓûêΓûêΓûêΓûêΓûêΓûêΓûêΓûêΓûêΓûêΓûêΓûê     |  ETA: 0:00:00[39m[K
[34m                   # paths tracked: 205[39m[K
[34m   # non-singular solutions (real): 205 (11)[39m[K
[34m       # singular endpoints (real): 0 (0)[39m[K
[34m          # total solutions (real): 205 (11)[39m[K
[A
[A
[A
[A




[K[A
[K[A
[K[A
[K[A
[32mTracking 252 paths...  93%|ΓûêΓûêΓûêΓûêΓûêΓûêΓûêΓûêΓûêΓûêΓûêΓûêΓûêΓûêΓûêΓûêΓûêΓûêΓûêΓûêΓûêΓûêΓûêΓûêΓûêΓûêΓûê  |  ETA: 0:00:00[39m[K
[34m                   # paths tracked: 234[39m[K
[34m   # non-singular solutions (real): 234 (11)[39m[K
[34m       # singular endpoints (real): 0 (0)[39m[K
[34m          # total solutions (real): 234 (11)[39m[K
[A
[A
[A
[A




[K[A
[K[A
[K[A
[K[A
[32mTracking 252 paths... 100%|ΓûêΓûêΓûêΓûêΓûêΓûêΓûêΓûêΓûêΓûêΓûêΓûêΓûêΓûêΓûêΓûêΓûêΓûêΓûêΓûêΓûêΓûêΓûêΓûêΓûêΓûêΓûêΓûêΓûê| Time: 0:00:01[39m[K
[34m                   # paths tracked: 252[39m[K
[34m   # non-singular solutions (real): 252 (12)[39m[K
[34m       # singular endpoints (real): 0 (0)[39m[K
[34m          # total solutions (real): 252 (12)[39m[K

[32mTracking 252 paths...  39%|ΓûêΓûêΓûêΓûêΓûêΓûêΓûêΓûêΓûêΓûêΓûêΓûê                 |  ETA: 0:00:01[39m[K
[34m                   # paths tracked: 99[39m[K
[34m   # non-singular solutions (real): 99 (4)[39m[K
[34m       # singular endpoints (real): 0 (0)[39m[K
[34m          # total solutions (real): 99 (4)[39m[K
[A
[A
[A
[A




[K[A
[K[A
[K[A
[K[A
[32mTracking 252 paths...  53%|ΓûêΓûêΓûêΓûêΓûêΓûêΓûêΓûêΓûêΓûêΓûêΓûêΓûêΓûêΓûêΓûê             |  ETA: 0:00:01[39m[K
[34m                   # paths tracked: 134[39m[K
[34m   # non-singular solutions (real): 134 (5)[39m[K
[34m       # singular endpoints (real): 0 (0)[39m[K
[34m          # total solutions (real): 134 (5)[39m[K
[A
[A
[A
[A




[K[A
[K[A
[K[A
[K[A
[32mTracking 252 paths...  70%|ΓûêΓûêΓûêΓûêΓûêΓûêΓûêΓûêΓûêΓûêΓûêΓûêΓûêΓûêΓûêΓûêΓûêΓûêΓûêΓûêΓûê        |  ETA: 0:00:00[39m[K
[34m                   # paths tracked: 176[39m[K
[34m   # non-singular solutions (real): 176 (9)[39m[K
[34m       # singular endpoints (real): 0 (0)[39m[K
[34m          # total solutions (real): 176 (9)[39m[K
[A
[A
[A
[A




[K[A
[K[A
[K[A
[K[A
[32mTracking 252 paths...  85%|ΓûêΓûêΓûêΓûêΓûêΓûêΓûêΓûêΓûêΓûêΓûêΓûêΓûêΓûêΓûêΓûêΓûêΓûêΓûêΓûêΓûêΓûêΓûêΓûêΓûê    |  ETA: 0:00:00[39m[K
[34m                   # paths tracked: 214[39m[K
[34m   # non-singular solutions (real): 214 (9)[39m[K
[34m       # singular endpoints (real): 0 (0)[39m[K
[34m          # total solutions (real): 214 (9)[39m[K
[A
[A
[A
[A




[K[A
[K[A
[K[A
[K[A
[32mTracking 252 paths... 100%|ΓûêΓûêΓûêΓûêΓûêΓûêΓûêΓûêΓûêΓûêΓûêΓûêΓûêΓûêΓûêΓûêΓûêΓûêΓûêΓûêΓûêΓûêΓûêΓûêΓûêΓûêΓûêΓûêΓûê| Time: 0:00:01[39m[K
[34m                   # paths tracked: 252[39m[K
[34m   # non-singular solutions (real): 252 (12)[39m[K
[34m       # singular endpoints (real): 0 (0)[39m[K
[34m          # total solutions (real): 252 (12)[39m[K

[32mTracking 252 paths...  35%|ΓûêΓûêΓûêΓûêΓûêΓûêΓûêΓûêΓûêΓûêΓûê                  |  ETA: 0:00:01[39m[K
[34m                   # paths tracked: 88[39m[K
[34m   # non-singular solutions (real): 88 (4)[39m[K
[34m       # singular endpoints (real): 0 (0)[39m[K
[34m          # total solutions (real): 88 (4)[39m[K
[A
[A
[A
[A




[K[A
[K[A
[K[A
[K[A
[32mTracking 252 paths...  50%|ΓûêΓûêΓûêΓûêΓûêΓûêΓûêΓûêΓûêΓûêΓûêΓûêΓûêΓûêΓûê              |  ETA: 0:00:01[39m[K
[34m                   # paths tracked: 125[39m[K
[34m   # non-singular solutions (real): 125 (7)[39m[K
[34m       # singular endpoints (real): 0 (0)[39m[K
[34m          # total solutions (real): 125 (7)[39m[K
[A
[A
[A
[A




[K[A
[K[A
[K[A
[K[A
[32mTracking 252 paths...  65%|ΓûêΓûêΓûêΓûêΓûêΓûêΓûêΓûêΓûêΓûêΓûêΓûêΓûêΓûêΓûêΓûêΓûêΓûêΓûê          |  ETA: 0:00:01[39m[K
[34m                   # paths tracked: 164[39m[K
[34m   # non-singular solutions (real): 164 (10)[39m[K
[34m       # singular endpoints (real): 0 (0)[39m[K
[34m          # total solutions (real): 164 (10)[39m[K
[A
[A
[A
[A




[K[A
[K[A
[K[A
[K[A
[32mTracking 252 paths...  79%|ΓûêΓûêΓûêΓûêΓûêΓûêΓûêΓûêΓûêΓûêΓûêΓûêΓûêΓûêΓûêΓûêΓûêΓûêΓûêΓûêΓûêΓûêΓûê      |  ETA: 0:00:00[39m[K
[34m                   # paths tracked: 198[39m[K
[34m   # non-singular solutions (real): 198 (10)[39m[K
[34m       # singular endpoints (real): 0 (0)[39m[K
[34m          # total solutions (real): 198 (10)[39m[K
[A
[A
[A
[A




[K[A
[K[A
[K[A
[K[A
[32mTracking 252 paths...  92%|ΓûêΓûêΓûêΓûêΓûêΓûêΓûêΓûêΓûêΓûêΓûêΓûêΓûêΓûêΓûêΓûêΓûêΓûêΓûêΓûêΓûêΓûêΓûêΓûêΓûêΓûêΓûê  |  ETA: 0:00:00[39m[K
[34m                   # paths tracked: 233[39m[K
[34m   # non-singular solutions (real): 233 (11)[39m[K
[34m       # singular endpoints (real): 0 (0)[39m[K
[34m          # total solutions (real): 233 (11)[39m[K
[A
[A
[A
[A




[K[A
[K[A
[K[A
[K[A
[32mTracking 252 paths... 100%|ΓûêΓûêΓûêΓûêΓûêΓûêΓûêΓûêΓûêΓûêΓûêΓûêΓûêΓûêΓûêΓûêΓûêΓûêΓûêΓûêΓûêΓûêΓûêΓûêΓûêΓûêΓûêΓûêΓûê| Time: 0:00:01[39m[K
[34m                   # paths tracked: 252[39m[K
[34m   # non-singular solutions (real): 252 (12)[39m[K
[34m       # singular endpoints (real): 0 (0)[39m[K
[34m          # total solutions (real): 252 (12)[39m[K

[32mTracking 252 paths...  36%|ΓûêΓûêΓûêΓûêΓûêΓûêΓûêΓûêΓûêΓûêΓûê                  |  ETA: 0:00:01[39m[K
[34m                   # paths tracked: 90[39m[K
[34m   # non-singular solutions (real): 90 (4)[39m[K
[34m       # singular endpoints (real): 0 (0)[39m[K
[34m          # total solutions (real): 90 (4)[39m[K
[A
[A
[A
[A




[K[A
[K[A
[K[A
[K[A
[32mTracking 252 paths...  52%|ΓûêΓûêΓûêΓûêΓûêΓûêΓûêΓûêΓûêΓûêΓûêΓûêΓûêΓûêΓûêΓûê             |  ETA: 0:00:01[39m[K
[34m                   # paths tracked: 131[39m[K
[34m   # non-singular solutions (real): 131 (4)[39m[K
[34m       # singular endpoints (real): 0 (0)[39m[K
[34m          # total solutions (real): 131 (4)[39m[K
[A
[A
[A
[A




[K[A
[K[A
[K[A
[K[A
[32mTracking 252 paths...  68%|ΓûêΓûêΓûêΓûêΓûêΓûêΓûêΓûêΓûêΓûêΓûêΓûêΓûêΓûêΓûêΓûêΓûêΓûêΓûêΓûê         |  ETA: 0:00:00[39m[K
[34m                   # paths tracked: 171[39m[K
[34m   # non-singular solutions (real): 171 (4)[39m[K
[34m       # singular endpoints (real): 0 (0)[39m[K
[34m          # total solutions (real): 171 (4)[39m[K
[A
[A
[A
[A




[K[A
[K[A
[K[A
[K[A
[32mTracking 252 paths...  83%|ΓûêΓûêΓûêΓûêΓûêΓûêΓûêΓûêΓûêΓûêΓûêΓûêΓûêΓûêΓûêΓûêΓûêΓûêΓûêΓûêΓûêΓûêΓûêΓûêΓûê    |  ETA: 0:00:00[39m[K
[34m                   # paths tracked: 209[39m[K
[34m   # non-singular solutions (real): 209 (7)[39m[K
[34m       # singular endpoints (real): 0 (0)[39m[K
[34m          # total solutions (real): 209 (7)[39m[K
[A
[A
[A
[A




[K[A
[K[A
[K[A
[K[A
[32mTracking 252 paths...  98%|ΓûêΓûêΓûêΓûêΓûêΓûêΓûêΓûêΓûêΓûêΓûêΓûêΓûêΓûêΓûêΓûêΓûêΓûêΓûêΓûêΓûêΓûêΓûêΓûêΓûêΓûêΓûêΓûêΓûê|  ETA: 0:00:00[39m[K
[34m                   # paths tracked: 246[39m[K
[34m   # non-singular solutions (real): 246 (11)[39m[K
[34m       # singular endpoints (real): 0 (0)[39m[K
[34m          # total solutions (real): 246 (11)[39m[K
[A
[A
[A
[A




[K[A
[K[A
[K[A
[K[A
[32mTracking 252 paths... 100%|ΓûêΓûêΓûêΓûêΓûêΓûêΓûêΓûêΓûêΓûêΓûêΓûêΓûêΓûêΓûêΓûêΓûêΓûêΓûêΓûêΓûêΓûêΓûêΓûêΓûêΓûêΓûêΓûêΓûê| Time: 0:00:01[39m[K
[34m                   # paths tracked: 252[39m[K
[34m   # non-singular solutions (real): 252 (12)[39m[K
[34m       # singular endpoints (real): 0 (0)[39m[K
[34m          # total solutions (real): 252 (12)[39m[K

[32mTracking 252 paths...  36%|ΓûêΓûêΓûêΓûêΓûêΓûêΓûêΓûêΓûêΓûêΓûê                  |  ETA: 0:00:01[39m[K
[34m                   # paths tracked: 90[39m[K
[34m   # non-singular solutions (real): 90 (6)[39m[K
[34m       # singular endpoints (real): 0 (0)[39m[K
[34m          # total solutions (real): 90 (6)[39m[K
[A
[A
[A
[A




[K[A
[K[A
[K[A
[K[A
[32mTracking 252 paths...  45%|ΓûêΓûêΓûêΓûêΓûêΓûêΓûêΓûêΓûêΓûêΓûêΓûêΓûêΓûê               |  ETA: 0:00:01[39m[K
[34m                   # paths tracked: 114[39m[K
[34m   # non-singular solutions (real): 114 (6)[39m[K
[34m       # singular endpoints (real): 0 (0)[39m[K
[34m          # total solutions (real): 114 (6)[39m[K
[A
[A
[A
[A




[K[A
[K[A
[K[A
[K[A
[32mTracking 252 paths...  60%|ΓûêΓûêΓûêΓûêΓûêΓûêΓûêΓûêΓûêΓûêΓûêΓûêΓûêΓûêΓûêΓûêΓûêΓûê           |  ETA: 0:00:01[39m[K
[34m                   # paths tracked: 150[39m[K
[34m   # non-singular solutions (real): 150 (8)[39m[K
[34m       # singular endpoints (real): 0 (0)[39m[K
[34m          # total solutions (real): 150 (8)[39m[K
[A
[A
[A
[A




[K[A
[K[A
[K[A
[K[A
[32mTracking 252 paths...  73%|ΓûêΓûêΓûêΓûêΓûêΓûêΓûêΓûêΓûêΓûêΓûêΓûêΓûêΓûêΓûêΓûêΓûêΓûêΓûêΓûêΓûêΓûê       |  ETA: 0:00:00[39m[K
[34m                   # paths tracked: 185[39m[K
[34m   # non-singular solutions (real): 185 (8)[39m[K
[34m       # singular endpoints (real): 0 (0)[39m[K
[34m          # total solutions (real): 185 (8)[39m[K
[A
[A
[A
[A




[K[A
[K[A
[K[A
[K[A
[32mTracking 252 paths...  87%|ΓûêΓûêΓûêΓûêΓûêΓûêΓûêΓûêΓûêΓûêΓûêΓûêΓûêΓûêΓûêΓûêΓûêΓûêΓûêΓûêΓûêΓûêΓûêΓûêΓûêΓûê   |  ETA: 0:00:00[39m[K
[34m                   # paths tracked: 218[39m[K
[34m   # non-singular solutions (real): 218 (11)[39m[K
[34m       # singular endpoints (real): 0 (0)[39m[K
[34m          # total solutions (real): 218 (11)[39m[K
[A
[A
[A
[A




[K[A
[K[A
[K[A
[K[A
[32mTracking 252 paths... 100%|ΓûêΓûêΓûêΓûêΓûêΓûêΓûêΓûêΓûêΓûêΓûêΓûêΓûêΓûêΓûêΓûêΓûêΓûêΓûêΓûêΓûêΓûêΓûêΓûêΓûêΓûêΓûêΓûêΓûê| Time: 0:00:01[39m[K
[34m                   # paths tracked: 252[39m[K
[34m   # non-singular solutions (real): 252 (12)[39m[K
[34m       # singular endpoints (real): 0 (0)[39m[K
[34m          # total solutions (real): 252 (12)[39m[K

[32mTracking 252 paths...  37%|ΓûêΓûêΓûêΓûêΓûêΓûêΓûêΓûêΓûêΓûêΓûê                  |  ETA: 0:00:01[39m[K
[34m                   # paths tracked: 94[39m[K
[34m   # non-singular solutions (real): 94 (1)[39m[K
[34m       # singular endpoints (real): 0 (0)[39m[K
[34m          # total solutions (real): 94 (1)[39m[K
[A
[A
[A
[A




[K[A
[K[A
[K[A
[K[A
[32mTracking 252 paths...  54%|ΓûêΓûêΓûêΓûêΓûêΓûêΓûêΓûêΓûêΓûêΓûêΓûêΓûêΓûêΓûêΓûê             |  ETA: 0:00:01[39m[K
[34m                   # paths tracked: 135[39m[K
[34m   # non-singular solutions (real): 135 (3)[39m[K
[34m       # singular endpoints (real): 0 (0)[39m[K
[34m          # total solutions (real): 135 (3)[39m[K
[A
[A
[A
[A




[K[A
[K[A
[K[A
[K[A
[32mTracking 252 paths...  69%|ΓûêΓûêΓûêΓûêΓûêΓûêΓûêΓûêΓûêΓûêΓûêΓûêΓûêΓûêΓûêΓûêΓûêΓûêΓûêΓûê         |  ETA: 0:00:00[39m[K
[34m                   # paths tracked: 173[39m[K
[34m   # non-singular solutions (real): 173 (6)[39m[K
[34m       # singular endpoints (real): 0 (0)[39m[K
[34m          # total solutions (real): 173 (6)[39m[K
[A
[A
[A
[A




[K[A
[K[A
[K[A
[K[A
[32mTracking 252 paths...  82%|ΓûêΓûêΓûêΓûêΓûêΓûêΓûêΓûêΓûêΓûêΓûêΓûêΓûêΓûêΓûêΓûêΓûêΓûêΓûêΓûêΓûêΓûêΓûêΓûê     |  ETA: 0:00:00[39m[K
[34m                   # paths tracked: 207[39m[K
[34m   # non-singular solutions (real): 207 (11)[39m[K
[34m       # singular endpoints (real): 0 (0)[39m[K
[34m          # total solutions (real): 207 (11)[39m[K
[A
[A
[A
[A




[K[A
[K[A
[K[A
[K[A
[32mTracking 252 paths...  97%|ΓûêΓûêΓûêΓûêΓûêΓûêΓûêΓûêΓûêΓûêΓûêΓûêΓûêΓûêΓûêΓûêΓûêΓûêΓûêΓûêΓûêΓûêΓûêΓûêΓûêΓûêΓûêΓûêΓûê|  ETA: 0:00:00[39m[K
[34m                   # paths tracked: 244[39m[K
[34m   # non-singular solutions (real): 244 (12)[39m[K
[34m       # singular endpoints (real): 0 (0)[39m[K
[34m          # total solutions (real): 244 (12)[39m[K
[A
[A
[A
[A




[K[A
[K[A
[K[A
[K[A
[32mTracking 252 paths... 100%|ΓûêΓûêΓûêΓûêΓûêΓûêΓûêΓûêΓûêΓûêΓûêΓûêΓûêΓûêΓûêΓûêΓûêΓûêΓûêΓûêΓûêΓûêΓûêΓûêΓûêΓûêΓûêΓûêΓûê| Time: 0:00:01[39m[K
[34m                   # paths tracked: 252[39m[K
[34m   # non-singular solutions (real): 252 (12)[39m[K
[34m       # singular endpoints (real): 0 (0)[39m[K
[34m          # total solutions (real): 252 (12)[39m[K

[32mTracking 252 paths...  36%|ΓûêΓûêΓûêΓûêΓûêΓûêΓûêΓûêΓûêΓûêΓûê                  |  ETA: 0:00:01[39m[K
[34m                   # paths tracked: 91[39m[K
[34m   # non-singular solutions (real): 91 (4)[39m[K
[34m       # singular endpoints (real): 0 (0)[39m[K
[34m          # total solutions (real): 91 (4)[39m[K
[A
[A
[A
[A




[K[A
[K[A
[K[A
[K[A
[32mTracking 252 paths...  49%|ΓûêΓûêΓûêΓûêΓûêΓûêΓûêΓûêΓûêΓûêΓûêΓûêΓûêΓûêΓûê              |  ETA: 0:00:01[39m[K
[34m                   # paths tracked: 124[39m[K
[34m   # non-singular solutions (real): 124 (4)[39m[K
[34m       # singular endpoints (real): 0 (0)[39m[K
[34m          # total solutions (real): 124 (4)[39m[K
[A
[A
[A
[A




[K[A
[K[A
[K[A
[K[A
[32mTracking 252 paths...  63%|ΓûêΓûêΓûêΓûêΓûêΓûêΓûêΓûêΓûêΓûêΓûêΓûêΓûêΓûêΓûêΓûêΓûêΓûêΓûê          |  ETA: 0:00:01[39m[K
[34m                   # paths tracked: 159[39m[K
[34m   # non-singular solutions (real): 159 (8)[39m[K
[34m       # singular endpoints (real): 0 (0)[39m[K
[34m          # total solutions (real): 159 (8)[39m[K
[A
[A
[A
[A




[K[A
[K[A
[K[A
[K[A
[32mTracking 252 paths...  77%|ΓûêΓûêΓûêΓûêΓûêΓûêΓûêΓûêΓûêΓûêΓûêΓûêΓûêΓûêΓûêΓûêΓûêΓûêΓûêΓûêΓûêΓûêΓûê      |  ETA: 0:00:00[39m[K
[34m                   # paths tracked: 193[39m[K
[34m   # non-singular solutions (real): 193 (9)[39m[K
[34m       # singular endpoints (real): 0 (0)[39m[K
[34m          # total solutions (real): 193 (9)[39m[K
[A
[A
[A
[A




[K[A
[K[A
[K[A
[K[A
[32mTracking 252 paths...  90%|ΓûêΓûêΓûêΓûêΓûêΓûêΓûêΓûêΓûêΓûêΓûêΓûêΓûêΓûêΓûêΓûêΓûêΓûêΓûêΓûêΓûêΓûêΓûêΓûêΓûêΓûêΓûê  |  ETA: 0:00:00[39m[K
[34m                   # paths tracked: 228[39m[K
[34m   # non-singular solutions (real): 228 (11)[39m[K
[34m       # singular endpoints (real): 0 (0)[39m[K
[34m          # total solutions (real): 228 (11)[39m[K
[A
[A
[A
[A




[K[A
[K[A
[K[A
[K[A
[32mTracking 252 paths... 100%|ΓûêΓûêΓûêΓûêΓûêΓûêΓûêΓûêΓûêΓûêΓûêΓûêΓûêΓûêΓûêΓûêΓûêΓûêΓûêΓûêΓûêΓûêΓûêΓûêΓûêΓûêΓûêΓûêΓûê| Time: 0:00:01[39m[K
[34m                   # paths tracked: 252[39m[K
[34m   # non-singular solutions (real): 252 (12)[39m[K
[34m       # singular endpoints (real): 0 (0)[39m[K
[34m          # total solutions (real): 252 (12)[39m[K

[32mTracking 252 paths...  36%|ΓûêΓûêΓûêΓûêΓûêΓûêΓûêΓûêΓûêΓûêΓûê                  |  ETA: 0:00:01[39m[K
[34m                   # paths tracked: 91[39m[K
[34m   # non-singular solutions (real): 91 (4)[39m[K
[34m       # singular endpoints (real): 0 (0)[39m[K
[34m          # total solutions (real): 91 (4)[39m[K
[A
[A
[A
[A




[K[A
[K[A
[K[A
[K[A
[32mTracking 252 paths...  49%|ΓûêΓûêΓûêΓûêΓûêΓûêΓûêΓûêΓûêΓûêΓûêΓûêΓûêΓûêΓûê              |  ETA: 0:00:01[39m[K
[34m                   # paths tracked: 124[39m[K
[34m   # non-singular solutions (real): 124 (4)[39m[K
[34m       # singular endpoints (real): 0 (0)[39m[K
[34m          # total solutions (real): 124 (4)[39m[K
[A
[A
[A
[A




[K[A
[K[A
[K[A
[K[A
[32mTracking 252 paths...  65%|ΓûêΓûêΓûêΓûêΓûêΓûêΓûêΓûêΓûêΓûêΓûêΓûêΓûêΓûêΓûêΓûêΓûêΓûêΓûê          |  ETA: 0:00:01[39m[K
[34m                   # paths tracked: 163[39m[K
[34m   # non-singular solutions (real): 163 (5)[39m[K
[34m       # singular endpoints (real): 0 (0)[39m[K
[34m          # total solutions (real): 163 (5)[39m[K
[A
[A
[A
[A




[K[A
[K[A
[K[A
[K[A
[32mTracking 252 paths...  80%|ΓûêΓûêΓûêΓûêΓûêΓûêΓûêΓûêΓûêΓûêΓûêΓûêΓûêΓûêΓûêΓûêΓûêΓûêΓûêΓûêΓûêΓûêΓûêΓûê     |  ETA: 0:00:00[39m[K
[34m                   # paths tracked: 201[39m[K
[34m   # non-singular solutions (real): 201 (10)[39m[K
[34m       # singular endpoints (real): 0 (0)[39m[K
[34m          # total solutions (real): 201 (10)[39m[K
[A
[A
[A
[A




[K[A
[K[A
[K[A
[K[A
[32mTracking 252 paths...  96%|ΓûêΓûêΓûêΓûêΓûêΓûêΓûêΓûêΓûêΓûêΓûêΓûêΓûêΓûêΓûêΓûêΓûêΓûêΓûêΓûêΓûêΓûêΓûêΓûêΓûêΓûêΓûêΓûê |  ETA: 0:00:00[39m[K
[34m                   # paths tracked: 241[39m[K
[34m   # non-singular solutions (real): 241 (11)[39m[K
[34m       # singular endpoints (real): 0 (0)[39m[K
[34m          # total solutions (real): 241 (11)[39m[K
[A
[A
[A
[A




[K[A
[K[A
[K[A
[K[A
[32mTracking 252 paths... 100%|ΓûêΓûêΓûêΓûêΓûêΓûêΓûêΓûêΓûêΓûêΓûêΓûêΓûêΓûêΓûêΓûêΓûêΓûêΓûêΓûêΓûêΓûêΓûêΓûêΓûêΓûêΓûêΓûêΓûê| Time: 0:00:01[39m[K
[34m                   # paths tracked: 252[39m[K
[34m   # non-singular solutions (real): 252 (12)[39m[K
[34m       # singular endpoints (real): 0 (0)[39m[K
[34m          # total solutions (real): 252 (12)[39m[K

[32mTracking 252 paths...  39%|ΓûêΓûêΓûêΓûêΓûêΓûêΓûêΓûêΓûêΓûêΓûêΓûê                 |  ETA: 0:00:01[39m[K
[34m                   # paths tracked: 99[39m[K
[34m   # non-singular solutions (real): 99 (4)[39m[K
[34m       # singular endpoints (real): 0 (0)[39m[K
[34m          # total solutions (real): 99 (4)[39m[K
[A
[A
[A
[A




[K[A
[K[A
[K[A
[K[A
[32mTracking 252 paths...  56%|ΓûêΓûêΓûêΓûêΓûêΓûêΓûêΓûêΓûêΓûêΓûêΓûêΓûêΓûêΓûêΓûêΓûê            |  ETA: 0:00:01[39m[K
[34m                   # paths tracked: 140[39m[K
[34m   # non-singular solutions (real): 140 (5)[39m[K
[34m       # singular endpoints (real): 0 (0)[39m[K
[34m          # total solutions (real): 140 (5)[39m[K
[A
[A
[A
[A




[K[A
[K[A
[K[A
[K[A
[32mTracking 252 paths...  71%|ΓûêΓûêΓûêΓûêΓûêΓûêΓûêΓûêΓûêΓûêΓûêΓûêΓûêΓûêΓûêΓûêΓûêΓûêΓûêΓûêΓûê        |  ETA: 0:00:00[39m[K
[34m                   # paths tracked: 178[39m[K
[34m   # non-singular solutions (real): 178 (7)[39m[K
[34m       # singular endpoints (real): 0 (0)[39m[K
[34m          # total solutions (real): 178 (7)[39m[K
[A
[A
[A
[A




[K[A
[K[A
[K[A
[K[A
[32mTracking 252 paths...  86%|ΓûêΓûêΓûêΓûêΓûêΓûêΓûêΓûêΓûêΓûêΓûêΓûêΓûêΓûêΓûêΓûêΓûêΓûêΓûêΓûêΓûêΓûêΓûêΓûêΓûê    |  ETA: 0:00:00[39m[K
[34m                   # paths tracked: 217[39m[K
[34m   # non-singular solutions (real): 217 (10)[39m[K
[34m       # singular endpoints (real): 0 (0)[39m[K
[34m          # total solutions (real): 217 (10)[39m[K
[A
[A
[A
[A




[K[A
[K[A
[K[A
[K[A
[32mTracking 252 paths... 100%|ΓûêΓûêΓûêΓûêΓûêΓûêΓûêΓûêΓûêΓûêΓûêΓûêΓûêΓûêΓûêΓûêΓûêΓûêΓûêΓûêΓûêΓûêΓûêΓûêΓûêΓûêΓûêΓûêΓûê| Time: 0:00:01[39m[K
[34m                   # paths tracked: 252[39m[K
[34m   # non-singular solutions (real): 252 (12)[39m[K
[34m       # singular endpoints (real): 0 (0)[39m[K
[34m          # total solutions (real): 252 (12)[39m[K

[32mTracking 252 paths...  41%|ΓûêΓûêΓûêΓûêΓûêΓûêΓûêΓûêΓûêΓûêΓûêΓûê                 |  ETA: 0:00:01[39m[K
[34m                   # paths tracked: 103[39m[K
[34m   # non-singular solutions (real): 103 (2)[39m[K
[34m       # singular endpoints (real): 0 (0)[39m[K
[34m          # total solutions (real): 103 (2)[39m[K
[A
[A
[A
[A




[K[A
[K[A
[K[A
[K[A
[32mTracking 252 paths...  59%|ΓûêΓûêΓûêΓûêΓûêΓûêΓûêΓûêΓûêΓûêΓûêΓûêΓûêΓûêΓûêΓûêΓûêΓûê           |  ETA: 0:00:00[39m[K
[34m                   # paths tracked: 149[39m[K
[34m   # non-singular solutions (real): 149 (5)[39m[K
[34m       # singular endpoints (real): 0 (0)[39m[K
[34m          # total solutions (real): 149 (5)[39m[K
[A
[A
[A
[A




[K[A
[K[A
[K[A
[K[A
[32mTracking 252 paths...  75%|ΓûêΓûêΓûêΓûêΓûêΓûêΓûêΓûêΓûêΓûêΓûêΓûêΓûêΓûêΓûêΓûêΓûêΓûêΓûêΓûêΓûêΓûê       |  ETA: 0:00:00[39m[K
[34m                   # paths tracked: 190[39m[K
[34m   # non-singular solutions (real): 190 (9)[39m[K
[34m       # singular endpoints (real): 0 (0)[39m[K
[34m          # total solutions (real): 190 (9)[39m[K
[A
[A
[A
[A




[K[A
[K[A
[K[A
[K[A
[32mTracking 252 paths...  92%|ΓûêΓûêΓûêΓûêΓûêΓûêΓûêΓûêΓûêΓûêΓûêΓûêΓûêΓûêΓûêΓûêΓûêΓûêΓûêΓûêΓûêΓûêΓûêΓûêΓûêΓûêΓûê  |  ETA: 0:00:00[39m[K
[34m                   # paths tracked: 232[39m[K
[34m   # non-singular solutions (real): 232 (10)[39m[K
[34m       # singular endpoints (real): 0 (0)[39m[K
[34m          # total solutions (real): 232 (10)[39m[K
[A
[A
[A
[A




[K[A
[K[A
[K[A
[K[A
[32mTracking 252 paths... 100%|ΓûêΓûêΓûêΓûêΓûêΓûêΓûêΓûêΓûêΓûêΓûêΓûêΓûêΓûêΓûêΓûêΓûêΓûêΓûêΓûêΓûêΓûêΓûêΓûêΓûêΓûêΓûêΓûêΓûê| Time: 0:00:01[39m[K
[34m                   # paths tracked: 252[39m[K
[34m   # non-singular solutions (real): 252 (12)[39m[K
[34m       # singular endpoints (real): 0 (0)[39m[K
[34m          # total solutions (real): 252 (12)[39m[K

[32mTracking 252 paths...  37%|ΓûêΓûêΓûêΓûêΓûêΓûêΓûêΓûêΓûêΓûêΓûê                  |  ETA: 0:00:01[39m[K
[34m                   # paths tracked: 92[39m[K
[34m   # non-singular solutions (real): 92 (6)[39m[K
[34m       # singular endpoints (real): 0 (0)[39m[K
[34m          # total solutions (real): 92 (6)[39m[K
[A
[A
[A
[A




[K[A
[K[A
[K[A
[K[A
[32mTracking 252 paths...  52%|ΓûêΓûêΓûêΓûêΓûêΓûêΓûêΓûêΓûêΓûêΓûêΓûêΓûêΓûêΓûêΓûê             |  ETA: 0:00:01[39m[K
[34m                   # paths tracked: 132[39m[K
[34m   # non-singular solutions (real): 132 (7)[39m[K
[34m       # singular endpoints (real): 0 (0)[39m[K
[34m          # total solutions (real): 132 (7)[39m[K
[A
[A
[A
[A




[K[A
[K[A
[K[A
[K[A
[32mTracking 252 paths...  65%|ΓûêΓûêΓûêΓûêΓûêΓûêΓûêΓûêΓûêΓûêΓûêΓûêΓûêΓûêΓûêΓûêΓûêΓûêΓûê          |  ETA: 0:00:00[39m[K
[34m                   # paths tracked: 165[39m[K
[34m   # non-singular solutions (real): 165 (9)[39m[K
[34m       # singular endpoints (real): 0 (0)[39m[K
[34m          # total solutions (real): 165 (9)[39m[K
[A
[A
[A
[A




[K[A
[K[A
[K[A
[K[A
[32mTracking 252 paths...  81%|ΓûêΓûêΓûêΓûêΓûêΓûêΓûêΓûêΓûêΓûêΓûêΓûêΓûêΓûêΓûêΓûêΓûêΓûêΓûêΓûêΓûêΓûêΓûêΓûê     |  ETA: 0:00:00[39m[K
[34m                   # paths tracked: 203[39m[K
[34m   # non-singular solutions (real): 203 (10)[39m[K
[34m       # singular endpoints (real): 0 (0)[39m[K
[34m          # total solutions (real): 203 (10)[39m[K
[A
[A
[A
[A




[K[A
[K[A
[K[A
[K[A
[32mTracking 252 paths...  96%|ΓûêΓûêΓûêΓûêΓûêΓûêΓûêΓûêΓûêΓûêΓûêΓûêΓûêΓûêΓûêΓûêΓûêΓûêΓûêΓûêΓûêΓûêΓûêΓûêΓûêΓûêΓûêΓûê |  ETA: 0:00:00[39m[K
[34m                   # paths tracked: 242[39m[K
[34m   # non-singular solutions (real): 242 (11)[39m[K
[34m       # singular endpoints (real): 0 (0)[39m[K
[34m          # total solutions (real): 242 (11)[39m[K
[A
[A
[A
[A




[K[A
[K[A
[K[A
[K[A
[32mTracking 252 paths... 100%|ΓûêΓûêΓûêΓûêΓûêΓûêΓûêΓûêΓûêΓûêΓûêΓûêΓûêΓûêΓûêΓûêΓûêΓûêΓûêΓûêΓûêΓûêΓûêΓûêΓûêΓûêΓûêΓûêΓûê| Time: 0:00:01[39m[K
[34m                   # paths tracked: 252[39m[K
[34m   # non-singular solutions (real): 252 (12)[39m[K
[34m       # singular endpoints (real): 0 (0)[39m[K
[34m          # total solutions (real): 252 (12)[39m[K

[32mTracking 252 paths...  35%|ΓûêΓûêΓûêΓûêΓûêΓûêΓûêΓûêΓûêΓûêΓûê                  |  ETA: 0:00:01[39m[K
[34m                   # paths tracked: 89[39m[K
[34m   # non-singular solutions (real): 89 (7)[39m[K
[34m       # singular endpoints (real): 0 (0)[39m[K
[34m          # total solutions (real): 89 (7)[39m[K
[A
[A
[A
[A




[K[A
[K[A
[K[A
[K[A
[32mTracking 252 paths...  49%|ΓûêΓûêΓûêΓûêΓûêΓûêΓûêΓûêΓûêΓûêΓûêΓûêΓûêΓûêΓûê              |  ETA: 0:00:01[39m[K
[34m                   # paths tracked: 124[39m[K
[34m   # non-singular solutions (real): 124 (9)[39m[K
[34m       # singular endpoints (real): 0 (0)[39m[K
[34m          # total solutions (real): 124 (9)[39m[K
[A
[A
[A
[A




[K[A
[K[A
[K[A
[K[A
[32mTracking 252 paths...  65%|ΓûêΓûêΓûêΓûêΓûêΓûêΓûêΓûêΓûêΓûêΓûêΓûêΓûêΓûêΓûêΓûêΓûêΓûêΓûê          |  ETA: 0:00:00[39m[K
[34m                   # paths tracked: 164[39m[K
[34m   # non-singular solutions (real): 164 (11)[39m[K
[34m       # singular endpoints (real): 0 (0)[39m[K
[34m          # total solutions (real): 164 (11)[39m[K
[A
[A
[A
[A




[K[A
[K[A
[K[A
[K[A
[32mTracking 252 paths...  79%|ΓûêΓûêΓûêΓûêΓûêΓûêΓûêΓûêΓûêΓûêΓûêΓûêΓûêΓûêΓûêΓûêΓûêΓûêΓûêΓûêΓûêΓûêΓûêΓûê     |  ETA: 0:00:00[39m[K
[34m                   # paths tracked: 200[39m[K
[34m   # non-singular solutions (real): 200 (12)[39m[K
[34m       # singular endpoints (real): 0 (0)[39m[K
[34m          # total solutions (real): 200 (12)[39m[K
[A
[A
[A
[A




[K[A
[K[A
[K[A
[K[A
[32mTracking 252 paths...  93%|ΓûêΓûêΓûêΓûêΓûêΓûêΓûêΓûêΓûêΓûêΓûêΓûêΓûêΓûêΓûêΓûêΓûêΓûêΓûêΓûêΓûêΓûêΓûêΓûêΓûêΓûêΓûêΓûê |  ETA: 0:00:00[39m[K
[34m                   # paths tracked: 235[39m[K
[34m   # non-singular solutions (real): 235 (12)[39m[K
[34m       # singular endpoints (real): 0 (0)[39m[K
[34m          # total solutions (real): 235 (12)[39m[K
[A
[A
[A
[A




[K[A
[K[A
[K[A
[K[A
[32mTracking 252 paths... 100%|ΓûêΓûêΓûêΓûêΓûêΓûêΓûêΓûêΓûêΓûêΓûêΓûêΓûêΓûêΓûêΓûêΓûêΓûêΓûêΓûêΓûêΓûêΓûêΓûêΓûêΓûêΓûêΓûêΓûê| Time: 0:00:01[39m[K
[34m                   # paths tracked: 252[39m[K
[34m   # non-singular solutions (real): 252 (12)[39m[K
[34m       # singular endpoints (real): 0 (0)[39m[K
[34m          # total solutions (real): 252 (12)[39m[K

[32mTracking 252 paths...  32%|ΓûêΓûêΓûêΓûêΓûêΓûêΓûêΓûêΓûêΓûê                   |  ETA: 0:00:01[39m[K
[34m                   # paths tracked: 81[39m[K
[34m   # non-singular solutions (real): 81 (4)[39m[K
[34m       # singular endpoints (real): 0 (0)[39m[K
[34m          # total solutions (real): 81 (4)[39m[K
[A
[A
[A
[A




[K[A
[K[A
[K[A
[K[A
[32mTracking 252 paths...  44%|ΓûêΓûêΓûêΓûêΓûêΓûêΓûêΓûêΓûêΓûêΓûêΓûêΓûê                |  ETA: 0:00:01[39m[K
[34m                   # paths tracked: 112[39m[K
[34m   # non-singular solutions (real): 112 (5)[39m[K
[34m       # singular endpoints (real): 0 (0)[39m[K
[34m          # total solutions (real): 112 (5)[39m[K
[A
[A
[A
[A




[K[A
[K[A
[K[A
[K[A
[32mTracking 252 paths...  59%|ΓûêΓûêΓûêΓûêΓûêΓûêΓûêΓûêΓûêΓûêΓûêΓûêΓûêΓûêΓûêΓûêΓûêΓûê           |  ETA: 0:00:01[39m[K
[34m                   # paths tracked: 148[39m[K
[34m   # non-singular solutions (real): 148 (6)[39m[K
[34m       # singular endpoints (real): 0 (0)[39m[K
[34m          # total solutions (real): 148 (6)[39m[K
[A
[A
[A
[A




[K[A
[K[A
[K[A
[K[A
[32mTracking 252 paths...  72%|ΓûêΓûêΓûêΓûêΓûêΓûêΓûêΓûêΓûêΓûêΓûêΓûêΓûêΓûêΓûêΓûêΓûêΓûêΓûêΓûêΓûê        |  ETA: 0:00:00[39m[K
[34m                   # paths tracked: 182[39m[K
[34m   # non-singular solutions (real): 182 (7)[39m[K
[34m       # singular endpoints (real): 0 (0)[39m[K
[34m          # total solutions (real): 182 (7)[39m[K
[A
[A
[A
[A




[K[A
[K[A
[K[A
[K[A
[32mTracking 252 paths...  85%|ΓûêΓûêΓûêΓûêΓûêΓûêΓûêΓûêΓûêΓûêΓûêΓûêΓûêΓûêΓûêΓûêΓûêΓûêΓûêΓûêΓûêΓûêΓûêΓûêΓûê    |  ETA: 0:00:00[39m[K
[34m                   # paths tracked: 214[39m[K
[34m   # non-singular solutions (real): 214 (9)[39m[K
[34m       # singular endpoints (real): 0 (0)[39m[K
[34m          # total solutions (real): 214 (9)[39m[K
[A
[A
[A
[A




[K[A
[K[A
[K[A
[K[A
[32mTracking 252 paths...  98%|ΓûêΓûêΓûêΓûêΓûêΓûêΓûêΓûêΓûêΓûêΓûêΓûêΓûêΓûêΓûêΓûêΓûêΓûêΓûêΓûêΓûêΓûêΓûêΓûêΓûêΓûêΓûêΓûêΓûê|  ETA: 0:00:00[39m[K
[34m                   # paths tracked: 246[39m[K
[34m   # non-singular solutions (real): 246 (12)[39m[K
[34m       # singular endpoints (real): 0 (0)[39m[K
[34m          # total solutions (real): 246 (12)[39m[K
[A
[A
[A
[A




[K[A
[K[A
[K[A
[K[A
[32mTracking 252 paths... 100%|ΓûêΓûêΓûêΓûêΓûêΓûêΓûêΓûêΓûêΓûêΓûêΓûêΓûêΓûêΓûêΓûêΓûêΓûêΓûêΓûêΓûêΓûêΓûêΓûêΓûêΓûêΓûêΓûêΓûê| Time: 0:00:01[39m[K
[34m                   # paths tracked: 252[39m[K
[34m   # non-singular solutions (real): 252 (12)[39m[K
[34m       # singular endpoints (real): 0 (0)[39m[K
[34m          # total solutions (real): 252 (12)[39m[K

[32mTracking 252 paths...  33%|ΓûêΓûêΓûêΓûêΓûêΓûêΓûêΓûêΓûêΓûê                   |  ETA: 0:00:01[39m[K
[34m                   # paths tracked: 83[39m[K
[34m   # non-singular solutions (real): 83 (3)[39m[K
[34m       # singular endpoints (real): 0 (0)[39m[K
[34m          # total solutions (real): 83 (3)[39m[K
[A
[A
[A
[A




[K[A
[K[A
[K[A
[K[A
[32mTracking 252 paths...  60%|ΓûêΓûêΓûêΓûêΓûêΓûêΓûêΓûêΓûêΓûêΓûêΓûêΓûêΓûêΓûêΓûêΓûêΓûê           |  ETA: 0:00:01[39m[K
[34m                   # paths tracked: 151[39m[K
[34m   # non-singular solutions (real): 151 (9)[39m[K
[34m       # singular endpoints (real): 0 (0)[39m[K
[34m          # total solutions (real): 151 (9)[39m[K
[A
[A
[A
[A




[K[A
[K[A
[K[A
[K[A
[32mTracking 252 paths...  74%|ΓûêΓûêΓûêΓûêΓûêΓûêΓûêΓûêΓûêΓûêΓûêΓûêΓûêΓûêΓûêΓûêΓûêΓûêΓûêΓûêΓûêΓûê       |  ETA: 0:00:00[39m[K
[34m                   # paths tracked: 186[39m[K
[34m   # non-singular solutions (real): 186 (11)[39m[K
[34m       # singular endpoints (real): 0 (0)[39m[K
[34m          # total solutions (real): 186 (11)[39m[K
[A
[A
[A
[A




[K[A
[K[A
[K[A
[K[A
[32mTracking 252 paths...  88%|ΓûêΓûêΓûêΓûêΓûêΓûêΓûêΓûêΓûêΓûêΓûêΓûêΓûêΓûêΓûêΓûêΓûêΓûêΓûêΓûêΓûêΓûêΓûêΓûêΓûêΓûê   |  ETA: 0:00:00[39m[K
[34m                   # paths tracked: 221[39m[K
[34m   # non-singular solutions (real): 221 (12)[39m[K
[34m       # singular endpoints (real): 0 (0)[39m[K
[34m          # total solutions (real): 221 (12)[39m[K
[A
[A
[A
[A




[K[A
[K[A
[K[A
[K[A
[32mTracking 252 paths... 100%|ΓûêΓûêΓûêΓûêΓûêΓûêΓûêΓûêΓûêΓûêΓûêΓûêΓûêΓûêΓûêΓûêΓûêΓûêΓûêΓûêΓûêΓûêΓûêΓûêΓûêΓûêΓûêΓûêΓûê| Time: 0:00:01[39m[K
[34m                   # paths tracked: 252[39m[K
[34m   # non-singular solutions (real): 252 (12)[39m[K
[34m       # singular endpoints (real): 0 (0)[39m[K
[34m          # total solutions (real): 252 (12)[39m[K

[32mTracking 252 paths...  31%|ΓûêΓûêΓûêΓûêΓûêΓûêΓûêΓûêΓûê                    |  ETA: 0:00:01[39m[K
[34m                   # paths tracked: 78[39m[K
[34m   # non-singular solutions (real): 78 (4)[39m[K
[34m       # singular endpoints (real): 0 (0)[39m[K
[34m          # total solutions (real): 78 (4)[39m[K
[A
[A
[A
[A




[K[A
[K[A
[K[A
[K[A
[32mTracking 252 paths...  44%|ΓûêΓûêΓûêΓûêΓûêΓûêΓûêΓûêΓûêΓûêΓûêΓûêΓûê                |  ETA: 0:00:01[39m[K
[34m                   # paths tracked: 111[39m[K
[34m   # non-singular solutions (real): 111 (6)[39m[K
[34m       # singular endpoints (real): 0 (0)[39m[K
[34m          # total solutions (real): 111 (6)[39m[K
[A
[A
[A
[A




[K[A
[K[A
[K[A
[K[A
[32mTracking 252 paths...  57%|ΓûêΓûêΓûêΓûêΓûêΓûêΓûêΓûêΓûêΓûêΓûêΓûêΓûêΓûêΓûêΓûêΓûê            |  ETA: 0:00:01[39m[K
[34m                   # paths tracked: 144[39m[K
[34m   # non-singular solutions (real): 144 (7)[39m[K
[34m       # singular endpoints (real): 0 (0)[39m[K
[34m          # total solutions (real): 144 (7)[39m[K
[A
[A
[A
[A




[K[A
[K[A
[K[A
[K[A
[32mTracking 252 paths...  71%|ΓûêΓûêΓûêΓûêΓûêΓûêΓûêΓûêΓûêΓûêΓûêΓûêΓûêΓûêΓûêΓûêΓûêΓûêΓûêΓûêΓûê        |  ETA: 0:00:00[39m[K
[34m                   # paths tracked: 179[39m[K
[34m   # non-singular solutions (real): 179 (7)[39m[K
[34m       # singular endpoints (real): 0 (0)[39m[K
[34m          # total solutions (real): 179 (7)[39m[K
[A
[A
[A
[A




[K[A
[K[A
[K[A
[K[A
[32mTracking 252 paths...  84%|ΓûêΓûêΓûêΓûêΓûêΓûêΓûêΓûêΓûêΓûêΓûêΓûêΓûêΓûêΓûêΓûêΓûêΓûêΓûêΓûêΓûêΓûêΓûêΓûêΓûê    |  ETA: 0:00:00[39m[K
[34m                   # paths tracked: 211[39m[K
[34m   # non-singular solutions (real): 211 (9)[39m[K
[34m       # singular endpoints (real): 0 (0)[39m[K
[34m          # total solutions (real): 211 (9)[39m[K
[A
[A
[A
[A




[K[A
[K[A
[K[A
[K[A
[32mTracking 252 paths...  96%|ΓûêΓûêΓûêΓûêΓûêΓûêΓûêΓûêΓûêΓûêΓûêΓûêΓûêΓûêΓûêΓûêΓûêΓûêΓûêΓûêΓûêΓûêΓûêΓûêΓûêΓûêΓûêΓûê |  ETA: 0:00:00[39m[K
[34m                   # paths tracked: 242[39m[K
[34m   # non-singular solutions (real): 242 (11)[39m[K
[34m       # singular endpoints (real): 0 (0)[39m[K
[34m          # total solutions (real): 242 (11)[39m[K
[A
[A
[A
[A




[K[A
[K[A
[K[A
[K[A
[32mTracking 252 paths... 100%|ΓûêΓûêΓûêΓûêΓûêΓûêΓûêΓûêΓûêΓûêΓûêΓûêΓûêΓûêΓûêΓûêΓûêΓûêΓûêΓûêΓûêΓûêΓûêΓûêΓûêΓûêΓûêΓûêΓûê| Time: 0:00:01[39m[K
[34m                   # paths tracked: 252[39m[K
[34m   # non-singular solutions (real): 252 (12)[39m[K
[34m       # singular endpoints (real): 0 (0)[39m[K
[34m          # total solutions (real): 252 (12)[39m[K

[32mTracking 252 paths...  37%|ΓûêΓûêΓûêΓûêΓûêΓûêΓûêΓûêΓûêΓûêΓûê                  |  ETA: 0:00:01[39m[K
[34m                   # paths tracked: 93[39m[K
[34m   # non-singular solutions (real): 93 (4)[39m[K
[34m       # singular endpoints (real): 0 (0)[39m[K
[34m          # total solutions (real): 93 (4)[39m[K
[A
[A
[A
[A




[K[A
[K[A
[K[A
[K[A
[32mTracking 252 paths...  52%|ΓûêΓûêΓûêΓûêΓûêΓûêΓûêΓûêΓûêΓûêΓûêΓûêΓûêΓûêΓûêΓûê             |  ETA: 0:00:01[39m[K
[34m                   # paths tracked: 131[39m[K
[34m   # non-singular solutions (real): 131 (7)[39m[K
[34m       # singular endpoints (real): 0 (0)[39m[K
[34m          # total solutions (real): 131 (7)[39m[K
[A
[A
[A
[A




[K[A
[K[A
[K[A
[K[A
[32mTracking 252 paths...  67%|ΓûêΓûêΓûêΓûêΓûêΓûêΓûêΓûêΓûêΓûêΓûêΓûêΓûêΓûêΓûêΓûêΓûêΓûêΓûêΓûê         |  ETA: 0:00:00[39m[K
[34m                   # paths tracked: 169[39m[K
[34m   # non-singular solutions (real): 169 (8)[39m[K
[34m       # singular endpoints (real): 0 (0)[39m[K
[34m          # total solutions (real): 169 (8)[39m[K
[A
[A
[A
[A




[K[A
[K[A
[K[A
[K[A
[32mTracking 252 paths...  83%|ΓûêΓûêΓûêΓûêΓûêΓûêΓûêΓûêΓûêΓûêΓûêΓûêΓûêΓûêΓûêΓûêΓûêΓûêΓûêΓûêΓûêΓûêΓûêΓûê     |  ETA: 0:00:00[39m[K
[34m                   # paths tracked: 208[39m[K
[34m   # non-singular solutions (real): 208 (10)[39m[K
[34m       # singular endpoints (real): 0 (0)[39m[K
[34m          # total solutions (real): 208 (10)[39m[K
[A
[A
[A
[A




[K[A
[K[A
[K[A
[K[A
[32mTracking 252 paths...  99%|ΓûêΓûêΓûêΓûêΓûêΓûêΓûêΓûêΓûêΓûêΓûêΓûêΓûêΓûêΓûêΓûêΓûêΓûêΓûêΓûêΓûêΓûêΓûêΓûêΓûêΓûêΓûêΓûêΓûê|  ETA: 0:00:00[39m[K
[34m                   # paths tracked: 249[39m[K
[34m   # non-singular solutions (real): 249 (12)[39m[K
[34m       # singular endpoints (real): 0 (0)[39m[K
[34m          # total solutions (real): 249 (12)[39m[K
[A
[A
[A
[A




[K[A
[K[A
[K[A
[K[A
[32mTracking 252 paths... 100%|ΓûêΓûêΓûêΓûêΓûêΓûêΓûêΓûêΓûêΓûêΓûêΓûêΓûêΓûêΓûêΓûêΓûêΓûêΓûêΓûêΓûêΓûêΓûêΓûêΓûêΓûêΓûêΓûêΓûê| Time: 0:00:01[39m[K
[34m                   # paths tracked: 252[39m[K
[34m   # non-singular solutions (real): 252 (12)[39m[K
[34m       # singular endpoints (real): 0 (0)[39m[K
[34m          # total solutions (real): 252 (12)[39m[K

[32mTracking 252 paths...  33%|ΓûêΓûêΓûêΓûêΓûêΓûêΓûêΓûêΓûêΓûê                   |  ETA: 0:00:01[39m[K
[34m                   # paths tracked: 83[39m[K
[34m   # non-singular solutions (real): 83 (3)[39m[K
[34m       # singular endpoints (real): 0 (0)[39m[K
[34m          # total solutions (real): 83 (3)[39m[K
[A
[A
[A
[A




[K[A
[K[A
[K[A
[K[A
[32mTracking 252 paths...  48%|ΓûêΓûêΓûêΓûêΓûêΓûêΓûêΓûêΓûêΓûêΓûêΓûêΓûêΓûê               |  ETA: 0:00:01[39m[K
[34m                   # paths tracked: 120[39m[K
[34m   # non-singular solutions (real): 120 (4)[39m[K
[34m       # singular endpoints (real): 0 (0)[39m[K
[34m          # total solutions (real): 120 (4)[39m[K
[A
[A
[A
[A




[K[A
[K[A
[K[A
[K[A
[32mTracking 252 paths...  62%|ΓûêΓûêΓûêΓûêΓûêΓûêΓûêΓûêΓûêΓûêΓûêΓûêΓûêΓûêΓûêΓûêΓûêΓûê           |  ETA: 0:00:01[39m[K
[34m                   # paths tracked: 156[39m[K
[34m   # non-singular solutions (real): 156 (5)[39m[K
[34m       # singular endpoints (real): 0 (0)[39m[K
[34m          # total solutions (real): 156 (5)[39m[K
[A
[A
[A
[A




[K[A
[K[A
[K[A
[K[A
[32mTracking 252 paths...  78%|ΓûêΓûêΓûêΓûêΓûêΓûêΓûêΓûêΓûêΓûêΓûêΓûêΓûêΓûêΓûêΓûêΓûêΓûêΓûêΓûêΓûêΓûêΓûê      |  ETA: 0:00:00[39m[K
[34m                   # paths tracked: 196[39m[K
[34m   # non-singular solutions (real): 196 (7)[39m[K
[34m       # singular endpoints (real): 0 (0)[39m[K
[34m          # total solutions (real): 196 (7)[39m[K
[A
[A
[A
[A




[K[A
[K[A
[K[A
[K[A
[32mTracking 252 paths...  92%|ΓûêΓûêΓûêΓûêΓûêΓûêΓûêΓûêΓûêΓûêΓûêΓûêΓûêΓûêΓûêΓûêΓûêΓûêΓûêΓûêΓûêΓûêΓûêΓûêΓûêΓûêΓûê  |  ETA: 0:00:00[39m[K
[34m                   # paths tracked: 231[39m[K
[34m   # non-singular solutions (real): 231 (11)[39m[K
[34m       # singular endpoints (real): 0 (0)[39m[K
[34m          # total solutions (real): 231 (11)[39m[K
[A
[A
[A
[A




[K[A
[K[A
[K[A
[K[A
[32mTracking 252 paths... 100%|ΓûêΓûêΓûêΓûêΓûêΓûêΓûêΓûêΓûêΓûêΓûêΓûêΓûêΓûêΓûêΓûêΓûêΓûêΓûêΓûêΓûêΓûêΓûêΓûêΓûêΓûêΓûêΓûêΓûê| Time: 0:00:01[39m[K
[34m                   # paths tracked: 252[39m[K
[34m   # non-singular solutions (real): 252 (12)[39m[K
[34m       # singular endpoints (real): 0 (0)[39m[K
[34m          # total solutions (real): 252 (12)[39m[K

[32mTracking 252 paths...  32%|ΓûêΓûêΓûêΓûêΓûêΓûêΓûêΓûêΓûêΓûê                   |  ETA: 0:00:01[39m[K
[34m                   # paths tracked: 80[39m[K
[34m   # non-singular solutions (real): 80 (3)[39m[K
[34m       # singular endpoints (real): 0 (0)[39m[K
[34m          # total solutions (real): 80 (3)[39m[K
[A
[A
[A
[A




[K[A
[K[A
[K[A
[K[A
[32mTracking 252 paths...  43%|ΓûêΓûêΓûêΓûêΓûêΓûêΓûêΓûêΓûêΓûêΓûêΓûêΓûê                |  ETA: 0:00:01[39m[K
[34m                   # paths tracked: 108[39m[K
[34m   # non-singular solutions (real): 108 (4)[39m[K
[34m       # singular endpoints (real): 0 (0)[39m[K
[34m          # total solutions (real): 108 (4)[39m[K
[A
[A
[A
[A




[K[A
[K[A
[K[A
[K[A
[32mTracking 252 paths...  57%|ΓûêΓûêΓûêΓûêΓûêΓûêΓûêΓûêΓûêΓûêΓûêΓûêΓûêΓûêΓûêΓûêΓûê            |  ETA: 0:00:01[39m[K
[34m                   # paths tracked: 143[39m[K
[34m   # non-singular solutions (real): 143 (9)[39m[K
[34m       # singular endpoints (real): 0 (0)[39m[K
[34m          # total solutions (real): 143 (9)[39m[K
[A
[A
[A
[A




[K[A
[K[A
[K[A
[K[A
[32mTracking 252 paths...  69%|ΓûêΓûêΓûêΓûêΓûêΓûêΓûêΓûêΓûêΓûêΓûêΓûêΓûêΓûêΓûêΓûêΓûêΓûêΓûêΓûêΓûê        |  ETA: 0:00:00[39m[K
[34m                   # paths tracked: 175[39m[K
[34m   # non-singular solutions (real): 175 (9)[39m[K
[34m       # singular endpoints (real): 0 (0)[39m[K
[34m          # total solutions (real): 175 (9)[39m[K
[A
[A
[A
[A




[K[A
[K[A
[K[A
[K[A
[32mTracking 252 paths...  83%|ΓûêΓûêΓûêΓûêΓûêΓûêΓûêΓûêΓûêΓûêΓûêΓûêΓûêΓûêΓûêΓûêΓûêΓûêΓûêΓûêΓûêΓûêΓûêΓûêΓûê    |  ETA: 0:00:00[39m[K
[34m                   # paths tracked: 210[39m[K
[34m   # non-singular solutions (real): 210 (11)[39m[K
[34m       # singular endpoints (real): 0 (0)[39m[K
[34m          # total solutions (real): 210 (11)[39m[K
[A
[A
[A
[A




[K[A
[K[A
[K[A
[K[A
[32mTracking 252 paths...  96%|ΓûêΓûêΓûêΓûêΓûêΓûêΓûêΓûêΓûêΓûêΓûêΓûêΓûêΓûêΓûêΓûêΓûêΓûêΓûêΓûêΓûêΓûêΓûêΓûêΓûêΓûêΓûêΓûê |  ETA: 0:00:00[39m[K
[34m                   # paths tracked: 241[39m[K
[34m   # non-singular solutions (real): 241 (12)[39m[K
[34m       # singular endpoints (real): 0 (0)[39m[K
[34m          # total solutions (real): 241 (12)[39m[K
[A
[A
[A
[A




[K[A
[K[A
[K[A
[K[A
[32mTracking 252 paths... 100%|ΓûêΓûêΓûêΓûêΓûêΓûêΓûêΓûêΓûêΓûêΓûêΓûêΓûêΓûêΓûêΓûêΓûêΓûêΓûêΓûêΓûêΓûêΓûêΓûêΓûêΓûêΓûêΓûêΓûê| Time: 0:00:01[39m[K
[34m                   # paths tracked: 252[39m[K
[34m   # non-singular solutions (real): 252 (12)[39m[K
[34m       # singular endpoints (real): 0 (0)[39m[K
[34m          # total solutions (real): 252 (12)[39m[K

[32mTracking 252 paths...  36%|ΓûêΓûêΓûêΓûêΓûêΓûêΓûêΓûêΓûêΓûêΓûê                  |  ETA: 0:00:01[39m[K
[34m                   # paths tracked: 90[39m[K
[34m   # non-singular solutions (real): 90 (2)[39m[K
[34m       # singular endpoints (real): 0 (0)[39m[K
[34m          # total solutions (real): 90 (2)[39m[K
[A
[A
[A
[A




[K[A
[K[A
[K[A
[K[A
[32mTracking 252 paths...  50%|ΓûêΓûêΓûêΓûêΓûêΓûêΓûêΓûêΓûêΓûêΓûêΓûêΓûêΓûêΓûê              |  ETA: 0:00:01[39m[K
[34m                   # paths tracked: 126[39m[K
[34m   # non-singular solutions (real): 126 (4)[39m[K
[34m       # singular endpoints (real): 0 (0)[39m[K
[34m          # total solutions (real): 126 (4)[39m[K
[A
[A
[A
[A




[K[A
[K[A
[K[A
[K[A
[32mTracking 252 paths...  65%|ΓûêΓûêΓûêΓûêΓûêΓûêΓûêΓûêΓûêΓûêΓûêΓûêΓûêΓûêΓûêΓûêΓûêΓûêΓûê          |  ETA: 0:00:01[39m[K
[34m                   # paths tracked: 163[39m[K
[34m   # non-singular solutions (real): 163 (7)[39m[K
[34m       # singular endpoints (real): 0 (0)[39m[K
[34m          # total solutions (real): 163 (7)[39m[K
[A
[A
[A
[A




[K[A
[K[A
[K[A
[K[A
[32mTracking 252 paths...  79%|ΓûêΓûêΓûêΓûêΓûêΓûêΓûêΓûêΓûêΓûêΓûêΓûêΓûêΓûêΓûêΓûêΓûêΓûêΓûêΓûêΓûêΓûêΓûê      |  ETA: 0:00:00[39m[K
[34m                   # paths tracked: 199[39m[K
[34m   # non-singular solutions (real): 199 (8)[39m[K
[34m       # singular endpoints (real): 0 (0)[39m[K
[34m          # total solutions (real): 199 (8)[39m[K
[A
[A
[A
[A




[K[A
[K[A
[K[A
[K[A
[32mTracking 252 paths...  94%|ΓûêΓûêΓûêΓûêΓûêΓûêΓûêΓûêΓûêΓûêΓûêΓûêΓûêΓûêΓûêΓûêΓûêΓûêΓûêΓûêΓûêΓûêΓûêΓûêΓûêΓûêΓûêΓûê |  ETA: 0:00:00[39m[K
[34m                   # paths tracked: 237[39m[K
[34m   # non-singular solutions (real): 237 (10)[39m[K
[34m       # singular endpoints (real): 0 (0)[39m[K
[34m          # total solutions (real): 237 (10)[39m[K
[A
[A
[A
[A




[K[A
[K[A
[K[A
[K[A
[32mTracking 252 paths... 100%|ΓûêΓûêΓûêΓûêΓûêΓûêΓûêΓûêΓûêΓûêΓûêΓûêΓûêΓûêΓûêΓûêΓûêΓûêΓûêΓûêΓûêΓûêΓûêΓûêΓûêΓûêΓûêΓûêΓûê| Time: 0:00:01[39m[K
[34m                   # paths tracked: 252[39m[K
[34m   # non-singular solutions (real): 252 (12)[39m[K
[34m       # singular endpoints (real): 0 (0)[39m[K
[34m          # total solutions (real): 252 (12)[39m[K

[32mTracking 252 paths...  32%|ΓûêΓûêΓûêΓûêΓûêΓûêΓûêΓûêΓûêΓûê                   |  ETA: 0:00:01[39m[K
[34m                   # paths tracked: 80[39m[K
[34m   # non-singular solutions (real): 80 (5)[39m[K
[34m       # singular endpoints (real): 0 (0)[39m[K
[34m          # total solutions (real): 80 (5)[39m[K
[A
[A
[A
[A




[K[A
[K[A
[K[A
[K[A
[32mTracking 252 paths...  44%|ΓûêΓûêΓûêΓûêΓûêΓûêΓûêΓûêΓûêΓûêΓûêΓûêΓûê                |  ETA: 0:00:01[39m[K
[34m                   # paths tracked: 112[39m[K
[34m   # non-singular solutions (real): 112 (8)[39m[K
[34m       # singular endpoints (real): 0 (0)[39m[K
[34m          # total solutions (real): 112 (8)[39m[K
[A
[A
[A
[A




[K[A
[K[A
[K[A
[K[A
[32mTracking 252 paths...  58%|ΓûêΓûêΓûêΓûêΓûêΓûêΓûêΓûêΓûêΓûêΓûêΓûêΓûêΓûêΓûêΓûêΓûê            |  ETA: 0:00:01[39m[K
[34m                   # paths tracked: 145[39m[K
[34m   # non-singular solutions (real): 145 (9)[39m[K
[34m       # singular endpoints (real): 0 (0)[39m[K
[34m          # total solutions (real): 145 (9)[39m[K
[A
[A
[A
[A




[K[A
[K[A
[K[A
[K[A
[32mTracking 252 paths...  71%|ΓûêΓûêΓûêΓûêΓûêΓûêΓûêΓûêΓûêΓûêΓûêΓûêΓûêΓûêΓûêΓûêΓûêΓûêΓûêΓûêΓûê        |  ETA: 0:00:00[39m[K
[34m                   # paths tracked: 179[39m[K
[34m   # non-singular solutions (real): 179 (11)[39m[K
[34m       # singular endpoints (real): 0 (0)[39m[K
[34m          # total solutions (real): 179 (11)[39m[K
[A
[A
[A
[A




[K[A
[K[A
[K[A
[K[A
[32mTracking 252 paths...  83%|ΓûêΓûêΓûêΓûêΓûêΓûêΓûêΓûêΓûêΓûêΓûêΓûêΓûêΓûêΓûêΓûêΓûêΓûêΓûêΓûêΓûêΓûêΓûêΓûêΓûê    |  ETA: 0:00:00[39m[K
[34m                   # paths tracked: 209[39m[K
[34m   # non-singular solutions (real): 209 (11)[39m[K
[34m       # singular endpoints (real): 0 (0)[39m[K
[34m          # total solutions (real): 209 (11)[39m[K
[A
[A
[A
[A




[K[A
[K[A
[K[A
[K[A
[32mTracking 252 paths...  96%|ΓûêΓûêΓûêΓûêΓûêΓûêΓûêΓûêΓûêΓûêΓûêΓûêΓûêΓûêΓûêΓûêΓûêΓûêΓûêΓûêΓûêΓûêΓûêΓûêΓûêΓûêΓûêΓûê |  ETA: 0:00:00[39m[K
[34m                   # paths tracked: 242[39m[K
[34m   # non-singular solutions (real): 242 (12)[39m[K
[34m       # singular endpoints (real): 0 (0)[39m[K
[34m          # total solutions (real): 242 (12)[39m[K
[A
[A
[A
[A




[K[A
[K[A
[K[A
[K[A
[32mTracking 252 paths... 100%|ΓûêΓûêΓûêΓûêΓûêΓûêΓûêΓûêΓûêΓûêΓûêΓûêΓûêΓûêΓûêΓûêΓûêΓûêΓûêΓûêΓûêΓûêΓûêΓûêΓûêΓûêΓûêΓûêΓûê| Time: 0:00:01[39m[K
[34m                   # paths tracked: 252[39m[K
[34m   # non-singular solutions (real): 252 (12)[39m[K
[34m       # singular endpoints (real): 0 (0)[39m[K
[34m          # total solutions (real): 252 (12)[39m[K

[32mTracking 252 paths...  30%|ΓûêΓûêΓûêΓûêΓûêΓûêΓûêΓûêΓûê                    |  ETA: 0:00:01[39m[K
[34m                   # paths tracked: 75[39m[K
[34m   # non-singular solutions (real): 75 (4)[39m[K
[34m       # singular endpoints (real): 0 (0)[39m[K
[34m          # total solutions (real): 75 (4)[39m[K
[A
[A
[A
[A




[K[A
[K[A
[K[A
[K[A
[32mTracking 252 paths...  43%|ΓûêΓûêΓûêΓûêΓûêΓûêΓûêΓûêΓûêΓûêΓûêΓûêΓûê                |  ETA: 0:00:01[39m[K
[34m                   # paths tracked: 109[39m[K
[34m   # non-singular solutions (real): 109 (6)[39m[K
[34m       # singular endpoints (real): 0 (0)[39m[K
[34m          # total solutions (real): 109 (6)[39m[K
[A
[A
[A
[A




[K[A
[K[A
[K[A
[K[A
[32mTracking 252 paths...  56%|ΓûêΓûêΓûêΓûêΓûêΓûêΓûêΓûêΓûêΓûêΓûêΓûêΓûêΓûêΓûêΓûêΓûê            |  ETA: 0:00:01[39m[K
[34m                   # paths tracked: 140[39m[K
[34m   # non-singular solutions (real): 140 (9)[39m[K
[34m       # singular endpoints (real): 0 (0)[39m[K
[34m          # total solutions (real): 140 (9)[39m[K
[A
[A
[A
[A




[K[A
[K[A
[K[A
[K[A
[32mTracking 252 paths...  67%|ΓûêΓûêΓûêΓûêΓûêΓûêΓûêΓûêΓûêΓûêΓûêΓûêΓûêΓûêΓûêΓûêΓûêΓûêΓûêΓûê         |  ETA: 0:00:01[39m[K
[34m                   # paths tracked: 169[39m[K
[34m   # non-singular solutions (real): 169 (9)[39m[K
[34m       # singular endpoints (real): 0 (0)[39m[K
[34m          # total solutions (real): 169 (9)[39m[K
[A
[A
[A
[A




[K[A
[K[A
[K[A
[K[A
[32mTracking 252 paths...  80%|ΓûêΓûêΓûêΓûêΓûêΓûêΓûêΓûêΓûêΓûêΓûêΓûêΓûêΓûêΓûêΓûêΓûêΓûêΓûêΓûêΓûêΓûêΓûêΓûê     |  ETA: 0:00:00[39m[K
[34m                   # paths tracked: 201[39m[K
[34m   # non-singular solutions (real): 201 (10)[39m[K
[34m       # singular endpoints (real): 0 (0)[39m[K
[34m          # total solutions (real): 201 (10)[39m[K
[A
[A
[A
[A




[K[A
[K[A
[K[A
[K[A
[32mTracking 252 paths...  95%|ΓûêΓûêΓûêΓûêΓûêΓûêΓûêΓûêΓûêΓûêΓûêΓûêΓûêΓûêΓûêΓûêΓûêΓûêΓûêΓûêΓûêΓûêΓûêΓûêΓûêΓûêΓûêΓûê |  ETA: 0:00:00[39m[K
[34m                   # paths tracked: 240[39m[K
[34m   # non-singular solutions (real): 240 (11)[39m[K
[34m       # singular endpoints (real): 0 (0)[39m[K
[34m          # total solutions (real): 240 (11)[39m[K
[A
[A
[A
[A




[K[A
[K[A
[K[A
[K[A
[32mTracking 252 paths... 100%|ΓûêΓûêΓûêΓûêΓûêΓûêΓûêΓûêΓûêΓûêΓûêΓûêΓûêΓûêΓûêΓûêΓûêΓûêΓûêΓûêΓûêΓûêΓûêΓûêΓûêΓûêΓûêΓûêΓûê| Time: 0:00:01[39m[K
[34m                   # paths tracked: 252[39m[K
[34m   # non-singular solutions (real): 252 (12)[39m[K
[34m       # singular endpoints (real): 0 (0)[39m[K
[34m          # total solutions (real): 252 (12)[39m[K

[32mTracking 252 paths...  35%|ΓûêΓûêΓûêΓûêΓûêΓûêΓûêΓûêΓûêΓûêΓûê                  |  ETA: 0:00:01[39m[K
[34m                   # paths tracked: 88[39m[K
[34m   # non-singular solutions (real): 88 (4)[39m[K
[34m       # singular endpoints (real): 0 (0)[39m[K
[34m          # total solutions (real): 88 (4)[39m[K
[A
[A
[A
[A




[K[A
[K[A
[K[A
[K[A
[32mTracking 252 paths...  50%|ΓûêΓûêΓûêΓûêΓûêΓûêΓûêΓûêΓûêΓûêΓûêΓûêΓûêΓûêΓûê              |  ETA: 0:00:01[39m[K
[34m                   # paths tracked: 125[39m[K
[34m   # non-singular solutions (real): 125 (6)[39m[K
[34m       # singular endpoints (real): 0 (0)[39m[K
[34m          # total solutions (real): 125 (6)[39m[K
[A
[A
[A
[A




[K[A
[K[A
[K[A
[K[A
[32mTracking 252 paths...  64%|ΓûêΓûêΓûêΓûêΓûêΓûêΓûêΓûêΓûêΓûêΓûêΓûêΓûêΓûêΓûêΓûêΓûêΓûêΓûê          |  ETA: 0:00:01[39m[K
[34m                   # paths tracked: 162[39m[K
[34m   # non-singular solutions (real): 162 (6)[39m[K
[34m       # singular endpoints (real): 0 (0)[39m[K
[34m          # total solutions (real): 162 (6)[39m[K
[A
[A
[A
[A




[K[A
[K[A
[K[A
[K[A
[32mTracking 252 paths...  79%|ΓûêΓûêΓûêΓûêΓûêΓûêΓûêΓûêΓûêΓûêΓûêΓûêΓûêΓûêΓûêΓûêΓûêΓûêΓûêΓûêΓûêΓûêΓûê      |  ETA: 0:00:00[39m[K
[34m                   # paths tracked: 198[39m[K
[34m   # non-singular solutions (real): 198 (8)[39m[K
[34m       # singular endpoints (real): 0 (0)[39m[K
[34m          # total solutions (real): 198 (8)[39m[K
[A
[A
[A
[A




[K[A
[K[A
[K[A
[K[A
[32mTracking 252 paths...  92%|ΓûêΓûêΓûêΓûêΓûêΓûêΓûêΓûêΓûêΓûêΓûêΓûêΓûêΓûêΓûêΓûêΓûêΓûêΓûêΓûêΓûêΓûêΓûêΓûêΓûêΓûêΓûê  |  ETA: 0:00:00[39m[K
[34m                   # paths tracked: 231[39m[K
[34m   # non-singular solutions (real): 231 (11)[39m[K
[34m       # singular endpoints (real): 0 (0)[39m[K
[34m          # total solutions (real): 231 (11)[39m[K
[A
[A
[A
[A




[K[A
[K[A
[K[A
[K[A
[32mTracking 252 paths... 100%|ΓûêΓûêΓûêΓûêΓûêΓûêΓûêΓûêΓûêΓûêΓûêΓûêΓûêΓûêΓûêΓûêΓûêΓûêΓûêΓûêΓûêΓûêΓûêΓûêΓûêΓûêΓûêΓûêΓûê| Time: 0:00:01[39m[K
[34m                   # paths tracked: 252[39m[K
[34m   # non-singular solutions (real): 252 (12)[39m[K
[34m       # singular endpoints (real): 0 (0)[39m[K
[34m          # total solutions (real): 252 (12)[39m[K

[32mTracking 252 paths...  35%|ΓûêΓûêΓûêΓûêΓûêΓûêΓûêΓûêΓûêΓûêΓûê                  |  ETA: 0:00:01[39m[K
[34m                   # paths tracked: 87[39m[K
[34m   # non-singular solutions (real): 87 (4)[39m[K
[34m       # singular endpoints (real): 0 (0)[39m[K
[34m          # total solutions (real): 87 (4)[39m[K
[A
[A
[A
[A




[K[A
[K[A
[K[A
[K[A
[32mTracking 252 paths...  50%|ΓûêΓûêΓûêΓûêΓûêΓûêΓûêΓûêΓûêΓûêΓûêΓûêΓûêΓûêΓûê              |  ETA: 0:00:01[39m[K
[34m                   # paths tracked: 127[39m[K
[34m   # non-singular solutions (real): 127 (6)[39m[K
[34m       # singular endpoints (real): 0 (0)[39m[K
[34m          # total solutions (real): 127 (6)[39m[K
[A
[A
[A
[A




[K[A
[K[A
[K[A
[K[A
[32mTracking 252 paths...  64%|ΓûêΓûêΓûêΓûêΓûêΓûêΓûêΓûêΓûêΓûêΓûêΓûêΓûêΓûêΓûêΓûêΓûêΓûêΓûê          |  ETA: 0:00:01[39m[K
[34m                   # paths tracked: 162[39m[K
[34m   # non-singular solutions (real): 162 (9)[39m[K
[34m       # singular endpoints (real): 0 (0)[39m[K
[34m          # total solutions (real): 162 (9)[39m[K
[A
[A
[A
[A




[K[A
[K[A
[K[A
[K[A
[32mTracking 252 paths...  79%|ΓûêΓûêΓûêΓûêΓûêΓûêΓûêΓûêΓûêΓûêΓûêΓûêΓûêΓûêΓûêΓûêΓûêΓûêΓûêΓûêΓûêΓûêΓûê      |  ETA: 0:00:00[39m[K
[34m                   # paths tracked: 198[39m[K
[34m   # non-singular solutions (real): 198 (9)[39m[K
[34m       # singular endpoints (real): 0 (0)[39m[K
[34m          # total solutions (real): 198 (9)[39m[K
[A
[A
[A
[A




[K[A
[K[A
[K[A
[K[A
[32mTracking 252 paths...  95%|ΓûêΓûêΓûêΓûêΓûêΓûêΓûêΓûêΓûêΓûêΓûêΓûêΓûêΓûêΓûêΓûêΓûêΓûêΓûêΓûêΓûêΓûêΓûêΓûêΓûêΓûêΓûêΓûê |  ETA: 0:00:00[39m[K
[34m                   # paths tracked: 239[39m[K
[34m   # non-singular solutions (real): 239 (10)[39m[K
[34m       # singular endpoints (real): 0 (0)[39m[K
[34m          # total solutions (real): 239 (10)[39m[K
[A
[A
[A
[A




[K[A
[K[A
[K[A
[K[A
[32mTracking 252 paths... 100%|ΓûêΓûêΓûêΓûêΓûêΓûêΓûêΓûêΓûêΓûêΓûêΓûêΓûêΓûêΓûêΓûêΓûêΓûêΓûêΓûêΓûêΓûêΓûêΓûêΓûêΓûêΓûêΓûêΓûê| Time: 0:00:01[39m[K
[34m                   # paths tracked: 252[39m[K
[34m   # non-singular solutions (real): 252 (12)[39m[K
[34m       # singular endpoints (real): 0 (0)[39m[K
[34m          # total solutions (real): 252 (12)[39m[K

[32mTracking 252 paths...  37%|ΓûêΓûêΓûêΓûêΓûêΓûêΓûêΓûêΓûêΓûêΓûê                  |  ETA: 0:00:01[39m[K
[34m                   # paths tracked: 92[39m[K
[34m   # non-singular solutions (real): 92 (3)[39m[K
[34m       # singular endpoints (real): 0 (0)[39m[K
[34m          # total solutions (real): 92 (3)[39m[K
[A
[A
[A
[A




[K[A
[K[A
[K[A
[K[A
[32mTracking 252 paths...  50%|ΓûêΓûêΓûêΓûêΓûêΓûêΓûêΓûêΓûêΓûêΓûêΓûêΓûêΓûêΓûê              |  ETA: 0:00:01[39m[K
[34m                   # paths tracked: 127[39m[K
[34m   # non-singular solutions (real): 127 (5)[39m[K
[34m       # singular endpoints (real): 0 (0)[39m[K
[34m          # total solutions (real): 127 (5)[39m[K
[A
[A
[A
[A




[K[A
[K[A
[K[A
[K[A
[32mTracking 252 paths...  65%|ΓûêΓûêΓûêΓûêΓûêΓûêΓûêΓûêΓûêΓûêΓûêΓûêΓûêΓûêΓûêΓûêΓûêΓûêΓûê          |  ETA: 0:00:00[39m[K
[34m                   # paths tracked: 164[39m[K
[34m   # non-singular solutions (real): 164 (5)[39m[K
[34m       # singular endpoints (real): 0 (0)[39m[K
[34m          # total solutions (real): 164 (5)[39m[K
[A
[A
[A
[A




[K[A
[K[A
[K[A
[K[A
[32mTracking 252 paths...  79%|ΓûêΓûêΓûêΓûêΓûêΓûêΓûêΓûêΓûêΓûêΓûêΓûêΓûêΓûêΓûêΓûêΓûêΓûêΓûêΓûêΓûêΓûêΓûê      |  ETA: 0:00:00[39m[K
[34m                   # paths tracked: 198[39m[K
[34m   # non-singular solutions (real): 198 (7)[39m[K
[34m       # singular endpoints (real): 0 (0)[39m[K
[34m          # total solutions (real): 198 (7)[39m[K
[A
[A
[A
[A




[K[A
[K[A
[K[A
[K[A
[32mTracking 252 paths...  93%|ΓûêΓûêΓûêΓûêΓûêΓûêΓûêΓûêΓûêΓûêΓûêΓûêΓûêΓûêΓûêΓûêΓûêΓûêΓûêΓûêΓûêΓûêΓûêΓûêΓûêΓûêΓûêΓûê |  ETA: 0:00:00[39m[K
[34m                   # paths tracked: 235[39m[K
[34m   # non-singular solutions (real): 235 (9)[39m[K
[34m       # singular endpoints (real): 0 (0)[39m[K
[34m          # total solutions (real): 235 (9)[39m[K
[A
[A
[A
[A




[K[A
[K[A
[K[A
[K[A
[32mTracking 252 paths... 100%|ΓûêΓûêΓûêΓûêΓûêΓûêΓûêΓûêΓûêΓûêΓûêΓûêΓûêΓûêΓûêΓûêΓûêΓûêΓûêΓûêΓûêΓûêΓûêΓûêΓûêΓûêΓûêΓûêΓûê| Time: 0:00:01[39m[K
[34m                   # paths tracked: 252[39m[K
[34m   # non-singular solutions (real): 252 (12)[39m[K
[34m       # singular endpoints (real): 0 (0)[39m[K
[34m          # total solutions (real): 252 (12)[39m[K

[32mTracking 252 paths...  33%|ΓûêΓûêΓûêΓûêΓûêΓûêΓûêΓûêΓûêΓûê                   |  ETA: 0:00:01[39m[K
[34m                   # paths tracked: 82[39m[K
[34m   # non-singular solutions (real): 82 (1)[39m[K
[34m       # singular endpoints (real): 0 (0)[39m[K
[34m          # total solutions (real): 82 (1)[39m[K
[A
[A
[A
[A




[K[A
[K[A
[K[A
[K[A
[32mTracking 252 paths...  46%|ΓûêΓûêΓûêΓûêΓûêΓûêΓûêΓûêΓûêΓûêΓûêΓûêΓûêΓûê               |  ETA: 0:00:01[39m[K
[34m                   # paths tracked: 117[39m[K
[34m   # non-singular solutions (real): 117 (3)[39m[K
[34m       # singular endpoints (real): 0 (0)[39m[K
[34m          # total solutions (real): 117 (3)[39m[K
[A
[A
[A
[A




[K[A
[K[A
[K[A
[K[A
[32mTracking 252 paths...  60%|ΓûêΓûêΓûêΓûêΓûêΓûêΓûêΓûêΓûêΓûêΓûêΓûêΓûêΓûêΓûêΓûêΓûêΓûê           |  ETA: 0:00:01[39m[K
[34m                   # paths tracked: 151[39m[K
[34m   # non-singular solutions (real): 151 (3)[39m[K
[34m       # singular endpoints (real): 0 (0)[39m[K
[34m          # total solutions (real): 151 (3)[39m[K
[A
[A
[A
[A




[K[A
[K[A
[K[A
[K[A
[32mTracking 252 paths...  73%|ΓûêΓûêΓûêΓûêΓûêΓûêΓûêΓûêΓûêΓûêΓûêΓûêΓûêΓûêΓûêΓûêΓûêΓûêΓûêΓûêΓûêΓûê       |  ETA: 0:00:00[39m[K
[34m                   # paths tracked: 183[39m[K
[34m   # non-singular solutions (real): 183 (6)[39m[K
[34m       # singular endpoints (real): 0 (0)[39m[K
[34m          # total solutions (real): 183 (6)[39m[K
[A
[A
[A
[A




[K[A
[K[A
[K[A
[K[A
[32mTracking 252 paths...  86%|ΓûêΓûêΓûêΓûêΓûêΓûêΓûêΓûêΓûêΓûêΓûêΓûêΓûêΓûêΓûêΓûêΓûêΓûêΓûêΓûêΓûêΓûêΓûêΓûêΓûê    |  ETA: 0:00:00[39m[K
[34m                   # paths tracked: 216[39m[K
[34m   # non-singular solutions (real): 216 (10)[39m[K
[34m       # singular endpoints (real): 0 (0)[39m[K
[34m          # total solutions (real): 216 (10)[39m[K
[A
[A
[A
[A




[K[A
[K[A
[K[A
[K[A
[32mTracking 252 paths...  98%|ΓûêΓûêΓûêΓûêΓûêΓûêΓûêΓûêΓûêΓûêΓûêΓûêΓûêΓûêΓûêΓûêΓûêΓûêΓûêΓûêΓûêΓûêΓûêΓûêΓûêΓûêΓûêΓûêΓûê|  ETA: 0:00:00[39m[K
[34m                   # paths tracked: 246[39m[K
[34m   # non-singular solutions (real): 246 (12)[39m[K
[34m       # singular endpoints (real): 0 (0)[39m[K
[34m          # total solutions (real): 246 (12)[39m[K
[A
[A
[A
[A




[K[A
[K[A
[K[A
[K[A
[32mTracking 252 paths... 100%|ΓûêΓûêΓûêΓûêΓûêΓûêΓûêΓûêΓûêΓûêΓûêΓûêΓûêΓûêΓûêΓûêΓûêΓûêΓûêΓûêΓûêΓûêΓûêΓûêΓûêΓûêΓûêΓûêΓûê| Time: 0:00:01[39m[K
[34m                   # paths tracked: 252[39m[K
[34m   # non-singular solutions (real): 252 (12)[39m[K
[34m       # singular endpoints (real): 0 (0)[39m[K
[34m          # total solutions (real): 252 (12)[39m[K

[32mTracking 252 paths...  35%|ΓûêΓûêΓûêΓûêΓûêΓûêΓûêΓûêΓûêΓûêΓûê                  |  ETA: 0:00:01[39m[K
[34m                   # paths tracked: 88[39m[K
[34m   # non-singular solutions (real): 88 (4)[39m[K
[34m       # singular endpoints (real): 0 (0)[39m[K
[34m          # total solutions (real): 88 (4)[39m[K
[A
[A
[A
[A




[K[A
[K[A
[K[A
[K[A
[32mTracking 252 paths...  41%|ΓûêΓûêΓûêΓûêΓûêΓûêΓûêΓûêΓûêΓûêΓûêΓûê                 |  ETA: 0:00:01[39m[K
[34m                   # paths tracked: 103[39m[K
[34m   # non-singular solutions (real): 103 (4)[39m[K
[34m       # singular endpoints (real): 0 (0)[39m[K
[34m          # total solutions (real): 103 (4)[39m[K
[A
[A
[A
[A




[K[A
[K[A
[K[A
[K[A
[32mTracking 252 paths...  57%|ΓûêΓûêΓûêΓûêΓûêΓûêΓûêΓûêΓûêΓûêΓûêΓûêΓûêΓûêΓûêΓûêΓûê            |  ETA: 0:00:01[39m[K
[34m                   # paths tracked: 144[39m[K
[34m   # non-singular solutions (real): 144 (5)[39m[K
[34m       # singular endpoints (real): 0 (0)[39m[K
[34m          # total solutions (real): 144 (5)[39m[K
[A
[A
[A
[A




[K[A
[K[A
[K[A
[K[A
[32mTracking 252 paths...  71%|ΓûêΓûêΓûêΓûêΓûêΓûêΓûêΓûêΓûêΓûêΓûêΓûêΓûêΓûêΓûêΓûêΓûêΓûêΓûêΓûêΓûê        |  ETA: 0:00:01[39m[K
[34m                   # paths tracked: 179[39m[K
[34m   # non-singular solutions (real): 179 (9)[39m[K
[34m       # singular endpoints (real): 0 (0)[39m[K
[34m          # total solutions (real): 179 (9)[39m[K
[A
[A
[A
[A




[K[A
[K[A
[K[A
[K[A
[32mTracking 252 paths...  85%|ΓûêΓûêΓûêΓûêΓûêΓûêΓûêΓûêΓûêΓûêΓûêΓûêΓûêΓûêΓûêΓûêΓûêΓûêΓûêΓûêΓûêΓûêΓûêΓûêΓûê    |  ETA: 0:00:00[39m[K
[34m                   # paths tracked: 214[39m[K
[34m   # non-singular solutions (real): 214 (11)[39m[K
[34m       # singular endpoints (real): 0 (0)[39m[K
[34m          # total solutions (real): 214 (11)[39m[K
[A
[A
[A
[A




[K[A
[K[A
[K[A
[K[A
[32mTracking 252 paths...  98%|ΓûêΓûêΓûêΓûêΓûêΓûêΓûêΓûêΓûêΓûêΓûêΓûêΓûêΓûêΓûêΓûêΓûêΓûêΓûêΓûêΓûêΓûêΓûêΓûêΓûêΓûêΓûêΓûêΓûê|  ETA: 0:00:00[39m[K
[34m                   # paths tracked: 246[39m[K
[34m   # non-singular solutions (real): 246 (12)[39m[K
[34m       # singular endpoints (real): 0 (0)[39m[K
[34m          # total solutions (real): 246 (12)[39m[K
[A
[A
[A
[A




[K[A
[K[A
[K[A
[K[A
[32mTracking 252 paths... 100%|ΓûêΓûêΓûêΓûêΓûêΓûêΓûêΓûêΓûêΓûêΓûêΓûêΓûêΓûêΓûêΓûêΓûêΓûêΓûêΓûêΓûêΓûêΓûêΓûêΓûêΓûêΓûêΓûêΓûê| Time: 0:00:01[39m[K
[34m                   # paths tracked: 252[39m[K
[34m   # non-singular solutions (real): 252 (12)[39m[K
[34m       # singular endpoints (real): 0 (0)[39m[K
[34m          # total solutions (real): 252 (12)[39m[K

[32mTracking 252 paths...  35%|ΓûêΓûêΓûêΓûêΓûêΓûêΓûêΓûêΓûêΓûêΓûê                  |  ETA: 0:00:01[39m[K
[34m                   # paths tracked: 88[39m[K
[34m   # non-singular solutions (real): 88 (5)[39m[K
[34m       # singular endpoints (real): 0 (0)[39m[K
[34m          # total solutions (real): 88 (5)[39m[K
[A
[A
[A
[A




[K[A
[K[A
[K[A
[K[A
[32mTracking 252 paths...  48%|ΓûêΓûêΓûêΓûêΓûêΓûêΓûêΓûêΓûêΓûêΓûêΓûêΓûêΓûê               |  ETA: 0:00:01[39m[K
[34m                   # paths tracked: 121[39m[K
[34m   # non-singular solutions (real): 121 (8)[39m[K
[34m       # singular endpoints (real): 0 (0)[39m[K
[34m          # total solutions (real): 121 (8)[39m[K
[A
[A
[A
[A




[K[A
[K[A
[K[A
[K[A
[32mTracking 252 paths...  65%|ΓûêΓûêΓûêΓûêΓûêΓûêΓûêΓûêΓûêΓûêΓûêΓûêΓûêΓûêΓûêΓûêΓûêΓûêΓûê          |  ETA: 0:00:00[39m[K
[34m                   # paths tracked: 165[39m[K
[34m   # non-singular solutions (real): 165 (9)[39m[K
[34m       # singular endpoints (real): 0 (0)[39m[K
[34m          # total solutions (real): 165 (9)[39m[K
[A
[A
[A
[A




[K[A
[K[A
[K[A
[K[A
[32mTracking 252 paths...  81%|ΓûêΓûêΓûêΓûêΓûêΓûêΓûêΓûêΓûêΓûêΓûêΓûêΓûêΓûêΓûêΓûêΓûêΓûêΓûêΓûêΓûêΓûêΓûêΓûê     |  ETA: 0:00:00[39m[K
[34m                   # paths tracked: 204[39m[K
[34m   # non-singular solutions (real): 204 (10)[39m[K
[34m       # singular endpoints (real): 0 (0)[39m[K
[34m          # total solutions (real): 204 (10)[39m[K
[A
[A
[A
[A




[K[A
[K[A
[K[A
[K[A
[32mTracking 252 paths...  96%|ΓûêΓûêΓûêΓûêΓûêΓûêΓûêΓûêΓûêΓûêΓûêΓûêΓûêΓûêΓûêΓûêΓûêΓûêΓûêΓûêΓûêΓûêΓûêΓûêΓûêΓûêΓûêΓûê |  ETA: 0:00:00[39m[K
[34m                   # paths tracked: 243[39m[K
[34m   # non-singular solutions (real): 243 (11)[39m[K
[34m       # singular endpoints (real): 0 (0)[39m[K
[34m          # total solutions (real): 243 (11)[39m[K
[A
[A
[A
[A




[K[A
[K[A
[K[A
[K[A
[32mTracking 252 paths... 100%|ΓûêΓûêΓûêΓûêΓûêΓûêΓûêΓûêΓûêΓûêΓûêΓûêΓûêΓûêΓûêΓûêΓûêΓûêΓûêΓûêΓûêΓûêΓûêΓûêΓûêΓûêΓûêΓûêΓûê| Time: 0:00:01[39m[K
[34m                   # paths tracked: 252[39m[K
[34m   # non-singular solutions (real): 252 (12)[39m[K
[34m       # singular endpoints (real): 0 (0)[39m[K
[34m          # total solutions (real): 252 (12)[39m[K

[32mTracking 252 paths...  36%|ΓûêΓûêΓûêΓûêΓûêΓûêΓûêΓûêΓûêΓûêΓûê                  |  ETA: 0:00:01[39m[K
[34m                   # paths tracked: 91[39m[K
[34m   # non-singular solutions (real): 91 (5)[39m[K
[34m       # singular endpoints (real): 0 (0)[39m[K
[34m          # total solutions (real): 91 (5)[39m[K
[A
[A
[A
[A




[K[A
[K[A
[K[A
[K[A
[32mTracking 252 paths...  50%|ΓûêΓûêΓûêΓûêΓûêΓûêΓûêΓûêΓûêΓûêΓûêΓûêΓûêΓûêΓûê              |  ETA: 0:00:01[39m[K
[34m                   # paths tracked: 127[39m[K
[34m   # non-singular solutions (real): 127 (6)[39m[K
[34m       # singular endpoints (real): 0 (0)[39m[K
[34m          # total solutions (real): 127 (6)[39m[K
[A
[A
[A
[A




[K[A
[K[A
[K[A
[K[A
[32mTracking 252 paths...  65%|ΓûêΓûêΓûêΓûêΓûêΓûêΓûêΓûêΓûêΓûêΓûêΓûêΓûêΓûêΓûêΓûêΓûêΓûêΓûê          |  ETA: 0:00:01[39m[K
[34m                   # paths tracked: 163[39m[K
[34m   # non-singular solutions (real): 163 (8)[39m[K
[34m       # singular endpoints (real): 0 (0)[39m[K
[34m          # total solutions (real): 163 (8)[39m[K
[A
[A
[A
[A




[K[A
[K[A
[K[A
[K[A
[32mTracking 252 paths...  80%|ΓûêΓûêΓûêΓûêΓûêΓûêΓûêΓûêΓûêΓûêΓûêΓûêΓûêΓûêΓûêΓûêΓûêΓûêΓûêΓûêΓûêΓûêΓûêΓûê     |  ETA: 0:00:00[39m[K
[34m                   # paths tracked: 201[39m[K
[34m   # non-singular solutions (real): 201 (9)[39m[K
[34m       # singular endpoints (real): 0 (0)[39m[K
[34m          # total solutions (real): 201 (9)[39m[K
[A
[A
[A
[A




[K[A
[K[A
[K[A
[K[A
[32mTracking 252 paths...  95%|ΓûêΓûêΓûêΓûêΓûêΓûêΓûêΓûêΓûêΓûêΓûêΓûêΓûêΓûêΓûêΓûêΓûêΓûêΓûêΓûêΓûêΓûêΓûêΓûêΓûêΓûêΓûêΓûê |  ETA: 0:00:00[39m[K
[34m                   # paths tracked: 239[39m[K
[34m   # non-singular solutions (real): 239 (12)[39m[K
[34m       # singular endpoints (real): 0 (0)[39m[K
[34m          # total solutions (real): 239 (12)[39m[K
[A
[A
[A
[A




[K[A
[K[A
[K[A
[K[A
[32mTracking 252 paths... 100%|ΓûêΓûêΓûêΓûêΓûêΓûêΓûêΓûêΓûêΓûêΓûêΓûêΓûêΓûêΓûêΓûêΓûêΓûêΓûêΓûêΓûêΓûêΓûêΓûêΓûêΓûêΓûêΓûêΓûê| Time: 0:00:01[39m[K
[34m                   # paths tracked: 252[39m[K
[34m   # non-singular solutions (real): 252 (12)[39m[K
[34m       # singular endpoints (real): 0 (0)[39m[K
[34m          # total solutions (real): 252 (12)[39m[K

[32mTracking 252 paths...  35%|ΓûêΓûêΓûêΓûêΓûêΓûêΓûêΓûêΓûêΓûêΓûê                  |  ETA: 0:00:01[39m[K
[34m                   # paths tracked: 87[39m[K
[34m   # non-singular solutions (real): 87 (5)[39m[K
[34m       # singular endpoints (real): 0 (0)[39m[K
[34m          # total solutions (real): 87 (5)[39m[K
[A
[A
[A
[A




[K[A
[K[A
[K[A
[K[A
[32mTracking 252 paths...  50%|ΓûêΓûêΓûêΓûêΓûêΓûêΓûêΓûêΓûêΓûêΓûêΓûêΓûêΓûêΓûê              |  ETA: 0:00:01[39m[K
[34m                   # paths tracked: 126[39m[K
[34m   # non-singular solutions (real): 126 (7)[39m[K
[34m       # singular endpoints (real): 0 (0)[39m[K
[34m          # total solutions (real): 126 (7)[39m[K
[A
[A
[A
[A




[K[A
[K[A
[K[A
[K[A
[32mTracking 252 paths...  65%|ΓûêΓûêΓûêΓûêΓûêΓûêΓûêΓûêΓûêΓûêΓûêΓûêΓûêΓûêΓûêΓûêΓûêΓûêΓûê          |  ETA: 0:00:01[39m[K
[34m                   # paths tracked: 163[39m[K
[34m   # non-singular solutions (real): 163 (8)[39m[K
[34m       # singular endpoints (real): 0 (0)[39m[K
[34m          # total solutions (real): 163 (8)[39m[K
[A
[A
[A
[A




[K[A
[K[A
[K[A
[K[A
[32mTracking 252 paths...  79%|ΓûêΓûêΓûêΓûêΓûêΓûêΓûêΓûêΓûêΓûêΓûêΓûêΓûêΓûêΓûêΓûêΓûêΓûêΓûêΓûêΓûêΓûêΓûê      |  ETA: 0:00:00[39m[K
[34m                   # paths tracked: 199[39m[K
[34m   # non-singular solutions (real): 199 (8)[39m[K
[34m       # singular endpoints (real): 0 (0)[39m[K
[34m          # total solutions (real): 199 (8)[39m[K
[A
[A
[A
[A




[K[A
[K[A
[K[A
[K[A
[32mTracking 252 paths...  93%|ΓûêΓûêΓûêΓûêΓûêΓûêΓûêΓûêΓûêΓûêΓûêΓûêΓûêΓûêΓûêΓûêΓûêΓûêΓûêΓûêΓûêΓûêΓûêΓûêΓûêΓûêΓûêΓûê |  ETA: 0:00:00[39m[K
[34m                   # paths tracked: 235[39m[K
[34m   # non-singular solutions (real): 235 (8)[39m[K
[34m       # singular endpoints (real): 0 (0)[39m[K
[34m          # total solutions (real): 235 (8)[39m[K
[A
[A
[A
[A




[K[A
[K[A
[K[A
[K[A
[32mTracking 252 paths... 100%|ΓûêΓûêΓûêΓûêΓûêΓûêΓûêΓûêΓûêΓûêΓûêΓûêΓûêΓûêΓûêΓûêΓûêΓûêΓûêΓûêΓûêΓûêΓûêΓûêΓûêΓûêΓûêΓûêΓûê| Time: 0:00:01[39m[K
[34m                   # paths tracked: 252[39m[K
[34m   # non-singular solutions (real): 252 (12)[39m[K
[34m       # singular endpoints (real): 0 (0)[39m[K
[34m          # total solutions (real): 252 (12)[39m[K

[32mTracking 252 paths...  36%|ΓûêΓûêΓûêΓûêΓûêΓûêΓûêΓûêΓûêΓûêΓûê                  |  ETA: 0:00:01[39m[K
[34m                   # paths tracked: 90[39m[K
[34m   # non-singular solutions (real): 90 (1)[39m[K
[34m       # singular endpoints (real): 0 (0)[39m[K
[34m          # total solutions (real): 90 (1)[39m[K
[A
[A
[A
[A




[K[A
[K[A
[K[A
[K[A
[32mTracking 252 paths...  51%|ΓûêΓûêΓûêΓûêΓûêΓûêΓûêΓûêΓûêΓûêΓûêΓûêΓûêΓûêΓûê              |  ETA: 0:00:01[39m[K
[34m                   # paths tracked: 128[39m[K
[34m   # non-singular solutions (real): 128 (3)[39m[K
[34m       # singular endpoints (real): 0 (0)[39m[K
[34m          # total solutions (real): 128 (3)[39m[K
[A
[A
[A
[A




[K[A
[K[A
[K[A
[K[A
[32mTracking 252 paths...  65%|ΓûêΓûêΓûêΓûêΓûêΓûêΓûêΓûêΓûêΓûêΓûêΓûêΓûêΓûêΓûêΓûêΓûêΓûêΓûê          |  ETA: 0:00:01[39m[K
[34m                   # paths tracked: 163[39m[K
[34m   # non-singular solutions (real): 163 (4)[39m[K
[34m       # singular endpoints (real): 0 (0)[39m[K
[34m          # total solutions (real): 163 (4)[39m[K
[A
[A
[A
[A




[K[A
[K[A
[K[A
[K[A
[32mTracking 252 paths...  79%|ΓûêΓûêΓûêΓûêΓûêΓûêΓûêΓûêΓûêΓûêΓûêΓûêΓûêΓûêΓûêΓûêΓûêΓûêΓûêΓûêΓûêΓûêΓûêΓûê     |  ETA: 0:00:00[39m[K
[34m                   # paths tracked: 200[39m[K
[34m   # non-singular solutions (real): 200 (8)[39m[K
[34m       # singular endpoints (real): 0 (0)[39m[K
[34m          # total solutions (real): 200 (8)[39m[K
[A
[A
[A
[A




[K[A
[K[A
[K[A
[K[A
[32mTracking 252 paths...  94%|ΓûêΓûêΓûêΓûêΓûêΓûêΓûêΓûêΓûêΓûêΓûêΓûêΓûêΓûêΓûêΓûêΓûêΓûêΓûêΓûêΓûêΓûêΓûêΓûêΓûêΓûêΓûêΓûê |  ETA: 0:00:00[39m[K
[34m                   # paths tracked: 238[39m[K
[34m   # non-singular solutions (real): 238 (9)[39m[K
[34m       # singular endpoints (real): 0 (0)[39m[K
[34m          # total solutions (real): 238 (9)[39m[K
[A
[A
[A
[A




[K[A
[K[A
[K[A
[K[A
[32mTracking 252 paths... 100%|ΓûêΓûêΓûêΓûêΓûêΓûêΓûêΓûêΓûêΓûêΓûêΓûêΓûêΓûêΓûêΓûêΓûêΓûêΓûêΓûêΓûêΓûêΓûêΓûêΓûêΓûêΓûêΓûêΓûê| Time: 0:00:01[39m[K
[34m                   # paths tracked: 252[39m[K
[34m   # non-singular solutions (real): 252 (12)[39m[K
[34m       # singular endpoints (real): 0 (0)[39m[K
[34m          # total solutions (real): 252 (12)[39m[K

[32mTracking 252 paths...  37%|ΓûêΓûêΓûêΓûêΓûêΓûêΓûêΓûêΓûêΓûêΓûê                  |  ETA: 0:00:01[39m[K
[34m                   # paths tracked: 93[39m[K
[34m   # non-singular solutions (real): 93 (5)[39m[K
[34m       # singular endpoints (real): 0 (0)[39m[K
[34m          # total solutions (real): 93 (5)[39m[K
[A
[A
[A
[A




[K[A
[K[A
[K[A
[K[A
[32mTracking 252 paths...  51%|ΓûêΓûêΓûêΓûêΓûêΓûêΓûêΓûêΓûêΓûêΓûêΓûêΓûêΓûêΓûê              |  ETA: 0:00:01[39m[K
[34m                   # paths tracked: 128[39m[K
[34m   # non-singular solutions (real): 128 (7)[39m[K
[34m       # singular endpoints (real): 0 (0)[39m[K
[34m          # total solutions (real): 128 (7)[39m[K
[A
[A
[A
[A




[K[A
[K[A
[K[A
[K[A
[32mTracking 252 paths...  64%|ΓûêΓûêΓûêΓûêΓûêΓûêΓûêΓûêΓûêΓûêΓûêΓûêΓûêΓûêΓûêΓûêΓûêΓûêΓûê          |  ETA: 0:00:01[39m[K
[34m                   # paths tracked: 162[39m[K
[34m   # non-singular solutions (real): 162 (7)[39m[K
[34m       # singular endpoints (real): 0 (0)[39m[K
[34m          # total solutions (real): 162 (7)[39m[K
[A
[A
[A
[A




[K[A
[K[A
[K[A
[K[A
[32mTracking 252 paths...  79%|ΓûêΓûêΓûêΓûêΓûêΓûêΓûêΓûêΓûêΓûêΓûêΓûêΓûêΓûêΓûêΓûêΓûêΓûêΓûêΓûêΓûêΓûêΓûêΓûê     |  ETA: 0:00:00[39m[K
[34m                   # paths tracked: 200[39m[K
[34m   # non-singular solutions (real): 200 (9)[39m[K
[34m       # singular endpoints (real): 0 (0)[39m[K
[34m          # total solutions (real): 200 (9)[39m[K
[A
[A
[A
[A




[K[A
[K[A
[K[A
[K[A
[32mTracking 252 paths...  96%|ΓûêΓûêΓûêΓûêΓûêΓûêΓûêΓûêΓûêΓûêΓûêΓûêΓûêΓûêΓûêΓûêΓûêΓûêΓûêΓûêΓûêΓûêΓûêΓûêΓûêΓûêΓûêΓûê |  ETA: 0:00:00[39m[K
[34m                   # paths tracked: 241[39m[K
[34m   # non-singular solutions (real): 241 (11)[39m[K
[34m       # singular endpoints (real): 0 (0)[39m[K
[34m          # total solutions (real): 241 (11)[39m[K
[A
[A
[A
[A




[K[A
[K[A
[K[A
[K[A
[32mTracking 252 paths... 100%|ΓûêΓûêΓûêΓûêΓûêΓûêΓûêΓûêΓûêΓûêΓûêΓûêΓûêΓûêΓûêΓûêΓûêΓûêΓûêΓûêΓûêΓûêΓûêΓûêΓûêΓûêΓûêΓûêΓûê| Time: 0:00:01[39m[K
[34m                   # paths tracked: 252[39m[K
[34m   # non-singular solutions (real): 252 (12)[39m[K
[34m       # singular endpoints (real): 0 (0)[39m[K
[34m          # total solutions (real): 252 (12)[39m[K

[32mTracking 252 paths...  38%|ΓûêΓûêΓûêΓûêΓûêΓûêΓûêΓûêΓûêΓûêΓûê                  |  ETA: 0:00:01[39m[K
[34m                   # paths tracked: 95[39m[K
[34m   # non-singular solutions (real): 95 (5)[39m[K
[34m       # singular endpoints (real): 0 (0)[39m[K
[34m          # total solutions (real): 95 (5)[39m[K
[A
[A
[A
[A




[K[A
[K[A
[K[A
[K[A
[32mTracking 252 paths...  53%|ΓûêΓûêΓûêΓûêΓûêΓûêΓûêΓûêΓûêΓûêΓûêΓûêΓûêΓûêΓûêΓûê             |  ETA: 0:00:01[39m[K
[34m                   # paths tracked: 133[39m[K
[34m   # non-singular solutions (real): 133 (8)[39m[K
[34m       # singular endpoints (real): 0 (0)[39m[K
[34m          # total solutions (real): 133 (8)[39m[K
[A
[A
[A
[A




[K[A
[K[A
[K[A
[K[A
[32mTracking 252 paths...  68%|ΓûêΓûêΓûêΓûêΓûêΓûêΓûêΓûêΓûêΓûêΓûêΓûêΓûêΓûêΓûêΓûêΓûêΓûêΓûêΓûê         |  ETA: 0:00:00[39m[K
[34m                   # paths tracked: 171[39m[K
[34m   # non-singular solutions (real): 171 (8)[39m[K
[34m       # singular endpoints (real): 0 (0)[39m[K
[34m          # total solutions (real): 171 (8)[39m[K
[A
[A
[A
[A




[K[A
[K[A
[K[A
[K[A
[32mTracking 252 paths...  81%|ΓûêΓûêΓûêΓûêΓûêΓûêΓûêΓûêΓûêΓûêΓûêΓûêΓûêΓûêΓûêΓûêΓûêΓûêΓûêΓûêΓûêΓûêΓûêΓûê     |  ETA: 0:00:00[39m[K
[34m                   # paths tracked: 205[39m[K
[34m   # non-singular solutions (real): 205 (9)[39m[K
[34m       # singular endpoints (real): 0 (0)[39m[K
[34m          # total solutions (real): 205 (9)[39m[K
[A
[A
[A
[A




[K[A
[K[A
[K[A
[K[A
[32mTracking 252 paths...  96%|ΓûêΓûêΓûêΓûêΓûêΓûêΓûêΓûêΓûêΓûêΓûêΓûêΓûêΓûêΓûêΓûêΓûêΓûêΓûêΓûêΓûêΓûêΓûêΓûêΓûêΓûêΓûêΓûê |  ETA: 0:00:00[39m[K
[34m                   # paths tracked: 241[39m[K
[34m   # non-singular solutions (real): 241 (11)[39m[K
[34m       # singular endpoints (real): 0 (0)[39m[K
[34m          # total solutions (real): 241 (11)[39m[K
[A
[A
[A
[A




[K[A
[K[A
[K[A
[K[A
[32mTracking 252 paths... 100%|ΓûêΓûêΓûêΓûêΓûêΓûêΓûêΓûêΓûêΓûêΓûêΓûêΓûêΓûêΓûêΓûêΓûêΓûêΓûêΓûêΓûêΓûêΓûêΓûêΓûêΓûêΓûêΓûêΓûê| Time: 0:00:01[39m[K
[34m                   # paths tracked: 252[39m[K
[34m   # non-singular solutions (real): 252 (12)[39m[K
[34m       # singular endpoints (real): 0 (0)[39m[K
[34m          # total solutions (real): 252 (12)[39m[K

[32mTracking 252 paths...  34%|ΓûêΓûêΓûêΓûêΓûêΓûêΓûêΓûêΓûêΓûê                   |  ETA: 0:00:01[39m[K
[34m                   # paths tracked: 86[39m[K
[34m   # non-singular solutions (real): 86 (4)[39m[K
[34m       # singular endpoints (real): 0 (0)[39m[K
[34m          # total solutions (real): 86 (4)[39m[K
[A
[A
[A
[A




[K[A
[K[A
[K[A
[K[A
[32mTracking 252 paths...  47%|ΓûêΓûêΓûêΓûêΓûêΓûêΓûêΓûêΓûêΓûêΓûêΓûêΓûêΓûê               |  ETA: 0:00:01[39m[K
[34m                   # paths tracked: 118[39m[K
[34m   # non-singular solutions (real): 118 (6)[39m[K
[34m       # singular endpoints (real): 0 (0)[39m[K
[34m          # total solutions (real): 118 (6)[39m[K
[A
[A
[A
[A




[K[A
[K[A
[K[A
[K[A
[32mTracking 252 paths...  60%|ΓûêΓûêΓûêΓûêΓûêΓûêΓûêΓûêΓûêΓûêΓûêΓûêΓûêΓûêΓûêΓûêΓûêΓûê           |  ETA: 0:00:01[39m[K
[34m                   # paths tracked: 152[39m[K
[34m   # non-singular solutions (real): 152 (9)[39m[K
[34m       # singular endpoints (real): 0 (0)[39m[K
[34m          # total solutions (real): 152 (9)[39m[K
[A
[A
[A
[A




[K[A
[K[A
[K[A
[K[A
[32mTracking 252 paths...  72%|ΓûêΓûêΓûêΓûêΓûêΓûêΓûêΓûêΓûêΓûêΓûêΓûêΓûêΓûêΓûêΓûêΓûêΓûêΓûêΓûêΓûê        |  ETA: 0:00:00[39m[K
[34m                   # paths tracked: 181[39m[K
[34m   # non-singular solutions (real): 181 (9)[39m[K
[34m       # singular endpoints (real): 0 (0)[39m[K
[34m          # total solutions (real): 181 (9)[39m[K
[A
[A
[A
[A




[K[A
[K[A
[K[A
[K[A
[32mTracking 252 paths...  85%|ΓûêΓûêΓûêΓûêΓûêΓûêΓûêΓûêΓûêΓûêΓûêΓûêΓûêΓûêΓûêΓûêΓûêΓûêΓûêΓûêΓûêΓûêΓûêΓûêΓûê    |  ETA: 0:00:00[39m[K
[34m                   # paths tracked: 215[39m[K
[34m   # non-singular solutions (real): 215 (11)[39m[K
[34m       # singular endpoints (real): 0 (0)[39m[K
[34m          # total solutions (real): 215 (11)[39m[K
[A
[A
[A
[A




[K[A
[K[A
[K[A
[K[A
[32mTracking 252 paths...  97%|ΓûêΓûêΓûêΓûêΓûêΓûêΓûêΓûêΓûêΓûêΓûêΓûêΓûêΓûêΓûêΓûêΓûêΓûêΓûêΓûêΓûêΓûêΓûêΓûêΓûêΓûêΓûêΓûêΓûê|  ETA: 0:00:00[39m[K
[34m                   # paths tracked: 245[39m[K
[34m   # non-singular solutions (real): 245 (11)[39m[K
[34m       # singular endpoints (real): 0 (0)[39m[K
[34m          # total solutions (real): 245 (11)[39m[K
[A
[A
[A
[A




[K[A
[K[A
[K[A
[K[A
[32mTracking 252 paths... 100%|ΓûêΓûêΓûêΓûêΓûêΓûêΓûêΓûêΓûêΓûêΓûêΓûêΓûêΓûêΓûêΓûêΓûêΓûêΓûêΓûêΓûêΓûêΓûêΓûêΓûêΓûêΓûêΓûêΓûê| Time: 0:00:01[39m[K
[34m                   # paths tracked: 252[39m[K
[34m   # non-singular solutions (real): 252 (12)[39m[K
[34m       # singular endpoints (real): 0 (0)[39m[K
[34m          # total solutions (real): 252 (12)[39m[K

[32mTracking 252 paths...  33%|ΓûêΓûêΓûêΓûêΓûêΓûêΓûêΓûêΓûêΓûê                   |  ETA: 0:00:01[39m[K
[34m                   # paths tracked: 83[39m[K
[34m   # non-singular solutions (real): 83 (7)[39m[K
[34m       # singular endpoints (real): 0 (0)[39m[K
[34m          # total solutions (real): 83 (7)[39m[K
[A
[A
[A
[A




[K[A
[K[A
[K[A
[K[A
[32mTracking 252 paths...  47%|ΓûêΓûêΓûêΓûêΓûêΓûêΓûêΓûêΓûêΓûêΓûêΓûêΓûêΓûê               |  ETA: 0:00:01[39m[K
[34m                   # paths tracked: 118[39m[K
[34m   # non-singular solutions (real): 118 (8)[39m[K
[34m       # singular endpoints (real): 0 (0)[39m[K
[34m          # total solutions (real): 118 (8)[39m[K
[A
[A
[A
[A




[K[A
[K[A
[K[A
[K[A
[32mTracking 252 paths...  59%|ΓûêΓûêΓûêΓûêΓûêΓûêΓûêΓûêΓûêΓûêΓûêΓûêΓûêΓûêΓûêΓûêΓûêΓûê           |  ETA: 0:00:01[39m[K
[34m                   # paths tracked: 148[39m[K
[34m   # non-singular solutions (real): 148 (8)[39m[K
[34m       # singular endpoints (real): 0 (0)[39m[K
[34m          # total solutions (real): 148 (8)[39m[K
[A
[A
[A
[A




[K[A
[K[A
[K[A
[K[A
[32mTracking 252 paths...  77%|ΓûêΓûêΓûêΓûêΓûêΓûêΓûêΓûêΓûêΓûêΓûêΓûêΓûêΓûêΓûêΓûêΓûêΓûêΓûêΓûêΓûêΓûêΓûê      |  ETA: 0:00:00[39m[K
[34m                   # paths tracked: 194[39m[K
[34m   # non-singular solutions (real): 194 (10)[39m[K
[34m       # singular endpoints (real): 0 (0)[39m[K
[34m          # total solutions (real): 194 (10)[39m[K
[A
[A
[A
[A




[K[A
[K[A
[K[A
[K[A
[32mTracking 252 paths...  94%|ΓûêΓûêΓûêΓûêΓûêΓûêΓûêΓûêΓûêΓûêΓûêΓûêΓûêΓûêΓûêΓûêΓûêΓûêΓûêΓûêΓûêΓûêΓûêΓûêΓûêΓûêΓûêΓûê |  ETA: 0:00:00[39m[K
[34m                   # paths tracked: 236[39m[K
[34m   # non-singular solutions (real): 236 (12)[39m[K
[34m       # singular endpoints (real): 0 (0)[39m[K
[34m          # total solutions (real): 236 (12)[39m[K
[A
[A
[A
[A




[K[A
[K[A
[K[A
[K[A
[32mTracking 252 paths... 100%|ΓûêΓûêΓûêΓûêΓûêΓûêΓûêΓûêΓûêΓûêΓûêΓûêΓûêΓûêΓûêΓûêΓûêΓûêΓûêΓûêΓûêΓûêΓûêΓûêΓûêΓûêΓûêΓûêΓûê| Time: 0:00:01[39m[K
[34m                   # paths tracked: 252[39m[K
[34m   # non-singular solutions (real): 252 (12)[39m[K
[34m       # singular endpoints (real): 0 (0)[39m[K
[34m          # total solutions (real): 252 (12)[39m[K

[32mTracking 252 paths...  34%|ΓûêΓûêΓûêΓûêΓûêΓûêΓûêΓûêΓûêΓûê                   |  ETA: 0:00:01[39m[K
[34m                   # paths tracked: 85[39m[K
[34m   # non-singular solutions (real): 85 (5)[39m[K
[34m       # singular endpoints (real): 0 (0)[39m[K
[34m          # total solutions (real): 85 (5)[39m[K
[A
[A
[A
[A




[K[A
[K[A
[K[A
[K[A
[32mTracking 252 paths...  50%|ΓûêΓûêΓûêΓûêΓûêΓûêΓûêΓûêΓûêΓûêΓûêΓûêΓûêΓûêΓûê              |  ETA: 0:00:01[39m[K
[34m                   # paths tracked: 126[39m[K
[34m   # non-singular solutions (real): 126 (6)[39m[K
[34m       # singular endpoints (real): 0 (0)[39m[K
[34m          # total solutions (real): 126 (6)[39m[K
[A
[A
[A
[A




[K[A
[K[A
[K[A
[K[A
[32mTracking 252 paths...  63%|ΓûêΓûêΓûêΓûêΓûêΓûêΓûêΓûêΓûêΓûêΓûêΓûêΓûêΓûêΓûêΓûêΓûêΓûêΓûê          |  ETA: 0:00:01[39m[K
[34m                   # paths tracked: 159[39m[K
[34m   # non-singular solutions (real): 159 (7)[39m[K
[34m       # singular endpoints (real): 0 (0)[39m[K
[34m          # total solutions (real): 159 (7)[39m[K
[A
[A
[A
[A




[K[A
[K[A
[K[A
[K[A
[32mTracking 252 paths...  75%|ΓûêΓûêΓûêΓûêΓûêΓûêΓûêΓûêΓûêΓûêΓûêΓûêΓûêΓûêΓûêΓûêΓûêΓûêΓûêΓûêΓûêΓûê       |  ETA: 0:00:00[39m[K
[34m                   # paths tracked: 188[39m[K
[34m   # non-singular solutions (real): 188 (8)[39m[K
[34m       # singular endpoints (real): 0 (0)[39m[K
[34m          # total solutions (real): 188 (8)[39m[K
[A
[A
[A
[A




[K[A
[K[A
[K[A
[K[A
[32mTracking 252 paths...  87%|ΓûêΓûêΓûêΓûêΓûêΓûêΓûêΓûêΓûêΓûêΓûêΓûêΓûêΓûêΓûêΓûêΓûêΓûêΓûêΓûêΓûêΓûêΓûêΓûêΓûêΓûê   |  ETA: 0:00:00[39m[K
[34m                   # paths tracked: 219[39m[K
[34m   # non-singular solutions (real): 219 (11)[39m[K
[34m       # singular endpoints (real): 0 (0)[39m[K
[34m          # total solutions (real): 219 (11)[39m[K
[A
[A
[A
[A




[K[A
[K[A
[K[A
[K[A
[32mTracking 252 paths...  99%|ΓûêΓûêΓûêΓûêΓûêΓûêΓûêΓûêΓûêΓûêΓûêΓûêΓûêΓûêΓûêΓûêΓûêΓûêΓûêΓûêΓûêΓûêΓûêΓûêΓûêΓûêΓûêΓûêΓûê|  ETA: 0:00:00[39m[K
[34m                   # paths tracked: 249[39m[K
[34m   # non-singular solutions (real): 249 (12)[39m[K
[34m       # singular endpoints (real): 0 (0)[39m[K
[34m          # total solutions (real): 249 (12)[39m[K
[A
[A
[A
[A




[K[A
[K[A
[K[A
[K[A
[32mTracking 252 paths... 100%|ΓûêΓûêΓûêΓûêΓûêΓûêΓûêΓûêΓûêΓûêΓûêΓûêΓûêΓûêΓûêΓûêΓûêΓûêΓûêΓûêΓûêΓûêΓûêΓûêΓûêΓûêΓûêΓûêΓûê| Time: 0:00:01[39m[K
[34m                   # paths tracked: 252[39m[K
[34m   # non-singular solutions (real): 252 (12)[39m[K
[34m       # singular endpoints (real): 0 (0)[39m[K
[34m          # total solutions (real): 252 (12)[39m[K

[32mTracking 252 paths...  35%|ΓûêΓûêΓûêΓûêΓûêΓûêΓûêΓûêΓûêΓûêΓûê                  |  ETA: 0:00:01[39m[K
[34m                   # paths tracked: 88[39m[K
[34m   # non-singular solutions (real): 88 (4)[39m[K
[34m       # singular endpoints (real): 0 (0)[39m[K
[34m          # total solutions (real): 88 (4)[39m[K
[A
[A
[A
[A




[K[A
[K[A
[K[A
[K[A
[32mTracking 252 paths...  49%|ΓûêΓûêΓûêΓûêΓûêΓûêΓûêΓûêΓûêΓûêΓûêΓûêΓûêΓûêΓûê              |  ETA: 0:00:01[39m[K
[34m                   # paths tracked: 124[39m[K
[34m   # non-singular solutions (real): 124 (5)[39m[K
[34m       # singular endpoints (real): 0 (0)[39m[K
[34m          # total solutions (real): 124 (5)[39m[K
[A
[A
[A
[A




[K[A
[K[A
[K[A
[K[A
[32mTracking 252 paths...  64%|ΓûêΓûêΓûêΓûêΓûêΓûêΓûêΓûêΓûêΓûêΓûêΓûêΓûêΓûêΓûêΓûêΓûêΓûêΓûê          |  ETA: 0:00:01[39m[K
[34m                   # paths tracked: 161[39m[K
[34m   # non-singular solutions (real): 161 (6)[39m[K
[34m       # singular endpoints (real): 0 (0)[39m[K
[34m          # total solutions (real): 161 (6)[39m[K
[A
[A
[A
[A




[K[A
[K[A
[K[A
[K[A
[32mTracking 252 paths...  80%|ΓûêΓûêΓûêΓûêΓûêΓûêΓûêΓûêΓûêΓûêΓûêΓûêΓûêΓûêΓûêΓûêΓûêΓûêΓûêΓûêΓûêΓûêΓûêΓûê     |  ETA: 0:00:00[39m[K
[34m                   # paths tracked: 201[39m[K
[34m   # non-singular solutions (real): 201 (8)[39m[K
[34m       # singular endpoints (real): 0 (0)[39m[K
[34m          # total solutions (real): 201 (8)[39m[K
[A
[A
[A
[A




[K[A
[K[A
[K[A
[K[A
[32mTracking 252 paths...  95%|ΓûêΓûêΓûêΓûêΓûêΓûêΓûêΓûêΓûêΓûêΓûêΓûêΓûêΓûêΓûêΓûêΓûêΓûêΓûêΓûêΓûêΓûêΓûêΓûêΓûêΓûêΓûêΓûê |  ETA: 0:00:00[39m[K
[34m                   # paths tracked: 239[39m[K
[34m   # non-singular solutions (real): 239 (12)[39m[K
[34m       # singular endpoints (real): 0 (0)[39m[K
[34m          # total solutions (real): 239 (12)[39m[K
[A
[A
[A
[A




[K[A
[K[A
[K[A
[K[A
[32mTracking 252 paths... 100%|ΓûêΓûêΓûêΓûêΓûêΓûêΓûêΓûêΓûêΓûêΓûêΓûêΓûêΓûêΓûêΓûêΓûêΓûêΓûêΓûêΓûêΓûêΓûêΓûêΓûêΓûêΓûêΓûêΓûê| Time: 0:00:01[39m[K
[34m                   # paths tracked: 252[39m[K
[34m   # non-singular solutions (real): 252 (12)[39m[K
[34m       # singular endpoints (real): 0 (0)[39m[K
[34m          # total solutions (real): 252 (12)[39m[K

[32mTracking 252 paths...  38%|ΓûêΓûêΓûêΓûêΓûêΓûêΓûêΓûêΓûêΓûêΓûêΓûê                 |  ETA: 0:00:01[39m[K
[34m                   # paths tracked: 96[39m[K
[34m   # non-singular solutions (real): 96 (5)[39m[K
[34m       # singular endpoints (real): 0 (0)[39m[K
[34m          # total solutions (real): 96 (5)[39m[K
[A
[A
[A
[A




[K[A
[K[A
[K[A
[K[A
[32mTracking 252 paths...  52%|ΓûêΓûêΓûêΓûêΓûêΓûêΓûêΓûêΓûêΓûêΓûêΓûêΓûêΓûêΓûêΓûê             |  ETA: 0:00:01[39m[K
[34m                   # paths tracked: 132[39m[K
[34m   # non-singular solutions (real): 132 (7)[39m[K
[34m       # singular endpoints (real): 0 (0)[39m[K
[34m          # total solutions (real): 132 (7)[39m[K
[A
[A
[A
[A




[K[A
[K[A
[K[A
[K[A
[32mTracking 252 paths...  67%|ΓûêΓûêΓûêΓûêΓûêΓûêΓûêΓûêΓûêΓûêΓûêΓûêΓûêΓûêΓûêΓûêΓûêΓûêΓûêΓûê         |  ETA: 0:00:00[39m[K
[34m                   # paths tracked: 170[39m[K
[34m   # non-singular solutions (real): 170 (9)[39m[K
[34m       # singular endpoints (real): 0 (0)[39m[K
[34m          # total solutions (real): 170 (9)[39m[K
[A
[A
[A
[A




[K[A
[K[A
[K[A
[K[A
[32mTracking 252 paths...  81%|ΓûêΓûêΓûêΓûêΓûêΓûêΓûêΓûêΓûêΓûêΓûêΓûêΓûêΓûêΓûêΓûêΓûêΓûêΓûêΓûêΓûêΓûêΓûêΓûê     |  ETA: 0:00:00[39m[K
[34m                   # paths tracked: 204[39m[K
[34m   # non-singular solutions (real): 204 (9)[39m[K
[34m       # singular endpoints (real): 0 (0)[39m[K
[34m          # total solutions (real): 204 (9)[39m[K
[A
[A
[A
[A




[K[A
[K[A
[K[A
[K[A
[32mTracking 252 paths...  95%|ΓûêΓûêΓûêΓûêΓûêΓûêΓûêΓûêΓûêΓûêΓûêΓûêΓûêΓûêΓûêΓûêΓûêΓûêΓûêΓûêΓûêΓûêΓûêΓûêΓûêΓûêΓûêΓûê |  ETA: 0:00:00[39m[K
[34m                   # paths tracked: 240[39m[K
[34m   # non-singular solutions (real): 240 (11)[39m[K
[34m       # singular endpoints (real): 0 (0)[39m[K
[34m          # total solutions (real): 240 (11)[39m[K
[A
[A
[A
[A




[K[A
[K[A
[K[A
[K[A
[32mTracking 252 paths... 100%|ΓûêΓûêΓûêΓûêΓûêΓûêΓûêΓûêΓûêΓûêΓûêΓûêΓûêΓûêΓûêΓûêΓûêΓûêΓûêΓûêΓûêΓûêΓûêΓûêΓûêΓûêΓûêΓûêΓûê| Time: 0:00:01[39m[K
[34m                   # paths tracked: 252[39m[K
[34m   # non-singular solutions (real): 252 (12)[39m[K
[34m       # singular endpoints (real): 0 (0)[39m[K
[34m          # total solutions (real): 252 (12)[39m[K

[32mTracking 252 paths...  35%|ΓûêΓûêΓûêΓûêΓûêΓûêΓûêΓûêΓûêΓûêΓûê                  |  ETA: 0:00:01[39m[K
[34m                   # paths tracked: 89[39m[K
[34m   # non-singular solutions (real): 89 (3)[39m[K
[34m       # singular endpoints (real): 0 (0)[39m[K
[34m          # total solutions (real): 89 (3)[39m[K
[A
[A
[A
[A




[K[A
[K[A
[K[A
[K[A
[32mTracking 252 paths...  50%|ΓûêΓûêΓûêΓûêΓûêΓûêΓûêΓûêΓûêΓûêΓûêΓûêΓûêΓûêΓûê              |  ETA: 0:00:01[39m[K
[34m                   # paths tracked: 125[39m[K
[34m   # non-singular solutions (real): 125 (7)[39m[K
[34m       # singular endpoints (real): 0 (0)[39m[K
[34m          # total solutions (real): 125 (7)[39m[K
[A
[A
[A
[A




[K[A
[K[A
[K[A
[K[A
[32mTracking 252 paths...  64%|ΓûêΓûêΓûêΓûêΓûêΓûêΓûêΓûêΓûêΓûêΓûêΓûêΓûêΓûêΓûêΓûêΓûêΓûêΓûê          |  ETA: 0:00:01[39m[K
[34m                   # paths tracked: 162[39m[K
[34m   # non-singular solutions (real): 162 (9)[39m[K
[34m       # singular endpoints (real): 0 (0)[39m[K
[34m          # total solutions (real): 162 (9)[39m[K
[A
[A
[A
[A




[K[A
[K[A
[K[A
[K[A
[32mTracking 252 paths...  80%|ΓûêΓûêΓûêΓûêΓûêΓûêΓûêΓûêΓûêΓûêΓûêΓûêΓûêΓûêΓûêΓûêΓûêΓûêΓûêΓûêΓûêΓûêΓûêΓûê     |  ETA: 0:00:00[39m[K
[34m                   # paths tracked: 202[39m[K
[34m   # non-singular solutions (real): 202 (10)[39m[K
[34m       # singular endpoints (real): 0 (0)[39m[K
[34m          # total solutions (real): 202 (10)[39m[K
[A
[A
[A
[A




[K[A
[K[A
[K[A
[K[A
[32mTracking 252 paths...  95%|ΓûêΓûêΓûêΓûêΓûêΓûêΓûêΓûêΓûêΓûêΓûêΓûêΓûêΓûêΓûêΓûêΓûêΓûêΓûêΓûêΓûêΓûêΓûêΓûêΓûêΓûêΓûêΓûê |  ETA: 0:00:00[39m[K
[34m                   # paths tracked: 239[39m[K
[34m   # non-singular solutions (real): 239 (12)[39m[K
[34m       # singular endpoints (real): 0 (0)[39m[K
[34m          # total solutions (real): 239 (12)[39m[K
[A
[A
[A
[A




[K[A
[K[A
[K[A
[K[A
[32mTracking 252 paths... 100%|ΓûêΓûêΓûêΓûêΓûêΓûêΓûêΓûêΓûêΓûêΓûêΓûêΓûêΓûêΓûêΓûêΓûêΓûêΓûêΓûêΓûêΓûêΓûêΓûêΓûêΓûêΓûêΓûêΓûê| Time: 0:00:01[39m[K
[34m                   # paths tracked: 252[39m[K
[34m   # non-singular solutions (real): 252 (12)[39m[K
[34m       # singular endpoints (real): 0 (0)[39m[K
[34m          # total solutions (real): 252 (12)[39m[K

[32mTracking 252 paths...  32%|ΓûêΓûêΓûêΓûêΓûêΓûêΓûêΓûêΓûêΓûê                   |  ETA: 0:00:01[39m[K
[34m                   # paths tracked: 81[39m[K
[34m   # non-singular solutions (real): 81 (3)[39m[K
[34m       # singular endpoints (real): 0 (0)[39m[K
[34m          # total solutions (real): 81 (3)[39m[K
[A
[A
[A
[A




[K[A
[K[A
[K[A
[K[A
[32mTracking 252 paths...  44%|ΓûêΓûêΓûêΓûêΓûêΓûêΓûêΓûêΓûêΓûêΓûêΓûêΓûê                |  ETA: 0:00:01[39m[K
[34m                   # paths tracked: 110[39m[K
[34m   # non-singular solutions (real): 110 (4)[39m[K
[34m       # singular endpoints (real): 0 (0)[39m[K
[34m          # total solutions (real): 110 (4)[39m[K
[A
[A
[A
[A




[K[A
[K[A
[K[A
[K[A
[32mTracking 252 paths...  55%|ΓûêΓûêΓûêΓûêΓûêΓûêΓûêΓûêΓûêΓûêΓûêΓûêΓûêΓûêΓûêΓûê             |  ETA: 0:00:01[39m[K
[34m                   # paths tracked: 139[39m[K
[34m   # non-singular solutions (real): 139 (6)[39m[K
[34m       # singular endpoints (real): 0 (0)[39m[K
[34m          # total solutions (real): 139 (6)[39m[K
[A
[A
[A
[A




[K[A
[K[A
[K[A
[K[A
[32mTracking 252 paths...  67%|ΓûêΓûêΓûêΓûêΓûêΓûêΓûêΓûêΓûêΓûêΓûêΓûêΓûêΓûêΓûêΓûêΓûêΓûêΓûêΓûê         |  ETA: 0:00:01[39m[K
[34m                   # paths tracked: 168[39m[K
[34m   # non-singular solutions (real): 168 (9)[39m[K
[34m       # singular endpoints (real): 0 (0)[39m[K
[34m          # total solutions (real): 168 (9)[39m[K
[A
[A
[A
[A




[K[A
[K[A
[K[A
[K[A
[32mTracking 252 paths...  78%|ΓûêΓûêΓûêΓûêΓûêΓûêΓûêΓûêΓûêΓûêΓûêΓûêΓûêΓûêΓûêΓûêΓûêΓûêΓûêΓûêΓûêΓûêΓûê      |  ETA: 0:00:00[39m[K
[34m                   # paths tracked: 197[39m[K
[34m   # non-singular solutions (real): 197 (10)[39m[K
[34m       # singular endpoints (real): 0 (0)[39m[K
[34m          # total solutions (real): 197 (10)[39m[K
[A
[A
[A
[A




[K[A
[K[A
[K[A
[K[A
[32mTracking 252 paths...  90%|ΓûêΓûêΓûêΓûêΓûêΓûêΓûêΓûêΓûêΓûêΓûêΓûêΓûêΓûêΓûêΓûêΓûêΓûêΓûêΓûêΓûêΓûêΓûêΓûêΓûêΓûêΓûê  |  ETA: 0:00:00[39m[K
[34m                   # paths tracked: 228[39m[K
[34m   # non-singular solutions (real): 228 (11)[39m[K
[34m       # singular endpoints (real): 0 (0)[39m[K
[34m          # total solutions (real): 228 (11)[39m[K
[A
[A
[A
[A




[K[A
[K[A
[K[A
[K[A
[32mTracking 252 paths... 100%|ΓûêΓûêΓûêΓûêΓûêΓûêΓûêΓûêΓûêΓûêΓûêΓûêΓûêΓûêΓûêΓûêΓûêΓûêΓûêΓûêΓûêΓûêΓûêΓûêΓûêΓûêΓûêΓûêΓûê| Time: 0:00:01[39m[K
[34m                   # paths tracked: 252[39m[K
[34m   # non-singular solutions (real): 252 (12)[39m[K
[34m       # singular endpoints (real): 0 (0)[39m[K
[34m          # total solutions (real): 252 (12)[39m[K

[32mTracking 252 paths...  24%|ΓûêΓûêΓûêΓûêΓûêΓûêΓûê                      |  ETA: 0:00:02[39m[K
[34m                   # paths tracked: 60[39m[K
[34m   # non-singular solutions (real): 60 (2)[39m[K
[34m       # singular endpoints (real): 0 (0)[39m[K
[34m          # total solutions (real): 60 (2)[39m[K
[A
[A
[A
[A




[K[A
[K[A
[K[A
[K[A
[32mTracking 252 paths...  36%|ΓûêΓûêΓûêΓûêΓûêΓûêΓûêΓûêΓûêΓûêΓûê                  |  ETA: 0:00:02[39m[K
[34m                   # paths tracked: 91[39m[K
[34m   # non-singular solutions (real): 91 (5)[39m[K
[34m       # singular endpoints (real): 0 (0)[39m[K
[34m          # total solutions (real): 91 (5)[39m[K
[A
[A
[A
[A




[K[A
[K[A
[K[A
[K[A
[32mTracking 252 paths...  48%|ΓûêΓûêΓûêΓûêΓûêΓûêΓûêΓûêΓûêΓûêΓûêΓûêΓûêΓûê               |  ETA: 0:00:01[39m[K
[34m                   # paths tracked: 120[39m[K
[34m   # non-singular solutions (real): 120 (5)[39m[K
[34m       # singular endpoints (real): 0 (0)[39m[K
[34m          # total solutions (real): 120 (5)[39m[K
[A
[A
[A
[A




[K[A
[K[A
[K[A
[K[A
[32mTracking 252 paths...  60%|ΓûêΓûêΓûêΓûêΓûêΓûêΓûêΓûêΓûêΓûêΓûêΓûêΓûêΓûêΓûêΓûêΓûêΓûê           |  ETA: 0:00:01[39m[K
[34m                   # paths tracked: 150[39m[K
[34m   # non-singular solutions (real): 150 (5)[39m[K
[34m       # singular endpoints (real): 0 (0)[39m[K
[34m          # total solutions (real): 150 (5)[39m[K
[A
[A
[A
[A




[K[A
[K[A
[K[A
[K[A
[32mTracking 252 paths...  73%|ΓûêΓûêΓûêΓûêΓûêΓûêΓûêΓûêΓûêΓûêΓûêΓûêΓûêΓûêΓûêΓûêΓûêΓûêΓûêΓûêΓûêΓûê       |  ETA: 0:00:01[39m[K
[34m                   # paths tracked: 183[39m[K
[34m   # non-singular solutions (real): 183 (7)[39m[K
[34m       # singular endpoints (real): 0 (0)[39m[K
[34m          # total solutions (real): 183 (7)[39m[K
[A
[A
[A
[A




[K[A
[K[A
[K[A
[K[A
[32mTracking 252 paths...  85%|ΓûêΓûêΓûêΓûêΓûêΓûêΓûêΓûêΓûêΓûêΓûêΓûêΓûêΓûêΓûêΓûêΓûêΓûêΓûêΓûêΓûêΓûêΓûêΓûêΓûê    |  ETA: 0:00:00[39m[K
[34m                   # paths tracked: 214[39m[K
[34m   # non-singular solutions (real): 214 (8)[39m[K
[34m       # singular endpoints (real): 0 (0)[39m[K
[34m          # total solutions (real): 214 (8)[39m[K
[A
[A
[A
[A




[K[A
[K[A
[K[A
[K[A
[32mTracking 252 paths...  98%|ΓûêΓûêΓûêΓûêΓûêΓûêΓûêΓûêΓûêΓûêΓûêΓûêΓûêΓûêΓûêΓûêΓûêΓûêΓûêΓûêΓûêΓûêΓûêΓûêΓûêΓûêΓûêΓûêΓûê|  ETA: 0:00:00[39m[K
[34m                   # paths tracked: 248[39m[K
[34m   # non-singular solutions (real): 248 (11)[39m[K
[34m       # singular endpoints (real): 0 (0)[39m[K
[34m          # total solutions (real): 248 (11)[39m[K
[A
[A
[A
[A




[K[A
[K[A
[K[A
[K[A
[32mTracking 252 paths... 100%|ΓûêΓûêΓûêΓûêΓûêΓûêΓûêΓûêΓûêΓûêΓûêΓûêΓûêΓûêΓûêΓûêΓûêΓûêΓûêΓûêΓûêΓûêΓûêΓûêΓûêΓûêΓûêΓûêΓûê| Time: 0:00:01[39m[K
[34m                   # paths tracked: 252[39m[K
[34m   # non-singular solutions (real): 252 (12)[39m[K
[34m       # singular endpoints (real): 0 (0)[39m[K
[34m          # total solutions (real): 252 (12)[39m[K

[32mTracking 252 paths...  33%|ΓûêΓûêΓûêΓûêΓûêΓûêΓûêΓûêΓûêΓûê                   |  ETA: 0:00:01[39m[K
[34m                   # paths tracked: 82[39m[K
[34m   # non-singular solutions (real): 82 (6)[39m[K
[34m       # singular endpoints (real): 0 (0)[39m[K
[34m          # total solutions (real): 82 (6)[39m[K
[A
[A
[A
[A




[K[A
[K[A
[K[A
[K[A
[32mTracking 252 paths...  46%|ΓûêΓûêΓûêΓûêΓûêΓûêΓûêΓûêΓûêΓûêΓûêΓûêΓûêΓûê               |  ETA: 0:00:01[39m[K
[34m                   # paths tracked: 116[39m[K
[34m   # non-singular solutions (real): 116 (7)[39m[K
[34m       # singular endpoints (real): 0 (0)[39m[K
[34m          # total solutions (real): 116 (7)[39m[K
[A
[A
[A
[A




[K[A
[K[A
[K[A
[K[A
[32mTracking 252 paths...  61%|ΓûêΓûêΓûêΓûêΓûêΓûêΓûêΓûêΓûêΓûêΓûêΓûêΓûêΓûêΓûêΓûêΓûêΓûê           |  ETA: 0:00:01[39m[K
[34m                   # paths tracked: 153[39m[K
[34m   # non-singular solutions (real): 153 (9)[39m[K
[34m       # singular endpoints (real): 0 (0)[39m[K
[34m          # total solutions (real): 153 (9)[39m[K
[A
[A
[A
[A




[K[A
[K[A
[K[A
[K[A
[32mTracking 252 paths...  73%|ΓûêΓûêΓûêΓûêΓûêΓûêΓûêΓûêΓûêΓûêΓûêΓûêΓûêΓûêΓûêΓûêΓûêΓûêΓûêΓûêΓûêΓûê       |  ETA: 0:00:00[39m[K
[34m                   # paths tracked: 185[39m[K
[34m   # non-singular solutions (real): 185 (9)[39m[K
[34m       # singular endpoints (real): 0 (0)[39m[K
[34m          # total solutions (real): 185 (9)[39m[K
[A
[A
[A
[A




[K[A
[K[A
[K[A
[K[A
[32mTracking 252 paths...  87%|ΓûêΓûêΓûêΓûêΓûêΓûêΓûêΓûêΓûêΓûêΓûêΓûêΓûêΓûêΓûêΓûêΓûêΓûêΓûêΓûêΓûêΓûêΓûêΓûêΓûêΓûê   |  ETA: 0:00:00[39m[K
[34m                   # paths tracked: 219[39m[K
[34m   # non-singular solutions (real): 219 (10)[39m[K
[34m       # singular endpoints (real): 0 (0)[39m[K
[34m          # total solutions (real): 219 (10)[39m[K
[A
[A
[A
[A




[K[A
[K[A
[K[A
[K[A
[32mTracking 252 paths... 100%|ΓûêΓûêΓûêΓûêΓûêΓûêΓûêΓûêΓûêΓûêΓûêΓûêΓûêΓûêΓûêΓûêΓûêΓûêΓûêΓûêΓûêΓûêΓûêΓûêΓûêΓûêΓûêΓûêΓûê| Time: 0:00:01[39m[K
[34m                   # paths tracked: 252[39m[K
[34m   # non-singular solutions (real): 252 (12)[39m[K
[34m       # singular endpoints (real): 0 (0)[39m[K
[34m          # total solutions (real): 252 (12)[39m[K

[32mTracking 252 paths...  32%|ΓûêΓûêΓûêΓûêΓûêΓûêΓûêΓûêΓûêΓûê                   |  ETA: 0:00:01[39m[K
[34m                   # paths tracked: 80[39m[K
[34m   # non-singular solutions (real): 80 (5)[39m[K
[34m       # singular endpoints (real): 0 (0)[39m[K
[34m          # total solutions (real): 80 (5)[39m[K
[A
[A
[A
[A




[K[A
[K[A
[K[A
[K[A
[32mTracking 252 paths...  44%|ΓûêΓûêΓûêΓûêΓûêΓûêΓûêΓûêΓûêΓûêΓûêΓûêΓûê                |  ETA: 0:00:01[39m[K
[34m                   # paths tracked: 111[39m[K
[34m   # non-singular solutions (real): 111 (5)[39m[K
[34m       # singular endpoints (real): 0 (0)[39m[K
[34m          # total solutions (real): 111 (5)[39m[K
[A
[A
[A
[A




[K[A
[K[A
[K[A
[K[A
[32mTracking 252 paths...  58%|ΓûêΓûêΓûêΓûêΓûêΓûêΓûêΓûêΓûêΓûêΓûêΓûêΓûêΓûêΓûêΓûêΓûê            |  ETA: 0:00:01[39m[K
[34m                   # paths tracked: 146[39m[K
[34m   # non-singular solutions (real): 146 (7)[39m[K
[34m       # singular endpoints (real): 0 (0)[39m[K
[34m          # total solutions (real): 146 (7)[39m[K
[A
[A
[A
[A




[K[A
[K[A
[K[A
[K[A
[32mTracking 252 paths...  71%|ΓûêΓûêΓûêΓûêΓûêΓûêΓûêΓûêΓûêΓûêΓûêΓûêΓûêΓûêΓûêΓûêΓûêΓûêΓûêΓûêΓûê        |  ETA: 0:00:00[39m[K
[34m                   # paths tracked: 180[39m[K
[34m   # non-singular solutions (real): 180 (9)[39m[K
[34m       # singular endpoints (real): 0 (0)[39m[K
[34m          # total solutions (real): 180 (9)[39m[K
[A
[A
[A
[A




[K[A
[K[A
[K[A
[K[A
[32mTracking 252 paths...  86%|ΓûêΓûêΓûêΓûêΓûêΓûêΓûêΓûêΓûêΓûêΓûêΓûêΓûêΓûêΓûêΓûêΓûêΓûêΓûêΓûêΓûêΓûêΓûêΓûêΓûê    |  ETA: 0:00:00[39m[K
[34m                   # paths tracked: 217[39m[K
[34m   # non-singular solutions (real): 217 (11)[39m[K
[34m       # singular endpoints (real): 0 (0)[39m[K
[34m          # total solutions (real): 217 (11)[39m[K
[A
[A
[A
[A




[K[A
[K[A
[K[A
[K[A
[32mTracking 252 paths... 100%|ΓûêΓûêΓûêΓûêΓûêΓûêΓûêΓûêΓûêΓûêΓûêΓûêΓûêΓûêΓûêΓûêΓûêΓûêΓûêΓûêΓûêΓûêΓûêΓûêΓûêΓûêΓûêΓûêΓûê| Time: 0:00:01[39m[K
[34m                   # paths tracked: 252[39m[K
[34m   # non-singular solutions (real): 252 (12)[39m[K
[34m       # singular endpoints (real): 0 (0)[39m[K
[34m          # total solutions (real): 252 (12)[39m[K

[32mTracking 252 paths...  31%|ΓûêΓûêΓûêΓûêΓûêΓûêΓûêΓûêΓûê                    |  ETA: 0:00:01[39m[K
[34m                   # paths tracked: 78[39m[K
[34m   # non-singular solutions (real): 78 (3)[39m[K
[34m       # singular endpoints (real): 0 (0)[39m[K
[34m          # total solutions (real): 78 (3)[39m[K
[A
[A
[A
[A




[K[A
[K[A
[K[A
[K[A
[32mTracking 252 paths...  43%|ΓûêΓûêΓûêΓûêΓûêΓûêΓûêΓûêΓûêΓûêΓûêΓûêΓûê                |  ETA: 0:00:01[39m[K
[34m                   # paths tracked: 109[39m[K
[34m   # non-singular solutions (real): 109 (4)[39m[K
[34m       # singular endpoints (real): 0 (0)[39m[K
[34m          # total solutions (real): 109 (4)[39m[K
[A
[A
[A
[A




[K[A
[K[A
[K[A
[K[A
[32mTracking 252 paths...  58%|ΓûêΓûêΓûêΓûêΓûêΓûêΓûêΓûêΓûêΓûêΓûêΓûêΓûêΓûêΓûêΓûêΓûê            |  ETA: 0:00:01[39m[K
[34m                   # paths tracked: 145[39m[K
[34m   # non-singular solutions (real): 145 (5)[39m[K
[34m       # singular endpoints (real): 0 (0)[39m[K
[34m          # total solutions (real): 145 (5)[39m[K
[A
[A
[A
[A




[K[A
[K[A
[K[A
[K[A
[32mTracking 252 paths...  72%|ΓûêΓûêΓûêΓûêΓûêΓûêΓûêΓûêΓûêΓûêΓûêΓûêΓûêΓûêΓûêΓûêΓûêΓûêΓûêΓûêΓûê        |  ETA: 0:00:00[39m[K
[34m                   # paths tracked: 181[39m[K
[34m   # non-singular solutions (real): 181 (7)[39m[K
[34m       # singular endpoints (real): 0 (0)[39m[K
[34m          # total solutions (real): 181 (7)[39m[K
[A
[A
[A
[A




[K[A
[K[A
[K[A
[K[A
[32mTracking 252 paths...  86%|ΓûêΓûêΓûêΓûêΓûêΓûêΓûêΓûêΓûêΓûêΓûêΓûêΓûêΓûêΓûêΓûêΓûêΓûêΓûêΓûêΓûêΓûêΓûêΓûêΓûê    |  ETA: 0:00:00[39m[K
[34m                   # paths tracked: 217[39m[K
[34m   # non-singular solutions (real): 217 (9)[39m[K
[34m       # singular endpoints (real): 0 (0)[39m[K
[34m          # total solutions (real): 217 (9)[39m[K
[A
[A
[A
[A




[K[A
[K[A
[K[A
[K[A
[32mTracking 252 paths...  99%|ΓûêΓûêΓûêΓûêΓûêΓûêΓûêΓûêΓûêΓûêΓûêΓûêΓûêΓûêΓûêΓûêΓûêΓûêΓûêΓûêΓûêΓûêΓûêΓûêΓûêΓûêΓûêΓûêΓûê|  ETA: 0:00:00[39m[K
[34m                   # paths tracked: 251[39m[K
[34m   # non-singular solutions (real): 251 (12)[39m[K
[34m       # singular endpoints (real): 0 (0)[39m[K
[34m          # total solutions (real): 251 (12)[39m[K
[A
[A
[A
[A




[K[A
[K[A
[K[A
[K[A
[32mTracking 252 paths... 100%|ΓûêΓûêΓûêΓûêΓûêΓûêΓûêΓûêΓûêΓûêΓûêΓûêΓûêΓûêΓûêΓûêΓûêΓûêΓûêΓûêΓûêΓûêΓûêΓûêΓûêΓûêΓûêΓûêΓûê| Time: 0:00:01[39m[K
[34m                   # paths tracked: 252[39m[K
[34m   # non-singular solutions (real): 252 (12)[39m[K
[34m       # singular endpoints (real): 0 (0)[39m[K
[34m          # total solutions (real): 252 (12)[39m[K

[32mTracking 252 paths...  34%|ΓûêΓûêΓûêΓûêΓûêΓûêΓûêΓûêΓûêΓûê                   |  ETA: 0:00:01[39m[K
[34m                   # paths tracked: 85[39m[K
[34m   # non-singular solutions (real): 85 (3)[39m[K
[34m       # singular endpoints (real): 0 (0)[39m[K
[34m          # total solutions (real): 85 (3)[39m[K
[A
[A
[A
[A




[K[A
[K[A
[K[A
[K[A
[32mTracking 252 paths...  47%|ΓûêΓûêΓûêΓûêΓûêΓûêΓûêΓûêΓûêΓûêΓûêΓûêΓûêΓûê               |  ETA: 0:00:01[39m[K
[34m                   # paths tracked: 119[39m[K
[34m   # non-singular solutions (real): 119 (4)[39m[K
[34m       # singular endpoints (real): 0 (0)[39m[K
[34m          # total solutions (real): 119 (4)[39m[K
[A
[A
[A
[A




[K[A
[K[A
[K[A
[K[A
[32mTracking 252 paths...  60%|ΓûêΓûêΓûêΓûêΓûêΓûêΓûêΓûêΓûêΓûêΓûêΓûêΓûêΓûêΓûêΓûêΓûêΓûê           |  ETA: 0:00:01[39m[K
[34m                   # paths tracked: 152[39m[K
[34m   # non-singular solutions (real): 152 (7)[39m[K
[34m       # singular endpoints (real): 0 (0)[39m[K
[34m          # total solutions (real): 152 (7)[39m[K
[A
[A
[A
[A




[K[A
[K[A
[K[A
[K[A
[32mTracking 252 paths...  74%|ΓûêΓûêΓûêΓûêΓûêΓûêΓûêΓûêΓûêΓûêΓûêΓûêΓûêΓûêΓûêΓûêΓûêΓûêΓûêΓûêΓûêΓûê       |  ETA: 0:00:00[39m[K
[34m                   # paths tracked: 186[39m[K
[34m   # non-singular solutions (real): 186 (10)[39m[K
[34m       # singular endpoints (real): 0 (0)[39m[K
[34m          # total solutions (real): 186 (10)[39m[K
[A
[A
[A
[A




[K[A
[K[A
[K[A
[K[A
[32mTracking 252 paths...  88%|ΓûêΓûêΓûêΓûêΓûêΓûêΓûêΓûêΓûêΓûêΓûêΓûêΓûêΓûêΓûêΓûêΓûêΓûêΓûêΓûêΓûêΓûêΓûêΓûêΓûêΓûê   |  ETA: 0:00:00[39m[K
[34m                   # paths tracked: 222[39m[K
[34m   # non-singular solutions (real): 222 (10)[39m[K
[34m       # singular endpoints (real): 0 (0)[39m[K
[34m          # total solutions (real): 222 (10)[39m[K
[A
[A
[A
[A




[K[A
[K[A
[K[A
[K[A
[32mTracking 252 paths... 100%|ΓûêΓûêΓûêΓûêΓûêΓûêΓûêΓûêΓûêΓûêΓûêΓûêΓûêΓûêΓûêΓûêΓûêΓûêΓûêΓûêΓûêΓûêΓûêΓûêΓûêΓûêΓûêΓûêΓûê| Time: 0:00:01[39m[K
[34m                   # paths tracked: 252[39m[K
[34m   # non-singular solutions (real): 252 (12)[39m[K
[34m       # singular endpoints (real): 0 (0)[39m[K
[34m          # total solutions (real): 252 (12)[39m[K

[32mTracking 252 paths...  33%|ΓûêΓûêΓûêΓûêΓûêΓûêΓûêΓûêΓûêΓûê                   |  ETA: 0:00:01[39m[K
[34m                   # paths tracked: 82[39m[K
[34m   # non-singular solutions (real): 82 (4)[39m[K
[34m       # singular endpoints (real): 0 (0)[39m[K
[34m          # total solutions (real): 82 (4)[39m[K
[A
[A
[A
[A




[K[A
[K[A
[K[A
[K[A
[32mTracking 252 paths...  45%|ΓûêΓûêΓûêΓûêΓûêΓûêΓûêΓûêΓûêΓûêΓûêΓûêΓûêΓûê               |  ETA: 0:00:01[39m[K
[34m                   # paths tracked: 114[39m[K
[34m   # non-singular solutions (real): 114 (5)[39m[K
[34m       # singular endpoints (real): 0 (0)[39m[K
[34m          # total solutions (real): 114 (5)[39m[K
[A
[A
[A
[A




[K[A
[K[A
[K[A
[K[A
[32mTracking 252 paths...  57%|ΓûêΓûêΓûêΓûêΓûêΓûêΓûêΓûêΓûêΓûêΓûêΓûêΓûêΓûêΓûêΓûêΓûê            |  ETA: 0:00:01[39m[K
[34m                   # paths tracked: 144[39m[K
[34m   # non-singular solutions (real): 144 (6)[39m[K
[34m       # singular endpoints (real): 0 (0)[39m[K
[34m          # total solutions (real): 144 (6)[39m[K
[A
[A
[A
[A




[K[A
[K[A
[K[A
[K[A
[32mTracking 252 paths...  68%|ΓûêΓûêΓûêΓûêΓûêΓûêΓûêΓûêΓûêΓûêΓûêΓûêΓûêΓûêΓûêΓûêΓûêΓûêΓûêΓûê         |  ETA: 0:00:01[39m[K
[34m                   # paths tracked: 171[39m[K
[34m   # non-singular solutions (real): 171 (7)[39m[K
[34m       # singular endpoints (real): 0 (0)[39m[K
[34m          # total solutions (real): 171 (7)[39m[K
[A
[A
[A
[A




[K[A
[K[A
[K[A
[K[A
[32mTracking 252 paths...  79%|ΓûêΓûêΓûêΓûêΓûêΓûêΓûêΓûêΓûêΓûêΓûêΓûêΓûêΓûêΓûêΓûêΓûêΓûêΓûêΓûêΓûêΓûêΓûêΓûê     |  ETA: 0:00:00[39m[K
[34m                   # paths tracked: 200[39m[K
[34m   # non-singular solutions (real): 200 (9)[39m[K
[34m       # singular endpoints (real): 0 (0)[39m[K
[34m          # total solutions (real): 200 (9)[39m[K
[A
[A
[A
[A




[K[A
[K[A
[K[A
[K[A
[32mTracking 252 paths...  93%|ΓûêΓûêΓûêΓûêΓûêΓûêΓûêΓûêΓûêΓûêΓûêΓûêΓûêΓûêΓûêΓûêΓûêΓûêΓûêΓûêΓûêΓûêΓûêΓûêΓûêΓûêΓûêΓûê |  ETA: 0:00:00[39m[K
[34m                   # paths tracked: 235[39m[K
[34m   # non-singular solutions (real): 235 (11)[39m[K
[34m       # singular endpoints (real): 0 (0)[39m[K
[34m          # total solutions (real): 235 (11)[39m[K
[A
[A
[A
[A




[K[A
[K[A
[K[A
[K[A
[32mTracking 252 paths... 100%|ΓûêΓûêΓûêΓûêΓûêΓûêΓûêΓûêΓûêΓûêΓûêΓûêΓûêΓûêΓûêΓûêΓûêΓûêΓûêΓûêΓûêΓûêΓûêΓûêΓûêΓûêΓûêΓûêΓûê| Time: 0:00:01[39m[K
[34m                   # paths tracked: 252[39m[K
[34m   # non-singular solutions (real): 252 (12)[39m[K
[34m       # singular endpoints (real): 0 (0)[39m[K
[34m          # total solutions (real): 252 (12)[39m[K

[32mTracking 252 paths...  32%|ΓûêΓûêΓûêΓûêΓûêΓûêΓûêΓûêΓûêΓûê                   |  ETA: 0:00:01[39m[K
[34m                   # paths tracked: 81[39m[K
[34m   # non-singular solutions (real): 81 (5)[39m[K
[34m       # singular endpoints (real): 0 (0)[39m[K
[34m          # total solutions (real): 81 (5)[39m[K
[A
[A
[A
[A




[K[A
[K[A
[K[A
[K[A
[32mTracking 252 paths...  46%|ΓûêΓûêΓûêΓûêΓûêΓûêΓûêΓûêΓûêΓûêΓûêΓûêΓûêΓûê               |  ETA: 0:00:01[39m[K
[34m                   # paths tracked: 117[39m[K
[34m   # non-singular solutions (real): 117 (6)[39m[K
[34m       # singular endpoints (real): 0 (0)[39m[K
[34m          # total solutions (real): 117 (6)[39m[K
[A
[A
[A
[A




[K[A
[K[A
[K[A
[K[A
[32mTracking 252 paths...  60%|ΓûêΓûêΓûêΓûêΓûêΓûêΓûêΓûêΓûêΓûêΓûêΓûêΓûêΓûêΓûêΓûêΓûêΓûê           |  ETA: 0:00:01[39m[K
[34m                   # paths tracked: 151[39m[K
[34m   # non-singular solutions (real): 151 (6)[39m[K
[34m       # singular endpoints (real): 0 (0)[39m[K
[34m          # total solutions (real): 151 (6)[39m[K
[A
[A
[A
[A




[K[A
[K[A
[K[A
[K[A
[32mTracking 252 paths...  75%|ΓûêΓûêΓûêΓûêΓûêΓûêΓûêΓûêΓûêΓûêΓûêΓûêΓûêΓûêΓûêΓûêΓûêΓûêΓûêΓûêΓûêΓûê       |  ETA: 0:00:00[39m[K
[34m                   # paths tracked: 190[39m[K
[34m   # non-singular solutions (real): 190 (7)[39m[K
[34m       # singular endpoints (real): 0 (0)[39m[K
[34m          # total solutions (real): 190 (7)[39m[K
[A
[A
[A
[A




[K[A
[K[A
[K[A
[K[A
[32mTracking 252 paths...  90%|ΓûêΓûêΓûêΓûêΓûêΓûêΓûêΓûêΓûêΓûêΓûêΓûêΓûêΓûêΓûêΓûêΓûêΓûêΓûêΓûêΓûêΓûêΓûêΓûêΓûêΓûêΓûê  |  ETA: 0:00:00[39m[K
[34m                   # paths tracked: 227[39m[K
[34m   # non-singular solutions (real): 227 (10)[39m[K
[34m       # singular endpoints (real): 0 (0)[39m[K
[34m          # total solutions (real): 227 (10)[39m[K
[A
[A
[A
[A




[K[A
[K[A
[K[A
[K[A
[32mTracking 252 paths... 100%|ΓûêΓûêΓûêΓûêΓûêΓûêΓûêΓûêΓûêΓûêΓûêΓûêΓûêΓûêΓûêΓûêΓûêΓûêΓûêΓûêΓûêΓûêΓûêΓûêΓûêΓûêΓûêΓûêΓûê| Time: 0:00:01[39m[K
[34m                   # paths tracked: 252[39m[K
[34m   # non-singular solutions (real): 252 (12)[39m[K
[34m       # singular endpoints (real): 0 (0)[39m[K
[34m          # total solutions (real): 252 (12)[39m[K

[32mTracking 252 paths...  35%|ΓûêΓûêΓûêΓûêΓûêΓûêΓûêΓûêΓûêΓûêΓûê                  |  ETA: 0:00:01[39m[K
[34m                   # paths tracked: 89[39m[K
[34m   # non-singular solutions (real): 89 (7)[39m[K
[34m       # singular endpoints (real): 0 (0)[39m[K
[34m          # total solutions (real): 89 (7)[39m[K
[A
[A
[A
[A




[K[A
[K[A
[K[A
[K[A
[32mTracking 252 paths...  50%|ΓûêΓûêΓûêΓûêΓûêΓûêΓûêΓûêΓûêΓûêΓûêΓûêΓûêΓûêΓûê              |  ETA: 0:00:01[39m[K
[34m                   # paths tracked: 127[39m[K
[34m   # non-singular solutions (real): 127 (10)[39m[K
[34m       # singular endpoints (real): 0 (0)[39m[K
[34m          # total solutions (real): 127 (10)[39m[K
[A
[A
[A
[A




[K[A
[K[A
[K[A
[K[A
[32mTracking 252 paths...  65%|ΓûêΓûêΓûêΓûêΓûêΓûêΓûêΓûêΓûêΓûêΓûêΓûêΓûêΓûêΓûêΓûêΓûêΓûêΓûê          |  ETA: 0:00:00[39m[K
[34m                   # paths tracked: 163[39m[K
[34m   # non-singular solutions (real): 163 (10)[39m[K
[34m       # singular endpoints (real): 0 (0)[39m[K
[34m          # total solutions (real): 163 (10)[39m[K
[A
[A
[A
[A




[K[A
[K[A
[K[A
[K[A
[32mTracking 252 paths...  78%|ΓûêΓûêΓûêΓûêΓûêΓûêΓûêΓûêΓûêΓûêΓûêΓûêΓûêΓûêΓûêΓûêΓûêΓûêΓûêΓûêΓûêΓûêΓûê      |  ETA: 0:00:00[39m[K
[34m                   # paths tracked: 197[39m[K
[34m   # non-singular solutions (real): 197 (10)[39m[K
[34m       # singular endpoints (real): 0 (0)[39m[K
[34m          # total solutions (real): 197 (10)[39m[K
[A
[A
[A
[A




[K[A
[K[A
[K[A
[K[A
[32mTracking 252 paths...  92%|ΓûêΓûêΓûêΓûêΓûêΓûêΓûêΓûêΓûêΓûêΓûêΓûêΓûêΓûêΓûêΓûêΓûêΓûêΓûêΓûêΓûêΓûêΓûêΓûêΓûêΓûêΓûê  |  ETA: 0:00:00[39m[K
[34m                   # paths tracked: 232[39m[K
[34m   # non-singular solutions (real): 232 (11)[39m[K
[34m       # singular endpoints (real): 0 (0)[39m[K
[34m          # total solutions (real): 232 (11)[39m[K
[A
[A
[A
[A




[K[A
[K[A
[K[A
[K[A
[32mTracking 252 paths... 100%|ΓûêΓûêΓûêΓûêΓûêΓûêΓûêΓûêΓûêΓûêΓûêΓûêΓûêΓûêΓûêΓûêΓûêΓûêΓûêΓûêΓûêΓûêΓûêΓûêΓûêΓûêΓûêΓûêΓûê| Time: 0:00:01[39m[K
[34m                   # paths tracked: 252[39m[K
[34m   # non-singular solutions (real): 252 (12)[39m[K
[34m       # singular endpoints (real): 0 (0)[39m[K
[34m          # total solutions (real): 252 (12)[39m[K

[32mTracking 252 paths...  35%|ΓûêΓûêΓûêΓûêΓûêΓûêΓûêΓûêΓûêΓûêΓûê                  |  ETA: 0:00:01[39m[K
[34m                   # paths tracked: 87[39m[K
[34m   # non-singular solutions (real): 87 (3)[39m[K
[34m       # singular endpoints (real): 0 (0)[39m[K
[34m          # total solutions (real): 87 (3)[39m[K
[A
[A
[A
[A




[K[A
[K[A
[K[A
[K[A
[32mTracking 252 paths...  49%|ΓûêΓûêΓûêΓûêΓûêΓûêΓûêΓûêΓûêΓûêΓûêΓûêΓûêΓûêΓûê              |  ETA: 0:00:01[39m[K
[34m                   # paths tracked: 124[39m[K
[34m   # non-singular solutions (real): 124 (3)[39m[K
[34m       # singular endpoints (real): 0 (0)[39m[K
[34m          # total solutions (real): 124 (3)[39m[K
[A
[A
[A
[A




[K[A
[K[A
[K[A
[K[A
[32mTracking 252 paths...  64%|ΓûêΓûêΓûêΓûêΓûêΓûêΓûêΓûêΓûêΓûêΓûêΓûêΓûêΓûêΓûêΓûêΓûêΓûêΓûê          |  ETA: 0:00:01[39m[K
[34m                   # paths tracked: 161[39m[K
[34m   # non-singular solutions (real): 161 (5)[39m[K
[34m       # singular endpoints (real): 0 (0)[39m[K
[34m          # total solutions (real): 161 (5)[39m[K
[A
[A
[A
[A




[K[A
[K[A
[K[A
[K[A
[32mTracking 252 paths...  75%|ΓûêΓûêΓûêΓûêΓûêΓûêΓûêΓûêΓûêΓûêΓûêΓûêΓûêΓûêΓûêΓûêΓûêΓûêΓûêΓûêΓûêΓûê       |  ETA: 0:00:00[39m[K
[34m                   # paths tracked: 190[39m[K
[34m   # non-singular solutions (real): 190 (6)[39m[K
[34m       # singular endpoints (real): 0 (0)[39m[K
[34m          # total solutions (real): 190 (6)[39m[K
[A
[A
[A
[A




[K[A
[K[A
[K[A
[K[A
[32mTracking 252 paths...  88%|ΓûêΓûêΓûêΓûêΓûêΓûêΓûêΓûêΓûêΓûêΓûêΓûêΓûêΓûêΓûêΓûêΓûêΓûêΓûêΓûêΓûêΓûêΓûêΓûêΓûêΓûê   |  ETA: 0:00:00[39m[K
[34m                   # paths tracked: 222[39m[K
[34m   # non-singular solutions (real): 222 (10)[39m[K
[34m       # singular endpoints (real): 0 (0)[39m[K
[34m          # total solutions (real): 222 (10)[39m[K
[A
[A
[A
[A




[K[A
[K[A
[K[A
[K[A
[32mTracking 252 paths... 100%|ΓûêΓûêΓûêΓûêΓûêΓûêΓûêΓûêΓûêΓûêΓûêΓûêΓûêΓûêΓûêΓûêΓûêΓûêΓûêΓûêΓûêΓûêΓûêΓûêΓûêΓûêΓûêΓûêΓûê| Time: 0:00:01[39m[K
[34m                   # paths tracked: 252[39m[K
[34m   # non-singular solutions (real): 252 (12)[39m[K
[34m       # singular endpoints (real): 0 (0)[39m[K
[34m          # total solutions (real): 252 (12)[39m[K

[32mTracking 252 paths...  34%|ΓûêΓûêΓûêΓûêΓûêΓûêΓûêΓûêΓûêΓûê                   |  ETA: 0:00:01[39m[K
[34m                   # paths tracked: 85[39m[K
[34m   # non-singular solutions (real): 85 (2)[39m[K
[34m       # singular endpoints (real): 0 (0)[39m[K
[34m          # total solutions (real): 85 (2)[39m[K
[A
[A
[A
[A




[K[A
[K[A
[K[A
[K[A
[32mTracking 252 paths...  48%|ΓûêΓûêΓûêΓûêΓûêΓûêΓûêΓûêΓûêΓûêΓûêΓûêΓûêΓûêΓûê              |  ETA: 0:00:01[39m[K
[34m                   # paths tracked: 122[39m[K
[34m   # non-singular solutions (real): 122 (6)[39m[K
[34m       # singular endpoints (real): 0 (0)[39m[K
[34m          # total solutions (real): 122 (6)[39m[K
[A
[A
[A
[A




[K[A
[K[A
[K[A
[K[A
[32mTracking 252 paths...  62%|ΓûêΓûêΓûêΓûêΓûêΓûêΓûêΓûêΓûêΓûêΓûêΓûêΓûêΓûêΓûêΓûêΓûêΓûêΓûê          |  ETA: 0:00:01[39m[K
[34m                   # paths tracked: 157[39m[K
[34m   # non-singular solutions (real): 157 (7)[39m[K
[34m       # singular endpoints (real): 0 (0)[39m[K
[34m          # total solutions (real): 157 (7)[39m[K
[A
[A
[A
[A




[K[A
[K[A
[K[A
[K[A
[32mTracking 252 paths...  76%|ΓûêΓûêΓûêΓûêΓûêΓûêΓûêΓûêΓûêΓûêΓûêΓûêΓûêΓûêΓûêΓûêΓûêΓûêΓûêΓûêΓûêΓûêΓûê      |  ETA: 0:00:00[39m[K
[34m                   # paths tracked: 192[39m[K
[34m   # non-singular solutions (real): 192 (8)[39m[K
[34m       # singular endpoints (real): 0 (0)[39m[K
[34m          # total solutions (real): 192 (8)[39m[K
[A
[A
[A
[A




[K[A
[K[A
[K[A
[K[A
[32mTracking 252 paths...  83%|ΓûêΓûêΓûêΓûêΓûêΓûêΓûêΓûêΓûêΓûêΓûêΓûêΓûêΓûêΓûêΓûêΓûêΓûêΓûêΓûêΓûêΓûêΓûêΓûê     |  ETA: 0:00:00[39m[K
[34m                   # paths tracked: 208[39m[K
[34m   # non-singular solutions (real): 208 (9)[39m[K
[34m       # singular endpoints (real): 0 (0)[39m[K
[34m          # total solutions (real): 208 (9)[39m[K
[A
[A
[A
[A




[K[A
[K[A
[K[A
[K[A
[32mTracking 252 paths... 100%|ΓûêΓûêΓûêΓûêΓûêΓûêΓûêΓûêΓûêΓûêΓûêΓûêΓûêΓûêΓûêΓûêΓûêΓûêΓûêΓûêΓûêΓûêΓûêΓûêΓûêΓûêΓûêΓûêΓûê| Time: 0:00:01[39m[K
[34m                   # paths tracked: 252[39m[K
[34m   # non-singular solutions (real): 252 (12)[39m[K
[34m       # singular endpoints (real): 0 (0)[39m[K
[34m          # total solutions (real): 252 (12)[39m[K

[32mTracking 252 paths...  35%|ΓûêΓûêΓûêΓûêΓûêΓûêΓûêΓûêΓûêΓûêΓûê                  |  ETA: 0:00:01[39m[K
[34m                   # paths tracked: 88[39m[K
[34m   # non-singular solutions (real): 88 (3)[39m[K
[34m       # singular endpoints (real): 0 (0)[39m[K
[34m          # total solutions (real): 88 (3)[39m[K
[A
[A
[A
[A




[K[A
[K[A
[K[A
[K[A
[32mTracking 252 paths...  50%|ΓûêΓûêΓûêΓûêΓûêΓûêΓûêΓûêΓûêΓûêΓûêΓûêΓûêΓûêΓûê              |  ETA: 0:00:01[39m[K
[34m                   # paths tracked: 126[39m[K
[34m   # non-singular solutions (real): 126 (4)[39m[K
[34m       # singular endpoints (real): 0 (0)[39m[K
[34m          # total solutions (real): 126 (4)[39m[K
[A
[A
[A
[A




[K[A
[K[A
[K[A
[K[A
[32mTracking 252 paths...  65%|ΓûêΓûêΓûêΓûêΓûêΓûêΓûêΓûêΓûêΓûêΓûêΓûêΓûêΓûêΓûêΓûêΓûêΓûêΓûê          |  ETA: 0:00:01[39m[K
[34m                   # paths tracked: 163[39m[K
[34m   # non-singular solutions (real): 163 (6)[39m[K
[34m       # singular endpoints (real): 0 (0)[39m[K
[34m          # total solutions (real): 163 (6)[39m[K
[A
[A
[A
[A




[K[A
[K[A
[K[A
[K[A
[32mTracking 252 paths...  80%|ΓûêΓûêΓûêΓûêΓûêΓûêΓûêΓûêΓûêΓûêΓûêΓûêΓûêΓûêΓûêΓûêΓûêΓûêΓûêΓûêΓûêΓûêΓûêΓûê     |  ETA: 0:00:00[39m[K
[34m                   # paths tracked: 201[39m[K
[34m   # non-singular solutions (real): 201 (7)[39m[K
[34m       # singular endpoints (real): 0 (0)[39m[K
[34m          # total solutions (real): 201 (7)[39m[K
[A
[A
[A
[A




[K[A
[K[A
[K[A
[K[A
[32mTracking 252 paths...  91%|ΓûêΓûêΓûêΓûêΓûêΓûêΓûêΓûêΓûêΓûêΓûêΓûêΓûêΓûêΓûêΓûêΓûêΓûêΓûêΓûêΓûêΓûêΓûêΓûêΓûêΓûêΓûê  |  ETA: 0:00:00[39m[K
[34m                   # paths tracked: 230[39m[K
[34m   # non-singular solutions (real): 230 (10)[39m[K
[34m       # singular endpoints (real): 0 (0)[39m[K
[34m          # total solutions (real): 230 (10)[39m[K
[A
[A
[A
[A




[K[A
[K[A
[K[A
[K[A
[32mTracking 252 paths... 100%|ΓûêΓûêΓûêΓûêΓûêΓûêΓûêΓûêΓûêΓûêΓûêΓûêΓûêΓûêΓûêΓûêΓûêΓûêΓûêΓûêΓûêΓûêΓûêΓûêΓûêΓûêΓûêΓûêΓûê| Time: 0:00:01[39m[K
[34m                   # paths tracked: 252[39m[K
[34m   # non-singular solutions (real): 252 (12)[39m[K
[34m       # singular endpoints (real): 0 (0)[39m[K
[34m          # total solutions (real): 252 (12)[39m[K

[32mTracking 252 paths...  33%|ΓûêΓûêΓûêΓûêΓûêΓûêΓûêΓûêΓûêΓûê                   |  ETA: 0:00:01[39m[K
[34m                   # paths tracked: 82[39m[K
[34m   # non-singular solutions (real): 82 (1)[39m[K
[34m       # singular endpoints (real): 0 (0)[39m[K
[34m          # total solutions (real): 82 (1)[39m[K
[A
[A
[A
[A




[K[A
[K[A
[K[A
[K[A
[32mTracking 252 paths...  46%|ΓûêΓûêΓûêΓûêΓûêΓûêΓûêΓûêΓûêΓûêΓûêΓûêΓûêΓûê               |  ETA: 0:00:01[39m[K
[34m                   # paths tracked: 116[39m[K
[34m   # non-singular solutions (real): 116 (3)[39m[K
[34m       # singular endpoints (real): 0 (0)[39m[K
[34m          # total solutions (real): 116 (3)[39m[K
[A
[A
[A
[A




[K[A
[K[A
[K[A
[K[A
[32mTracking 252 paths...  58%|ΓûêΓûêΓûêΓûêΓûêΓûêΓûêΓûêΓûêΓûêΓûêΓûêΓûêΓûêΓûêΓûêΓûê            |  ETA: 0:00:01[39m[K
[34m                   # paths tracked: 147[39m[K
[34m   # non-singular solutions (real): 147 (3)[39m[K
[34m       # singular endpoints (real): 0 (0)[39m[K
[34m          # total solutions (real): 147 (3)[39m[K
[A
[A
[A
[A




[K[A
[K[A
[K[A
[K[A
[32mTracking 252 paths...  70%|ΓûêΓûêΓûêΓûêΓûêΓûêΓûêΓûêΓûêΓûêΓûêΓûêΓûêΓûêΓûêΓûêΓûêΓûêΓûêΓûêΓûê        |  ETA: 0:00:00[39m[K
[34m                   # paths tracked: 177[39m[K
[34m   # non-singular solutions (real): 177 (4)[39m[K
[34m       # singular endpoints (real): 0 (0)[39m[K
[34m          # total solutions (real): 177 (4)[39m[K
[A
[A
[A
[A




[K[A
[K[A
[K[A
[K[A
[32mTracking 252 paths...  83%|ΓûêΓûêΓûêΓûêΓûêΓûêΓûêΓûêΓûêΓûêΓûêΓûêΓûêΓûêΓûêΓûêΓûêΓûêΓûêΓûêΓûêΓûêΓûêΓûê     |  ETA: 0:00:00[39m[K
[34m                   # paths tracked: 208[39m[K
[34m   # non-singular solutions (real): 208 (5)[39m[K
[34m       # singular endpoints (real): 0 (0)[39m[K
[34m          # total solutions (real): 208 (5)[39m[K
[A
[A
[A
[A




[K[A
[K[A
[K[A
[K[A
[32mTracking 252 paths...  96%|ΓûêΓûêΓûêΓûêΓûêΓûêΓûêΓûêΓûêΓûêΓûêΓûêΓûêΓûêΓûêΓûêΓûêΓûêΓûêΓûêΓûêΓûêΓûêΓûêΓûêΓûêΓûêΓûê |  ETA: 0:00:00[39m[K
[34m                   # paths tracked: 243[39m[K
[34m   # non-singular solutions (real): 243 (11)[39m[K
[34m       # singular endpoints (real): 0 (0)[39m[K
[34m          # total solutions (real): 243 (11)[39m[K
[A
[A
[A
[A




[K[A
[K[A
[K[A
[K[A
[32mTracking 252 paths... 100%|ΓûêΓûêΓûêΓûêΓûêΓûêΓûêΓûêΓûêΓûêΓûêΓûêΓûêΓûêΓûêΓûêΓûêΓûêΓûêΓûêΓûêΓûêΓûêΓûêΓûêΓûêΓûêΓûêΓûê| Time: 0:00:01[39m[K
[34m                   # paths tracked: 252[39m[K
[34m   # non-singular solutions (real): 252 (12)[39m[K
[34m       # singular endpoints (real): 0 (0)[39m[K
[34m          # total solutions (real): 252 (12)[39m[K

[32mTracking 252 paths...  37%|ΓûêΓûêΓûêΓûêΓûêΓûêΓûêΓûêΓûêΓûêΓûê                  |  ETA: 0:00:01[39m[K
[34m                   # paths tracked: 93[39m[K
[34m   # non-singular solutions (real): 93 (6)[39m[K
[34m       # singular endpoints (real): 0 (0)[39m[K
[34m          # total solutions (real): 93 (6)[39m[K
[A
[A
[A
[A




[K[A
[K[A
[K[A
[K[A
[32mTracking 252 paths...  51%|ΓûêΓûêΓûêΓûêΓûêΓûêΓûêΓûêΓûêΓûêΓûêΓûêΓûêΓûêΓûê              |  ETA: 0:00:01[39m[K
[34m                   # paths tracked: 129[39m[K
[34m   # non-singular solutions (real): 129 (8)[39m[K
[34m       # singular endpoints (real): 0 (0)[39m[K
[34m          # total solutions (real): 129 (8)[39m[K
[A
[A
[A
[A




[K[A
[K[A
[K[A
[K[A
[32mTracking 252 paths...  66%|ΓûêΓûêΓûêΓûêΓûêΓûêΓûêΓûêΓûêΓûêΓûêΓûêΓûêΓûêΓûêΓûêΓûêΓûêΓûêΓûê         |  ETA: 0:00:00[39m[K
[34m                   # paths tracked: 167[39m[K
[34m   # non-singular solutions (real): 167 (8)[39m[K
[34m       # singular endpoints (real): 0 (0)[39m[K
[34m          # total solutions (real): 167 (8)[39m[K
[A
[A
[A
[A




[K[A
[K[A
[K[A
[K[A
[32mTracking 252 paths...  83%|ΓûêΓûêΓûêΓûêΓûêΓûêΓûêΓûêΓûêΓûêΓûêΓûêΓûêΓûêΓûêΓûêΓûêΓûêΓûêΓûêΓûêΓûêΓûêΓûê     |  ETA: 0:00:00[39m[K
[34m                   # paths tracked: 208[39m[K
[34m   # non-singular solutions (real): 208 (11)[39m[K
[34m       # singular endpoints (real): 0 (0)[39m[K
[34m          # total solutions (real): 208 (11)[39m[K
[A
[A
[A
[A




[K[A
[K[A
[K[A
[K[A
[32mTracking 252 paths...  97%|ΓûêΓûêΓûêΓûêΓûêΓûêΓûêΓûêΓûêΓûêΓûêΓûêΓûêΓûêΓûêΓûêΓûêΓûêΓûêΓûêΓûêΓûêΓûêΓûêΓûêΓûêΓûêΓûêΓûê|  ETA: 0:00:00[39m[K
[34m                   # paths tracked: 245[39m[K
[34m   # non-singular solutions (real): 245 (12)[39m[K
[34m       # singular endpoints (real): 0 (0)[39m[K
[34m          # total solutions (real): 245 (12)[39m[K
[A
[A
[A
[A




[K[A
[K[A
[K[A
[K[A
[32mTracking 252 paths... 100%|ΓûêΓûêΓûêΓûêΓûêΓûêΓûêΓûêΓûêΓûêΓûêΓûêΓûêΓûêΓûêΓûêΓûêΓûêΓûêΓûêΓûêΓûêΓûêΓûêΓûêΓûêΓûêΓûêΓûê| Time: 0:00:01[39m[K
[34m                   # paths tracked: 252[39m[K
[34m   # non-singular solutions (real): 252 (12)[39m[K
[34m       # singular endpoints (real): 0 (0)[39m[K
[34m          # total solutions (real): 252 (12)[39m[K

[32mTracking 252 paths...  35%|ΓûêΓûêΓûêΓûêΓûêΓûêΓûêΓûêΓûêΓûêΓûê                  |  ETA: 0:00:01[39m[K
[34m                   # paths tracked: 88[39m[K
[34m   # non-singular solutions (real): 88 (3)[39m[K
[34m       # singular endpoints (real): 0 (0)[39m[K
[34m          # total solutions (real): 88 (3)[39m[K
[A
[A
[A
[A




[K[A
[K[A
[K[A
[K[A
[32mTracking 252 paths...  50%|ΓûêΓûêΓûêΓûêΓûêΓûêΓûêΓûêΓûêΓûêΓûêΓûêΓûêΓûêΓûê              |  ETA: 0:00:01[39m[K
[34m                   # paths tracked: 126[39m[K
[34m   # non-singular solutions (real): 126 (7)[39m[K
[34m       # singular endpoints (real): 0 (0)[39m[K
[34m          # total solutions (real): 126 (7)[39m[K
[A
[A
[A
[A




[K[A
[K[A
[K[A
[K[A
[32mTracking 252 paths...  65%|ΓûêΓûêΓûêΓûêΓûêΓûêΓûêΓûêΓûêΓûêΓûêΓûêΓûêΓûêΓûêΓûêΓûêΓûêΓûê          |  ETA: 0:00:00[39m[K
[34m                   # paths tracked: 165[39m[K
[34m   # non-singular solutions (real): 165 (9)[39m[K
[34m       # singular endpoints (real): 0 (0)[39m[K
[34m          # total solutions (real): 165 (9)[39m[K
[A
[A
[A
[A




[K[A
[K[A
[K[A
[K[A
[32mTracking 252 paths...  80%|ΓûêΓûêΓûêΓûêΓûêΓûêΓûêΓûêΓûêΓûêΓûêΓûêΓûêΓûêΓûêΓûêΓûêΓûêΓûêΓûêΓûêΓûêΓûêΓûê     |  ETA: 0:00:00[39m[K
[34m                   # paths tracked: 201[39m[K
[34m   # non-singular solutions (real): 201 (9)[39m[K
[34m       # singular endpoints (real): 0 (0)[39m[K
[34m          # total solutions (real): 201 (9)[39m[K
[A
[A
[A
[A




[K[A
[K[A
[K[A
[K[A
[32mTracking 252 paths...  95%|ΓûêΓûêΓûêΓûêΓûêΓûêΓûêΓûêΓûêΓûêΓûêΓûêΓûêΓûêΓûêΓûêΓûêΓûêΓûêΓûêΓûêΓûêΓûêΓûêΓûêΓûêΓûêΓûê |  ETA: 0:00:00[39m[K
[34m                   # paths tracked: 240[39m[K
[34m   # non-singular solutions (real): 240 (11)[39m[K
[34m       # singular endpoints (real): 0 (0)[39m[K
[34m          # total solutions (real): 240 (11)[39m[K
[A
[A
[A
[A




[K[A
[K[A
[K[A
[K[A
[32mTracking 252 paths... 100%|ΓûêΓûêΓûêΓûêΓûêΓûêΓûêΓûêΓûêΓûêΓûêΓûêΓûêΓûêΓûêΓûêΓûêΓûêΓûêΓûêΓûêΓûêΓûêΓûêΓûêΓûêΓûêΓûêΓûê| Time: 0:00:01[39m[K
[34m                   # paths tracked: 252[39m[K
[34m   # non-singular solutions (real): 252 (12)[39m[K
[34m       # singular endpoints (real): 0 (0)[39m[K
[34m          # total solutions (real): 252 (12)[39m[K

[32mTracking 252 paths...  36%|ΓûêΓûêΓûêΓûêΓûêΓûêΓûêΓûêΓûêΓûêΓûê                  |  ETA: 0:00:01[39m[K
[34m                   # paths tracked: 91[39m[K
[34m   # non-singular solutions (real): 91 (6)[39m[K
[34m       # singular endpoints (real): 0 (0)[39m[K
[34m          # total solutions (real): 91 (6)[39m[K
[A
[A
[A
[A




[K[A
[K[A
[K[A
[K[A
[32mTracking 252 paths...  50%|ΓûêΓûêΓûêΓûêΓûêΓûêΓûêΓûêΓûêΓûêΓûêΓûêΓûêΓûêΓûê              |  ETA: 0:00:01[39m[K
[34m                   # paths tracked: 125[39m[K
[34m   # non-singular solutions (real): 125 (7)[39m[K
[34m       # singular endpoints (real): 0 (0)[39m[K
[34m          # total solutions (real): 125 (7)[39m[K
[A
[A
[A
[A




[K[A
[K[A
[K[A
[K[A
[32mTracking 252 paths...  64%|ΓûêΓûêΓûêΓûêΓûêΓûêΓûêΓûêΓûêΓûêΓûêΓûêΓûêΓûêΓûêΓûêΓûêΓûêΓûê          |  ETA: 0:00:01[39m[K
[34m                   # paths tracked: 162[39m[K
[34m   # non-singular solutions (real): 162 (9)[39m[K
[34m       # singular endpoints (real): 0 (0)[39m[K
[34m          # total solutions (real): 162 (9)[39m[K
[A
[A
[A
[A




[K[A
[K[A
[K[A
[K[A
[32mTracking 252 paths...  79%|ΓûêΓûêΓûêΓûêΓûêΓûêΓûêΓûêΓûêΓûêΓûêΓûêΓûêΓûêΓûêΓûêΓûêΓûêΓûêΓûêΓûêΓûêΓûê      |  ETA: 0:00:00[39m[K
[34m                   # paths tracked: 198[39m[K
[34m   # non-singular solutions (real): 198 (12)[39m[K
[34m       # singular endpoints (real): 0 (0)[39m[K
[34m          # total solutions (real): 198 (12)[39m[K
[A
[A
[A
[A




[K[A
[K[A
[K[A
[K[A
[32mTracking 252 paths...  94%|ΓûêΓûêΓûêΓûêΓûêΓûêΓûêΓûêΓûêΓûêΓûêΓûêΓûêΓûêΓûêΓûêΓûêΓûêΓûêΓûêΓûêΓûêΓûêΓûêΓûêΓûêΓûêΓûê |  ETA: 0:00:00[39m[K
[34m                   # paths tracked: 237[39m[K
[34m   # non-singular solutions (real): 237 (12)[39m[K
[34m       # singular endpoints (real): 0 (0)[39m[K
[34m          # total solutions (real): 237 (12)[39m[K
[A
[A
[A
[A




[K[A
[K[A
[K[A
[K[A
[32mTracking 252 paths... 100%|ΓûêΓûêΓûêΓûêΓûêΓûêΓûêΓûêΓûêΓûêΓûêΓûêΓûêΓûêΓûêΓûêΓûêΓûêΓûêΓûêΓûêΓûêΓûêΓûêΓûêΓûêΓûêΓûêΓûê| Time: 0:00:01[39m[K
[34m                   # paths tracked: 252[39m[K
[34m   # non-singular solutions (real): 252 (12)[39m[K
[34m       # singular endpoints (real): 0 (0)[39m[K
[34m          # total solutions (real): 252 (12)[39m[K

[32mTracking 252 paths...  35%|ΓûêΓûêΓûêΓûêΓûêΓûêΓûêΓûêΓûêΓûêΓûê                  |  ETA: 0:00:01[39m[K
[34m                   # paths tracked: 89[39m[K
[34m   # non-singular solutions (real): 89 (3)[39m[K
[34m       # singular endpoints (real): 0 (0)[39m[K
[34m          # total solutions (real): 89 (3)[39m[K
[A
[A
[A
[A




[K[A
[K[A
[K[A
[K[A
[32mTracking 252 paths...  48%|ΓûêΓûêΓûêΓûêΓûêΓûêΓûêΓûêΓûêΓûêΓûêΓûêΓûêΓûê               |  ETA: 0:00:01[39m[K
[34m                   # paths tracked: 121[39m[K
[34m   # non-singular solutions (real): 121 (5)[39m[K
[34m       # singular endpoints (real): 0 (0)[39m[K
[34m          # total solutions (real): 121 (5)[39m[K
[A
[A
[A
[A




[K[A
[K[A
[K[A
[K[A
[32mTracking 252 paths...  61%|ΓûêΓûêΓûêΓûêΓûêΓûêΓûêΓûêΓûêΓûêΓûêΓûêΓûêΓûêΓûêΓûêΓûêΓûê           |  ETA: 0:00:01[39m[K
[34m                   # paths tracked: 154[39m[K
[34m   # non-singular solutions (real): 154 (8)[39m[K
[34m       # singular endpoints (real): 0 (0)[39m[K
[34m          # total solutions (real): 154 (8)[39m[K
[A
[A
[A
[A




[K[A
[K[A
[K[A
[K[A
[32mTracking 252 paths...  75%|ΓûêΓûêΓûêΓûêΓûêΓûêΓûêΓûêΓûêΓûêΓûêΓûêΓûêΓûêΓûêΓûêΓûêΓûêΓûêΓûêΓûêΓûê       |  ETA: 0:00:00[39m[K
[34m                   # paths tracked: 188[39m[K
[34m   # non-singular solutions (real): 188 (9)[39m[K
[34m       # singular endpoints (real): 0 (0)[39m[K
[34m          # total solutions (real): 188 (9)[39m[K
[A
[A
[A
[A




[K[A
[K[A
[K[A
[K[A
[32mTracking 252 paths...  87%|ΓûêΓûêΓûêΓûêΓûêΓûêΓûêΓûêΓûêΓûêΓûêΓûêΓûêΓûêΓûêΓûêΓûêΓûêΓûêΓûêΓûêΓûêΓûêΓûêΓûêΓûê   |  ETA: 0:00:00[39m[K
[34m                   # paths tracked: 220[39m[K
[34m   # non-singular solutions (real): 220 (10)[39m[K
[34m       # singular endpoints (real): 0 (0)[39m[K
[34m          # total solutions (real): 220 (10)[39m[K
[A
[A
[A
[A




[K[A
[K[A
[K[A
[K[A
[32mTracking 252 paths... 100%|ΓûêΓûêΓûêΓûêΓûêΓûêΓûêΓûêΓûêΓûêΓûêΓûêΓûêΓûêΓûêΓûêΓûêΓûêΓûêΓûêΓûêΓûêΓûêΓûêΓûêΓûêΓûêΓûêΓûê| Time: 0:00:01[39m[K
[34m                   # paths tracked: 252[39m[K
[34m   # non-singular solutions (real): 252 (12)[39m[K
[34m       # singular endpoints (real): 0 (0)[39m[K
[34m          # total solutions (real): 252 (12)[39m[K

[32mTracking 252 paths...  27%|ΓûêΓûêΓûêΓûêΓûêΓûêΓûêΓûê                     |  ETA: 0:00:01[39m[K
[34m                   # paths tracked: 68[39m[K
[34m   # non-singular solutions (real): 68 (3)[39m[K
[34m       # singular endpoints (real): 0 (0)[39m[K
[34m          # total solutions (real): 68 (3)[39m[K
[A
[A
[A
[A




[K[A
[K[A
[K[A
[K[A
[32mTracking 252 paths...  38%|ΓûêΓûêΓûêΓûêΓûêΓûêΓûêΓûêΓûêΓûêΓûêΓûê                 |  ETA: 0:00:01[39m[K
[34m                   # paths tracked: 96[39m[K
[34m   # non-singular solutions (real): 96 (5)[39m[K
[34m       # singular endpoints (real): 0 (0)[39m[K
[34m          # total solutions (real): 96 (5)[39m[K
[A
[A
[A
[A




[K[A
[K[A
[K[A
[K[A
[32mTracking 252 paths...  50%|ΓûêΓûêΓûêΓûêΓûêΓûêΓûêΓûêΓûêΓûêΓûêΓûêΓûêΓûêΓûê              |  ETA: 0:00:01[39m[K
[34m                   # paths tracked: 126[39m[K
[34m   # non-singular solutions (real): 126 (9)[39m[K
[34m       # singular endpoints (real): 0 (0)[39m[K
[34m          # total solutions (real): 126 (9)[39m[K
[A
[A
[A
[A




[K[A
[K[A
[K[A
[K[A
[32mTracking 252 paths...  63%|ΓûêΓûêΓûêΓûêΓûêΓûêΓûêΓûêΓûêΓûêΓûêΓûêΓûêΓûêΓûêΓûêΓûêΓûêΓûê          |  ETA: 0:00:01[39m[K
[34m                   # paths tracked: 160[39m[K
[34m   # non-singular solutions (real): 160 (10)[39m[K
[34m       # singular endpoints (real): 0 (0)[39m[K
[34m          # total solutions (real): 160 (10)[39m[K
[A
[A
[A
[A




[K[A
[K[A
[K[A
[K[A
[32mTracking 252 paths...  75%|ΓûêΓûêΓûêΓûêΓûêΓûêΓûêΓûêΓûêΓûêΓûêΓûêΓûêΓûêΓûêΓûêΓûêΓûêΓûêΓûêΓûêΓûê       |  ETA: 0:00:00[39m[K
[34m                   # paths tracked: 188[39m[K
[34m   # non-singular solutions (real): 188 (10)[39m[K
[34m       # singular endpoints (real): 0 (0)[39m[K
[34m          # total solutions (real): 188 (10)[39m[K
[A
[A
[A
[A




[K[A
[K[A
[K[A
[K[A
[32mTracking 252 paths...  87%|ΓûêΓûêΓûêΓûêΓûêΓûêΓûêΓûêΓûêΓûêΓûêΓûêΓûêΓûêΓûêΓûêΓûêΓûêΓûêΓûêΓûêΓûêΓûêΓûêΓûêΓûê   |  ETA: 0:00:00[39m[K
[34m                   # paths tracked: 219[39m[K
[34m   # non-singular solutions (real): 219 (10)[39m[K
[34m       # singular endpoints (real): 0 (0)[39m[K
[34m          # total solutions (real): 219 (10)[39m[K
[A
[A
[A
[A




[K[A
[K[A
[K[A
[K[A
[32mTracking 252 paths...  97%|ΓûêΓûêΓûêΓûêΓûêΓûêΓûêΓûêΓûêΓûêΓûêΓûêΓûêΓûêΓûêΓûêΓûêΓûêΓûêΓûêΓûêΓûêΓûêΓûêΓûêΓûêΓûêΓûêΓûê|  ETA: 0:00:00[39m[K
[34m                   # paths tracked: 245[39m[K
[34m   # non-singular solutions (real): 245 (11)[39m[K
[34m       # singular endpoints (real): 0 (0)[39m[K
[34m          # total solutions (real): 245 (11)[39m[K
[A
[A
[A
[A




[K[A
[K[A
[K[A
[K[A
[32mTracking 252 paths... 100%|ΓûêΓûêΓûêΓûêΓûêΓûêΓûêΓûêΓûêΓûêΓûêΓûêΓûêΓûêΓûêΓûêΓûêΓûêΓûêΓûêΓûêΓûêΓûêΓûêΓûêΓûêΓûêΓûêΓûê| Time: 0:00:01[39m[K
[34m                   # paths tracked: 252[39m[K
[34m   # non-singular solutions (real): 252 (12)[39m[K
[34m       # singular endpoints (real): 0 (0)[39m[K
[34m          # total solutions (real): 252 (12)[39m[K

[32mTracking 252 paths...  34%|ΓûêΓûêΓûêΓûêΓûêΓûêΓûêΓûêΓûêΓûê                   |  ETA: 0:00:01[39m[K
[34m                   # paths tracked: 85[39m[K
[34m   # non-singular solutions (real): 85 (4)[39m[K
[34m       # singular endpoints (real): 0 (0)[39m[K
[34m          # total solutions (real): 85 (4)[39m[K
[A
[A
[A
[A




[K[A
[K[A
[K[A
[K[A
[32mTracking 252 paths...  48%|ΓûêΓûêΓûêΓûêΓûêΓûêΓûêΓûêΓûêΓûêΓûêΓûêΓûêΓûê               |  ETA: 0:00:01[39m[K
[34m                   # paths tracked: 121[39m[K
[34m   # non-singular solutions (real): 121 (7)[39m[K
[34m       # singular endpoints (real): 0 (0)[39m[K
[34m          # total solutions (real): 121 (7)[39m[K
[A
[A
[A
[A




[K[A
[K[A
[K[A
[K[A
[32mTracking 252 paths...  62%|ΓûêΓûêΓûêΓûêΓûêΓûêΓûêΓûêΓûêΓûêΓûêΓûêΓûêΓûêΓûêΓûêΓûêΓûêΓûê          |  ETA: 0:00:01[39m[K
[34m                   # paths tracked: 157[39m[K
[34m   # non-singular solutions (real): 157 (8)[39m[K
[34m       # singular endpoints (real): 0 (0)[39m[K
[34m          # total solutions (real): 157 (8)[39m[K
[A
[A
[A
[A




[K[A
[K[A
[K[A
[K[A
[32mTracking 252 paths...  76%|ΓûêΓûêΓûêΓûêΓûêΓûêΓûêΓûêΓûêΓûêΓûêΓûêΓûêΓûêΓûêΓûêΓûêΓûêΓûêΓûêΓûêΓûêΓûê      |  ETA: 0:00:00[39m[K
[34m                   # paths tracked: 192[39m[K
[34m   # non-singular solutions (real): 192 (10)[39m[K
[34m       # singular endpoints (real): 0 (0)[39m[K
[34m          # total solutions (real): 192 (10)[39m[K
[A
[A
[A
[A




[K[A
[K[A
[K[A
[K[A
[32mTracking 252 paths...  89%|ΓûêΓûêΓûêΓûêΓûêΓûêΓûêΓûêΓûêΓûêΓûêΓûêΓûêΓûêΓûêΓûêΓûêΓûêΓûêΓûêΓûêΓûêΓûêΓûêΓûêΓûê   |  ETA: 0:00:00[39m[K
[34m                   # paths tracked: 224[39m[K
[34m   # non-singular solutions (real): 224 (11)[39m[K
[34m       # singular endpoints (real): 0 (0)[39m[K
[34m          # total solutions (real): 224 (11)[39m[K
[A
[A
[A
[A




[K[A
[K[A
[K[A
[K[A
[32mTracking 252 paths... 100%|ΓûêΓûêΓûêΓûêΓûêΓûêΓûêΓûêΓûêΓûêΓûêΓûêΓûêΓûêΓûêΓûêΓûêΓûêΓûêΓûêΓûêΓûêΓûêΓûêΓûêΓûêΓûêΓûêΓûê| Time: 0:00:01[39m[K
[34m                   # paths tracked: 252[39m[K
[34m   # non-singular solutions (real): 252 (12)[39m[K
[34m       # singular endpoints (real): 0 (0)[39m[K
[34m          # total solutions (real): 252 (12)[39m[K

[32mTracking 252 paths...  29%|ΓûêΓûêΓûêΓûêΓûêΓûêΓûêΓûêΓûê                    |  ETA: 0:00:01[39m[K
[34m                   # paths tracked: 74[39m[K
[34m   # non-singular solutions (real): 74 (2)[39m[K
[34m       # singular endpoints (real): 0 (0)[39m[K
[34m          # total solutions (real): 74 (2)[39m[K
[A
[A
[A
[A




[K[A
[K[A
[K[A
[K[A
[32mTracking 252 paths...  44%|ΓûêΓûêΓûêΓûêΓûêΓûêΓûêΓûêΓûêΓûêΓûêΓûêΓûê                |  ETA: 0:00:01[39m[K
[34m                   # paths tracked: 110[39m[K
[34m   # non-singular solutions (real): 110 (3)[39m[K
[34m       # singular endpoints (real): 0 (0)[39m[K
[34m          # total solutions (real): 110 (3)[39m[K
[A
[A
[A
[A




[K[A
[K[A
[K[A
[K[A
[32mTracking 252 paths...  56%|ΓûêΓûêΓûêΓûêΓûêΓûêΓûêΓûêΓûêΓûêΓûêΓûêΓûêΓûêΓûêΓûêΓûê            |  ETA: 0:00:01[39m[K
[34m                   # paths tracked: 140[39m[K
[34m   # non-singular solutions (real): 140 (5)[39m[K
[34m       # singular endpoints (real): 0 (0)[39m[K
[34m          # total solutions (real): 140 (5)[39m[K
[A
[A
[A
[A




[K[A
[K[A
[K[A
[K[A
[32mTracking 252 paths...  69%|ΓûêΓûêΓûêΓûêΓûêΓûêΓûêΓûêΓûêΓûêΓûêΓûêΓûêΓûêΓûêΓûêΓûêΓûêΓûêΓûê         |  ETA: 0:00:01[39m[K
[34m                   # paths tracked: 173[39m[K
[34m   # non-singular solutions (real): 173 (5)[39m[K
[34m       # singular endpoints (real): 0 (0)[39m[K
[34m          # total solutions (real): 173 (5)[39m[K
[A
[A
[A
[A




[K[A
[K[A
[K[A
[K[A
[32mTracking 252 paths...  82%|ΓûêΓûêΓûêΓûêΓûêΓûêΓûêΓûêΓûêΓûêΓûêΓûêΓûêΓûêΓûêΓûêΓûêΓûêΓûêΓûêΓûêΓûêΓûêΓûê     |  ETA: 0:00:00[39m[K
[34m                   # paths tracked: 206[39m[K
[34m   # non-singular solutions (real): 206 (8)[39m[K
[34m       # singular endpoints (real): 0 (0)[39m[K
[34m          # total solutions (real): 206 (8)[39m[K
[A
[A
[A
[A




[K[A
[K[A
[K[A
[K[A
[32mTracking 252 paths...  94%|ΓûêΓûêΓûêΓûêΓûêΓûêΓûêΓûêΓûêΓûêΓûêΓûêΓûêΓûêΓûêΓûêΓûêΓûêΓûêΓûêΓûêΓûêΓûêΓûêΓûêΓûêΓûêΓûê |  ETA: 0:00:00[39m[K
[34m                   # paths tracked: 237[39m[K
[34m   # non-singular solutions (real): 237 (12)[39m[K
[34m       # singular endpoints (real): 0 (0)[39m[K
[34m          # total solutions (real): 237 (12)[39m[K
[A
[A
[A
[A




[K[A
[K[A
[K[A
[K[A
[32mTracking 252 paths... 100%|ΓûêΓûêΓûêΓûêΓûêΓûêΓûêΓûêΓûêΓûêΓûêΓûêΓûêΓûêΓûêΓûêΓûêΓûêΓûêΓûêΓûêΓûêΓûêΓûêΓûêΓûêΓûêΓûêΓûê| Time: 0:00:01[39m[K
[34m                   # paths tracked: 252[39m[K
[34m   # non-singular solutions (real): 252 (12)[39m[K
[34m       # singular endpoints (real): 0 (0)[39m[K
[34m          # total solutions (real): 252 (12)[39m[K

[32mTracking 252 paths...  35%|ΓûêΓûêΓûêΓûêΓûêΓûêΓûêΓûêΓûêΓûêΓûê                  |  ETA: 0:00:01[39m[K
[34m                   # paths tracked: 87[39m[K
[34m   # non-singular solutions (real): 87 (5)[39m[K
[34m       # singular endpoints (real): 0 (0)[39m[K
[34m          # total solutions (real): 87 (5)[39m[K
[A
[A
[A
[A




[K[A
[K[A
[K[A
[K[A
[32mTracking 252 paths...  49%|ΓûêΓûêΓûêΓûêΓûêΓûêΓûêΓûêΓûêΓûêΓûêΓûêΓûêΓûêΓûê              |  ETA: 0:00:01[39m[K
[34m                   # paths tracked: 124[39m[K
[34m   # non-singular solutions (real): 124 (7)[39m[K
[34m       # singular endpoints (real): 0 (0)[39m[K
[34m          # total solutions (real): 124 (7)[39m[K
[A
[A
[A
[A




[K[A
[K[A
[K[A
[K[A
[32mTracking 252 paths...  64%|ΓûêΓûêΓûêΓûêΓûêΓûêΓûêΓûêΓûêΓûêΓûêΓûêΓûêΓûêΓûêΓûêΓûêΓûêΓûê          |  ETA: 0:00:01[39m[K
[34m                   # paths tracked: 161[39m[K
[34m   # non-singular solutions (real): 161 (10)[39m[K
[34m       # singular endpoints (real): 0 (0)[39m[K
[34m          # total solutions (real): 161 (10)[39m[K
[A
[A
[A
[A




[K[A
[K[A
[K[A
[K[A
[32mTracking 252 paths...  70%|ΓûêΓûêΓûêΓûêΓûêΓûêΓûêΓûêΓûêΓûêΓûêΓûêΓûêΓûêΓûêΓûêΓûêΓûêΓûêΓûêΓûê        |  ETA: 0:00:00[39m[K
[34m                   # paths tracked: 177[39m[K
[34m   # non-singular solutions (real): 177 (10)[39m[K
[34m       # singular endpoints (real): 0 (0)[39m[K
[34m          # total solutions (real): 177 (10)[39m[K
[A
[A
[A
[A




[K[A
[K[A
[K[A
[K[A
[32mTracking 252 paths...  89%|ΓûêΓûêΓûêΓûêΓûêΓûêΓûêΓûêΓûêΓûêΓûêΓûêΓûêΓûêΓûêΓûêΓûêΓûêΓûêΓûêΓûêΓûêΓûêΓûêΓûêΓûê   |  ETA: 0:00:00[39m[K
[34m                   # paths tracked: 224[39m[K
[34m   # non-singular solutions (real): 224 (10)[39m[K
[34m       # singular endpoints (real): 0 (0)[39m[K
[34m          # total solutions (real): 224 (10)[39m[K
[A
[A
[A
[A




[K[A
[K[A
[K[A
[K[A
[32mTracking 252 paths... 100%|ΓûêΓûêΓûêΓûêΓûêΓûêΓûêΓûêΓûêΓûêΓûêΓûêΓûêΓûêΓûêΓûêΓûêΓûêΓûêΓûêΓûêΓûêΓûêΓûêΓûêΓûêΓûêΓûêΓûê| Time: 0:00:01[39m[K
[34m                   # paths tracked: 252[39m[K
[34m   # non-singular solutions (real): 252 (12)[39m[K
[34m       # singular endpoints (real): 0 (0)[39m[K
[34m          # total solutions (real): 252 (12)[39m[K

[32mTracking 252 paths...  36%|ΓûêΓûêΓûêΓûêΓûêΓûêΓûêΓûêΓûêΓûêΓûê                  |  ETA: 0:00:01[39m[K
[34m                   # paths tracked: 90[39m[K
[34m   # non-singular solutions (real): 90 (4)[39m[K
[34m       # singular endpoints (real): 0 (0)[39m[K
[34m          # total solutions (real): 90 (4)[39m[K
[A
[A
[A
[A




[K[A
[K[A
[K[A
[K[A
[32mTracking 252 paths...  49%|ΓûêΓûêΓûêΓûêΓûêΓûêΓûêΓûêΓûêΓûêΓûêΓûêΓûêΓûêΓûê              |  ETA: 0:00:01[39m[K
[34m                   # paths tracked: 124[39m[K
[34m   # non-singular solutions (real): 124 (5)[39m[K
[34m       # singular endpoints (real): 0 (0)[39m[K
[34m          # total solutions (real): 124 (5)[39m[K
[A
[A
[A
[A




[K[A
[K[A
[K[A
[K[A
[32mTracking 252 paths...  62%|ΓûêΓûêΓûêΓûêΓûêΓûêΓûêΓûêΓûêΓûêΓûêΓûêΓûêΓûêΓûêΓûêΓûêΓûê           |  ETA: 0:00:01[39m[K
[34m                   # paths tracked: 156[39m[K
[34m   # non-singular solutions (real): 156 (5)[39m[K
[34m       # singular endpoints (real): 0 (0)[39m[K
[34m          # total solutions (real): 156 (5)[39m[K
[A
[A
[A
[A




[K[A
[K[A
[K[A
[K[A
[32mTracking 252 paths...  77%|ΓûêΓûêΓûêΓûêΓûêΓûêΓûêΓûêΓûêΓûêΓûêΓûêΓûêΓûêΓûêΓûêΓûêΓûêΓûêΓûêΓûêΓûêΓûê      |  ETA: 0:00:00[39m[K
[34m                   # paths tracked: 195[39m[K
[34m   # non-singular solutions (real): 195 (6)[39m[K
[34m       # singular endpoints (real): 0 (0)[39m[K
[34m          # total solutions (real): 195 (6)[39m[K
[A
[A
[A
[A




[K[A
[K[A
[K[A
[K[A
[32mTracking 252 paths...  92%|ΓûêΓûêΓûêΓûêΓûêΓûêΓûêΓûêΓûêΓûêΓûêΓûêΓûêΓûêΓûêΓûêΓûêΓûêΓûêΓûêΓûêΓûêΓûêΓûêΓûêΓûêΓûê  |  ETA: 0:00:00[39m[K
[34m                   # paths tracked: 232[39m[K
[34m   # non-singular solutions (real): 232 (11)[39m[K
[34m       # singular endpoints (real): 0 (0)[39m[K
[34m          # total solutions (real): 232 (11)[39m[K
[A
[A
[A
[A




[K[A
[K[A
[K[A
[K[A
[32mTracking 252 paths... 100%|ΓûêΓûêΓûêΓûêΓûêΓûêΓûêΓûêΓûêΓûêΓûêΓûêΓûêΓûêΓûêΓûêΓûêΓûêΓûêΓûêΓûêΓûêΓûêΓûêΓûêΓûêΓûêΓûêΓûê| Time: 0:00:01[39m[K
[34m                   # paths tracked: 252[39m[K
[34m   # non-singular solutions (real): 252 (12)[39m[K
[34m       # singular endpoints (real): 0 (0)[39m[K
[34m          # total solutions (real): 252 (12)[39m[K

[32mTracking 252 paths...  36%|ΓûêΓûêΓûêΓûêΓûêΓûêΓûêΓûêΓûêΓûêΓûê                  |  ETA: 0:00:01[39m[K
[34m                   # paths tracked: 91[39m[K
[34m   # non-singular solutions (real): 91 (6)[39m[K
[34m       # singular endpoints (real): 0 (0)[39m[K
[34m          # total solutions (real): 91 (6)[39m[K
[A
[A
[A
[A




[K[A
[K[A
[K[A
[K[A
[32mTracking 252 paths...  50%|ΓûêΓûêΓûêΓûêΓûêΓûêΓûêΓûêΓûêΓûêΓûêΓûêΓûêΓûêΓûê              |  ETA: 0:00:01[39m[K
[34m                   # paths tracked: 125[39m[K
[34m   # non-singular solutions (real): 125 (6)[39m[K
[34m       # singular endpoints (real): 0 (0)[39m[K
[34m          # total solutions (real): 125 (6)[39m[K
[A
[A
[A
[A




[K[A
[K[A
[K[A
[K[A
[32mTracking 252 paths...  65%|ΓûêΓûêΓûêΓûêΓûêΓûêΓûêΓûêΓûêΓûêΓûêΓûêΓûêΓûêΓûêΓûêΓûêΓûêΓûê          |  ETA: 0:00:00[39m[K
[34m                   # paths tracked: 163[39m[K
[34m   # non-singular solutions (real): 163 (10)[39m[K
[34m       # singular endpoints (real): 0 (0)[39m[K
[34m          # total solutions (real): 163 (10)[39m[K
[A
[A
[A
[A




[K[A
[K[A
[K[A
[K[A
[32mTracking 252 paths...  79%|ΓûêΓûêΓûêΓûêΓûêΓûêΓûêΓûêΓûêΓûêΓûêΓûêΓûêΓûêΓûêΓûêΓûêΓûêΓûêΓûêΓûêΓûêΓûê      |  ETA: 0:00:00[39m[K
[34m                   # paths tracked: 198[39m[K
[34m   # non-singular solutions (real): 198 (11)[39m[K
[34m       # singular endpoints (real): 0 (0)[39m[K
[34m          # total solutions (real): 198 (11)[39m[K
[A
[A
[A
[A




[K[A
[K[A
[K[A
[K[A
[32mTracking 252 paths...  91%|ΓûêΓûêΓûêΓûêΓûêΓûêΓûêΓûêΓûêΓûêΓûêΓûêΓûêΓûêΓûêΓûêΓûêΓûêΓûêΓûêΓûêΓûêΓûêΓûêΓûêΓûêΓûê  |  ETA: 0:00:00[39m[K
[34m                   # paths tracked: 230[39m[K
[34m   # non-singular solutions (real): 230 (11)[39m[K
[34m       # singular endpoints (real): 0 (0)[39m[K
[34m          # total solutions (real): 230 (11)[39m[K
[A
[A
[A
[A




[K[A
[K[A
[K[A
[K[A
[32mTracking 252 paths... 100%|ΓûêΓûêΓûêΓûêΓûêΓûêΓûêΓûêΓûêΓûêΓûêΓûêΓûêΓûêΓûêΓûêΓûêΓûêΓûêΓûêΓûêΓûêΓûêΓûêΓûêΓûêΓûêΓûêΓûê| Time: 0:00:01[39m[K
[34m                   # paths tracked: 252[39m[K
[34m   # non-singular solutions (real): 252 (12)[39m[K
[34m       # singular endpoints (real): 0 (0)[39m[K
[34m          # total solutions (real): 252 (12)[39m[K

[32mTracking 252 paths...  36%|ΓûêΓûêΓûêΓûêΓûêΓûêΓûêΓûêΓûêΓûêΓûê                  |  ETA: 0:00:01[39m[K
[34m                   # paths tracked: 90[39m[K
[34m   # non-singular solutions (real): 90 (6)[39m[K
[34m       # singular endpoints (real): 0 (0)[39m[K
[34m          # total solutions (real): 90 (6)[39m[K
[A
[A
[A
[A




[K[A
[K[A
[K[A
[K[A
[32mTracking 252 paths...  49%|ΓûêΓûêΓûêΓûêΓûêΓûêΓûêΓûêΓûêΓûêΓûêΓûêΓûêΓûêΓûê              |  ETA: 0:00:01[39m[K
[34m                   # paths tracked: 123[39m[K
[34m   # non-singular solutions (real): 123 (7)[39m[K
[34m       # singular endpoints (real): 0 (0)[39m[K
[34m          # total solutions (real): 123 (7)[39m[K
[A
[A
[A
[A




[K[A
[K[A
[K[A
[K[A
[32mTracking 252 paths...  62%|ΓûêΓûêΓûêΓûêΓûêΓûêΓûêΓûêΓûêΓûêΓûêΓûêΓûêΓûêΓûêΓûêΓûêΓûê           |  ETA: 0:00:01[39m[K
[34m                   # paths tracked: 155[39m[K
[34m   # non-singular solutions (real): 155 (9)[39m[K
[34m       # singular endpoints (real): 0 (0)[39m[K
[34m          # total solutions (real): 155 (9)[39m[K
[A
[A
[A
[A




[K[A
[K[A
[K[A
[K[A
[32mTracking 252 paths...  77%|ΓûêΓûêΓûêΓûêΓûêΓûêΓûêΓûêΓûêΓûêΓûêΓûêΓûêΓûêΓûêΓûêΓûêΓûêΓûêΓûêΓûêΓûêΓûê      |  ETA: 0:00:00[39m[K
[34m                   # paths tracked: 195[39m[K
[34m   # non-singular solutions (real): 195 (11)[39m[K
[34m       # singular endpoints (real): 0 (0)[39m[K
[34m          # total solutions (real): 195 (11)[39m[K
[A
[A
[A
[A




[K[A
[K[A
[K[A
[K[A
[32mTracking 252 paths...  92%|ΓûêΓûêΓûêΓûêΓûêΓûêΓûêΓûêΓûêΓûêΓûêΓûêΓûêΓûêΓûêΓûêΓûêΓûêΓûêΓûêΓûêΓûêΓûêΓûêΓûêΓûêΓûê  |  ETA: 0:00:00[39m[K
[34m                   # paths tracked: 232[39m[K
[34m   # non-singular solutions (real): 232 (12)[39m[K
[34m       # singular endpoints (real): 0 (0)[39m[K
[34m          # total solutions (real): 232 (12)[39m[K
[A
[A
[A
[A




[K[A
[K[A
[K[A
[K[A
[32mTracking 252 paths... 100%|ΓûêΓûêΓûêΓûêΓûêΓûêΓûêΓûêΓûêΓûêΓûêΓûêΓûêΓûêΓûêΓûêΓûêΓûêΓûêΓûêΓûêΓûêΓûêΓûêΓûêΓûêΓûêΓûêΓûê| Time: 0:00:01[39m[K
[34m                   # paths tracked: 252[39m[K
[34m   # non-singular solutions (real): 252 (12)[39m[K
[34m       # singular endpoints (real): 0 (0)[39m[K
[34m          # total solutions (real): 252 (12)[39m[K

[32mTracking 252 paths...  42%|ΓûêΓûêΓûêΓûêΓûêΓûêΓûêΓûêΓûêΓûêΓûêΓûêΓûê                |  ETA: 0:00:01[39m[K
[34m                   # paths tracked: 106[39m[K
[34m   # non-singular solutions (real): 106 (4)[39m[K
[34m       # singular endpoints (real): 0 (0)[39m[K
[34m          # total solutions (real): 106 (4)[39m[K
[A
[A
[A
[A




[K[A
[K[A
[K[A
[K[A
[32mTracking 252 paths...  58%|ΓûêΓûêΓûêΓûêΓûêΓûêΓûêΓûêΓûêΓûêΓûêΓûêΓûêΓûêΓûêΓûêΓûê            |  ETA: 0:00:01[39m[K
[34m                   # paths tracked: 146[39m[K
[34m   # non-singular solutions (real): 146 (7)[39m[K
[34m       # singular endpoints (real): 0 (0)[39m[K
[34m          # total solutions (real): 146 (7)[39m[K
[A
[A
[A
[A




[K[A
[K[A
[K[A
[K[A
[32mTracking 252 paths...  74%|ΓûêΓûêΓûêΓûêΓûêΓûêΓûêΓûêΓûêΓûêΓûêΓûêΓûêΓûêΓûêΓûêΓûêΓûêΓûêΓûêΓûêΓûê       |  ETA: 0:00:00[39m[K
[34m                   # paths tracked: 187[39m[K
[34m   # non-singular solutions (real): 187 (7)[39m[K
[34m       # singular endpoints (real): 0 (0)[39m[K
[34m          # total solutions (real): 187 (7)[39m[K
[A
[A
[A
[A




[K[A
[K[A
[K[A
[K[A
[32mTracking 252 paths...  89%|ΓûêΓûêΓûêΓûêΓûêΓûêΓûêΓûêΓûêΓûêΓûêΓûêΓûêΓûêΓûêΓûêΓûêΓûêΓûêΓûêΓûêΓûêΓûêΓûêΓûêΓûê   |  ETA: 0:00:00[39m[K
[34m                   # paths tracked: 225[39m[K
[34m   # non-singular solutions (real): 225 (11)[39m[K
[34m       # singular endpoints (real): 0 (0)[39m[K
[34m          # total solutions (real): 225 (11)[39m[K
[A
[A
[A
[A




[K[A
[K[A
[K[A
[K[A
[32mTracking 252 paths... 100%|ΓûêΓûêΓûêΓûêΓûêΓûêΓûêΓûêΓûêΓûêΓûêΓûêΓûêΓûêΓûêΓûêΓûêΓûêΓûêΓûêΓûêΓûêΓûêΓûêΓûêΓûêΓûêΓûêΓûê| Time: 0:00:01[39m[K
[34m                   # paths tracked: 252[39m[K
[34m   # non-singular solutions (real): 252 (12)[39m[K
[34m       # singular endpoints (real): 0 (0)[39m[K
[34m          # total solutions (real): 252 (12)[39m[K

[32mTracking 252 paths...  37%|ΓûêΓûêΓûêΓûêΓûêΓûêΓûêΓûêΓûêΓûêΓûê                  |  ETA: 0:00:01[39m[K
[34m                   # paths tracked: 93[39m[K
[34m   # non-singular solutions (real): 93 (5)[39m[K
[34m       # singular endpoints (real): 0 (0)[39m[K
[34m          # total solutions (real): 93 (5)[39m[K
[A
[A
[A
[A




[K[A
[K[A
[K[A
[K[A
[32mTracking 252 paths...  51%|ΓûêΓûêΓûêΓûêΓûêΓûêΓûêΓûêΓûêΓûêΓûêΓûêΓûêΓûêΓûê              |  ETA: 0:00:01[39m[K
[34m                   # paths tracked: 128[39m[K
[34m   # non-singular solutions (real): 128 (7)[39m[K
[34m       # singular endpoints (real): 0 (0)[39m[K
[34m          # total solutions (real): 128 (7)[39m[K
[A
[A
[A
[A




[K[A
[K[A
[K[A
[K[A
[32mTracking 252 paths...  66%|ΓûêΓûêΓûêΓûêΓûêΓûêΓûêΓûêΓûêΓûêΓûêΓûêΓûêΓûêΓûêΓûêΓûêΓûêΓûêΓûê         |  ETA: 0:00:00[39m[K
[34m                   # paths tracked: 166[39m[K
[34m   # non-singular solutions (real): 166 (7)[39m[K
[34m       # singular endpoints (real): 0 (0)[39m[K
[34m          # total solutions (real): 166 (7)[39m[K
[A
[A
[A
[A




[K[A
[K[A
[K[A
[K[A
[32mTracking 252 paths...  83%|ΓûêΓûêΓûêΓûêΓûêΓûêΓûêΓûêΓûêΓûêΓûêΓûêΓûêΓûêΓûêΓûêΓûêΓûêΓûêΓûêΓûêΓûêΓûêΓûê     |  ETA: 0:00:00[39m[K
[34m                   # paths tracked: 208[39m[K
[34m   # non-singular solutions (real): 208 (10)[39m[K
[34m       # singular endpoints (real): 0 (0)[39m[K
[34m          # total solutions (real): 208 (10)[39m[K
[A
[A
[A
[A




[K[A
[K[A
[K[A
[K[A
[32mTracking 252 paths...  98%|ΓûêΓûêΓûêΓûêΓûêΓûêΓûêΓûêΓûêΓûêΓûêΓûêΓûêΓûêΓûêΓûêΓûêΓûêΓûêΓûêΓûêΓûêΓûêΓûêΓûêΓûêΓûêΓûêΓûê|  ETA: 0:00:00[39m[K
[34m                   # paths tracked: 247[39m[K
[34m   # non-singular solutions (real): 247 (12)[39m[K
[34m       # singular endpoints (real): 0 (0)[39m[K
[34m          # total solutions (real): 247 (12)[39m[K
[A
[A
[A
[A




[K[A
[K[A
[K[A
[K[A
[32mTracking 252 paths... 100%|ΓûêΓûêΓûêΓûêΓûêΓûêΓûêΓûêΓûêΓûêΓûêΓûêΓûêΓûêΓûêΓûêΓûêΓûêΓûêΓûêΓûêΓûêΓûêΓûêΓûêΓûêΓûêΓûêΓûê| Time: 0:00:01[39m[K
[34m                   # paths tracked: 252[39m[K
[34m   # non-singular solutions (real): 252 (12)[39m[K
[34m       # singular endpoints (real): 0 (0)[39m[K
[34m          # total solutions (real): 252 (12)[39m[K

[32mTracking 252 paths...  39%|ΓûêΓûêΓûêΓûêΓûêΓûêΓûêΓûêΓûêΓûêΓûêΓûê                 |  ETA: 0:00:01[39m[K
[34m                   # paths tracked: 98[39m[K
[34m   # non-singular solutions (real): 98 (3)[39m[K
[34m       # singular endpoints (real): 0 (0)[39m[K
[34m          # total solutions (real): 98 (3)[39m[K
[A
[A
[A
[A




[K[A
[K[A
[K[A
[K[A
[32mTracking 252 paths...  57%|ΓûêΓûêΓûêΓûêΓûêΓûêΓûêΓûêΓûêΓûêΓûêΓûêΓûêΓûêΓûêΓûêΓûê            |  ETA: 0:00:01[39m[K
[34m                   # paths tracked: 143[39m[K
[34m   # non-singular solutions (real): 143 (6)[39m[K
[34m       # singular endpoints (real): 0 (0)[39m[K
[34m          # total solutions (real): 143 (6)[39m[K
[A
[A
[A
[A




[K[A
[K[A
[K[A
[K[A
[32mTracking 252 paths...  76%|ΓûêΓûêΓûêΓûêΓûêΓûêΓûêΓûêΓûêΓûêΓûêΓûêΓûêΓûêΓûêΓûêΓûêΓûêΓûêΓûêΓûêΓûêΓûê      |  ETA: 0:00:00[39m[K
[34m                   # paths tracked: 192[39m[K
[34m   # non-singular solutions (real): 192 (7)[39m[K
[34m       # singular endpoints (real): 0 (0)[39m[K
[34m          # total solutions (real): 192 (7)[39m[K
[A
[A
[A
[A




[K[A
[K[A
[K[A
[K[A
[32mTracking 252 paths...  93%|ΓûêΓûêΓûêΓûêΓûêΓûêΓûêΓûêΓûêΓûêΓûêΓûêΓûêΓûêΓûêΓûêΓûêΓûêΓûêΓûêΓûêΓûêΓûêΓûêΓûêΓûêΓûê  |  ETA: 0:00:00[39m[K
[34m                   # paths tracked: 234[39m[K
[34m   # non-singular solutions (real): 234 (10)[39m[K
[34m       # singular endpoints (real): 0 (0)[39m[K
[34m          # total solutions (real): 234 (10)[39m[K
[A
[A
[A
[A




[K[A
[K[A
[K[A
[K[A
[32mTracking 252 paths... 100%|ΓûêΓûêΓûêΓûêΓûêΓûêΓûêΓûêΓûêΓûêΓûêΓûêΓûêΓûêΓûêΓûêΓûêΓûêΓûêΓûêΓûêΓûêΓûêΓûêΓûêΓûêΓûêΓûêΓûê| Time: 0:00:01[39m[K
[34m                   # paths tracked: 252[39m[K
[34m   # non-singular solutions (real): 252 (12)[39m[K
[34m       # singular endpoints (real): 0 (0)[39m[K
[34m          # total solutions (real): 252 (12)[39m[K

[32mTracking 252 paths...  44%|ΓûêΓûêΓûêΓûêΓûêΓûêΓûêΓûêΓûêΓûêΓûêΓûêΓûê                |  ETA: 0:00:01[39m[K
[34m                   # paths tracked: 111[39m[K
[34m   # non-singular solutions (real): 111 (6)[39m[K
[34m       # singular endpoints (real): 0 (0)[39m[K
[34m          # total solutions (real): 111 (6)[39m[K
[A
[A
[A
[A




[K[A
[K[A
[K[A
[K[A
[32mTracking 252 paths...  60%|ΓûêΓûêΓûêΓûêΓûêΓûêΓûêΓûêΓûêΓûêΓûêΓûêΓûêΓûêΓûêΓûêΓûêΓûê           |  ETA: 0:00:00[39m[K
[34m                   # paths tracked: 151[39m[K
[34m   # non-singular solutions (real): 151 (9)[39m[K
[34m       # singular endpoints (real): 0 (0)[39m[K
[34m          # total solutions (real): 151 (9)[39m[K
[A
[A
[A
[A




[K[A
[K[A
[K[A
[K[A
[32mTracking 252 paths...  75%|ΓûêΓûêΓûêΓûêΓûêΓûêΓûêΓûêΓûêΓûêΓûêΓûêΓûêΓûêΓûêΓûêΓûêΓûêΓûêΓûêΓûêΓûê       |  ETA: 0:00:00[39m[K
[34m                   # paths tracked: 188[39m[K
[34m   # non-singular solutions (real): 188 (10)[39m[K
[34m       # singular endpoints (real): 0 (0)[39m[K
[34m          # total solutions (real): 188 (10)[39m[K
[A
[A
[A
[A




[K[A
[K[A
[K[A
[K[A
[32mTracking 252 paths...  93%|ΓûêΓûêΓûêΓûêΓûêΓûêΓûêΓûêΓûêΓûêΓûêΓûêΓûêΓûêΓûêΓûêΓûêΓûêΓûêΓûêΓûêΓûêΓûêΓûêΓûêΓûêΓûê  |  ETA: 0:00:00[39m[K
[34m                   # paths tracked: 234[39m[K
[34m   # non-singular solutions (real): 234 (12)[39m[K
[34m       # singular endpoints (real): 0 (0)[39m[K
[34m          # total solutions (real): 234 (12)[39m[K
[A
[A
[A
[A




[K[A
[K[A
[K[A
[K[A
[32mTracking 252 paths... 100%|ΓûêΓûêΓûêΓûêΓûêΓûêΓûêΓûêΓûêΓûêΓûêΓûêΓûêΓûêΓûêΓûêΓûêΓûêΓûêΓûêΓûêΓûêΓûêΓûêΓûêΓûêΓûêΓûêΓûê| Time: 0:00:01[39m[K
[34m                   # paths tracked: 252[39m[K
[34m   # non-singular solutions (real): 252 (12)[39m[K
[34m       # singular endpoints (real): 0 (0)[39m[K
[34m          # total solutions (real): 252 (12)[39m[K

[32mTracking 252 paths...  31%|ΓûêΓûêΓûêΓûêΓûêΓûêΓûêΓûêΓûê                    |  ETA: 0:00:01[39m[K
[34m                   # paths tracked: 78[39m[K
[34m   # non-singular solutions (real): 78 (3)[39m[K
[34m       # singular endpoints (real): 0 (0)[39m[K
[34m          # total solutions (real): 78 (3)[39m[K
[A
[A
[A
[A




[K[A
[K[A
[K[A
[K[A
[32mTracking 252 paths...  44%|ΓûêΓûêΓûêΓûêΓûêΓûêΓûêΓûêΓûêΓûêΓûêΓûêΓûê                |  ETA: 0:00:01[39m[K
[34m                   # paths tracked: 110[39m[K
[34m   # non-singular solutions (real): 110 (7)[39m[K
[34m       # singular endpoints (real): 0 (0)[39m[K
[34m          # total solutions (real): 110 (7)[39m[K
[A
[A
[A
[A




[K[A
[K[A
[K[A
[K[A
[32mTracking 252 paths...  54%|ΓûêΓûêΓûêΓûêΓûêΓûêΓûêΓûêΓûêΓûêΓûêΓûêΓûêΓûêΓûêΓûê             |  ETA: 0:00:01[39m[K
[34m                   # paths tracked: 136[39m[K
[34m   # non-singular solutions (real): 136 (8)[39m[K
[34m       # singular endpoints (real): 0 (0)[39m[K
[34m          # total solutions (real): 136 (8)[39m[K
[A
[A
[A
[A




[K[A
[K[A
[K[A
[K[A
[32mTracking 252 paths...  66%|ΓûêΓûêΓûêΓûêΓûêΓûêΓûêΓûêΓûêΓûêΓûêΓûêΓûêΓûêΓûêΓûêΓûêΓûêΓûêΓûê         |  ETA: 0:00:01[39m[K
[34m                   # paths tracked: 166[39m[K
[34m   # non-singular solutions (real): 166 (9)[39m[K
[34m       # singular endpoints (real): 0 (0)[39m[K
[34m          # total solutions (real): 166 (9)[39m[K
[A
[A
[A
[A




[K[A
[K[A
[K[A
[K[A
[32mTracking 252 paths...  79%|ΓûêΓûêΓûêΓûêΓûêΓûêΓûêΓûêΓûêΓûêΓûêΓûêΓûêΓûêΓûêΓûêΓûêΓûêΓûêΓûêΓûêΓûêΓûêΓûê     |  ETA: 0:00:00[39m[K
[34m                   # paths tracked: 200[39m[K
[34m   # non-singular solutions (real): 200 (9)[39m[K
[34m       # singular endpoints (real): 0 (0)[39m[K
[34m          # total solutions (real): 200 (9)[39m[K
[A
[A
[A
[A




[K[A
[K[A
[K[A
[K[A
[32mTracking 252 paths...  92%|ΓûêΓûêΓûêΓûêΓûêΓûêΓûêΓûêΓûêΓûêΓûêΓûêΓûêΓûêΓûêΓûêΓûêΓûêΓûêΓûêΓûêΓûêΓûêΓûêΓûêΓûêΓûê  |  ETA: 0:00:00[39m[K
[34m                   # paths tracked: 233[39m[K
[34m   # non-singular solutions (real): 233 (12)[39m[K
[34m       # singular endpoints (real): 0 (0)[39m[K
[34m          # total solutions (real): 233 (12)[39m[K
[A
[A
[A
[A




[K[A
[K[A
[K[A
[K[A
[32mTracking 252 paths... 100%|ΓûêΓûêΓûêΓûêΓûêΓûêΓûêΓûêΓûêΓûêΓûêΓûêΓûêΓûêΓûêΓûêΓûêΓûêΓûêΓûêΓûêΓûêΓûêΓûêΓûêΓûêΓûêΓûêΓûê| Time: 0:00:01[39m[K
[34m                   # paths tracked: 252[39m[K
[34m   # non-singular solutions (real): 252 (12)[39m[K
[34m       # singular endpoints (real): 0 (0)[39m[K
[34m          # total solutions (real): 252 (12)[39m[K

[32mTracking 252 paths...  35%|ΓûêΓûêΓûêΓûêΓûêΓûêΓûêΓûêΓûêΓûêΓûê                  |  ETA: 0:00:01[39m[K
[34m                   # paths tracked: 88[39m[K
[34m   # non-singular solutions (real): 88 (2)[39m[K
[34m       # singular endpoints (real): 0 (0)[39m[K
[34m          # total solutions (real): 88 (2)[39m[K
[A
[A
[A
[A




[K[A
[K[A
[K[A
[K[A
[32mTracking 252 paths...  47%|ΓûêΓûêΓûêΓûêΓûêΓûêΓûêΓûêΓûêΓûêΓûêΓûêΓûêΓûê               |  ETA: 0:00:01[39m[K
[34m                   # paths tracked: 119[39m[K
[34m   # non-singular solutions (real): 119 (3)[39m[K
[34m       # singular endpoints (real): 0 (0)[39m[K
[34m          # total solutions (real): 119 (3)[39m[K
[A
[A
[A
[A




[K[A
[K[A
[K[A
[K[A
[32mTracking 252 paths...  60%|ΓûêΓûêΓûêΓûêΓûêΓûêΓûêΓûêΓûêΓûêΓûêΓûêΓûêΓûêΓûêΓûêΓûêΓûê           |  ETA: 0:00:01[39m[K
[34m                   # paths tracked: 151[39m[K
[34m   # non-singular solutions (real): 151 (3)[39m[K
[34m       # singular endpoints (real): 0 (0)[39m[K
[34m          # total solutions (real): 151 (3)[39m[K
[A
[A
[A
[A




[K[A
[K[A
[K[A
[K[A
[32mTracking 252 paths...  73%|ΓûêΓûêΓûêΓûêΓûêΓûêΓûêΓûêΓûêΓûêΓûêΓûêΓûêΓûêΓûêΓûêΓûêΓûêΓûêΓûêΓûêΓûê       |  ETA: 0:00:00[39m[K
[34m                   # paths tracked: 183[39m[K
[34m   # non-singular solutions (real): 183 (5)[39m[K
[34m       # singular endpoints (real): 0 (0)[39m[K
[34m          # total solutions (real): 183 (5)[39m[K
[A
[A
[A
[A




[K[A
[K[A
[K[A
[K[A
[32mTracking 252 paths...  82%|ΓûêΓûêΓûêΓûêΓûêΓûêΓûêΓûêΓûêΓûêΓûêΓûêΓûêΓûêΓûêΓûêΓûêΓûêΓûêΓûêΓûêΓûêΓûêΓûê     |  ETA: 0:00:00[39m[K
[34m                   # paths tracked: 207[39m[K
[34m   # non-singular solutions (real): 207 (8)[39m[K
[34m       # singular endpoints (real): 0 (0)[39m[K
[34m          # total solutions (real): 207 (8)[39m[K
[A
[A
[A
[A




[K[A
[K[A
[K[A
[K[A
[32mTracking 252 paths...  97%|ΓûêΓûêΓûêΓûêΓûêΓûêΓûêΓûêΓûêΓûêΓûêΓûêΓûêΓûêΓûêΓûêΓûêΓûêΓûêΓûêΓûêΓûêΓûêΓûêΓûêΓûêΓûêΓûêΓûê|  ETA: 0:00:00[39m[K
[34m                   # paths tracked: 244[39m[K
[34m   # non-singular solutions (real): 244 (11)[39m[K
[34m       # singular endpoints (real): 0 (0)[39m[K
[34m          # total solutions (real): 244 (11)[39m[K
[A
[A
[A
[A




[K[A
[K[A
[K[A
[K[A
[32mTracking 252 paths... 100%|ΓûêΓûêΓûêΓûêΓûêΓûêΓûêΓûêΓûêΓûêΓûêΓûêΓûêΓûêΓûêΓûêΓûêΓûêΓûêΓûêΓûêΓûêΓûêΓûêΓûêΓûêΓûêΓûêΓûê| Time: 0:00:01[39m[K
[34m                   # paths tracked: 252[39m[K
[34m   # non-singular solutions (real): 252 (12)[39m[K
[34m       # singular endpoints (real): 0 (0)[39m[K
[34m          # total solutions (real): 252 (12)[39m[K

[32mTracking 252 paths...  39%|ΓûêΓûêΓûêΓûêΓûêΓûêΓûêΓûêΓûêΓûêΓûêΓûê                 |  ETA: 0:00:01[39m[K
[34m                   # paths tracked: 98[39m[K
[34m   # non-singular solutions (real): 98 (4)[39m[K
[34m       # singular endpoints (real): 0 (0)[39m[K
[34m          # total solutions (real): 98 (4)[39m[K
[A
[A
[A
[A




[K[A
[K[A
[K[A
[K[A
[32mTracking 252 paths...  54%|ΓûêΓûêΓûêΓûêΓûêΓûêΓûêΓûêΓûêΓûêΓûêΓûêΓûêΓûêΓûêΓûê             |  ETA: 0:00:01[39m[K
[34m                   # paths tracked: 137[39m[K
[34m   # non-singular solutions (real): 137 (6)[39m[K
[34m       # singular endpoints (real): 0 (0)[39m[K
[34m          # total solutions (real): 137 (6)[39m[K
[A
[A
[A
[A




[K[A
[K[A
[K[A
[K[A
[32mTracking 252 paths...  70%|ΓûêΓûêΓûêΓûêΓûêΓûêΓûêΓûêΓûêΓûêΓûêΓûêΓûêΓûêΓûêΓûêΓûêΓûêΓûêΓûêΓûê        |  ETA: 0:00:00[39m[K
[34m                   # paths tracked: 177[39m[K
[34m   # non-singular solutions (real): 177 (8)[39m[K
[34m       # singular endpoints (real): 0 (0)[39m[K
[34m          # total solutions (real): 177 (8)[39m[K
[A
[A
[A
[A




[K[A
[K[A
[K[A
[K[A
[32mTracking 252 paths...  83%|ΓûêΓûêΓûêΓûêΓûêΓûêΓûêΓûêΓûêΓûêΓûêΓûêΓûêΓûêΓûêΓûêΓûêΓûêΓûêΓûêΓûêΓûêΓûêΓûêΓûê    |  ETA: 0:00:00[39m[K
[34m                   # paths tracked: 209[39m[K
[34m   # non-singular solutions (real): 209 (11)[39m[K
[34m       # singular endpoints (real): 0 (0)[39m[K
[34m          # total solutions (real): 209 (11)[39m[K
[A
[A
[A
[A




[K[A
[K[A
[K[A
[K[A
[32mTracking 252 paths... 100%|ΓûêΓûêΓûêΓûêΓûêΓûêΓûêΓûêΓûêΓûêΓûêΓûêΓûêΓûêΓûêΓûêΓûêΓûêΓûêΓûêΓûêΓûêΓûêΓûêΓûêΓûêΓûêΓûêΓûê| Time: 0:00:01[39m[K
[34m                   # paths tracked: 252[39m[K
[34m   # non-singular solutions (real): 252 (12)[39m[K
[34m       # singular endpoints (real): 0 (0)[39m[K
[34m          # total solutions (real): 252 (12)[39m[K

[32mTracking 252 paths...  34%|ΓûêΓûêΓûêΓûêΓûêΓûêΓûêΓûêΓûêΓûê                   |  ETA: 0:00:01[39m[K
[34m                   # paths tracked: 85[39m[K
[34m   # non-singular solutions (real): 85 (4)[39m[K
[34m       # singular endpoints (real): 0 (0)[39m[K
[34m          # total solutions (real): 85 (4)[39m[K
[A
[A
[A
[A




[K[A
[K[A
[K[A
[K[A
[32mTracking 252 paths...  48%|ΓûêΓûêΓûêΓûêΓûêΓûêΓûêΓûêΓûêΓûêΓûêΓûêΓûêΓûêΓûê              |  ETA: 0:00:01[39m[K
[34m                   # paths tracked: 122[39m[K
[34m   # non-singular solutions (real): 122 (6)[39m[K
[34m       # singular endpoints (real): 0 (0)[39m[K
[34m          # total solutions (real): 122 (6)[39m[K
[A
[A
[A
[A




[K[A
[K[A
[K[A
[K[A
[32mTracking 252 paths...  63%|ΓûêΓûêΓûêΓûêΓûêΓûêΓûêΓûêΓûêΓûêΓûêΓûêΓûêΓûêΓûêΓûêΓûêΓûêΓûê          |  ETA: 0:00:01[39m[K
[34m                   # paths tracked: 160[39m[K
[34m   # non-singular solutions (real): 160 (9)[39m[K
[34m       # singular endpoints (real): 0 (0)[39m[K
[34m          # total solutions (real): 160 (9)[39m[K
[A
[A
[A
[A




[K[A
[K[A
[K[A
[K[A
[32mTracking 252 paths...  78%|ΓûêΓûêΓûêΓûêΓûêΓûêΓûêΓûêΓûêΓûêΓûêΓûêΓûêΓûêΓûêΓûêΓûêΓûêΓûêΓûêΓûêΓûêΓûê      |  ETA: 0:00:00[39m[K
[34m                   # paths tracked: 196[39m[K
[34m   # non-singular solutions (real): 196 (9)[39m[K
[34m       # singular endpoints (real): 0 (0)[39m[K
[34m          # total solutions (real): 196 (9)[39m[K
[A
[A
[A
[A




[K[A
[K[A
[K[A
[K[A
[32mTracking 252 paths...  92%|ΓûêΓûêΓûêΓûêΓûêΓûêΓûêΓûêΓûêΓûêΓûêΓûêΓûêΓûêΓûêΓûêΓûêΓûêΓûêΓûêΓûêΓûêΓûêΓûêΓûêΓûêΓûê  |  ETA: 0:00:00[39m[K
[34m                   # paths tracked: 232[39m[K
[34m   # non-singular solutions (real): 232 (12)[39m[K
[34m       # singular endpoints (real): 0 (0)[39m[K
[34m          # total solutions (real): 232 (12)[39m[K
[A
[A
[A
[A




[K[A
[K[A
[K[A
[K[A
[32mTracking 252 paths... 100%|ΓûêΓûêΓûêΓûêΓûêΓûêΓûêΓûêΓûêΓûêΓûêΓûêΓûêΓûêΓûêΓûêΓûêΓûêΓûêΓûêΓûêΓûêΓûêΓûêΓûêΓûêΓûêΓûêΓûê| Time: 0:00:01[39m[K
[34m                   # paths tracked: 252[39m[K
[34m   # non-singular solutions (real): 252 (12)[39m[K
[34m       # singular endpoints (real): 0 (0)[39m[K
[34m          # total solutions (real): 252 (12)[39m[K

[32mTracking 252 paths...  37%|ΓûêΓûêΓûêΓûêΓûêΓûêΓûêΓûêΓûêΓûêΓûê                  |  ETA: 0:00:01[39m[K
[34m                   # paths tracked: 93[39m[K
[34m   # non-singular solutions (real): 93 (5)[39m[K
[34m       # singular endpoints (real): 0 (0)[39m[K
[34m          # total solutions (real): 93 (5)[39m[K
[A
[A
[A
[A




[K[A
[K[A
[K[A
[K[A
[32mTracking 252 paths...  54%|ΓûêΓûêΓûêΓûêΓûêΓûêΓûêΓûêΓûêΓûêΓûêΓûêΓûêΓûêΓûêΓûê             |  ETA: 0:00:01[39m[K
[34m                   # paths tracked: 135[39m[K
[34m   # non-singular solutions (real): 135 (9)[39m[K
[34m       # singular endpoints (real): 0 (0)[39m[K
[34m          # total solutions (real): 135 (9)[39m[K
[A
[A
[A
[A




[K[A
[K[A
[K[A
[K[A
[32mTracking 252 paths...  69%|ΓûêΓûêΓûêΓûêΓûêΓûêΓûêΓûêΓûêΓûêΓûêΓûêΓûêΓûêΓûêΓûêΓûêΓûêΓûêΓûêΓûê        |  ETA: 0:00:00[39m[K
[34m                   # paths tracked: 174[39m[K
[34m   # non-singular solutions (real): 174 (10)[39m[K
[34m       # singular endpoints (real): 0 (0)[39m[K
[34m          # total solutions (real): 174 (10)[39m[K
[A
[A
[A
[A




[K[A
[K[A
[K[A
[K[A
[32mTracking 252 paths...  85%|ΓûêΓûêΓûêΓûêΓûêΓûêΓûêΓûêΓûêΓûêΓûêΓûêΓûêΓûêΓûêΓûêΓûêΓûêΓûêΓûêΓûêΓûêΓûêΓûêΓûê    |  ETA: 0:00:00[39m[K
[34m                   # paths tracked: 214[39m[K
[34m   # non-singular solutions (real): 214 (11)[39m[K
[34m       # singular endpoints (real): 0 (0)[39m[K
[34m          # total solutions (real): 214 (11)[39m[K
[A
[A
[A
[A




[K[A
[K[A
[K[A
[K[A
[32mTracking 252 paths... 100%|ΓûêΓûêΓûêΓûêΓûêΓûêΓûêΓûêΓûêΓûêΓûêΓûêΓûêΓûêΓûêΓûêΓûêΓûêΓûêΓûêΓûêΓûêΓûêΓûêΓûêΓûêΓûêΓûêΓûê| Time: 0:00:01[39m[K
[34m                   # paths tracked: 252[39m[K
[34m   # non-singular solutions (real): 252 (12)[39m[K
[34m       # singular endpoints (real): 0 (0)[39m[K
[34m          # total solutions (real): 252 (12)[39m[K

[32mTracking 252 paths...  36%|ΓûêΓûêΓûêΓûêΓûêΓûêΓûêΓûêΓûêΓûêΓûê                  |  ETA: 0:00:01[39m[K
[34m                   # paths tracked: 91[39m[K
[34m   # non-singular solutions (real): 91 (3)[39m[K
[34m       # singular endpoints (real): 0 (0)[39m[K
[34m          # total solutions (real): 91 (3)[39m[K
[A
[A
[A
[A




[K[A
[K[A
[K[A
[K[A
[32mTracking 252 paths...  52%|ΓûêΓûêΓûêΓûêΓûêΓûêΓûêΓûêΓûêΓûêΓûêΓûêΓûêΓûêΓûê              |  ETA: 0:00:01[39m[K
[34m                   # paths tracked: 130[39m[K
[34m   # non-singular solutions (real): 130 (4)[39m[K
[34m       # singular endpoints (real): 0 (0)[39m[K
[34m          # total solutions (real): 130 (4)[39m[K
[A
[A
[A
[A




[K[A
[K[A
[K[A
[K[A
[32mTracking 252 paths...  68%|ΓûêΓûêΓûêΓûêΓûêΓûêΓûêΓûêΓûêΓûêΓûêΓûêΓûêΓûêΓûêΓûêΓûêΓûêΓûêΓûê         |  ETA: 0:00:00[39m[K
[34m                   # paths tracked: 172[39m[K
[34m   # non-singular solutions (real): 172 (7)[39m[K
[34m       # singular endpoints (real): 0 (0)[39m[K
[34m          # total solutions (real): 172 (7)[39m[K
[A
[A
[A
[A




[K[A
[K[A
[K[A
[K[A
[32mTracking 252 paths...  85%|ΓûêΓûêΓûêΓûêΓûêΓûêΓûêΓûêΓûêΓûêΓûêΓûêΓûêΓûêΓûêΓûêΓûêΓûêΓûêΓûêΓûêΓûêΓûêΓûêΓûê    |  ETA: 0:00:00[39m[K
[34m                   # paths tracked: 215[39m[K
[34m   # non-singular solutions (real): 215 (10)[39m[K
[34m       # singular endpoints (real): 0 (0)[39m[K
[34m          # total solutions (real): 215 (10)[39m[K
[A
[A
[A
[A




[K[A
[K[A
[K[A
[K[A
[32mTracking 252 paths... 100%|ΓûêΓûêΓûêΓûêΓûêΓûêΓûêΓûêΓûêΓûêΓûêΓûêΓûêΓûêΓûêΓûêΓûêΓûêΓûêΓûêΓûêΓûêΓûêΓûêΓûêΓûêΓûêΓûêΓûê| Time: 0:00:01[39m[K
[34m                   # paths tracked: 252[39m[K
[34m   # non-singular solutions (real): 252 (12)[39m[K
[34m       # singular endpoints (real): 0 (0)[39m[K
[34m          # total solutions (real): 252 (12)[39m[K

[32mTracking 252 paths...  29%|ΓûêΓûêΓûêΓûêΓûêΓûêΓûêΓûêΓûê                    |  ETA: 0:00:01[39m[K
[34m                   # paths tracked: 74[39m[K
[34m   # non-singular solutions (real): 74 (4)[39m[K
[34m       # singular endpoints (real): 0 (0)[39m[K
[34m          # total solutions (real): 74 (4)[39m[K
[A
[A
[A
[A




[K[A
[K[A
[K[A
[K[A
[32mTracking 252 paths...  42%|ΓûêΓûêΓûêΓûêΓûêΓûêΓûêΓûêΓûêΓûêΓûêΓûêΓûê                |  ETA: 0:00:01[39m[K
[34m                   # paths tracked: 106[39m[K
[34m   # non-singular solutions (real): 106 (6)[39m[K
[34m       # singular endpoints (real): 0 (0)[39m[K
[34m          # total solutions (real): 106 (6)[39m[K
[A
[A
[A
[A




[K[A
[K[A
[K[A
[K[A
[32mTracking 252 paths...  56%|ΓûêΓûêΓûêΓûêΓûêΓûêΓûêΓûêΓûêΓûêΓûêΓûêΓûêΓûêΓûêΓûêΓûê            |  ETA: 0:00:01[39m[K
[34m                   # paths tracked: 142[39m[K
[34m   # non-singular solutions (real): 142 (7)[39m[K
[34m       # singular endpoints (real): 0 (0)[39m[K
[34m          # total solutions (real): 142 (7)[39m[K
[A
[A
[A
[A




[K[A
[K[A
[K[A
[K[A
[32mTracking 252 paths...  67%|ΓûêΓûêΓûêΓûêΓûêΓûêΓûêΓûêΓûêΓûêΓûêΓûêΓûêΓûêΓûêΓûêΓûêΓûêΓûêΓûê         |  ETA: 0:00:01[39m[K
[34m                   # paths tracked: 169[39m[K
[34m   # non-singular solutions (real): 169 (8)[39m[K
[34m       # singular endpoints (real): 0 (0)[39m[K
[34m          # total solutions (real): 169 (8)[39m[K
[A
[A
[A
[A




[K[A
[K[A
[K[A
[K[A
[32mTracking 252 paths...  80%|ΓûêΓûêΓûêΓûêΓûêΓûêΓûêΓûêΓûêΓûêΓûêΓûêΓûêΓûêΓûêΓûêΓûêΓûêΓûêΓûêΓûêΓûêΓûêΓûê     |  ETA: 0:00:00[39m[K
[34m                   # paths tracked: 202[39m[K
[34m   # non-singular solutions (real): 202 (8)[39m[K
[34m       # singular endpoints (real): 0 (0)[39m[K
[34m          # total solutions (real): 202 (8)[39m[K
[A
[A
[A
[A




[K[A
[K[A
[K[A
[K[A
[32mTracking 252 paths...  93%|ΓûêΓûêΓûêΓûêΓûêΓûêΓûêΓûêΓûêΓûêΓûêΓûêΓûêΓûêΓûêΓûêΓûêΓûêΓûêΓûêΓûêΓûêΓûêΓûêΓûêΓûêΓûê  |  ETA: 0:00:00[39m[K
[34m                   # paths tracked: 234[39m[K
[34m   # non-singular solutions (real): 234 (11)[39m[K
[34m       # singular endpoints (real): 0 (0)[39m[K
[34m          # total solutions (real): 234 (11)[39m[K
[A
[A
[A
[A




[K[A
[K[A
[K[A
[K[A
[32mTracking 252 paths... 100%|ΓûêΓûêΓûêΓûêΓûêΓûêΓûêΓûêΓûêΓûêΓûêΓûêΓûêΓûêΓûêΓûêΓûêΓûêΓûêΓûêΓûêΓûêΓûêΓûêΓûêΓûêΓûêΓûêΓûê| Time: 0:00:01[39m[K
[34m                   # paths tracked: 252[39m[K
[34m   # non-singular solutions (real): 252 (12)[39m[K
[34m       # singular endpoints (real): 0 (0)[39m[K
[34m          # total solutions (real): 252 (12)[39m[K

[32mTracking 252 paths...  34%|ΓûêΓûêΓûêΓûêΓûêΓûêΓûêΓûêΓûêΓûê                   |  ETA: 0:00:01[39m[K
[34m                   # paths tracked: 86[39m[K
[34m   # non-singular solutions (real): 86 (7)[39m[K
[34m       # singular endpoints (real): 0 (0)[39m[K
[34m          # total solutions (real): 86 (7)[39m[K
[A
[A
[A
[A




[K[A
[K[A
[K[A
[K[A
[32mTracking 252 paths...  49%|ΓûêΓûêΓûêΓûêΓûêΓûêΓûêΓûêΓûêΓûêΓûêΓûêΓûêΓûêΓûê              |  ETA: 0:00:01[39m[K
[34m                   # paths tracked: 123[39m[K
[34m   # non-singular solutions (real): 123 (7)[39m[K
[34m       # singular endpoints (real): 0 (0)[39m[K
[34m          # total solutions (real): 123 (7)[39m[K
[A
[A
[A
[A




[K[A
[K[A
[K[A
[K[A
[32mTracking 252 paths...  64%|ΓûêΓûêΓûêΓûêΓûêΓûêΓûêΓûêΓûêΓûêΓûêΓûêΓûêΓûêΓûêΓûêΓûêΓûêΓûê          |  ETA: 0:00:01[39m[K
[34m                   # paths tracked: 161[39m[K
[34m   # non-singular solutions (real): 161 (8)[39m[K
[34m       # singular endpoints (real): 0 (0)[39m[K
[34m          # total solutions (real): 161 (8)[39m[K
[A
[A
[A
[A




[K[A
[K[A
[K[A
[K[A
[32mTracking 252 paths...  79%|ΓûêΓûêΓûêΓûêΓûêΓûêΓûêΓûêΓûêΓûêΓûêΓûêΓûêΓûêΓûêΓûêΓûêΓûêΓûêΓûêΓûêΓûêΓûêΓûê     |  ETA: 0:00:00[39m[K
[34m                   # paths tracked: 200[39m[K
[34m   # non-singular solutions (real): 200 (10)[39m[K
[34m       # singular endpoints (real): 0 (0)[39m[K
[34m          # total solutions (real): 200 (10)[39m[K
[A
[A
[A
[A




[K[A
[K[A
[K[A
[K[A
[32mTracking 252 paths...  94%|ΓûêΓûêΓûêΓûêΓûêΓûêΓûêΓûêΓûêΓûêΓûêΓûêΓûêΓûêΓûêΓûêΓûêΓûêΓûêΓûêΓûêΓûêΓûêΓûêΓûêΓûêΓûêΓûê |  ETA: 0:00:00[39m[K
[34m                   # paths tracked: 237[39m[K
[34m   # non-singular solutions (real): 237 (11)[39m[K
[34m       # singular endpoints (real): 0 (0)[39m[K
[34m          # total solutions (real): 237 (11)[39m[K
[A
[A
[A
[A




[K[A
[K[A
[K[A
[K[A
[32mTracking 252 paths... 100%|ΓûêΓûêΓûêΓûêΓûêΓûêΓûêΓûêΓûêΓûêΓûêΓûêΓûêΓûêΓûêΓûêΓûêΓûêΓûêΓûêΓûêΓûêΓûêΓûêΓûêΓûêΓûêΓûêΓûê| Time: 0:00:01[39m[K
[34m                   # paths tracked: 252[39m[K
[34m   # non-singular solutions (real): 252 (12)[39m[K
[34m       # singular endpoints (real): 0 (0)[39m[K
[34m          # total solutions (real): 252 (12)[39m[K

[32mTracking 252 paths...  36%|ΓûêΓûêΓûêΓûêΓûêΓûêΓûêΓûêΓûêΓûêΓûê                  |  ETA: 0:00:01[39m[K
[34m                   # paths tracked: 90[39m[K
[34m   # non-singular solutions (real): 90 (5)[39m[K
[34m       # singular endpoints (real): 0 (0)[39m[K
[34m          # total solutions (real): 90 (5)[39m[K
[A
[A
[A
[A




[K[A
[K[A
[K[A
[K[A
[32mTracking 252 paths...  50%|ΓûêΓûêΓûêΓûêΓûêΓûêΓûêΓûêΓûêΓûêΓûêΓûêΓûêΓûêΓûê              |  ETA: 0:00:01[39m[K
[34m                   # paths tracked: 125[39m[K
[34m   # non-singular solutions (real): 125 (7)[39m[K
[34m       # singular endpoints (real): 0 (0)[39m[K
[34m          # total solutions (real): 125 (7)[39m[K
[A
[A
[A
[A




[K[A
[K[A
[K[A
[K[A
[32mTracking 252 paths...  64%|ΓûêΓûêΓûêΓûêΓûêΓûêΓûêΓûêΓûêΓûêΓûêΓûêΓûêΓûêΓûêΓûêΓûêΓûêΓûê          |  ETA: 0:00:01[39m[K
[34m                   # paths tracked: 162[39m[K
[34m   # non-singular solutions (real): 162 (8)[39m[K
[34m       # singular endpoints (real): 0 (0)[39m[K
[34m          # total solutions (real): 162 (8)[39m[K
[A
[A
[A
[A




[K[A
[K[A
[K[A
[K[A
[32mTracking 252 paths...  79%|ΓûêΓûêΓûêΓûêΓûêΓûêΓûêΓûêΓûêΓûêΓûêΓûêΓûêΓûêΓûêΓûêΓûêΓûêΓûêΓûêΓûêΓûêΓûê      |  ETA: 0:00:00[39m[K
[34m                   # paths tracked: 199[39m[K
[34m   # non-singular solutions (real): 199 (9)[39m[K
[34m       # singular endpoints (real): 0 (0)[39m[K
[34m          # total solutions (real): 199 (9)[39m[K
[A
[A
[A
[A




[K[A
[K[A
[K[A
[K[A
[32mTracking 252 paths...  94%|ΓûêΓûêΓûêΓûêΓûêΓûêΓûêΓûêΓûêΓûêΓûêΓûêΓûêΓûêΓûêΓûêΓûêΓûêΓûêΓûêΓûêΓûêΓûêΓûêΓûêΓûêΓûêΓûê |  ETA: 0:00:00[39m[K
[34m                   # paths tracked: 238[39m[K
[34m   # non-singular solutions (real): 238 (11)[39m[K
[34m       # singular endpoints (real): 0 (0)[39m[K
[34m          # total solutions (real): 238 (11)[39m[K
[A
[A
[A
[A




[K[A
[K[A
[K[A
[K[A
[32mTracking 252 paths... 100%|ΓûêΓûêΓûêΓûêΓûêΓûêΓûêΓûêΓûêΓûêΓûêΓûêΓûêΓûêΓûêΓûêΓûêΓûêΓûêΓûêΓûêΓûêΓûêΓûêΓûêΓûêΓûêΓûêΓûê| Time: 0:00:01[39m[K
[34m                   # paths tracked: 252[39m[K
[34m   # non-singular solutions (real): 252 (12)[39m[K
[34m       # singular endpoints (real): 0 (0)[39m[K
[34m          # total solutions (real): 252 (12)[39m[K

[32mTracking 252 paths...  38%|ΓûêΓûêΓûêΓûêΓûêΓûêΓûêΓûêΓûêΓûêΓûêΓûê                 |  ETA: 0:00:01[39m[K
[34m                   # paths tracked: 96[39m[K
[34m   # non-singular solutions (real): 96 (9)[39m[K
[34m       # singular endpoints (real): 0 (0)[39m[K
[34m          # total solutions (real): 96 (9)[39m[K
[A
[A
[A
[A




[K[A
[K[A
[K[A
[K[A
[32mTracking 252 paths...  53%|ΓûêΓûêΓûêΓûêΓûêΓûêΓûêΓûêΓûêΓûêΓûêΓûêΓûêΓûêΓûêΓûê             |  ETA: 0:00:01[39m[K
[34m                   # paths tracked: 133[39m[K
[34m   # non-singular solutions (real): 133 (10)[39m[K
[34m       # singular endpoints (real): 0 (0)[39m[K
[34m          # total solutions (real): 133 (10)[39m[K
[A
[A
[A
[A




[K[A
[K[A
[K[A
[K[A
[32mTracking 252 paths...  69%|ΓûêΓûêΓûêΓûêΓûêΓûêΓûêΓûêΓûêΓûêΓûêΓûêΓûêΓûêΓûêΓûêΓûêΓûêΓûêΓûêΓûê        |  ETA: 0:00:00[39m[K
[34m                   # paths tracked: 174[39m[K
[34m   # non-singular solutions (real): 174 (12)[39m[K
[34m       # singular endpoints (real): 0 (0)[39m[K
[34m          # total solutions (real): 174 (12)[39m[K
[A
[A
[A
[A




[K[A
[K[A
[K[A
[K[A
[32mTracking 252 paths...  86%|ΓûêΓûêΓûêΓûêΓûêΓûêΓûêΓûêΓûêΓûêΓûêΓûêΓûêΓûêΓûêΓûêΓûêΓûêΓûêΓûêΓûêΓûêΓûêΓûêΓûê    |  ETA: 0:00:00[39m[K
[34m                   # paths tracked: 216[39m[K
[34m   # non-singular solutions (real): 216 (12)[39m[K
[34m       # singular endpoints (real): 0 (0)[39m[K
[34m          # total solutions (real): 216 (12)[39m[K
[A
[A
[A
[A




[K[A
[K[A
[K[A
[K[A
[32mTracking 252 paths... 100%|ΓûêΓûêΓûêΓûêΓûêΓûêΓûêΓûêΓûêΓûêΓûêΓûêΓûêΓûêΓûêΓûêΓûêΓûêΓûêΓûêΓûêΓûêΓûêΓûêΓûêΓûêΓûêΓûêΓûê| Time: 0:00:01[39m[K
[34m                   # paths tracked: 252[39m[K
[34m   # non-singular solutions (real): 252 (12)[39m[K
[34m       # singular endpoints (real): 0 (0)[39m[K
[34m          # total solutions (real): 252 (12)[39m[K

[32mTracking 252 paths...  38%|ΓûêΓûêΓûêΓûêΓûêΓûêΓûêΓûêΓûêΓûêΓûêΓûê                 |  ETA: 0:00:01[39m[K
[34m                   # paths tracked: 96[39m[K
[34m   # non-singular solutions (real): 96 (6)[39m[K
[34m       # singular endpoints (real): 0 (0)[39m[K
[34m          # total solutions (real): 96 (6)[39m[K
[A
[A
[A
[A




[K[A
[K[A
[K[A
[K[A
[32mTracking 252 paths...  52%|ΓûêΓûêΓûêΓûêΓûêΓûêΓûêΓûêΓûêΓûêΓûêΓûêΓûêΓûêΓûêΓûê             |  ETA: 0:00:01[39m[K
[34m                   # paths tracked: 132[39m[K
[34m   # non-singular solutions (real): 132 (8)[39m[K
[34m       # singular endpoints (real): 0 (0)[39m[K
[34m          # total solutions (real): 132 (8)[39m[K
[A
[A
[A
[A




[K[A
[K[A
[K[A
[K[A
[32mTracking 252 paths...  66%|ΓûêΓûêΓûêΓûêΓûêΓûêΓûêΓûêΓûêΓûêΓûêΓûêΓûêΓûêΓûêΓûêΓûêΓûêΓûêΓûê         |  ETA: 0:00:00[39m[K
[34m                   # paths tracked: 167[39m[K
[34m   # non-singular solutions (real): 167 (8)[39m[K
[34m       # singular endpoints (real): 0 (0)[39m[K
[34m          # total solutions (real): 167 (8)[39m[K
[A
[A
[A
[A




[K[A
[K[A
[K[A
[K[A
[32mTracking 252 paths...  80%|ΓûêΓûêΓûêΓûêΓûêΓûêΓûêΓûêΓûêΓûêΓûêΓûêΓûêΓûêΓûêΓûêΓûêΓûêΓûêΓûêΓûêΓûêΓûêΓûê     |  ETA: 0:00:00[39m[K
[34m                   # paths tracked: 202[39m[K
[34m   # non-singular solutions (real): 202 (10)[39m[K
[34m       # singular endpoints (real): 0 (0)[39m[K
[34m          # total solutions (real): 202 (10)[39m[K
[A
[A
[A
[A




[K[A
[K[A
[K[A
[K[A
[32mTracking 252 paths...  97%|ΓûêΓûêΓûêΓûêΓûêΓûêΓûêΓûêΓûêΓûêΓûêΓûêΓûêΓûêΓûêΓûêΓûêΓûêΓûêΓûêΓûêΓûêΓûêΓûêΓûêΓûêΓûêΓûêΓûê|  ETA: 0:00:00[39m[K
[34m                   # paths tracked: 244[39m[K
[34m   # non-singular solutions (real): 244 (11)[39m[K
[34m       # singular endpoints (real): 0 (0)[39m[K
[34m          # total solutions (real): 244 (11)[39m[K
[A
[A
[A
[A




[K[A
[K[A
[K[A
[K[A
[32mTracking 252 paths... 100%|ΓûêΓûêΓûêΓûêΓûêΓûêΓûêΓûêΓûêΓûêΓûêΓûêΓûêΓûêΓûêΓûêΓûêΓûêΓûêΓûêΓûêΓûêΓûêΓûêΓûêΓûêΓûêΓûêΓûê| Time: 0:00:01[39m[K
[34m                   # paths tracked: 252[39m[K
[34m   # non-singular solutions (real): 252 (12)[39m[K
[34m       # singular endpoints (real): 0 (0)[39m[K
[34m          # total solutions (real): 252 (12)[39m[K

[32mTracking 252 paths...  36%|ΓûêΓûêΓûêΓûêΓûêΓûêΓûêΓûêΓûêΓûêΓûê                  |  ETA: 0:00:01[39m[K
[34m                   # paths tracked: 91[39m[K
[34m   # non-singular solutions (real): 91 (7)[39m[K
[34m       # singular endpoints (real): 0 (0)[39m[K
[34m          # total solutions (real): 91 (7)[39m[K
[A
[A
[A
[A




[K[A
[K[A
[K[A
[K[A
[32mTracking 252 paths...  49%|ΓûêΓûêΓûêΓûêΓûêΓûêΓûêΓûêΓûêΓûêΓûêΓûêΓûêΓûêΓûê              |  ETA: 0:00:01[39m[K
[34m                   # paths tracked: 123[39m[K
[34m   # non-singular solutions (real): 123 (9)[39m[K
[34m       # singular endpoints (real): 0 (0)[39m[K
[34m          # total solutions (real): 123 (9)[39m[K
[A
[A
[A
[A




[K[A
[K[A
[K[A
[K[A
[32mTracking 252 paths...  74%|ΓûêΓûêΓûêΓûêΓûêΓûêΓûêΓûêΓûêΓûêΓûêΓûêΓûêΓûêΓûêΓûêΓûêΓûêΓûêΓûêΓûêΓûê       |  ETA: 0:00:00[39m[K
[34m                   # paths tracked: 187[39m[K
[34m   # non-singular solutions (real): 187 (11)[39m[K
[34m       # singular endpoints (real): 0 (0)[39m[K
[34m          # total solutions (real): 187 (11)[39m[K
[A
[A
[A
[A




[K[A
[K[A
[K[A
[K[A
[32mTracking 252 paths...  89%|ΓûêΓûêΓûêΓûêΓûêΓûêΓûêΓûêΓûêΓûêΓûêΓûêΓûêΓûêΓûêΓûêΓûêΓûêΓûêΓûêΓûêΓûêΓûêΓûêΓûêΓûê   |  ETA: 0:00:00[39m[K
[34m                   # paths tracked: 224[39m[K
[34m   # non-singular solutions (real): 224 (12)[39m[K
[34m       # singular endpoints (real): 0 (0)[39m[K
[34m          # total solutions (real): 224 (12)[39m[K
[A
[A
[A
[A




[K[A
[K[A
[K[A
[K[A
[32mTracking 252 paths... 100%|ΓûêΓûêΓûêΓûêΓûêΓûêΓûêΓûêΓûêΓûêΓûêΓûêΓûêΓûêΓûêΓûêΓûêΓûêΓûêΓûêΓûêΓûêΓûêΓûêΓûêΓûêΓûêΓûêΓûê| Time: 0:00:01[39m[K
[34m                   # paths tracked: 252[39m[K
[34m   # non-singular solutions (real): 252 (12)[39m[K
[34m       # singular endpoints (real): 0 (0)[39m[K
[34m          # total solutions (real): 252 (12)[39m[K

[32mTracking 252 paths...  40%|ΓûêΓûêΓûêΓûêΓûêΓûêΓûêΓûêΓûêΓûêΓûêΓûê                 |  ETA: 0:00:01[39m[K
[34m                   # paths tracked: 101[39m[K
[34m   # non-singular solutions (real): 101 (5)[39m[K
[34m       # singular endpoints (real): 0 (0)[39m[K
[34m          # total solutions (real): 101 (5)[39m[K
[A
[A
[A
[A




[K[A
[K[A
[K[A
[K[A
[32mTracking 252 paths...  56%|ΓûêΓûêΓûêΓûêΓûêΓûêΓûêΓûêΓûêΓûêΓûêΓûêΓûêΓûêΓûêΓûêΓûê            |  ETA: 0:00:01[39m[K
[34m                   # paths tracked: 142[39m[K
[34m   # non-singular solutions (real): 142 (7)[39m[K
[34m       # singular endpoints (real): 0 (0)[39m[K
[34m          # total solutions (real): 142 (7)[39m[K
[A
[A
[A
[A




[K[A
[K[A
[K[A
[K[A
[32mTracking 252 paths...  73%|ΓûêΓûêΓûêΓûêΓûêΓûêΓûêΓûêΓûêΓûêΓûêΓûêΓûêΓûêΓûêΓûêΓûêΓûêΓûêΓûêΓûêΓûê       |  ETA: 0:00:00[39m[K
[34m                   # paths tracked: 183[39m[K
[34m   # non-singular solutions (real): 183 (9)[39m[K
[34m       # singular endpoints (real): 0 (0)[39m[K
[34m          # total solutions (real): 183 (9)[39m[K
[A
[A
[A
[A




[K[A
[K[A
[K[A
[K[A
[32mTracking 252 paths...  89%|ΓûêΓûêΓûêΓûêΓûêΓûêΓûêΓûêΓûêΓûêΓûêΓûêΓûêΓûêΓûêΓûêΓûêΓûêΓûêΓûêΓûêΓûêΓûêΓûêΓûêΓûê   |  ETA: 0:00:00[39m[K
[34m                   # paths tracked: 225[39m[K
[34m   # non-singular solutions (real): 225 (12)[39m[K
[34m       # singular endpoints (real): 0 (0)[39m[K
[34m          # total solutions (real): 225 (12)[39m[K
[A
[A
[A
[A




[K[A
[K[A
[K[A
[K[A
[32mTracking 252 paths... 100%|ΓûêΓûêΓûêΓûêΓûêΓûêΓûêΓûêΓûêΓûêΓûêΓûêΓûêΓûêΓûêΓûêΓûêΓûêΓûêΓûêΓûêΓûêΓûêΓûêΓûêΓûêΓûêΓûêΓûê| Time: 0:00:01[39m[K
[34m                   # paths tracked: 252[39m[K
[34m   # non-singular solutions (real): 252 (12)[39m[K
[34m       # singular endpoints (real): 0 (0)[39m[K
[34m          # total solutions (real): 252 (12)[39m[K

[32mTracking 252 paths...  38%|ΓûêΓûêΓûêΓûêΓûêΓûêΓûêΓûêΓûêΓûêΓûêΓûê                 |  ETA: 0:00:01[39m[K
[34m                   # paths tracked: 97[39m[K
[34m   # non-singular solutions (real): 97 (6)[39m[K
[34m       # singular endpoints (real): 0 (0)[39m[K
[34m          # total solutions (real): 97 (6)[39m[K
[A
[A
[A
[A




[K[A
[K[A
[K[A
[K[A
[32mTracking 252 paths...  53%|ΓûêΓûêΓûêΓûêΓûêΓûêΓûêΓûêΓûêΓûêΓûêΓûêΓûêΓûêΓûêΓûê             |  ETA: 0:00:01[39m[K
[34m                   # paths tracked: 134[39m[K
[34m   # non-singular solutions (real): 134 (8)[39m[K
[34m       # singular endpoints (real): 0 (0)[39m[K
[34m          # total solutions (real): 134 (8)[39m[K
[A
[A
[A
[A




[K[A
[K[A
[K[A
[K[A
[32mTracking 252 paths...  68%|ΓûêΓûêΓûêΓûêΓûêΓûêΓûêΓûêΓûêΓûêΓûêΓûêΓûêΓûêΓûêΓûêΓûêΓûêΓûêΓûê         |  ETA: 0:00:00[39m[K
[34m                   # paths tracked: 171[39m[K
[34m   # non-singular solutions (real): 171 (9)[39m[K
[34m       # singular endpoints (real): 0 (0)[39m[K
[34m          # total solutions (real): 171 (9)[39m[K
[A
[A
[A
[A




[K[A
[K[A
[K[A
[K[A
[32mTracking 252 paths...  83%|ΓûêΓûêΓûêΓûêΓûêΓûêΓûêΓûêΓûêΓûêΓûêΓûêΓûêΓûêΓûêΓûêΓûêΓûêΓûêΓûêΓûêΓûêΓûêΓûêΓûê    |  ETA: 0:00:00[39m[K
[34m                   # paths tracked: 209[39m[K
[34m   # non-singular solutions (real): 209 (9)[39m[K
[34m       # singular endpoints (real): 0 (0)[39m[K
[34m          # total solutions (real): 209 (9)[39m[K
[A
[A
[A
[A




[K[A
[K[A
[K[A
[K[A
[32mTracking 252 paths...  98%|ΓûêΓûêΓûêΓûêΓûêΓûêΓûêΓûêΓûêΓûêΓûêΓûêΓûêΓûêΓûêΓûêΓûêΓûêΓûêΓûêΓûêΓûêΓûêΓûêΓûêΓûêΓûêΓûêΓûê|  ETA: 0:00:00[39m[K
[34m                   # paths tracked: 246[39m[K
[34m   # non-singular solutions (real): 246 (11)[39m[K
[34m       # singular endpoints (real): 0 (0)[39m[K
[34m          # total solutions (real): 246 (11)[39m[K
[A
[A
[A
[A




[K[A
[K[A
[K[A
[K[A
[32mTracking 252 paths... 100%|ΓûêΓûêΓûêΓûêΓûêΓûêΓûêΓûêΓûêΓûêΓûêΓûêΓûêΓûêΓûêΓûêΓûêΓûêΓûêΓûêΓûêΓûêΓûêΓûêΓûêΓûêΓûêΓûêΓûê| Time: 0:00:01[39m[K
[34m                   # paths tracked: 252[39m[K
[34m   # non-singular solutions (real): 252 (12)[39m[K
[34m       # singular endpoints (real): 0 (0)[39m[K
[34m          # total solutions (real): 252 (12)[39m[K

[32mTracking 252 paths...  39%|ΓûêΓûêΓûêΓûêΓûêΓûêΓûêΓûêΓûêΓûêΓûêΓûê                 |  ETA: 0:00:01[39m[K
[34m                   # paths tracked: 98[39m[K
[34m   # non-singular solutions (real): 98 (6)[39m[K
[34m       # singular endpoints (real): 0 (0)[39m[K
[34m          # total solutions (real): 98 (6)[39m[K
[A
[A
[A
[A




[K[A
[K[A
[K[A
[K[A
[32mTracking 252 paths...  54%|ΓûêΓûêΓûêΓûêΓûêΓûêΓûêΓûêΓûêΓûêΓûêΓûêΓûêΓûêΓûêΓûê             |  ETA: 0:00:01[39m[K
[34m                   # paths tracked: 135[39m[K
[34m   # non-singular solutions (real): 135 (7)[39m[K
[34m       # singular endpoints (real): 0 (0)[39m[K
[34m          # total solutions (real): 135 (7)[39m[K
[A
[A
[A
[A




[K[A
[K[A
[K[A
[K[A
[32mTracking 252 paths...  70%|ΓûêΓûêΓûêΓûêΓûêΓûêΓûêΓûêΓûêΓûêΓûêΓûêΓûêΓûêΓûêΓûêΓûêΓûêΓûêΓûêΓûê        |  ETA: 0:00:00[39m[K
[34m                   # paths tracked: 176[39m[K
[34m   # non-singular solutions (real): 176 (10)[39m[K
[34m       # singular endpoints (real): 0 (0)[39m[K
[34m          # total solutions (real): 176 (10)[39m[K
[A
[A
[A
[A




[K[A
[K[A
[K[A
[K[A
[32mTracking 252 paths...  86%|ΓûêΓûêΓûêΓûêΓûêΓûêΓûêΓûêΓûêΓûêΓûêΓûêΓûêΓûêΓûêΓûêΓûêΓûêΓûêΓûêΓûêΓûêΓûêΓûêΓûê    |  ETA: 0:00:00[39m[K
[34m                   # paths tracked: 216[39m[K
[34m   # non-singular solutions (real): 216 (12)[39m[K
[34m       # singular endpoints (real): 0 (0)[39m[K
[34m          # total solutions (real): 216 (12)[39m[K
[A
[A
[A
[A




[K[A
[K[A
[K[A
[K[A
[32mTracking 252 paths... 100%|ΓûêΓûêΓûêΓûêΓûêΓûêΓûêΓûêΓûêΓûêΓûêΓûêΓûêΓûêΓûêΓûêΓûêΓûêΓûêΓûêΓûêΓûêΓûêΓûêΓûêΓûêΓûêΓûêΓûê| Time: 0:00:01[39m[K
[34m                   # paths tracked: 252[39m[K
[34m   # non-singular solutions (real): 252 (12)[39m[K
[34m       # singular endpoints (real): 0 (0)[39m[K
[34m          # total solutions (real): 252 (12)[39m[K

[32mTracking 252 paths...  39%|ΓûêΓûêΓûêΓûêΓûêΓûêΓûêΓûêΓûêΓûêΓûêΓûê                 |  ETA: 0:00:01[39m[K
[34m                   # paths tracked: 98[39m[K
[34m   # non-singular solutions (real): 98 (6)[39m[K
[34m       # singular endpoints (real): 0 (0)[39m[K
[34m          # total solutions (real): 98 (6)[39m[K
[A
[A
[A
[A




[K[A
[K[A
[K[A
[K[A
[32mTracking 252 paths...  55%|ΓûêΓûêΓûêΓûêΓûêΓûêΓûêΓûêΓûêΓûêΓûêΓûêΓûêΓûêΓûêΓûê             |  ETA: 0:00:01[39m[K
[34m                   # paths tracked: 138[39m[K
[34m   # non-singular solutions (real): 138 (9)[39m[K
[34m       # singular endpoints (real): 0 (0)[39m[K
[34m          # total solutions (real): 138 (9)[39m[K
[A
[A
[A
[A




[K[A
[K[A
[K[A
[K[A
[32mTracking 252 paths...  72%|ΓûêΓûêΓûêΓûêΓûêΓûêΓûêΓûêΓûêΓûêΓûêΓûêΓûêΓûêΓûêΓûêΓûêΓûêΓûêΓûêΓûê        |  ETA: 0:00:00[39m[K
[34m                   # paths tracked: 182[39m[K
[34m   # non-singular solutions (real): 182 (10)[39m[K
[34m       # singular endpoints (real): 0 (0)[39m[K
[34m          # total solutions (real): 182 (10)[39m[K
[A
[A
[A
[A




[K[A
[K[A
[K[A
[K[A
[32mTracking 252 paths...  89%|ΓûêΓûêΓûêΓûêΓûêΓûêΓûêΓûêΓûêΓûêΓûêΓûêΓûêΓûêΓûêΓûêΓûêΓûêΓûêΓûêΓûêΓûêΓûêΓûêΓûêΓûê   |  ETA: 0:00:00[39m[K
[34m                   # paths tracked: 224[39m[K
[34m   # non-singular solutions (real): 224 (12)[39m[K
[34m       # singular endpoints (real): 0 (0)[39m[K
[34m          # total solutions (real): 224 (12)[39m[K
[A
[A
[A
[A




[K[A
[K[A
[K[A
[K[A
[32mTracking 252 paths... 100%|ΓûêΓûêΓûêΓûêΓûêΓûêΓûêΓûêΓûêΓûêΓûêΓûêΓûêΓûêΓûêΓûêΓûêΓûêΓûêΓûêΓûêΓûêΓûêΓûêΓûêΓûêΓûêΓûêΓûê| Time: 0:00:01[39m[K
[34m                   # paths tracked: 252[39m[K
[34m   # non-singular solutions (real): 252 (12)[39m[K
[34m       # singular endpoints (real): 0 (0)[39m[K
[34m          # total solutions (real): 252 (12)[39m[K

[32mTracking 252 paths...  35%|ΓûêΓûêΓûêΓûêΓûêΓûêΓûêΓûêΓûêΓûêΓûê                  |  ETA: 0:00:01[39m[K
[34m                   # paths tracked: 88[39m[K
[34m   # non-singular solutions (real): 88 (4)[39m[K
[34m       # singular endpoints (real): 0 (0)[39m[K
[34m          # total solutions (real): 88 (4)[39m[K
[A
[A
[A
[A




[K[A
[K[A
[K[A
[K[A
[32mTracking 252 paths...  50%|ΓûêΓûêΓûêΓûêΓûêΓûêΓûêΓûêΓûêΓûêΓûêΓûêΓûêΓûêΓûê              |  ETA: 0:00:01[39m[K
[34m                   # paths tracked: 126[39m[K
[34m   # non-singular solutions (real): 126 (9)[39m[K
[34m       # singular endpoints (real): 0 (0)[39m[K
[34m          # total solutions (real): 126 (9)[39m[K
[A
[A
[A
[A




[K[A
[K[A
[K[A
[K[A
[32mTracking 252 paths...  64%|ΓûêΓûêΓûêΓûêΓûêΓûêΓûêΓûêΓûêΓûêΓûêΓûêΓûêΓûêΓûêΓûêΓûêΓûêΓûê          |  ETA: 0:00:01[39m[K
[34m                   # paths tracked: 162[39m[K
[34m   # non-singular solutions (real): 162 (9)[39m[K
[34m       # singular endpoints (real): 0 (0)[39m[K
[34m          # total solutions (real): 162 (9)[39m[K
[A
[A
[A
[A




[K[A
[K[A
[K[A
[K[A
[32mTracking 252 paths...  79%|ΓûêΓûêΓûêΓûêΓûêΓûêΓûêΓûêΓûêΓûêΓûêΓûêΓûêΓûêΓûêΓûêΓûêΓûêΓûêΓûêΓûêΓûêΓûê      |  ETA: 0:00:00[39m[K
[34m                   # paths tracked: 198[39m[K
[34m   # non-singular solutions (real): 198 (9)[39m[K
[34m       # singular endpoints (real): 0 (0)[39m[K
[34m          # total solutions (real): 198 (9)[39m[K
[A
[A
[A
[A




[K[A
[K[A
[K[A
[K[A
[32mTracking 252 paths...  93%|ΓûêΓûêΓûêΓûêΓûêΓûêΓûêΓûêΓûêΓûêΓûêΓûêΓûêΓûêΓûêΓûêΓûêΓûêΓûêΓûêΓûêΓûêΓûêΓûêΓûêΓûêΓûêΓûê |  ETA: 0:00:00[39m[K
[34m                   # paths tracked: 235[39m[K
[34m   # non-singular solutions (real): 235 (10)[39m[K
[34m       # singular endpoints (real): 0 (0)[39m[K
[34m          # total solutions (real): 235 (10)[39m[K
[A
[A
[A
[A




[K[A
[K[A
[K[A
[K[A
[32mTracking 252 paths... 100%|ΓûêΓûêΓûêΓûêΓûêΓûêΓûêΓûêΓûêΓûêΓûêΓûêΓûêΓûêΓûêΓûêΓûêΓûêΓûêΓûêΓûêΓûêΓûêΓûêΓûêΓûêΓûêΓûêΓûê| Time: 0:00:01[39m[K
[34m                   # paths tracked: 252[39m[K
[34m   # non-singular solutions (real): 252 (12)[39m[K
[34m       # singular endpoints (real): 0 (0)[39m[K
[34m          # total solutions (real): 252 (12)[39m[K

[32mTracking 252 paths...  37%|ΓûêΓûêΓûêΓûêΓûêΓûêΓûêΓûêΓûêΓûêΓûê                  |  ETA: 0:00:01[39m[K
[34m                   # paths tracked: 92[39m[K
[34m   # non-singular solutions (real): 92 (4)[39m[K
[34m       # singular endpoints (real): 0 (0)[39m[K
[34m          # total solutions (real): 92 (4)[39m[K
[A
[A
[A
[A




[K[A
[K[A
[K[A
[K[A
[32mTracking 252 paths...  52%|ΓûêΓûêΓûêΓûêΓûêΓûêΓûêΓûêΓûêΓûêΓûêΓûêΓûêΓûêΓûêΓûê             |  ETA: 0:00:01[39m[K
[34m                   # paths tracked: 132[39m[K
[34m   # non-singular solutions (real): 132 (5)[39m[K
[34m       # singular endpoints (real): 0 (0)[39m[K
[34m          # total solutions (real): 132 (5)[39m[K
[A
[A
[A
[A




[K[A
[K[A
[K[A
[K[A
[32mTracking 252 paths...  68%|ΓûêΓûêΓûêΓûêΓûêΓûêΓûêΓûêΓûêΓûêΓûêΓûêΓûêΓûêΓûêΓûêΓûêΓûêΓûêΓûê         |  ETA: 0:00:00[39m[K
[34m                   # paths tracked: 171[39m[K
[34m   # non-singular solutions (real): 171 (10)[39m[K
[34m       # singular endpoints (real): 0 (0)[39m[K
[34m          # total solutions (real): 171 (10)[39m[K
[A
[A
[A
[A




[K[A
[K[A
[K[A
[K[A
[32mTracking 252 paths...  83%|ΓûêΓûêΓûêΓûêΓûêΓûêΓûêΓûêΓûêΓûêΓûêΓûêΓûêΓûêΓûêΓûêΓûêΓûêΓûêΓûêΓûêΓûêΓûêΓûê     |  ETA: 0:00:00[39m[K
[34m                   # paths tracked: 208[39m[K
[34m   # non-singular solutions (real): 208 (11)[39m[K
[34m       # singular endpoints (real): 0 (0)[39m[K
[34m          # total solutions (real): 208 (11)[39m[K
[A
[A
[A
[A




[K[A
[K[A
[K[A
[K[A
[32mTracking 252 paths...  98%|ΓûêΓûêΓûêΓûêΓûêΓûêΓûêΓûêΓûêΓûêΓûêΓûêΓûêΓûêΓûêΓûêΓûêΓûêΓûêΓûêΓûêΓûêΓûêΓûêΓûêΓûêΓûêΓûêΓûê|  ETA: 0:00:00[39m[K
[34m                   # paths tracked: 246[39m[K
[34m   # non-singular solutions (real): 246 (12)[39m[K
[34m       # singular endpoints (real): 0 (0)[39m[K
[34m          # total solutions (real): 246 (12)[39m[K
[A
[A
[A
[A




[K[A
[K[A
[K[A
[K[A
[32mTracking 252 paths... 100%|ΓûêΓûêΓûêΓûêΓûêΓûêΓûêΓûêΓûêΓûêΓûêΓûêΓûêΓûêΓûêΓûêΓûêΓûêΓûêΓûêΓûêΓûêΓûêΓûêΓûêΓûêΓûêΓûêΓûê| Time: 0:00:01[39m[K
[34m                   # paths tracked: 252[39m[K
[34m   # non-singular solutions (real): 252 (12)[39m[K
[34m       # singular endpoints (real): 0 (0)[39m[K
[34m          # total solutions (real): 252 (12)[39m[K

[32mTracking 252 paths...  32%|ΓûêΓûêΓûêΓûêΓûêΓûêΓûêΓûêΓûêΓûê                   |  ETA: 0:00:01[39m[K
[34m                   # paths tracked: 81[39m[K
[34m   # non-singular solutions (real): 81 (5)[39m[K
[34m       # singular endpoints (real): 0 (0)[39m[K
[34m          # total solutions (real): 81 (5)[39m[K
[A
[A
[A
[A




[K[A
[K[A
[K[A
[K[A
[32mTracking 252 paths...  46%|ΓûêΓûêΓûêΓûêΓûêΓûêΓûêΓûêΓûêΓûêΓûêΓûêΓûêΓûê               |  ETA: 0:00:01[39m[K
[34m                   # paths tracked: 117[39m[K
[34m   # non-singular solutions (real): 117 (7)[39m[K
[34m       # singular endpoints (real): 0 (0)[39m[K
[34m          # total solutions (real): 117 (7)[39m[K
[A
[A
[A
[A




[K[A
[K[A
[K[A
[K[A
[32mTracking 252 paths...  60%|ΓûêΓûêΓûêΓûêΓûêΓûêΓûêΓûêΓûêΓûêΓûêΓûêΓûêΓûêΓûêΓûêΓûêΓûê           |  ETA: 0:00:01[39m[K
[34m                   # paths tracked: 152[39m[K
[34m   # non-singular solutions (real): 152 (7)[39m[K
[34m       # singular endpoints (real): 0 (0)[39m[K
[34m          # total solutions (real): 152 (7)[39m[K
[A
[A
[A
[A




[K[A
[K[A
[K[A
[K[A
[32mTracking 252 paths...  73%|ΓûêΓûêΓûêΓûêΓûêΓûêΓûêΓûêΓûêΓûêΓûêΓûêΓûêΓûêΓûêΓûêΓûêΓûêΓûêΓûêΓûêΓûê       |  ETA: 0:00:00[39m[K
[34m                   # paths tracked: 184[39m[K
[34m   # non-singular solutions (real): 184 (10)[39m[K
[34m       # singular endpoints (real): 0 (0)[39m[K
[34m          # total solutions (real): 184 (10)[39m[K
[A
[A
[A
[A




[K[A
[K[A
[K[A
[K[A
[32mTracking 252 paths...  87%|ΓûêΓûêΓûêΓûêΓûêΓûêΓûêΓûêΓûêΓûêΓûêΓûêΓûêΓûêΓûêΓûêΓûêΓûêΓûêΓûêΓûêΓûêΓûêΓûêΓûêΓûê   |  ETA: 0:00:00[39m[K
[34m                   # paths tracked: 219[39m[K
[34m   # non-singular solutions (real): 219 (11)[39m[K
[34m       # singular endpoints (real): 0 (0)[39m[K
[34m          # total solutions (real): 219 (11)[39m[K
[A
[A
[A
[A




[K[A
[K[A
[K[A
[K[A
[32mTracking 252 paths... 100%|ΓûêΓûêΓûêΓûêΓûêΓûêΓûêΓûêΓûêΓûêΓûêΓûêΓûêΓûêΓûêΓûêΓûêΓûêΓûêΓûêΓûêΓûêΓûêΓûêΓûêΓûêΓûêΓûêΓûê| Time: 0:00:01[39m[K
[34m                   # paths tracked: 252[39m[K
[34m   # non-singular solutions (real): 252 (12)[39m[K
[34m       # singular endpoints (real): 0 (0)[39m[K
[34m          # total solutions (real): 252 (12)[39m[K

[32mTracking 252 paths...  38%|ΓûêΓûêΓûêΓûêΓûêΓûêΓûêΓûêΓûêΓûêΓûêΓûê                 |  ETA: 0:00:01[39m[K
[34m                   # paths tracked: 96[39m[K
[34m   # non-singular solutions (real): 96 (3)[39m[K
[34m       # singular endpoints (real): 0 (0)[39m[K
[34m          # total solutions (real): 96 (3)[39m[K
[A
[A
[A
[A




[K[A
[K[A
[K[A
[K[A
[32mTracking 252 paths...  54%|ΓûêΓûêΓûêΓûêΓûêΓûêΓûêΓûêΓûêΓûêΓûêΓûêΓûêΓûêΓûêΓûê             |  ETA: 0:00:01[39m[K
[34m                   # paths tracked: 135[39m[K
[34m   # non-singular solutions (real): 135 (7)[39m[K
[34m       # singular endpoints (real): 0 (0)[39m[K
[34m          # total solutions (real): 135 (7)[39m[K
[A
[A
[A
[A




[K[A
[K[A
[K[A
[K[A
[32mTracking 252 paths...  69%|ΓûêΓûêΓûêΓûêΓûêΓûêΓûêΓûêΓûêΓûêΓûêΓûêΓûêΓûêΓûêΓûêΓûêΓûêΓûêΓûêΓûê        |  ETA: 0:00:00[39m[K
[34m                   # paths tracked: 174[39m[K
[34m   # non-singular solutions (real): 174 (10)[39m[K
[34m       # singular endpoints (real): 0 (0)[39m[K
[34m          # total solutions (real): 174 (10)[39m[K
[A
[A
[A
[A




[K[A
[K[A
[K[A
[K[A
[32mTracking 252 paths...  86%|ΓûêΓûêΓûêΓûêΓûêΓûêΓûêΓûêΓûêΓûêΓûêΓûêΓûêΓûêΓûêΓûêΓûêΓûêΓûêΓûêΓûêΓûêΓûêΓûêΓûê    |  ETA: 0:00:00[39m[K
[34m                   # paths tracked: 216[39m[K
[34m   # non-singular solutions (real): 216 (10)[39m[K
[34m       # singular endpoints (real): 0 (0)[39m[K
[34m          # total solutions (real): 216 (10)[39m[K
[A
[A
[A
[A




[K[A
[K[A
[K[A
[K[A
[32mTracking 252 paths... 100%|ΓûêΓûêΓûêΓûêΓûêΓûêΓûêΓûêΓûêΓûêΓûêΓûêΓûêΓûêΓûêΓûêΓûêΓûêΓûêΓûêΓûêΓûêΓûêΓûêΓûêΓûêΓûêΓûêΓûê| Time: 0:00:01[39m[K
[34m                   # paths tracked: 252[39m[K
[34m   # non-singular solutions (real): 252 (12)[39m[K
[34m       # singular endpoints (real): 0 (0)[39m[K
[34m          # total solutions (real): 252 (12)[39m[K

[32mTracking 252 paths...  40%|ΓûêΓûêΓûêΓûêΓûêΓûêΓûêΓûêΓûêΓûêΓûêΓûê                 |  ETA: 0:00:01[39m[K
[34m                   # paths tracked: 100[39m[K
[34m   # non-singular solutions (real): 100 (4)[39m[K
[34m       # singular endpoints (real): 0 (0)[39m[K
[34m          # total solutions (real): 100 (4)[39m[K
[A
[A
[A
[A




[K[A
[K[A
[K[A
[K[A
[32mTracking 252 paths...  57%|ΓûêΓûêΓûêΓûêΓûêΓûêΓûêΓûêΓûêΓûêΓûêΓûêΓûêΓûêΓûêΓûêΓûê            |  ETA: 0:00:01[39m[K
[34m                   # paths tracked: 143[39m[K
[34m   # non-singular solutions (real): 143 (5)[39m[K
[34m       # singular endpoints (real): 0 (0)[39m[K
[34m          # total solutions (real): 143 (5)[39m[K
[A
[A
[A
[A




[K[A
[K[A
[K[A
[K[A
[32mTracking 252 paths...  73%|ΓûêΓûêΓûêΓûêΓûêΓûêΓûêΓûêΓûêΓûêΓûêΓûêΓûêΓûêΓûêΓûêΓûêΓûêΓûêΓûêΓûêΓûê       |  ETA: 0:00:00[39m[K
[34m                   # paths tracked: 185[39m[K
[34m   # non-singular solutions (real): 185 (7)[39m[K
[34m       # singular endpoints (real): 0 (0)[39m[K
[34m          # total solutions (real): 185 (7)[39m[K
[A
[A
[A
[A




[K[A
[K[A
[K[A
[K[A
[32mTracking 252 paths...  89%|ΓûêΓûêΓûêΓûêΓûêΓûêΓûêΓûêΓûêΓûêΓûêΓûêΓûêΓûêΓûêΓûêΓûêΓûêΓûêΓûêΓûêΓûêΓûêΓûêΓûêΓûê   |  ETA: 0:00:00[39m[K
[34m                   # paths tracked: 224[39m[K
[34m   # non-singular solutions (real): 224 (10)[39m[K
[34m       # singular endpoints (real): 0 (0)[39m[K
[34m          # total solutions (real): 224 (10)[39m[K
[A
[A
[A
[A




[K[A
[K[A
[K[A
[K[A
[32mTracking 252 paths... 100%|ΓûêΓûêΓûêΓûêΓûêΓûêΓûêΓûêΓûêΓûêΓûêΓûêΓûêΓûêΓûêΓûêΓûêΓûêΓûêΓûêΓûêΓûêΓûêΓûêΓûêΓûêΓûêΓûêΓûê| Time: 0:00:01[39m[K
[34m                   # paths tracked: 252[39m[K
[34m   # non-singular solutions (real): 252 (12)[39m[K
[34m       # singular endpoints (real): 0 (0)[39m[K
[34m          # total solutions (real): 252 (12)[39m[K

[32mTracking 252 paths...  37%|ΓûêΓûêΓûêΓûêΓûêΓûêΓûêΓûêΓûêΓûêΓûê                  |  ETA: 0:00:01[39m[K
[34m                   # paths tracked: 94[39m[K
[34m   # non-singular solutions (real): 94 (5)[39m[K
[34m       # singular endpoints (real): 0 (0)[39m[K
[34m          # total solutions (real): 94 (5)[39m[K
[A
[A
[A
[A




[K[A
[K[A
[K[A
[K[A
[32mTracking 252 paths...  50%|ΓûêΓûêΓûêΓûêΓûêΓûêΓûêΓûêΓûêΓûêΓûêΓûêΓûêΓûêΓûê              |  ETA: 0:00:01[39m[K
[34m                   # paths tracked: 126[39m[K
[34m   # non-singular solutions (real): 126 (5)[39m[K
[34m       # singular endpoints (real): 0 (0)[39m[K
[34m          # total solutions (real): 126 (5)[39m[K
[A
[A
[A
[A




[K[A
[K[A
[K[A
[K[A
[32mTracking 252 paths...  63%|ΓûêΓûêΓûêΓûêΓûêΓûêΓûêΓûêΓûêΓûêΓûêΓûêΓûêΓûêΓûêΓûêΓûêΓûêΓûê          |  ETA: 0:00:01[39m[K
[34m                   # paths tracked: 158[39m[K
[34m   # non-singular solutions (real): 158 (8)[39m[K
[34m       # singular endpoints (real): 0 (0)[39m[K
[34m          # total solutions (real): 158 (8)[39m[K
[A
[A
[A
[A




[K[A
[K[A
[K[A
[K[A
[32mTracking 252 paths...  75%|ΓûêΓûêΓûêΓûêΓûêΓûêΓûêΓûêΓûêΓûêΓûêΓûêΓûêΓûêΓûêΓûêΓûêΓûêΓûêΓûêΓûêΓûê       |  ETA: 0:00:00[39m[K
[34m                   # paths tracked: 190[39m[K
[34m   # non-singular solutions (real): 190 (9)[39m[K
[34m       # singular endpoints (real): 0 (0)[39m[K
[34m          # total solutions (real): 190 (9)[39m[K
[A
[A
[A
[A




[K[A
[K[A
[K[A
[K[A
[32mTracking 252 paths...  91%|ΓûêΓûêΓûêΓûêΓûêΓûêΓûêΓûêΓûêΓûêΓûêΓûêΓûêΓûêΓûêΓûêΓûêΓûêΓûêΓûêΓûêΓûêΓûêΓûêΓûêΓûêΓûê  |  ETA: 0:00:00[39m[K
[34m                   # paths tracked: 230[39m[K
[34m   # non-singular solutions (real): 230 (11)[39m[K
[34m       # singular endpoints (real): 0 (0)[39m[K
[34m          # total solutions (real): 230 (11)[39m[K
[A
[A
[A
[A




[K[A
[K[A
[K[A
[K[A
[32mTracking 252 paths... 100%|ΓûêΓûêΓûêΓûêΓûêΓûêΓûêΓûêΓûêΓûêΓûêΓûêΓûêΓûêΓûêΓûêΓûêΓûêΓûêΓûêΓûêΓûêΓûêΓûêΓûêΓûêΓûêΓûêΓûê| Time: 0:00:01[39m[K
[34m                   # paths tracked: 252[39m[K
[34m   # non-singular solutions (real): 252 (12)[39m[K
[34m       # singular endpoints (real): 0 (0)[39m[K
[34m          # total solutions (real): 252 (12)[39m[K

[32mTracking 252 paths...  30%|ΓûêΓûêΓûêΓûêΓûêΓûêΓûêΓûêΓûê                    |  ETA: 0:00:01[39m[K
[34m                   # paths tracked: 75[39m[K
[34m   # non-singular solutions (real): 75 (5)[39m[K
[34m       # singular endpoints (real): 0 (0)[39m[K
[34m          # total solutions (real): 75 (5)[39m[K
[A
[A
[A
[A




[K[A
[K[A
[K[A
[K[A
[32mTracking 252 paths...  43%|ΓûêΓûêΓûêΓûêΓûêΓûêΓûêΓûêΓûêΓûêΓûêΓûêΓûê                |  ETA: 0:00:01[39m[K
[34m                   # paths tracked: 109[39m[K
[34m   # non-singular solutions (real): 109 (6)[39m[K
[34m       # singular endpoints (real): 0 (0)[39m[K
[34m          # total solutions (real): 109 (6)[39m[K
[A
[A
[A
[A




[K[A
[K[A
[K[A
[K[A
[32mTracking 252 paths...  56%|ΓûêΓûêΓûêΓûêΓûêΓûêΓûêΓûêΓûêΓûêΓûêΓûêΓûêΓûêΓûêΓûêΓûê            |  ETA: 0:00:01[39m[K
[34m                   # paths tracked: 140[39m[K
[34m   # non-singular solutions (real): 140 (6)[39m[K
[34m       # singular endpoints (real): 0 (0)[39m[K
[34m          # total solutions (real): 140 (6)[39m[K
[A
[A
[A
[A




[K[A
[K[A
[K[A
[K[A
[32mTracking 252 paths...  70%|ΓûêΓûêΓûêΓûêΓûêΓûêΓûêΓûêΓûêΓûêΓûêΓûêΓûêΓûêΓûêΓûêΓûêΓûêΓûêΓûêΓûê        |  ETA: 0:00:00[39m[K
[34m                   # paths tracked: 176[39m[K
[34m   # non-singular solutions (real): 176 (9)[39m[K
[34m       # singular endpoints (real): 0 (0)[39m[K
[34m          # total solutions (real): 176 (9)[39m[K
[A
[A
[A
[A




[K[A
[K[A
[K[A
[K[A
[32mTracking 252 paths...  84%|ΓûêΓûêΓûêΓûêΓûêΓûêΓûêΓûêΓûêΓûêΓûêΓûêΓûêΓûêΓûêΓûêΓûêΓûêΓûêΓûêΓûêΓûêΓûêΓûêΓûê    |  ETA: 0:00:00[39m[K
[34m                   # paths tracked: 211[39m[K
[34m   # non-singular solutions (real): 211 (9)[39m[K
[34m       # singular endpoints (real): 0 (0)[39m[K
[34m          # total solutions (real): 211 (9)[39m[K
[A
[A
[A
[A




[K[A
[K[A
[K[A
[K[A
[32mTracking 252 paths...  97%|ΓûêΓûêΓûêΓûêΓûêΓûêΓûêΓûêΓûêΓûêΓûêΓûêΓûêΓûêΓûêΓûêΓûêΓûêΓûêΓûêΓûêΓûêΓûêΓûêΓûêΓûêΓûêΓûêΓûê|  ETA: 0:00:00[39m[K
[34m                   # paths tracked: 244[39m[K
[34m   # non-singular solutions (real): 244 (12)[39m[K
[34m       # singular endpoints (real): 0 (0)[39m[K
[34m          # total solutions (real): 244 (12)[39m[K
[A
[A
[A
[A




[K[A
[K[A
[K[A
[K[A
[32mTracking 252 paths... 100%|ΓûêΓûêΓûêΓûêΓûêΓûêΓûêΓûêΓûêΓûêΓûêΓûêΓûêΓûêΓûêΓûêΓûêΓûêΓûêΓûêΓûêΓûêΓûêΓûêΓûêΓûêΓûêΓûêΓûê| Time: 0:00:01[39m[K
[34m                   # paths tracked: 252[39m[K
[34m   # non-singular solutions (real): 252 (12)[39m[K
[34m       # singular endpoints (real): 0 (0)[39m[K
[34m          # total solutions (real): 252 (12)[39m[K

[32mTracking 252 paths...  38%|ΓûêΓûêΓûêΓûêΓûêΓûêΓûêΓûêΓûêΓûêΓûêΓûê                 |  ETA: 0:00:01[39m[K
[34m                   # paths tracked: 97[39m[K
[34m   # non-singular solutions (real): 97 (6)[39m[K
[34m       # singular endpoints (real): 0 (0)[39m[K
[34m          # total solutions (real): 97 (6)[39m[K
[A
[A
[A
[A




[K[A
[K[A
[K[A
[K[A
[32mTracking 252 paths...  55%|ΓûêΓûêΓûêΓûêΓûêΓûêΓûêΓûêΓûêΓûêΓûêΓûêΓûêΓûêΓûêΓûê             |  ETA: 0:00:01[39m[K
[34m                   # paths tracked: 138[39m[K
[34m   # non-singular solutions (real): 138 (8)[39m[K
[34m       # singular endpoints (real): 0 (0)[39m[K
[34m          # total solutions (real): 138 (8)[39m[K
[A
[A
[A
[A




[K[A
[K[A
[K[A
[K[A
[32mTracking 252 paths...  69%|ΓûêΓûêΓûêΓûêΓûêΓûêΓûêΓûêΓûêΓûêΓûêΓûêΓûêΓûêΓûêΓûêΓûêΓûêΓûêΓûê         |  ETA: 0:00:00[39m[K
[34m                   # paths tracked: 173[39m[K
[34m   # non-singular solutions (real): 173 (9)[39m[K
[34m       # singular endpoints (real): 0 (0)[39m[K
[34m          # total solutions (real): 173 (9)[39m[K
[A
[A
[A
[A




[K[A
[K[A
[K[A
[K[A
[32mTracking 252 paths...  83%|ΓûêΓûêΓûêΓûêΓûêΓûêΓûêΓûêΓûêΓûêΓûêΓûêΓûêΓûêΓûêΓûêΓûêΓûêΓûêΓûêΓûêΓûêΓûêΓûêΓûê    |  ETA: 0:00:00[39m[K
[34m                   # paths tracked: 210[39m[K
[34m   # non-singular solutions (real): 210 (10)[39m[K
[34m       # singular endpoints (real): 0 (0)[39m[K
[34m          # total solutions (real): 210 (10)[39m[K
[A
[A
[A
[A




[K[A
[K[A
[K[A
[K[A
[32mTracking 252 paths...  99%|ΓûêΓûêΓûêΓûêΓûêΓûêΓûêΓûêΓûêΓûêΓûêΓûêΓûêΓûêΓûêΓûêΓûêΓûêΓûêΓûêΓûêΓûêΓûêΓûêΓûêΓûêΓûêΓûêΓûê|  ETA: 0:00:00[39m[K
[34m                   # paths tracked: 250[39m[K
[34m   # non-singular solutions (real): 250 (12)[39m[K
[34m       # singular endpoints (real): 0 (0)[39m[K
[34m          # total solutions (real): 250 (12)[39m[K
[A
[A
[A
[A




[K[A
[K[A
[K[A
[K[A
[32mTracking 252 paths... 100%|ΓûêΓûêΓûêΓûêΓûêΓûêΓûêΓûêΓûêΓûêΓûêΓûêΓûêΓûêΓûêΓûêΓûêΓûêΓûêΓûêΓûêΓûêΓûêΓûêΓûêΓûêΓûêΓûêΓûê| Time: 0:00:01[39m[K
[34m                   # paths tracked: 252[39m[K
[34m   # non-singular solutions (real): 252 (12)[39m[K
[34m       # singular endpoints (real): 0 (0)[39m[K
[34m          # total solutions (real): 252 (12)[39m[K

[32mTracking 252 paths...  36%|ΓûêΓûêΓûêΓûêΓûêΓûêΓûêΓûêΓûêΓûêΓûê                  |  ETA: 0:00:01[39m[K
[34m                   # paths tracked: 91[39m[K
[34m   # non-singular solutions (real): 91 (2)[39m[K
[34m       # singular endpoints (real): 0 (0)[39m[K
[34m          # total solutions (real): 91 (2)[39m[K
[A
[A
[A
[A




[K[A
[K[A
[K[A
[K[A
[32mTracking 252 paths...  53%|ΓûêΓûêΓûêΓûêΓûêΓûêΓûêΓûêΓûêΓûêΓûêΓûêΓûêΓûêΓûêΓûê             |  ETA: 0:00:01[39m[K
[34m                   # paths tracked: 133[39m[K
[34m   # non-singular solutions (real): 133 (5)[39m[K
[34m       # singular endpoints (real): 0 (0)[39m[K
[34m          # total solutions (real): 133 (5)[39m[K
[A
[A
[A
[A




[K[A
[K[A
[K[A
[K[A
[32mTracking 252 paths...  68%|ΓûêΓûêΓûêΓûêΓûêΓûêΓûêΓûêΓûêΓûêΓûêΓûêΓûêΓûêΓûêΓûêΓûêΓûêΓûêΓûê         |  ETA: 0:00:00[39m[K
[34m                   # paths tracked: 172[39m[K
[34m   # non-singular solutions (real): 172 (6)[39m[K
[34m       # singular endpoints (real): 0 (0)[39m[K
[34m          # total solutions (real): 172 (6)[39m[K
[A
[A
[A
[A




[K[A
[K[A
[K[A
[K[A
[32mTracking 252 paths...  85%|ΓûêΓûêΓûêΓûêΓûêΓûêΓûêΓûêΓûêΓûêΓûêΓûêΓûêΓûêΓûêΓûêΓûêΓûêΓûêΓûêΓûêΓûêΓûêΓûêΓûê    |  ETA: 0:00:00[39m[K
[34m                   # paths tracked: 214[39m[K
[34m   # non-singular solutions (real): 214 (10)[39m[K
[34m       # singular endpoints (real): 0 (0)[39m[K
[34m          # total solutions (real): 214 (10)[39m[K
[A
[A
[A
[A




[K[A
[K[A
[K[A
[K[A
[32mTracking 252 paths... 100%|ΓûêΓûêΓûêΓûêΓûêΓûêΓûêΓûêΓûêΓûêΓûêΓûêΓûêΓûêΓûêΓûêΓûêΓûêΓûêΓûêΓûêΓûêΓûêΓûêΓûêΓûêΓûêΓûêΓûê| Time: 0:00:01[39m[K
[34m                   # paths tracked: 252[39m[K
[34m   # non-singular solutions (real): 252 (12)[39m[K
[34m       # singular endpoints (real): 0 (0)[39m[K
[34m          # total solutions (real): 252 (12)[39m[K

[32mTracking 252 paths...  30%|ΓûêΓûêΓûêΓûêΓûêΓûêΓûêΓûêΓûê                    |  ETA: 0:00:01[39m[K
[34m                   # paths tracked: 76[39m[K
[34m   # non-singular solutions (real): 76 (1)[39m[K
[34m       # singular endpoints (real): 0 (0)[39m[K
[34m          # total solutions (real): 76 (1)[39m[K
[A
[A
[A
[A




[K[A
[K[A
[K[A
[K[A
[32mTracking 252 paths...  42%|ΓûêΓûêΓûêΓûêΓûêΓûêΓûêΓûêΓûêΓûêΓûêΓûêΓûê                |  ETA: 0:00:01[39m[K
[34m                   # paths tracked: 105[39m[K
[34m   # non-singular solutions (real): 105 (3)[39m[K
[34m       # singular endpoints (real): 0 (0)[39m[K
[34m          # total solutions (real): 105 (3)[39m[K
[A
[A
[A
[A




[K[A
[K[A
[K[A
[K[A
[32mTracking 252 paths...  55%|ΓûêΓûêΓûêΓûêΓûêΓûêΓûêΓûêΓûêΓûêΓûêΓûêΓûêΓûêΓûêΓûê             |  ETA: 0:00:01[39m[K
[34m                   # paths tracked: 139[39m[K
[34m   # non-singular solutions (real): 139 (6)[39m[K
[34m       # singular endpoints (real): 0 (0)[39m[K
[34m          # total solutions (real): 139 (6)[39m[K
[A
[A
[A
[A




[K[A
[K[A
[K[A
[K[A
[32mTracking 252 paths...  68%|ΓûêΓûêΓûêΓûêΓûêΓûêΓûêΓûêΓûêΓûêΓûêΓûêΓûêΓûêΓûêΓûêΓûêΓûêΓûêΓûê         |  ETA: 0:00:01[39m[K
[34m                   # paths tracked: 171[39m[K
[34m   # non-singular solutions (real): 171 (9)[39m[K
[34m       # singular endpoints (real): 0 (0)[39m[K
[34m          # total solutions (real): 171 (9)[39m[K
[A
[A
[A
[A




[K[A
[K[A
[K[A
[K[A
[32mTracking 252 paths...  80%|ΓûêΓûêΓûêΓûêΓûêΓûêΓûêΓûêΓûêΓûêΓûêΓûêΓûêΓûêΓûêΓûêΓûêΓûêΓûêΓûêΓûêΓûêΓûêΓûê     |  ETA: 0:00:00[39m[K
[34m                   # paths tracked: 202[39m[K
[34m   # non-singular solutions (real): 202 (10)[39m[K
[34m       # singular endpoints (real): 0 (0)[39m[K
[34m          # total solutions (real): 202 (10)[39m[K
[A
[A
[A
[A




[K[A
[K[A
[K[A
[K[A
[32mTracking 252 paths...  92%|ΓûêΓûêΓûêΓûêΓûêΓûêΓûêΓûêΓûêΓûêΓûêΓûêΓûêΓûêΓûêΓûêΓûêΓûêΓûêΓûêΓûêΓûêΓûêΓûêΓûêΓûêΓûê  |  ETA: 0:00:00[39m[K
[34m                   # paths tracked: 233[39m[K
[34m   # non-singular solutions (real): 233 (12)[39m[K
[34m       # singular endpoints (real): 0 (0)[39m[K
[34m          # total solutions (real): 233 (12)[39m[K
[A
[A
[A
[A




[K[A
[K[A
[K[A
[K[A
[32mTracking 252 paths... 100%|ΓûêΓûêΓûêΓûêΓûêΓûêΓûêΓûêΓûêΓûêΓûêΓûêΓûêΓûêΓûêΓûêΓûêΓûêΓûêΓûêΓûêΓûêΓûêΓûêΓûêΓûêΓûêΓûêΓûê| Time: 0:00:01[39m[K
[34m                   # paths tracked: 252[39m[K
[34m   # non-singular solutions (real): 252 (12)[39m[K
[34m       # singular endpoints (real): 0 (0)[39m[K
[34m          # total solutions (real): 252 (12)[39m[K

[32mTracking 252 paths...  40%|ΓûêΓûêΓûêΓûêΓûêΓûêΓûêΓûêΓûêΓûêΓûêΓûê                 |  ETA: 0:00:01[39m[K
[34m                   # paths tracked: 101[39m[K
[34m   # non-singular solutions (real): 101 (2)[39m[K
[34m       # singular endpoints (real): 0 (0)[39m[K
[34m          # total solutions (real): 101 (2)[39m[K
[A
[A
[A
[A




[K[A
[K[A
[K[A
[K[A
[32mTracking 252 paths...  57%|ΓûêΓûêΓûêΓûêΓûêΓûêΓûêΓûêΓûêΓûêΓûêΓûêΓûêΓûêΓûêΓûêΓûê            |  ETA: 0:00:01[39m[K
[34m                   # paths tracked: 143[39m[K
[34m   # non-singular solutions (real): 143 (3)[39m[K
[34m       # singular endpoints (real): 0 (0)[39m[K
[34m          # total solutions (real): 143 (3)[39m[K
[A
[A
[A
[A




[K[A
[K[A
[K[A
[K[A
[32mTracking 252 paths...  73%|ΓûêΓûêΓûêΓûêΓûêΓûêΓûêΓûêΓûêΓûêΓûêΓûêΓûêΓûêΓûêΓûêΓûêΓûêΓûêΓûêΓûêΓûê       |  ETA: 0:00:00[39m[K
[34m                   # paths tracked: 185[39m[K
[34m   # non-singular solutions (real): 185 (8)[39m[K
[34m       # singular endpoints (real): 0 (0)[39m[K
[34m          # total solutions (real): 185 (8)[39m[K
[A
[A
[A
[A




[K[A
[K[A
[K[A
[K[A
[32mTracking 252 paths...  88%|ΓûêΓûêΓûêΓûêΓûêΓûêΓûêΓûêΓûêΓûêΓûêΓûêΓûêΓûêΓûêΓûêΓûêΓûêΓûêΓûêΓûêΓûêΓûêΓûêΓûêΓûê   |  ETA: 0:00:00[39m[K
[34m                   # paths tracked: 223[39m[K
[34m   # non-singular solutions (real): 223 (11)[39m[K
[34m       # singular endpoints (real): 0 (0)[39m[K
[34m          # total solutions (real): 223 (11)[39m[K
[A
[A
[A
[A




[K[A
[K[A
[K[A
[K[A
[32mTracking 252 paths... 100%|ΓûêΓûêΓûêΓûêΓûêΓûêΓûêΓûêΓûêΓûêΓûêΓûêΓûêΓûêΓûêΓûêΓûêΓûêΓûêΓûêΓûêΓûêΓûêΓûêΓûêΓûêΓûêΓûêΓûê| Time: 0:00:01[39m[K
[34m                   # paths tracked: 252[39m[K
[34m   # non-singular solutions (real): 252 (12)[39m[K
[34m       # singular endpoints (real): 0 (0)[39m[K
[34m          # total solutions (real): 252 (12)[39m[K

[32mTracking 252 paths...  35%|ΓûêΓûêΓûêΓûêΓûêΓûêΓûêΓûêΓûêΓûêΓûê                  |  ETA: 0:00:01[39m[K
[34m                   # paths tracked: 87[39m[K
[34m   # non-singular solutions (real): 87 (3)[39m[K
[34m       # singular endpoints (real): 0 (0)[39m[K
[34m          # total solutions (real): 87 (3)[39m[K
[A
[A
[A
[A




[K[A
[K[A
[K[A
[K[A
[32mTracking 252 paths...  50%|ΓûêΓûêΓûêΓûêΓûêΓûêΓûêΓûêΓûêΓûêΓûêΓûêΓûêΓûêΓûê              |  ETA: 0:00:01[39m[K
[34m                   # paths tracked: 125[39m[K
[34m   # non-singular solutions (real): 125 (8)[39m[K
[34m       # singular endpoints (real): 0 (0)[39m[K
[34m          # total solutions (real): 125 (8)[39m[K
[A
[A
[A
[A




[K[A
[K[A
[K[A
[K[A
[32mTracking 252 paths...  63%|ΓûêΓûêΓûêΓûêΓûêΓûêΓûêΓûêΓûêΓûêΓûêΓûêΓûêΓûêΓûêΓûêΓûêΓûêΓûê          |  ETA: 0:00:01[39m[K
[34m                   # paths tracked: 160[39m[K
[34m   # non-singular solutions (real): 160 (8)[39m[K
[34m       # singular endpoints (real): 0 (0)[39m[K
[34m          # total solutions (real): 160 (8)[39m[K
[A
[A
[A
[A




[K[A
[K[A
[K[A
[K[A
[32mTracking 252 paths...  78%|ΓûêΓûêΓûêΓûêΓûêΓûêΓûêΓûêΓûêΓûêΓûêΓûêΓûêΓûêΓûêΓûêΓûêΓûêΓûêΓûêΓûêΓûêΓûê      |  ETA: 0:00:00[39m[K
[34m                   # paths tracked: 196[39m[K
[34m   # non-singular solutions (real): 196 (10)[39m[K
[34m       # singular endpoints (real): 0 (0)[39m[K
[34m          # total solutions (real): 196 (10)[39m[K
[A
[A
[A
[A




[K[A
[K[A
[K[A
[K[A
[32mTracking 252 paths...  92%|ΓûêΓûêΓûêΓûêΓûêΓûêΓûêΓûêΓûêΓûêΓûêΓûêΓûêΓûêΓûêΓûêΓûêΓûêΓûêΓûêΓûêΓûêΓûêΓûêΓûêΓûêΓûê  |  ETA: 0:00:00[39m[K
[34m                   # paths tracked: 232[39m[K
[34m   # non-singular solutions (real): 232 (10)[39m[K
[34m       # singular endpoints (real): 0 (0)[39m[K
[34m          # total solutions (real): 232 (10)[39m[K
[A
[A
[A
[A




[K[A
[K[A
[K[A
[K[A
[32mTracking 252 paths... 100%|ΓûêΓûêΓûêΓûêΓûêΓûêΓûêΓûêΓûêΓûêΓûêΓûêΓûêΓûêΓûêΓûêΓûêΓûêΓûêΓûêΓûêΓûêΓûêΓûêΓûêΓûêΓûêΓûêΓûê| Time: 0:00:01[39m[K
[34m                   # paths tracked: 252[39m[K
[34m   # non-singular solutions (real): 252 (12)[39m[K
[34m       # singular endpoints (real): 0 (0)[39m[K
[34m          # total solutions (real): 252 (12)[39m[K

[32mTracking 252 paths...  41%|ΓûêΓûêΓûêΓûêΓûêΓûêΓûêΓûêΓûêΓûêΓûêΓûê                 |  ETA: 0:00:01[39m[K
[34m                   # paths tracked: 103[39m[K
[34m   # non-singular solutions (real): 103 (8)[39m[K
[34m       # singular endpoints (real): 0 (0)[39m[K
[34m          # total solutions (real): 103 (8)[39m[K
[A
[A
[A
[A




[K[A
[K[A
[K[A
[K[A
[32mTracking 252 paths...  57%|ΓûêΓûêΓûêΓûêΓûêΓûêΓûêΓûêΓûêΓûêΓûêΓûêΓûêΓûêΓûêΓûêΓûê            |  ETA: 0:00:01[39m[K
[34m                   # paths tracked: 143[39m[K
[34m   # non-singular solutions (real): 143 (8)[39m[K
[34m       # singular endpoints (real): 0 (0)[39m[K
[34m          # total solutions (real): 143 (8)[39m[K
[A
[A
[A
[A




[K[A
[K[A
[K[A
[K[A
[32mTracking 252 paths...  73%|ΓûêΓûêΓûêΓûêΓûêΓûêΓûêΓûêΓûêΓûêΓûêΓûêΓûêΓûêΓûêΓûêΓûêΓûêΓûêΓûêΓûêΓûê       |  ETA: 0:00:00[39m[K
[34m                   # paths tracked: 184[39m[K
[34m   # non-singular solutions (real): 184 (9)[39m[K
[34m       # singular endpoints (real): 0 (0)[39m[K
[34m          # total solutions (real): 184 (9)[39m[K
[A
[A
[A
[A




[K[A
[K[A
[K[A
[K[A
[32mTracking 252 paths...  89%|ΓûêΓûêΓûêΓûêΓûêΓûêΓûêΓûêΓûêΓûêΓûêΓûêΓûêΓûêΓûêΓûêΓûêΓûêΓûêΓûêΓûêΓûêΓûêΓûêΓûêΓûê   |  ETA: 0:00:00[39m[K
[34m                   # paths tracked: 224[39m[K
[34m   # non-singular solutions (real): 224 (11)[39m[K
[34m       # singular endpoints (real): 0 (0)[39m[K
[34m          # total solutions (real): 224 (11)[39m[K
[A
[A
[A
[A




[K[A
[K[A
[K[A
[K[A
[32mTracking 252 paths... 100%|ΓûêΓûêΓûêΓûêΓûêΓûêΓûêΓûêΓûêΓûêΓûêΓûêΓûêΓûêΓûêΓûêΓûêΓûêΓûêΓûêΓûêΓûêΓûêΓûêΓûêΓûêΓûêΓûêΓûê| Time: 0:00:01[39m[K
[34m                   # paths tracked: 252[39m[K
[34m   # non-singular solutions (real): 252 (12)[39m[K
[34m       # singular endpoints (real): 0 (0)[39m[K
[34m          # total solutions (real): 252 (12)[39m[K

[32mTracking 252 paths...  38%|ΓûêΓûêΓûêΓûêΓûêΓûêΓûêΓûêΓûêΓûêΓûê                  |  ETA: 0:00:01[39m[K
[34m                   # paths tracked: 95[39m[K
[34m   # non-singular solutions (real): 95 (4)[39m[K
[34m       # singular endpoints (real): 0 (0)[39m[K
[34m          # total solutions (real): 95 (4)[39m[K
[A
[A
[A
[A




[K[A
[K[A
[K[A
[K[A
[32mTracking 252 paths...  53%|ΓûêΓûêΓûêΓûêΓûêΓûêΓûêΓûêΓûêΓûêΓûêΓûêΓûêΓûêΓûêΓûê             |  ETA: 0:00:01[39m[K
[34m                   # paths tracked: 133[39m[K
[34m   # non-singular solutions (real): 133 (5)[39m[K
[34m       # singular endpoints (real): 0 (0)[39m[K
[34m          # total solutions (real): 133 (5)[39m[K
[A
[A
[A
[A




[K[A
[K[A
[K[A
[K[A
[32mTracking 252 paths...  69%|ΓûêΓûêΓûêΓûêΓûêΓûêΓûêΓûêΓûêΓûêΓûêΓûêΓûêΓûêΓûêΓûêΓûêΓûêΓûêΓûêΓûê        |  ETA: 0:00:00[39m[K
[34m                   # paths tracked: 174[39m[K
[34m   # non-singular solutions (real): 174 (8)[39m[K
[34m       # singular endpoints (real): 0 (0)[39m[K
[34m          # total solutions (real): 174 (8)[39m[K
[A
[A
[A
[A




[K[A
[K[A
[K[A
[K[A
[32mTracking 252 paths...  85%|ΓûêΓûêΓûêΓûêΓûêΓûêΓûêΓûêΓûêΓûêΓûêΓûêΓûêΓûêΓûêΓûêΓûêΓûêΓûêΓûêΓûêΓûêΓûêΓûêΓûê    |  ETA: 0:00:00[39m[K
[34m                   # paths tracked: 214[39m[K
[34m   # non-singular solutions (real): 214 (9)[39m[K
[34m       # singular endpoints (real): 0 (0)[39m[K
[34m          # total solutions (real): 214 (9)[39m[K
[A
[A
[A
[A




[K[A
[K[A
[K[A
[K[A
[32mTracking 252 paths... 100%|ΓûêΓûêΓûêΓûêΓûêΓûêΓûêΓûêΓûêΓûêΓûêΓûêΓûêΓûêΓûêΓûêΓûêΓûêΓûêΓûêΓûêΓûêΓûêΓûêΓûêΓûêΓûêΓûêΓûê| Time: 0:00:01[39m[K
[34m                   # paths tracked: 252[39m[K
[34m   # non-singular solutions (real): 252 (12)[39m[K
[34m       # singular endpoints (real): 0 (0)[39m[K
[34m          # total solutions (real): 252 (12)[39m[K

[32mTracking 252 paths...  43%|ΓûêΓûêΓûêΓûêΓûêΓûêΓûêΓûêΓûêΓûêΓûêΓûêΓûê                |  ETA: 0:00:01[39m[K
[34m                   # paths tracked: 109[39m[K
[34m   # non-singular solutions (real): 109 (6)[39m[K
[34m       # singular endpoints (real): 0 (0)[39m[K
[34m          # total solutions (real): 109 (6)[39m[K
[A
[A
[A
[A




[K[A
[K[A
[K[A
[K[A
[32mTracking 252 paths...  61%|ΓûêΓûêΓûêΓûêΓûêΓûêΓûêΓûêΓûêΓûêΓûêΓûêΓûêΓûêΓûêΓûêΓûêΓûê           |  ETA: 0:00:00[39m[K
[34m                   # paths tracked: 153[39m[K
[34m   # non-singular solutions (real): 153 (9)[39m[K
[34m       # singular endpoints (real): 0 (0)[39m[K
[34m          # total solutions (real): 153 (9)[39m[K
[A
[A
[A
[A




[K[A
[K[A
[K[A
[K[A
[32mTracking 252 paths...  78%|ΓûêΓûêΓûêΓûêΓûêΓûêΓûêΓûêΓûêΓûêΓûêΓûêΓûêΓûêΓûêΓûêΓûêΓûêΓûêΓûêΓûêΓûêΓûê      |  ETA: 0:00:00[39m[K
[34m                   # paths tracked: 197[39m[K
[34m   # non-singular solutions (real): 197 (10)[39m[K
[34m       # singular endpoints (real): 0 (0)[39m[K
[34m          # total solutions (real): 197 (10)[39m[K
[A
[A
[A
[A




[K[A
[K[A
[K[A
[K[A
[32mTracking 252 paths...  96%|ΓûêΓûêΓûêΓûêΓûêΓûêΓûêΓûêΓûêΓûêΓûêΓûêΓûêΓûêΓûêΓûêΓûêΓûêΓûêΓûêΓûêΓûêΓûêΓûêΓûêΓûêΓûêΓûê |  ETA: 0:00:00[39m[K
[34m                   # paths tracked: 242[39m[K
[34m   # non-singular solutions (real): 242 (11)[39m[K
[34m       # singular endpoints (real): 0 (0)[39m[K
[34m          # total solutions (real): 242 (11)[39m[K
[A
[A
[A
[A




[K[A
[K[A
[K[A
[K[A
[32mTracking 252 paths... 100%|ΓûêΓûêΓûêΓûêΓûêΓûêΓûêΓûêΓûêΓûêΓûêΓûêΓûêΓûêΓûêΓûêΓûêΓûêΓûêΓûêΓûêΓûêΓûêΓûêΓûêΓûêΓûêΓûêΓûê| Time: 0:00:01[39m[K
[34m                   # paths tracked: 252[39m[K
[34m   # non-singular solutions (real): 252 (12)[39m[K
[34m       # singular endpoints (real): 0 (0)[39m[K
[34m          # total solutions (real): 252 (12)[39m[K

[32mTracking 252 paths...  38%|ΓûêΓûêΓûêΓûêΓûêΓûêΓûêΓûêΓûêΓûêΓûêΓûê                 |  ETA: 0:00:01[39m[K
[34m                   # paths tracked: 97[39m[K
[34m   # non-singular solutions (real): 97 (7)[39m[K
[34m       # singular endpoints (real): 0 (0)[39m[K
[34m          # total solutions (real): 97 (7)[39m[K
[A
[A
[A
[A




[K[A
[K[A
[K[A
[K[A
[32mTracking 252 paths...  55%|ΓûêΓûêΓûêΓûêΓûêΓûêΓûêΓûêΓûêΓûêΓûêΓûêΓûêΓûêΓûêΓûê             |  ETA: 0:00:01[39m[K
[34m                   # paths tracked: 139[39m[K
[34m   # non-singular solutions (real): 139 (9)[39m[K
[34m       # singular endpoints (real): 0 (0)[39m[K
[34m          # total solutions (real): 139 (9)[39m[K
[A
[A
[A
[A




[K[A
[K[A
[K[A
[K[A
[32mTracking 252 paths...  70%|ΓûêΓûêΓûêΓûêΓûêΓûêΓûêΓûêΓûêΓûêΓûêΓûêΓûêΓûêΓûêΓûêΓûêΓûêΓûêΓûêΓûê        |  ETA: 0:00:00[39m[K
[34m                   # paths tracked: 177[39m[K
[34m   # non-singular solutions (real): 177 (9)[39m[K
[34m       # singular endpoints (real): 0 (0)[39m[K
[34m          # total solutions (real): 177 (9)[39m[K
[A
[A
[A
[A




[K[A
[K[A
[K[A
[K[A
[32mTracking 252 paths...  87%|ΓûêΓûêΓûêΓûêΓûêΓûêΓûêΓûêΓûêΓûêΓûêΓûêΓûêΓûêΓûêΓûêΓûêΓûêΓûêΓûêΓûêΓûêΓûêΓûêΓûêΓûê   |  ETA: 0:00:00[39m[K
[34m                   # paths tracked: 218[39m[K
[34m   # non-singular solutions (real): 218 (10)[39m[K
[34m       # singular endpoints (real): 0 (0)[39m[K
[34m          # total solutions (real): 218 (10)[39m[K
[A
[A
[A
[A




[K[A
[K[A
[K[A
[K[A
[32mTracking 252 paths... 100%|ΓûêΓûêΓûêΓûêΓûêΓûêΓûêΓûêΓûêΓûêΓûêΓûêΓûêΓûêΓûêΓûêΓûêΓûêΓûêΓûêΓûêΓûêΓûêΓûêΓûêΓûêΓûêΓûêΓûê| Time: 0:00:01[39m[K
[34m                   # paths tracked: 252[39m[K
[34m   # non-singular solutions (real): 252 (12)[39m[K
[34m       # singular endpoints (real): 0 (0)[39m[K
[34m          # total solutions (real): 252 (12)[39m[K

[32mTracking 252 paths...  40%|ΓûêΓûêΓûêΓûêΓûêΓûêΓûêΓûêΓûêΓûêΓûêΓûê                 |  ETA: 0:00:01[39m[K
[34m                   # paths tracked: 101[39m[K
[34m   # non-singular solutions (real): 101 (5)[39m[K
[34m       # singular endpoints (real): 0 (0)[39m[K
[34m          # total solutions (real): 101 (5)[39m[K
[A
[A
[A
[A




[K[A
[K[A
[K[A
[K[A
[32mTracking 252 paths...  56%|ΓûêΓûêΓûêΓûêΓûêΓûêΓûêΓûêΓûêΓûêΓûêΓûêΓûêΓûêΓûêΓûêΓûê            |  ETA: 0:00:01[39m[K
[34m                   # paths tracked: 141[39m[K
[34m   # non-singular solutions (real): 141 (7)[39m[K
[34m       # singular endpoints (real): 0 (0)[39m[K
[34m          # total solutions (real): 141 (7)[39m[K
[A
[A
[A
[A




[K[A
[K[A
[K[A
[K[A
[32mTracking 252 paths...  73%|ΓûêΓûêΓûêΓûêΓûêΓûêΓûêΓûêΓûêΓûêΓûêΓûêΓûêΓûêΓûêΓûêΓûêΓûêΓûêΓûêΓûêΓûê       |  ETA: 0:00:00[39m[K
[34m                   # paths tracked: 183[39m[K
[34m   # non-singular solutions (real): 183 (9)[39m[K
[34m       # singular endpoints (real): 0 (0)[39m[K
[34m          # total solutions (real): 183 (9)[39m[K
[A
[A
[A
[A




[K[A
[K[A
[K[A
[K[A
[32mTracking 252 paths...  88%|ΓûêΓûêΓûêΓûêΓûêΓûêΓûêΓûêΓûêΓûêΓûêΓûêΓûêΓûêΓûêΓûêΓûêΓûêΓûêΓûêΓûêΓûêΓûêΓûêΓûêΓûê   |  ETA: 0:00:00[39m[K
[34m                   # paths tracked: 221[39m[K
[34m   # non-singular solutions (real): 221 (12)[39m[K
[34m       # singular endpoints (real): 0 (0)[39m[K
[34m          # total solutions (real): 221 (12)[39m[K
[A
[A
[A
[A




[K[A
[K[A
[K[A
[K[A
[32mTracking 252 paths... 100%|ΓûêΓûêΓûêΓûêΓûêΓûêΓûêΓûêΓûêΓûêΓûêΓûêΓûêΓûêΓûêΓûêΓûêΓûêΓûêΓûêΓûêΓûêΓûêΓûêΓûêΓûêΓûêΓûêΓûê| Time: 0:00:01[39m[K
[34m                   # paths tracked: 252[39m[K
[34m   # non-singular solutions (real): 252 (12)[39m[K
[34m       # singular endpoints (real): 0 (0)[39m[K
[34m          # total solutions (real): 252 (12)[39m[K

[32mTracking 252 paths...  30%|ΓûêΓûêΓûêΓûêΓûêΓûêΓûêΓûêΓûê                    |  ETA: 0:00:01[39m[K
[34m                   # paths tracked: 76[39m[K
[34m   # non-singular solutions (real): 76 (3)[39m[K
[34m       # singular endpoints (real): 0 (0)[39m[K
[34m          # total solutions (real): 76 (3)[39m[K
[A
[A
[A
[A




[K[A
[K[A
[K[A
[K[A
[32mTracking 252 paths...  46%|ΓûêΓûêΓûêΓûêΓûêΓûêΓûêΓûêΓûêΓûêΓûêΓûêΓûêΓûê               |  ETA: 0:00:01[39m[K
[34m                   # paths tracked: 117[39m[K
[34m   # non-singular solutions (real): 117 (5)[39m[K
[34m       # singular endpoints (real): 0 (0)[39m[K
[34m          # total solutions (real): 117 (5)[39m[K
[A
[A
[A
[A




[K[A
[K[A
[K[A
[K[A
[32mTracking 252 paths...  61%|ΓûêΓûêΓûêΓûêΓûêΓûêΓûêΓûêΓûêΓûêΓûêΓûêΓûêΓûêΓûêΓûêΓûêΓûê           |  ETA: 0:00:01[39m[K
[34m                   # paths tracked: 154[39m[K
[34m   # non-singular solutions (real): 154 (6)[39m[K
[34m       # singular endpoints (real): 0 (0)[39m[K
[34m          # total solutions (real): 154 (6)[39m[K
[A
[A
[A
[A




[K[A
[K[A
[K[A
[K[A
[32mTracking 252 paths...  77%|ΓûêΓûêΓûêΓûêΓûêΓûêΓûêΓûêΓûêΓûêΓûêΓûêΓûêΓûêΓûêΓûêΓûêΓûêΓûêΓûêΓûêΓûêΓûê      |  ETA: 0:00:00[39m[K
[34m                   # paths tracked: 194[39m[K
[34m   # non-singular solutions (real): 194 (9)[39m[K
[34m       # singular endpoints (real): 0 (0)[39m[K
[34m          # total solutions (real): 194 (9)[39m[K
[A
[A
[A
[A




[K[A
[K[A
[K[A
[K[A
[32mTracking 252 paths...  92%|ΓûêΓûêΓûêΓûêΓûêΓûêΓûêΓûêΓûêΓûêΓûêΓûêΓûêΓûêΓûêΓûêΓûêΓûêΓûêΓûêΓûêΓûêΓûêΓûêΓûêΓûêΓûê  |  ETA: 0:00:00[39m[K
[34m                   # paths tracked: 233[39m[K
[34m   # non-singular solutions (real): 233 (10)[39m[K
[34m       # singular endpoints (real): 0 (0)[39m[K
[34m          # total solutions (real): 233 (10)[39m[K
[A
[A
[A
[A




[K[A
[K[A
[K[A
[K[A
[32mTracking 252 paths... 100%|ΓûêΓûêΓûêΓûêΓûêΓûêΓûêΓûêΓûêΓûêΓûêΓûêΓûêΓûêΓûêΓûêΓûêΓûêΓûêΓûêΓûêΓûêΓûêΓûêΓûêΓûêΓûêΓûêΓûê| Time: 0:00:01[39m[K
[34m                   # paths tracked: 252[39m[K
[34m   # non-singular solutions (real): 252 (12)[39m[K
[34m       # singular endpoints (real): 0 (0)[39m[K
[34m          # total solutions (real): 252 (12)[39m[K

[32mTracking 252 paths...  46%|ΓûêΓûêΓûêΓûêΓûêΓûêΓûêΓûêΓûêΓûêΓûêΓûêΓûêΓûê               |  ETA: 0:00:01[39m[K
[34m                   # paths tracked: 116[39m[K
[34m   # non-singular solutions (real): 116 (5)[39m[K
[34m       # singular endpoints (real): 0 (0)[39m[K
[34m          # total solutions (real): 116 (5)[39m[K
[A
[A
[A
[A




[K[A
[K[A
[K[A
[K[A
[32mTracking 252 paths...  65%|ΓûêΓûêΓûêΓûêΓûêΓûêΓûêΓûêΓûêΓûêΓûêΓûêΓûêΓûêΓûêΓûêΓûêΓûêΓûê          |  ETA: 0:00:00[39m[K
[34m                   # paths tracked: 163[39m[K
[34m   # non-singular solutions (real): 163 (8)[39m[K
[34m       # singular endpoints (real): 0 (0)[39m[K
[34m          # total solutions (real): 163 (8)[39m[K
[A
[A
[A
[A




[K[A
[K[A
[K[A
[K[A
[32mTracking 252 paths...  82%|ΓûêΓûêΓûêΓûêΓûêΓûêΓûêΓûêΓûêΓûêΓûêΓûêΓûêΓûêΓûêΓûêΓûêΓûêΓûêΓûêΓûêΓûêΓûêΓûê     |  ETA: 0:00:00[39m[K
[34m                   # paths tracked: 207[39m[K
[34m   # non-singular solutions (real): 207 (8)[39m[K
[34m       # singular endpoints (real): 0 (0)[39m[K
[34m          # total solutions (real): 207 (8)[39m[K
[A
[A
[A
[A




[K[A
[K[A
[K[A
[K[A
[32mTracking 252 paths... 100%|ΓûêΓûêΓûêΓûêΓûêΓûêΓûêΓûêΓûêΓûêΓûêΓûêΓûêΓûêΓûêΓûêΓûêΓûêΓûêΓûêΓûêΓûêΓûêΓûêΓûêΓûêΓûêΓûêΓûê| Time: 0:00:01[39m[K
[34m                   # paths tracked: 252[39m[K
[34m   # non-singular solutions (real): 252 (12)[39m[K
[34m       # singular endpoints (real): 0 (0)[39m[K
[34m          # total solutions (real): 252 (12)[39m[K

[32mTracking 252 paths...  40%|ΓûêΓûêΓûêΓûêΓûêΓûêΓûêΓûêΓûêΓûêΓûêΓûê                 |  ETA: 0:00:01[39m[K
[34m                   # paths tracked: 100[39m[K
[34m   # non-singular solutions (real): 100 (4)[39m[K
[34m       # singular endpoints (real): 0 (0)[39m[K
[34m          # total solutions (real): 100 (4)[39m[K
[A
[A
[A
[A




[K[A
[K[A
[K[A
[K[A
[32mTracking 252 paths...  56%|ΓûêΓûêΓûêΓûêΓûêΓûêΓûêΓûêΓûêΓûêΓûêΓûêΓûêΓûêΓûêΓûêΓûê            |  ETA: 0:00:01[39m[K
[34m                   # paths tracked: 140[39m[K
[34m   # non-singular solutions (real): 140 (7)[39m[K
[34m       # singular endpoints (real): 0 (0)[39m[K
[34m          # total solutions (real): 140 (7)[39m[K
[A
[A
[A
[A




[K[A
[K[A
[K[A
[K[A
[32mTracking 252 paths...  71%|ΓûêΓûêΓûêΓûêΓûêΓûêΓûêΓûêΓûêΓûêΓûêΓûêΓûêΓûêΓûêΓûêΓûêΓûêΓûêΓûêΓûê        |  ETA: 0:00:00[39m[K
[34m                   # paths tracked: 180[39m[K
[34m   # non-singular solutions (real): 180 (9)[39m[K
[34m       # singular endpoints (real): 0 (0)[39m[K
[34m          # total solutions (real): 180 (9)[39m[K
[A
[A
[A
[A




[K[A
[K[A
[K[A
[K[A
[32mTracking 252 paths...  88%|ΓûêΓûêΓûêΓûêΓûêΓûêΓûêΓûêΓûêΓûêΓûêΓûêΓûêΓûêΓûêΓûêΓûêΓûêΓûêΓûêΓûêΓûêΓûêΓûêΓûêΓûê   |  ETA: 0:00:00[39m[K
[34m                   # paths tracked: 221[39m[K
[34m   # non-singular solutions (real): 221 (10)[39m[K
[34m       # singular endpoints (real): 0 (0)[39m[K
[34m          # total solutions (real): 221 (10)[39m[K
[A
[A
[A
[A




[K[A
[K[A
[K[A
[K[A
[32mTracking 252 paths... 100%|ΓûêΓûêΓûêΓûêΓûêΓûêΓûêΓûêΓûêΓûêΓûêΓûêΓûêΓûêΓûêΓûêΓûêΓûêΓûêΓûêΓûêΓûêΓûêΓûêΓûêΓûêΓûêΓûêΓûê| Time: 0:00:01[39m[K
[34m                   # paths tracked: 252[39m[K
[34m   # non-singular solutions (real): 252 (12)[39m[K
[34m       # singular endpoints (real): 0 (0)[39m[K
[34m          # total solutions (real): 252 (12)[39m[K

[32mTracking 252 paths...  38%|ΓûêΓûêΓûêΓûêΓûêΓûêΓûêΓûêΓûêΓûêΓûê                  |  ETA: 0:00:01[39m[K
[34m                   # paths tracked: 95[39m[K
[34m   # non-singular solutions (real): 95 (5)[39m[K
[34m       # singular endpoints (real): 0 (0)[39m[K
[34m          # total solutions (real): 95 (5)[39m[K
[A
[A
[A
[A




[K[A
[K[A
[K[A
[K[A
[32mTracking 252 paths...  53%|ΓûêΓûêΓûêΓûêΓûêΓûêΓûêΓûêΓûêΓûêΓûêΓûêΓûêΓûêΓûêΓûê             |  ETA: 0:00:01[39m[K
[34m                   # paths tracked: 133[39m[K
[34m   # non-singular solutions (real): 133 (7)[39m[K
[34m       # singular endpoints (real): 0 (0)[39m[K
[34m          # total solutions (real): 133 (7)[39m[K
[A
[A
[A
[A




[K[A
[K[A
[K[A
[K[A
[32mTracking 252 paths...  69%|ΓûêΓûêΓûêΓûêΓûêΓûêΓûêΓûêΓûêΓûêΓûêΓûêΓûêΓûêΓûêΓûêΓûêΓûêΓûêΓûê         |  ETA: 0:00:00[39m[K
[34m                   # paths tracked: 173[39m[K
[34m   # non-singular solutions (real): 173 (9)[39m[K
[34m       # singular endpoints (real): 0 (0)[39m[K
[34m          # total solutions (real): 173 (9)[39m[K
[A
[A
[A
[A




[K[A
[K[A
[K[A
[K[A
[32mTracking 252 paths...  85%|ΓûêΓûêΓûêΓûêΓûêΓûêΓûêΓûêΓûêΓûêΓûêΓûêΓûêΓûêΓûêΓûêΓûêΓûêΓûêΓûêΓûêΓûêΓûêΓûêΓûê    |  ETA: 0:00:00[39m[K
[34m                   # paths tracked: 214[39m[K
[34m   # non-singular solutions (real): 214 (10)[39m[K
[34m       # singular endpoints (real): 0 (0)[39m[K
[34m          # total solutions (real): 214 (10)[39m[K
[A
[A
[A
[A




[K[A
[K[A
[K[A
[K[A
[32mTracking 252 paths... 100%|ΓûêΓûêΓûêΓûêΓûêΓûêΓûêΓûêΓûêΓûêΓûêΓûêΓûêΓûêΓûêΓûêΓûêΓûêΓûêΓûêΓûêΓûêΓûêΓûêΓûêΓûêΓûêΓûêΓûê| Time: 0:00:01[39m[K
[34m                   # paths tracked: 252[39m[K
[34m   # non-singular solutions (real): 252 (12)[39m[K
[34m       # singular endpoints (real): 0 (0)[39m[K
[34m          # total solutions (real): 252 (12)[39m[K

[32mTracking 252 paths...  38%|ΓûêΓûêΓûêΓûêΓûêΓûêΓûêΓûêΓûêΓûêΓûê                  |  ETA: 0:00:01[39m[K
[34m                   # paths tracked: 95[39m[K
[34m   # non-singular solutions (real): 95 (2)[39m[K
[34m       # singular endpoints (real): 0 (0)[39m[K
[34m          # total solutions (real): 95 (2)[39m[K
[A
[A
[A
[A




[K[A
[K[A
[K[A
[K[A
[32mTracking 252 paths...  53%|ΓûêΓûêΓûêΓûêΓûêΓûêΓûêΓûêΓûêΓûêΓûêΓûêΓûêΓûêΓûêΓûê             |  ETA: 0:00:01[39m[K
[34m                   # paths tracked: 133[39m[K
[34m   # non-singular solutions (real): 133 (5)[39m[K
[34m       # singular endpoints (real): 0 (0)[39m[K
[34m          # total solutions (real): 133 (5)[39m[K
[A
[A
[A
[A




[K[A
[K[A
[K[A
[K[A
[32mTracking 252 paths...  67%|ΓûêΓûêΓûêΓûêΓûêΓûêΓûêΓûêΓûêΓûêΓûêΓûêΓûêΓûêΓûêΓûêΓûêΓûêΓûêΓûê         |  ETA: 0:00:00[39m[K
[34m                   # paths tracked: 170[39m[K
[34m   # non-singular solutions (real): 170 (8)[39m[K
[34m       # singular endpoints (real): 0 (0)[39m[K
[34m          # total solutions (real): 170 (8)[39m[K
[A
[A
[A
[A




[K[A
[K[A
[K[A
[K[A
[32mTracking 252 paths...  81%|ΓûêΓûêΓûêΓûêΓûêΓûêΓûêΓûêΓûêΓûêΓûêΓûêΓûêΓûêΓûêΓûêΓûêΓûêΓûêΓûêΓûêΓûêΓûêΓûê     |  ETA: 0:00:00[39m[K
[34m                   # paths tracked: 205[39m[K
[34m   # non-singular solutions (real): 205 (8)[39m[K
[34m       # singular endpoints (real): 0 (0)[39m[K
[34m          # total solutions (real): 205 (8)[39m[K
[A
[A
[A
[A




[K[A
[K[A
[K[A
[K[A
[32mTracking 252 paths...  97%|ΓûêΓûêΓûêΓûêΓûêΓûêΓûêΓûêΓûêΓûêΓûêΓûêΓûêΓûêΓûêΓûêΓûêΓûêΓûêΓûêΓûêΓûêΓûêΓûêΓûêΓûêΓûêΓûêΓûê|  ETA: 0:00:00[39m[K
[34m                   # paths tracked: 245[39m[K
[34m   # non-singular solutions (real): 245 (11)[39m[K
[34m       # singular endpoints (real): 0 (0)[39m[K
[34m          # total solutions (real): 245 (11)[39m[K
[A
[A
[A
[A




[K[A
[K[A
[K[A
[K[A
[32mTracking 252 paths... 100%|ΓûêΓûêΓûêΓûêΓûêΓûêΓûêΓûêΓûêΓûêΓûêΓûêΓûêΓûêΓûêΓûêΓûêΓûêΓûêΓûêΓûêΓûêΓûêΓûêΓûêΓûêΓûêΓûêΓûê| Time: 0:00:01[39m[K
[34m                   # paths tracked: 252[39m[K
[34m   # non-singular solutions (real): 252 (12)[39m[K
[34m       # singular endpoints (real): 0 (0)[39m[K
[34m          # total solutions (real): 252 (12)[39m[K

[32mTracking 252 paths...  34%|ΓûêΓûêΓûêΓûêΓûêΓûêΓûêΓûêΓûêΓûê                   |  ETA: 0:00:01[39m[K
[34m                   # paths tracked: 86[39m[K
[34m   # non-singular solutions (real): 86 (4)[39m[K
[34m       # singular endpoints (real): 0 (0)[39m[K
[34m          # total solutions (real): 86 (4)[39m[K
[A
[A
[A
[A




[K[A
[K[A
[K[A
[K[A
[32mTracking 252 paths...  48%|ΓûêΓûêΓûêΓûêΓûêΓûêΓûêΓûêΓûêΓûêΓûêΓûêΓûêΓûêΓûê              |  ETA: 0:00:01[39m[K
[34m                   # paths tracked: 122[39m[K
[34m   # non-singular solutions (real): 122 (7)[39m[K
[34m       # singular endpoints (real): 0 (0)[39m[K
[34m          # total solutions (real): 122 (7)[39m[K
[A
[A
[A
[A




[K[A
[K[A
[K[A
[K[A
[32mTracking 252 paths...  63%|ΓûêΓûêΓûêΓûêΓûêΓûêΓûêΓûêΓûêΓûêΓûêΓûêΓûêΓûêΓûêΓûêΓûêΓûêΓûê          |  ETA: 0:00:01[39m[K
[34m                   # paths tracked: 159[39m[K
[34m   # non-singular solutions (real): 159 (7)[39m[K
[34m       # singular endpoints (real): 0 (0)[39m[K
[34m          # total solutions (real): 159 (7)[39m[K
[A
[A
[A
[A




[K[A
[K[A
[K[A
[K[A
[32mTracking 252 paths...  77%|ΓûêΓûêΓûêΓûêΓûêΓûêΓûêΓûêΓûêΓûêΓûêΓûêΓûêΓûêΓûêΓûêΓûêΓûêΓûêΓûêΓûêΓûêΓûê      |  ETA: 0:00:00[39m[K
[34m                   # paths tracked: 195[39m[K
[34m   # non-singular solutions (real): 195 (8)[39m[K
[34m       # singular endpoints (real): 0 (0)[39m[K
[34m          # total solutions (real): 195 (8)[39m[K
[A
[A
[A
[A




[K[A
[K[A
[K[A
[K[A
[32mTracking 252 paths...  93%|ΓûêΓûêΓûêΓûêΓûêΓûêΓûêΓûêΓûêΓûêΓûêΓûêΓûêΓûêΓûêΓûêΓûêΓûêΓûêΓûêΓûêΓûêΓûêΓûêΓûêΓûêΓûê  |  ETA: 0:00:00[39m[K
[34m                   # paths tracked: 234[39m[K
[34m   # non-singular solutions (real): 234 (10)[39m[K
[34m       # singular endpoints (real): 0 (0)[39m[K
[34m          # total solutions (real): 234 (10)[39m[K
[A
[A
[A
[A




[K[A
[K[A
[K[A
[K[A
[32mTracking 252 paths... 100%|ΓûêΓûêΓûêΓûêΓûêΓûêΓûêΓûêΓûêΓûêΓûêΓûêΓûêΓûêΓûêΓûêΓûêΓûêΓûêΓûêΓûêΓûêΓûêΓûêΓûêΓûêΓûêΓûêΓûê| Time: 0:00:01[39m[K
[34m                   # paths tracked: 252[39m[K
[34m   # non-singular solutions (real): 252 (12)[39m[K
[34m       # singular endpoints (real): 0 (0)[39m[K
[34m          # total solutions (real): 252 (12)[39m[K

[32mTracking 252 paths...  45%|ΓûêΓûêΓûêΓûêΓûêΓûêΓûêΓûêΓûêΓûêΓûêΓûêΓûêΓûê               |  ETA: 0:00:01[39m[K
[34m                   # paths tracked: 113[39m[K
[34m   # non-singular solutions (real): 113 (6)[39m[K
[34m       # singular endpoints (real): 0 (0)[39m[K
[34m          # total solutions (real): 113 (6)[39m[K
[A
[A
[A
[A




[K[A
[K[A
[K[A
[K[A
[32mTracking 252 paths...  63%|ΓûêΓûêΓûêΓûêΓûêΓûêΓûêΓûêΓûêΓûêΓûêΓûêΓûêΓûêΓûêΓûêΓûêΓûêΓûê          |  ETA: 0:00:00[39m[K
[34m                   # paths tracked: 158[39m[K
[34m   # non-singular solutions (real): 158 (6)[39m[K
[34m       # singular endpoints (real): 0 (0)[39m[K
[34m          # total solutions (real): 158 (6)[39m[K
[A
[A
[A
[A




[K[A
[K[A
[K[A
[K[A
[32mTracking 252 paths...  80%|ΓûêΓûêΓûêΓûêΓûêΓûêΓûêΓûêΓûêΓûêΓûêΓûêΓûêΓûêΓûêΓûêΓûêΓûêΓûêΓûêΓûêΓûêΓûêΓûê     |  ETA: 0:00:00[39m[K
[34m                   # paths tracked: 201[39m[K
[34m   # non-singular solutions (real): 201 (9)[39m[K
[34m       # singular endpoints (real): 0 (0)[39m[K
[34m          # total solutions (real): 201 (9)[39m[K
[A
[A
[A
[A




[K[A
[K[A
[K[A
[K[A
[32mTracking 252 paths...  97%|ΓûêΓûêΓûêΓûêΓûêΓûêΓûêΓûêΓûêΓûêΓûêΓûêΓûêΓûêΓûêΓûêΓûêΓûêΓûêΓûêΓûêΓûêΓûêΓûêΓûêΓûêΓûêΓûêΓûê|  ETA: 0:00:00[39m[K
[34m                   # paths tracked: 245[39m[K
[34m   # non-singular solutions (real): 245 (11)[39m[K
[34m       # singular endpoints (real): 0 (0)[39m[K
[34m          # total solutions (real): 245 (11)[39m[K
[A
[A
[A
[A




[K[A
[K[A
[K[A
[K[A
[32mTracking 252 paths... 100%|ΓûêΓûêΓûêΓûêΓûêΓûêΓûêΓûêΓûêΓûêΓûêΓûêΓûêΓûêΓûêΓûêΓûêΓûêΓûêΓûêΓûêΓûêΓûêΓûêΓûêΓûêΓûêΓûêΓûê| Time: 0:00:01[39m[K
[34m                   # paths tracked: 252[39m[K
[34m   # non-singular solutions (real): 252 (12)[39m[K
[34m       # singular endpoints (real): 0 (0)[39m[K
[34m          # total solutions (real): 252 (12)[39m[K

[32mTracking 252 paths...  39%|ΓûêΓûêΓûêΓûêΓûêΓûêΓûêΓûêΓûêΓûêΓûêΓûê                 |  ETA: 0:00:01[39m[K
[34m                   # paths tracked: 99[39m[K
[34m   # non-singular solutions (real): 99 (6)[39m[K
[34m       # singular endpoints (real): 0 (0)[39m[K
[34m          # total solutions (real): 99 (6)[39m[K
[A
[A
[A
[A




[K[A
[K[A
[K[A
[K[A
[32mTracking 252 paths...  56%|ΓûêΓûêΓûêΓûêΓûêΓûêΓûêΓûêΓûêΓûêΓûêΓûêΓûêΓûêΓûêΓûêΓûê            |  ETA: 0:00:01[39m[K
[34m                   # paths tracked: 141[39m[K
[34m   # non-singular solutions (real): 141 (6)[39m[K
[34m       # singular endpoints (real): 0 (0)[39m[K
[34m          # total solutions (real): 141 (6)[39m[K
[A
[A
[A
[A




[K[A
[K[A
[K[A
[K[A
[32mTracking 252 paths...  72%|ΓûêΓûêΓûêΓûêΓûêΓûêΓûêΓûêΓûêΓûêΓûêΓûêΓûêΓûêΓûêΓûêΓûêΓûêΓûêΓûêΓûê        |  ETA: 0:00:00[39m[K
[34m                   # paths tracked: 182[39m[K
[34m   # non-singular solutions (real): 182 (8)[39m[K
[34m       # singular endpoints (real): 0 (0)[39m[K
[34m          # total solutions (real): 182 (8)[39m[K
[A
[A
[A
[A




[K[A
[K[A
[K[A
[K[A
[32mTracking 252 paths...  88%|ΓûêΓûêΓûêΓûêΓûêΓûêΓûêΓûêΓûêΓûêΓûêΓûêΓûêΓûêΓûêΓûêΓûêΓûêΓûêΓûêΓûêΓûêΓûêΓûêΓûêΓûê   |  ETA: 0:00:00[39m[K
[34m                   # paths tracked: 223[39m[K
[34m   # non-singular solutions (real): 223 (10)[39m[K
[34m       # singular endpoints (real): 0 (0)[39m[K
[34m          # total solutions (real): 223 (10)[39m[K
[A
[A
[A
[A




[K[A
[K[A
[K[A
[K[A
[32mTracking 252 paths... 100%|ΓûêΓûêΓûêΓûêΓûêΓûêΓûêΓûêΓûêΓûêΓûêΓûêΓûêΓûêΓûêΓûêΓûêΓûêΓûêΓûêΓûêΓûêΓûêΓûêΓûêΓûêΓûêΓûêΓûê| Time: 0:00:01[39m[K
[34m                   # paths tracked: 252[39m[K
[34m   # non-singular solutions (real): 252 (12)[39m[K
[34m       # singular endpoints (real): 0 (0)[39m[K
[34m          # total solutions (real): 252 (12)[39m[K

[32mTracking 252 paths...  44%|ΓûêΓûêΓûêΓûêΓûêΓûêΓûêΓûêΓûêΓûêΓûêΓûêΓûê                |  ETA: 0:00:01[39m[K
[34m                   # paths tracked: 111[39m[K
[34m   # non-singular solutions (real): 111 (4)[39m[K
[34m       # singular endpoints (real): 0 (0)[39m[K
[34m          # total solutions (real): 111 (4)[39m[K
[A
[A
[A
[A




[K[A
[K[A
[K[A
[K[A
[32mTracking 252 paths...  60%|ΓûêΓûêΓûêΓûêΓûêΓûêΓûêΓûêΓûêΓûêΓûêΓûêΓûêΓûêΓûêΓûêΓûêΓûê           |  ETA: 0:00:00[39m[K
[34m                   # paths tracked: 152[39m[K
[34m   # non-singular solutions (real): 152 (7)[39m[K
[34m       # singular endpoints (real): 0 (0)[39m[K
[34m          # total solutions (real): 152 (7)[39m[K
[A
[A
[A
[A




[K[A
[K[A
[K[A
[K[A
[32mTracking 252 paths...  76%|ΓûêΓûêΓûêΓûêΓûêΓûêΓûêΓûêΓûêΓûêΓûêΓûêΓûêΓûêΓûêΓûêΓûêΓûêΓûêΓûêΓûêΓûê       |  ETA: 0:00:00[39m[K
[34m                   # paths tracked: 191[39m[K
[34m   # non-singular solutions (real): 191 (9)[39m[K
[34m       # singular endpoints (real): 0 (0)[39m[K
[34m          # total solutions (real): 191 (9)[39m[K
[A
[A
[A
[A




[K[A
[K[A
[K[A
[K[A
[32mTracking 252 paths...  92%|ΓûêΓûêΓûêΓûêΓûêΓûêΓûêΓûêΓûêΓûêΓûêΓûêΓûêΓûêΓûêΓûêΓûêΓûêΓûêΓûêΓûêΓûêΓûêΓûêΓûêΓûêΓûê  |  ETA: 0:00:00[39m[K
[34m                   # paths tracked: 231[39m[K
[34m   # non-singular solutions (real): 231 (11)[39m[K
[34m       # singular endpoints (real): 0 (0)[39m[K
[34m          # total solutions (real): 231 (11)[39m[K
[A
[A
[A
[A




[K[A
[K[A
[K[A
[K[A
[32mTracking 252 paths... 100%|ΓûêΓûêΓûêΓûêΓûêΓûêΓûêΓûêΓûêΓûêΓûêΓûêΓûêΓûêΓûêΓûêΓûêΓûêΓûêΓûêΓûêΓûêΓûêΓûêΓûêΓûêΓûêΓûêΓûê| Time: 0:00:01[39m[K
[34m                   # paths tracked: 252[39m[K
[34m   # non-singular solutions (real): 252 (12)[39m[K
[34m       # singular endpoints (real): 0 (0)[39m[K
[34m          # total solutions (real): 252 (12)[39m[K

[32mTracking 252 paths...  33%|ΓûêΓûêΓûêΓûêΓûêΓûêΓûêΓûêΓûêΓûê                   |  ETA: 0:00:01[39m[K
[34m                   # paths tracked: 82[39m[K
[34m   # non-singular solutions (real): 82 (5)[39m[K
[34m       # singular endpoints (real): 0 (0)[39m[K
[34m          # total solutions (real): 82 (5)[39m[K
[A
[A
[A
[A




[K[A
[K[A
[K[A
[K[A
[32mTracking 252 paths...  46%|ΓûêΓûêΓûêΓûêΓûêΓûêΓûêΓûêΓûêΓûêΓûêΓûêΓûêΓûê               |  ETA: 0:00:01[39m[K
[34m                   # paths tracked: 116[39m[K
[34m   # non-singular solutions (real): 116 (7)[39m[K
[34m       # singular endpoints (real): 0 (0)[39m[K
[34m          # total solutions (real): 116 (7)[39m[K
[A
[A
[A
[A




[K[A
[K[A
[K[A
[K[A
[32mTracking 252 paths...  77%|ΓûêΓûêΓûêΓûêΓûêΓûêΓûêΓûêΓûêΓûêΓûêΓûêΓûêΓûêΓûêΓûêΓûêΓûêΓûêΓûêΓûêΓûêΓûê      |  ETA: 0:00:00[39m[K
[34m                   # paths tracked: 195[39m[K
[34m   # non-singular solutions (real): 195 (8)[39m[K
[34m       # singular endpoints (real): 0 (0)[39m[K
[34m          # total solutions (real): 195 (8)[39m[K
[A
[A
[A
[A




[K[A
[K[A
[K[A
[K[A
[32mTracking 252 paths...  91%|ΓûêΓûêΓûêΓûêΓûêΓûêΓûêΓûêΓûêΓûêΓûêΓûêΓûêΓûêΓûêΓûêΓûêΓûêΓûêΓûêΓûêΓûêΓûêΓûêΓûêΓûêΓûê  |  ETA: 0:00:00[39m[K
[34m                   # paths tracked: 229[39m[K
[34m   # non-singular solutions (real): 229 (12)[39m[K
[34m       # singular endpoints (real): 0 (0)[39m[K
[34m          # total solutions (real): 229 (12)[39m[K
[A
[A
[A
[A




[K[A
[K[A
[K[A
[K[A
[32mTracking 252 paths... 100%|ΓûêΓûêΓûêΓûêΓûêΓûêΓûêΓûêΓûêΓûêΓûêΓûêΓûêΓûêΓûêΓûêΓûêΓûêΓûêΓûêΓûêΓûêΓûêΓûêΓûêΓûêΓûêΓûêΓûê| Time: 0:00:01[39m[K
[34m                   # paths tracked: 252[39m[K
[34m   # non-singular solutions (real): 252 (12)[39m[K
[34m       # singular endpoints (real): 0 (0)[39m[K
[34m          # total solutions (real): 252 (12)[39m[K

[32mTracking 252 paths...  37%|ΓûêΓûêΓûêΓûêΓûêΓûêΓûêΓûêΓûêΓûêΓûê                  |  ETA: 0:00:01[39m[K
[34m                   # paths tracked: 92[39m[K
[34m   # non-singular solutions (real): 92 (4)[39m[K
[34m       # singular endpoints (real): 0 (0)[39m[K
[34m          # total solutions (real): 92 (4)[39m[K
[A
[A
[A
[A




[K[A
[K[A
[K[A
[K[A
[32mTracking 252 paths...  52%|ΓûêΓûêΓûêΓûêΓûêΓûêΓûêΓûêΓûêΓûêΓûêΓûêΓûêΓûêΓûêΓûê             |  ETA: 0:00:01[39m[K
[34m                   # paths tracked: 131[39m[K
[34m   # non-singular solutions (real): 131 (7)[39m[K
[34m       # singular endpoints (real): 0 (0)[39m[K
[34m          # total solutions (real): 131 (7)[39m[K
[A
[A
[A
[A




[K[A
[K[A
[K[A
[K[A
[32mTracking 252 paths...  68%|ΓûêΓûêΓûêΓûêΓûêΓûêΓûêΓûêΓûêΓûêΓûêΓûêΓûêΓûêΓûêΓûêΓûêΓûêΓûêΓûê         |  ETA: 0:00:00[39m[K
[34m                   # paths tracked: 172[39m[K
[34m   # non-singular solutions (real): 172 (7)[39m[K
[34m       # singular endpoints (real): 0 (0)[39m[K
[34m          # total solutions (real): 172 (7)[39m[K
[A
[A
[A
[A




[K[A
[K[A
[K[A
[K[A
[32mTracking 252 paths...  83%|ΓûêΓûêΓûêΓûêΓûêΓûêΓûêΓûêΓûêΓûêΓûêΓûêΓûêΓûêΓûêΓûêΓûêΓûêΓûêΓûêΓûêΓûêΓûêΓûêΓûê    |  ETA: 0:00:00[39m[K
[34m                   # paths tracked: 209[39m[K
[34m   # non-singular solutions (real): 209 (8)[39m[K
[34m       # singular endpoints (real): 0 (0)[39m[K
[34m          # total solutions (real): 209 (8)[39m[K
[A
[A
[A
[A




[K[A
[K[A
[K[A
[K[A
[32mTracking 252 paths...  96%|ΓûêΓûêΓûêΓûêΓûêΓûêΓûêΓûêΓûêΓûêΓûêΓûêΓûêΓûêΓûêΓûêΓûêΓûêΓûêΓûêΓûêΓûêΓûêΓûêΓûêΓûêΓûêΓûê |  ETA: 0:00:00[39m[K
[34m                   # paths tracked: 241[39m[K
[34m   # non-singular solutions (real): 241 (11)[39m[K
[34m       # singular endpoints (real): 0 (0)[39m[K
[34m          # total solutions (real): 241 (11)[39m[K
[A
[A
[A
[A




[K[A
[K[A
[K[A
[K[A
[32mTracking 252 paths... 100%|ΓûêΓûêΓûêΓûêΓûêΓûêΓûêΓûêΓûêΓûêΓûêΓûêΓûêΓûêΓûêΓûêΓûêΓûêΓûêΓûêΓûêΓûêΓûêΓûêΓûêΓûêΓûêΓûêΓûê| Time: 0:00:01[39m[K
[34m                   # paths tracked: 252[39m[K
[34m   # non-singular solutions (real): 252 (12)[39m[K
[34m       # singular endpoints (real): 0 (0)[39m[K
[34m          # total solutions (real): 252 (12)[39m[K

[32mTracking 252 paths...  37%|ΓûêΓûêΓûêΓûêΓûêΓûêΓûêΓûêΓûêΓûêΓûê                  |  ETA: 0:00:01[39m[K
[34m                   # paths tracked: 93[39m[K
[34m   # non-singular solutions (real): 93 (2)[39m[K
[34m       # singular endpoints (real): 0 (0)[39m[K
[34m          # total solutions (real): 93 (2)[39m[K
[A
[A
[A
[A




[K[A
[K[A
[K[A
[K[A
[32mTracking 252 paths...  52%|ΓûêΓûêΓûêΓûêΓûêΓûêΓûêΓûêΓûêΓûêΓûêΓûêΓûêΓûêΓûêΓûê             |  ETA: 0:00:01[39m[K
[34m                   # paths tracked: 131[39m[K
[34m   # non-singular solutions (real): 131 (5)[39m[K
[34m       # singular endpoints (real): 0 (0)[39m[K
[34m          # total solutions (real): 131 (5)[39m[K
[A
[A
[A
[A




[K[A
[K[A
[K[A
[K[A
[32mTracking 252 paths...  67%|ΓûêΓûêΓûêΓûêΓûêΓûêΓûêΓûêΓûêΓûêΓûêΓûêΓûêΓûêΓûêΓûêΓûêΓûêΓûêΓûê         |  ETA: 0:00:00[39m[K
[34m                   # paths tracked: 168[39m[K
[34m   # non-singular solutions (real): 168 (6)[39m[K
[34m       # singular endpoints (real): 0 (0)[39m[K
[34m          # total solutions (real): 168 (6)[39m[K
[A
[A
[A
[A




[K[A
[K[A
[K[A
[K[A
[32mTracking 252 paths...  81%|ΓûêΓûêΓûêΓûêΓûêΓûêΓûêΓûêΓûêΓûêΓûêΓûêΓûêΓûêΓûêΓûêΓûêΓûêΓûêΓûêΓûêΓûêΓûêΓûê     |  ETA: 0:00:00[39m[K
[34m                   # paths tracked: 205[39m[K
[34m   # non-singular solutions (real): 205 (10)[39m[K
[34m       # singular endpoints (real): 0 (0)[39m[K
[34m          # total solutions (real): 205 (10)[39m[K
[A
[A
[A
[A




[K[A
[K[A
[K[A
[K[A
[32mTracking 252 paths...  94%|ΓûêΓûêΓûêΓûêΓûêΓûêΓûêΓûêΓûêΓûêΓûêΓûêΓûêΓûêΓûêΓûêΓûêΓûêΓûêΓûêΓûêΓûêΓûêΓûêΓûêΓûêΓûêΓûê |  ETA: 0:00:00[39m[K
[34m                   # paths tracked: 238[39m[K
[34m   # non-singular solutions (real): 238 (11)[39m[K
[34m       # singular endpoints (real): 0 (0)[39m[K
[34m          # total solutions (real): 238 (11)[39m[K
[A
[A
[A
[A




[K[A
[K[A
[K[A
[K[A
[32mTracking 252 paths... 100%|ΓûêΓûêΓûêΓûêΓûêΓûêΓûêΓûêΓûêΓûêΓûêΓûêΓûêΓûêΓûêΓûêΓûêΓûêΓûêΓûêΓûêΓûêΓûêΓûêΓûêΓûêΓûêΓûêΓûê| Time: 0:00:01[39m[K
[34m                   # paths tracked: 252[39m[K
[34m   # non-singular solutions (real): 252 (12)[39m[K
[34m       # singular endpoints (real): 0 (0)[39m[K
[34m          # total solutions (real): 252 (12)[39m[K

[32mTracking 252 paths...  29%|ΓûêΓûêΓûêΓûêΓûêΓûêΓûêΓûêΓûê                    |  ETA: 0:00:01[39m[K
[34m                   # paths tracked: 74[39m[K
[34m   # non-singular solutions (real): 74 (4)[39m[K
[34m       # singular endpoints (real): 0 (0)[39m[K
[34m          # total solutions (real): 74 (4)[39m[K
[A
[A
[A
[A




[K[A
[K[A
[K[A
[K[A
[32mTracking 252 paths...  43%|ΓûêΓûêΓûêΓûêΓûêΓûêΓûêΓûêΓûêΓûêΓûêΓûêΓûê                |  ETA: 0:00:01[39m[K
[34m                   # paths tracked: 109[39m[K
[34m   # non-singular solutions (real): 109 (7)[39m[K
[34m       # singular endpoints (real): 0 (0)[39m[K
[34m          # total solutions (real): 109 (7)[39m[K
[A
[A
[A
[A




[K[A
[K[A
[K[A
[K[A
[32mTracking 252 paths...  57%|ΓûêΓûêΓûêΓûêΓûêΓûêΓûêΓûêΓûêΓûêΓûêΓûêΓûêΓûêΓûêΓûêΓûê            |  ETA: 0:00:01[39m[K
[34m                   # paths tracked: 143[39m[K
[34m   # non-singular solutions (real): 143 (8)[39m[K
[34m       # singular endpoints (real): 0 (0)[39m[K
[34m          # total solutions (real): 143 (8)[39m[K
[A
[A
[A
[A




[K[A
[K[A
[K[A
[K[A
[32mTracking 252 paths...  70%|ΓûêΓûêΓûêΓûêΓûêΓûêΓûêΓûêΓûêΓûêΓûêΓûêΓûêΓûêΓûêΓûêΓûêΓûêΓûêΓûêΓûê        |  ETA: 0:00:00[39m[K
[34m                   # paths tracked: 177[39m[K
[34m   # non-singular solutions (real): 177 (9)[39m[K
[34m       # singular endpoints (real): 0 (0)[39m[K
[34m          # total solutions (real): 177 (9)[39m[K
[A
[A
[A
[A




[K[A
[K[A
[K[A
[K[A
[32mTracking 252 paths...  83%|ΓûêΓûêΓûêΓûêΓûêΓûêΓûêΓûêΓûêΓûêΓûêΓûêΓûêΓûêΓûêΓûêΓûêΓûêΓûêΓûêΓûêΓûêΓûêΓûêΓûê    |  ETA: 0:00:00[39m[K
[34m                   # paths tracked: 210[39m[K
[34m   # non-singular solutions (real): 210 (10)[39m[K
[34m       # singular endpoints (real): 0 (0)[39m[K
[34m          # total solutions (real): 210 (10)[39m[K
[A
[A
[A
[A




[K[A
[K[A
[K[A
[K[A
[32mTracking 252 paths...  97%|ΓûêΓûêΓûêΓûêΓûêΓûêΓûêΓûêΓûêΓûêΓûêΓûêΓûêΓûêΓûêΓûêΓûêΓûêΓûêΓûêΓûêΓûêΓûêΓûêΓûêΓûêΓûêΓûêΓûê|  ETA: 0:00:00[39m[K
[34m                   # paths tracked: 244[39m[K
[34m   # non-singular solutions (real): 244 (12)[39m[K
[34m       # singular endpoints (real): 0 (0)[39m[K
[34m          # total solutions (real): 244 (12)[39m[K
[A
[A
[A
[A




[K[A
[K[A
[K[A
[K[A
[32mTracking 252 paths... 100%|ΓûêΓûêΓûêΓûêΓûêΓûêΓûêΓûêΓûêΓûêΓûêΓûêΓûêΓûêΓûêΓûêΓûêΓûêΓûêΓûêΓûêΓûêΓûêΓûêΓûêΓûêΓûêΓûêΓûê| Time: 0:00:01[39m[K
[34m                   # paths tracked: 252[39m[K
[34m   # non-singular solutions (real): 252 (12)[39m[K
[34m       # singular endpoints (real): 0 (0)[39m[K
[34m          # total solutions (real): 252 (12)[39m[K

[32mTracking 252 paths...  38%|ΓûêΓûêΓûêΓûêΓûêΓûêΓûêΓûêΓûêΓûêΓûêΓûê                 |  ETA: 0:00:01[39m[K
[34m                   # paths tracked: 97[39m[K
[34m   # non-singular solutions (real): 97 (3)[39m[K
[34m       # singular endpoints (real): 0 (0)[39m[K
[34m          # total solutions (real): 97 (3)[39m[K
[A
[A
[A
[A




[K[A
[K[A
[K[A
[K[A
[32mTracking 252 paths...  54%|ΓûêΓûêΓûêΓûêΓûêΓûêΓûêΓûêΓûêΓûêΓûêΓûêΓûêΓûêΓûêΓûê             |  ETA: 0:00:01[39m[K
[34m                   # paths tracked: 137[39m[K
[34m   # non-singular solutions (real): 137 (4)[39m[K
[34m       # singular endpoints (real): 0 (0)[39m[K
[34m          # total solutions (real): 137 (4)[39m[K
[A
[A
[A
[A




[K[A
[K[A
[K[A
[K[A
[32mTracking 252 paths...  70%|ΓûêΓûêΓûêΓûêΓûêΓûêΓûêΓûêΓûêΓûêΓûêΓûêΓûêΓûêΓûêΓûêΓûêΓûêΓûêΓûêΓûê        |  ETA: 0:00:00[39m[K
[34m                   # paths tracked: 177[39m[K
[34m   # non-singular solutions (real): 177 (7)[39m[K
[34m       # singular endpoints (real): 0 (0)[39m[K
[34m          # total solutions (real): 177 (7)[39m[K
[A
[A
[A
[A




[K[A
[K[A
[K[A
[K[A
[32mTracking 252 paths...  86%|ΓûêΓûêΓûêΓûêΓûêΓûêΓûêΓûêΓûêΓûêΓûêΓûêΓûêΓûêΓûêΓûêΓûêΓûêΓûêΓûêΓûêΓûêΓûêΓûêΓûê    |  ETA: 0:00:00[39m[K
[34m                   # paths tracked: 217[39m[K
[34m   # non-singular solutions (real): 217 (10)[39m[K
[34m       # singular endpoints (real): 0 (0)[39m[K
[34m          # total solutions (real): 217 (10)[39m[K
[A
[A
[A
[A




[K[A
[K[A
[K[A
[K[A
[32mTracking 252 paths...  99%|ΓûêΓûêΓûêΓûêΓûêΓûêΓûêΓûêΓûêΓûêΓûêΓûêΓûêΓûêΓûêΓûêΓûêΓûêΓûêΓûêΓûêΓûêΓûêΓûêΓûêΓûêΓûêΓûêΓûê|  ETA: 0:00:00[39m[K
[34m                   # paths tracked: 251[39m[K
[34m   # non-singular solutions (real): 251 (12)[39m[K
[34m       # singular endpoints (real): 0 (0)[39m[K
[34m          # total solutions (real): 251 (12)[39m[K
[A
[A
[A
[A




[K[A
[K[A
[K[A
[K[A
[32mTracking 252 paths... 100%|ΓûêΓûêΓûêΓûêΓûêΓûêΓûêΓûêΓûêΓûêΓûêΓûêΓûêΓûêΓûêΓûêΓûêΓûêΓûêΓûêΓûêΓûêΓûêΓûêΓûêΓûêΓûêΓûêΓûê| Time: 0:00:01[39m[K
[34m                   # paths tracked: 252[39m[K
[34m   # non-singular solutions (real): 252 (12)[39m[K
[34m       # singular endpoints (real): 0 (0)[39m[K
[34m          # total solutions (real): 252 (12)[39m[K

[32mTracking 252 paths...  40%|ΓûêΓûêΓûêΓûêΓûêΓûêΓûêΓûêΓûêΓûêΓûêΓûê                 |  ETA: 0:00:01[39m[K
[34m                   # paths tracked: 101[39m[K
[34m   # non-singular solutions (real): 101 (2)[39m[K
[34m       # singular endpoints (real): 0 (0)[39m[K
[34m          # total solutions (real): 101 (2)[39m[K
[A
[A
[A
[A




[K[A
[K[A
[K[A
[K[A
[32mTracking 252 paths...  57%|ΓûêΓûêΓûêΓûêΓûêΓûêΓûêΓûêΓûêΓûêΓûêΓûêΓûêΓûêΓûêΓûêΓûê            |  ETA: 0:00:01[39m[K
[34m                   # paths tracked: 144[39m[K
[34m   # non-singular solutions (real): 144 (8)[39m[K
[34m       # singular endpoints (real): 0 (0)[39m[K
[34m          # total solutions (real): 144 (8)[39m[K
[A
[A
[A
[A




[K[A
[K[A
[K[A
[K[A
[32mTracking 252 paths...  74%|ΓûêΓûêΓûêΓûêΓûêΓûêΓûêΓûêΓûêΓûêΓûêΓûêΓûêΓûêΓûêΓûêΓûêΓûêΓûêΓûêΓûêΓûê       |  ETA: 0:00:00[39m[K
[34m                   # paths tracked: 186[39m[K
[34m   # non-singular solutions (real): 186 (10)[39m[K
[34m       # singular endpoints (real): 0 (0)[39m[K
[34m          # total solutions (real): 186 (10)[39m[K
[A
[A
[A
[A




[K[A
[K[A
[K[A
[K[A
[32mTracking 252 paths...  91%|ΓûêΓûêΓûêΓûêΓûêΓûêΓûêΓûêΓûêΓûêΓûêΓûêΓûêΓûêΓûêΓûêΓûêΓûêΓûêΓûêΓûêΓûêΓûêΓûêΓûêΓûêΓûê  |  ETA: 0:00:00[39m[K
[34m                   # paths tracked: 230[39m[K
[34m   # non-singular solutions (real): 230 (11)[39m[K
[34m       # singular endpoints (real): 0 (0)[39m[K
[34m          # total solutions (real): 230 (11)[39m[K
[A
[A
[A
[A




[K[A
[K[A
[K[A
[K[A
[32mTracking 252 paths... 100%|ΓûêΓûêΓûêΓûêΓûêΓûêΓûêΓûêΓûêΓûêΓûêΓûêΓûêΓûêΓûêΓûêΓûêΓûêΓûêΓûêΓûêΓûêΓûêΓûêΓûêΓûêΓûêΓûêΓûê| Time: 0:00:01[39m[K
[34m                   # paths tracked: 252[39m[K
[34m   # non-singular solutions (real): 252 (12)[39m[K
[34m       # singular endpoints (real): 0 (0)[39m[K
[34m          # total solutions (real): 252 (12)[39m[K

[32mTracking 252 paths...  36%|ΓûêΓûêΓûêΓûêΓûêΓûêΓûêΓûêΓûêΓûêΓûê                  |  ETA: 0:00:01[39m[K
[34m                   # paths tracked: 91[39m[K
[34m   # non-singular solutions (real): 91 (2)[39m[K
[34m       # singular endpoints (real): 0 (0)[39m[K
[34m          # total solutions (real): 91 (2)[39m[K
[A
[A
[A
[A




[K[A
[K[A
[K[A
[K[A
[32mTracking 252 paths...  52%|ΓûêΓûêΓûêΓûêΓûêΓûêΓûêΓûêΓûêΓûêΓûêΓûêΓûêΓûêΓûê              |  ETA: 0:00:01[39m[K
[34m                   # paths tracked: 130[39m[K
[34m   # non-singular solutions (real): 130 (3)[39m[K
[34m       # singular endpoints (real): 0 (0)[39m[K
[34m          # total solutions (real): 130 (3)[39m[K
[A
[A
[A
[A




[K[A
[K[A
[K[A
[K[A
[32mTracking 252 paths...  67%|ΓûêΓûêΓûêΓûêΓûêΓûêΓûêΓûêΓûêΓûêΓûêΓûêΓûêΓûêΓûêΓûêΓûêΓûêΓûêΓûê         |  ETA: 0:00:00[39m[K
[34m                   # paths tracked: 169[39m[K
[34m   # non-singular solutions (real): 169 (7)[39m[K
[34m       # singular endpoints (real): 0 (0)[39m[K
[34m          # total solutions (real): 169 (7)[39m[K
[A
[A
[A
[A




[K[A
[K[A
[K[A
[K[A
[32mTracking 252 paths...  81%|ΓûêΓûêΓûêΓûêΓûêΓûêΓûêΓûêΓûêΓûêΓûêΓûêΓûêΓûêΓûêΓûêΓûêΓûêΓûêΓûêΓûêΓûêΓûêΓûê     |  ETA: 0:00:00[39m[K
[34m                   # paths tracked: 205[39m[K
[34m   # non-singular solutions (real): 205 (9)[39m[K
[34m       # singular endpoints (real): 0 (0)[39m[K
[34m          # total solutions (real): 205 (9)[39m[K
[A
[A
[A
[A




[K[A
[K[A
[K[A
[K[A
[32mTracking 252 paths...  97%|ΓûêΓûêΓûêΓûêΓûêΓûêΓûêΓûêΓûêΓûêΓûêΓûêΓûêΓûêΓûêΓûêΓûêΓûêΓûêΓûêΓûêΓûêΓûêΓûêΓûêΓûêΓûêΓûêΓûê|  ETA: 0:00:00[39m[K
[34m                   # paths tracked: 244[39m[K
[34m   # non-singular solutions (real): 244 (12)[39m[K
[34m       # singular endpoints (real): 0 (0)[39m[K
[34m          # total solutions (real): 244 (12)[39m[K
[A
[A
[A
[A




[K[A
[K[A
[K[A
[K[A
[32mTracking 252 paths... 100%|ΓûêΓûêΓûêΓûêΓûêΓûêΓûêΓûêΓûêΓûêΓûêΓûêΓûêΓûêΓûêΓûêΓûêΓûêΓûêΓûêΓûêΓûêΓûêΓûêΓûêΓûêΓûêΓûêΓûê| Time: 0:00:01[39m[K
[34m                   # paths tracked: 252[39m[K
[34m   # non-singular solutions (real): 252 (12)[39m[K
[34m       # singular endpoints (real): 0 (0)[39m[K
[34m          # total solutions (real): 252 (12)[39m[K

[32mTracking 252 paths...  37%|ΓûêΓûêΓûêΓûêΓûêΓûêΓûêΓûêΓûêΓûêΓûê                  |  ETA: 0:00:01[39m[K
[34m                   # paths tracked: 94[39m[K
[34m   # non-singular solutions (real): 94 (4)[39m[K
[34m       # singular endpoints (real): 0 (0)[39m[K
[34m          # total solutions (real): 94 (4)[39m[K
[A
[A
[A
[A




[K[A
[K[A
[K[A
[K[A
[32mTracking 252 paths...  53%|ΓûêΓûêΓûêΓûêΓûêΓûêΓûêΓûêΓûêΓûêΓûêΓûêΓûêΓûêΓûêΓûê             |  ETA: 0:00:01[39m[K
[34m                   # paths tracked: 133[39m[K
[34m   # non-singular solutions (real): 133 (6)[39m[K
[34m       # singular endpoints (real): 0 (0)[39m[K
[34m          # total solutions (real): 133 (6)[39m[K
[A
[A
[A
[A




[K[A
[K[A
[K[A
[K[A
[32mTracking 252 paths...  69%|ΓûêΓûêΓûêΓûêΓûêΓûêΓûêΓûêΓûêΓûêΓûêΓûêΓûêΓûêΓûêΓûêΓûêΓûêΓûêΓûêΓûê        |  ETA: 0:00:00[39m[K
[34m                   # paths tracked: 174[39m[K
[34m   # non-singular solutions (real): 174 (7)[39m[K
[34m       # singular endpoints (real): 0 (0)[39m[K
[34m          # total solutions (real): 174 (7)[39m[K
[A
[A
[A
[A




[K[A
[K[A
[K[A
[K[A
[32mTracking 252 paths...  85%|ΓûêΓûêΓûêΓûêΓûêΓûêΓûêΓûêΓûêΓûêΓûêΓûêΓûêΓûêΓûêΓûêΓûêΓûêΓûêΓûêΓûêΓûêΓûêΓûêΓûê    |  ETA: 0:00:00[39m[K
[34m                   # paths tracked: 213[39m[K
[34m   # non-singular solutions (real): 213 (8)[39m[K
[34m       # singular endpoints (real): 0 (0)[39m[K
[34m          # total solutions (real): 213 (8)[39m[K
[A
[A
[A
[A




[K[A
[K[A
[K[A
[K[A
[32mTracking 252 paths... 100%|ΓûêΓûêΓûêΓûêΓûêΓûêΓûêΓûêΓûêΓûêΓûêΓûêΓûêΓûêΓûêΓûêΓûêΓûêΓûêΓûêΓûêΓûêΓûêΓûêΓûêΓûêΓûêΓûêΓûê| Time: 0:00:01[39m[K
[34m                   # paths tracked: 252[39m[K
[34m   # non-singular solutions (real): 252 (12)[39m[K
[34m       # singular endpoints (real): 0 (0)[39m[K
[34m          # total solutions (real): 252 (12)[39m[K

[32mTracking 252 paths...  39%|ΓûêΓûêΓûêΓûêΓûêΓûêΓûêΓûêΓûêΓûêΓûêΓûê                 |  ETA: 0:00:01[39m[K
[34m                   # paths tracked: 99[39m[K
[34m   # non-singular solutions (real): 99 (3)[39m[K
[34m       # singular endpoints (real): 0 (0)[39m[K
[34m          # total solutions (real): 99 (3)[39m[K
[A
[A
[A
[A




[K[A
[K[A
[K[A
[K[A
[32mTracking 252 paths...  55%|ΓûêΓûêΓûêΓûêΓûêΓûêΓûêΓûêΓûêΓûêΓûêΓûêΓûêΓûêΓûêΓûê             |  ETA: 0:00:01[39m[K
[34m                   # paths tracked: 139[39m[K
[34m   # non-singular solutions (real): 139 (6)[39m[K
[34m       # singular endpoints (real): 0 (0)[39m[K
[34m          # total solutions (real): 139 (6)[39m[K
[A
[A
[A
[A




[K[A
[K[A
[K[A
[K[A
[32mTracking 252 paths...  71%|ΓûêΓûêΓûêΓûêΓûêΓûêΓûêΓûêΓûêΓûêΓûêΓûêΓûêΓûêΓûêΓûêΓûêΓûêΓûêΓûêΓûê        |  ETA: 0:00:00[39m[K
[34m                   # paths tracked: 179[39m[K
[34m   # non-singular solutions (real): 179 (6)[39m[K
[34m       # singular endpoints (real): 0 (0)[39m[K
[34m          # total solutions (real): 179 (6)[39m[K
[A
[A
[A
[A




[K[A
[K[A
[K[A
[K[A
[32mTracking 252 paths...  87%|ΓûêΓûêΓûêΓûêΓûêΓûêΓûêΓûêΓûêΓûêΓûêΓûêΓûêΓûêΓûêΓûêΓûêΓûêΓûêΓûêΓûêΓûêΓûêΓûêΓûêΓûê   |  ETA: 0:00:00[39m[K
[34m                   # paths tracked: 218[39m[K
[34m   # non-singular solutions (real): 218 (10)[39m[K
[34m       # singular endpoints (real): 0 (0)[39m[K
[34m          # total solutions (real): 218 (10)[39m[K
[A
[A
[A
[A




[K[A
[K[A
[K[A
[K[A
[32mTracking 252 paths... 100%|ΓûêΓûêΓûêΓûêΓûêΓûêΓûêΓûêΓûêΓûêΓûêΓûêΓûêΓûêΓûêΓûêΓûêΓûêΓûêΓûêΓûêΓûêΓûêΓûêΓûêΓûêΓûêΓûêΓûê| Time: 0:00:01[39m[K
[34m                   # paths tracked: 252[39m[K
[34m   # non-singular solutions (real): 252 (12)[39m[K
[34m       # singular endpoints (real): 0 (0)[39m[K
[34m          # total solutions (real): 252 (12)[39m[K

[32mTracking 252 paths...  32%|ΓûêΓûêΓûêΓûêΓûêΓûêΓûêΓûêΓûêΓûê                   |  ETA: 0:00:01[39m[K
[34m                   # paths tracked: 81[39m[K
[34m   # non-singular solutions (real): 81 (4)[39m[K
[34m       # singular endpoints (real): 0 (0)[39m[K
[34m          # total solutions (real): 81 (4)[39m[K
[A
[A
[A
[A




[K[A
[K[A
[K[A
[K[A
[32mTracking 252 paths...  45%|ΓûêΓûêΓûêΓûêΓûêΓûêΓûêΓûêΓûêΓûêΓûêΓûêΓûêΓûê               |  ETA: 0:00:01[39m[K
[34m                   # paths tracked: 113[39m[K
[34m   # non-singular solutions (real): 113 (5)[39m[K
[34m       # singular endpoints (real): 0 (0)[39m[K
[34m          # total solutions (real): 113 (5)[39m[K
[A
[A
[A
[A




[K[A
[K[A
[K[A
[K[A
[32mTracking 252 paths...  57%|ΓûêΓûêΓûêΓûêΓûêΓûêΓûêΓûêΓûêΓûêΓûêΓûêΓûêΓûêΓûêΓûêΓûê            |  ETA: 0:00:01[39m[K
[34m                   # paths tracked: 144[39m[K
[34m   # non-singular solutions (real): 144 (8)[39m[K
[34m       # singular endpoints (real): 0 (0)[39m[K
[34m          # total solutions (real): 144 (8)[39m[K
[A
[A
[A
[A




[K[A
[K[A
[K[A
[K[A
[32mTracking 252 paths...  69%|ΓûêΓûêΓûêΓûêΓûêΓûêΓûêΓûêΓûêΓûêΓûêΓûêΓûêΓûêΓûêΓûêΓûêΓûêΓûêΓûêΓûê        |  ETA: 0:00:01[39m[K
[34m                   # paths tracked: 174[39m[K
[34m   # non-singular solutions (real): 174 (9)[39m[K
[34m       # singular endpoints (real): 0 (0)[39m[K
[34m          # total solutions (real): 174 (9)[39m[K
[A
[A
[A
[A




[K[A
[K[A
[K[A
[K[A
[32mTracking 252 paths...  82%|ΓûêΓûêΓûêΓûêΓûêΓûêΓûêΓûêΓûêΓûêΓûêΓûêΓûêΓûêΓûêΓûêΓûêΓûêΓûêΓûêΓûêΓûêΓûêΓûê     |  ETA: 0:00:00[39m[K
[34m                   # paths tracked: 207[39m[K
[34m   # non-singular solutions (real): 207 (11)[39m[K
[34m       # singular endpoints (real): 0 (0)[39m[K
[34m          # total solutions (real): 207 (11)[39m[K
[A
[A
[A
[A




[K[A
[K[A
[K[A
[K[A
[32mTracking 252 paths...  94%|ΓûêΓûêΓûêΓûêΓûêΓûêΓûêΓûêΓûêΓûêΓûêΓûêΓûêΓûêΓûêΓûêΓûêΓûêΓûêΓûêΓûêΓûêΓûêΓûêΓûêΓûêΓûêΓûê |  ETA: 0:00:00[39m[K
[34m                   # paths tracked: 238[39m[K
[34m   # non-singular solutions (real): 238 (12)[39m[K
[34m       # singular endpoints (real): 0 (0)[39m[K
[34m          # total solutions (real): 238 (12)[39m[K
[A
[A
[A
[A




[K[A
[K[A
[K[A
[K[A
[32mTracking 252 paths... 100%|ΓûêΓûêΓûêΓûêΓûêΓûêΓûêΓûêΓûêΓûêΓûêΓûêΓûêΓûêΓûêΓûêΓûêΓûêΓûêΓûêΓûêΓûêΓûêΓûêΓûêΓûêΓûêΓûêΓûê| Time: 0:00:01[39m[K
[34m                   # paths tracked: 252[39m[K
[34m   # non-singular solutions (real): 252 (12)[39m[K
[34m       # singular endpoints (real): 0 (0)[39m[K
[34m          # total solutions (real): 252 (12)[39m[K

[32mTracking 252 paths...  33%|ΓûêΓûêΓûêΓûêΓûêΓûêΓûêΓûêΓûêΓûê                   |  ETA: 0:00:01[39m[K
[34m                   # paths tracked: 82[39m[K
[34m   # non-singular solutions (real): 82 (2)[39m[K
[34m       # singular endpoints (real): 0 (0)[39m[K
[34m          # total solutions (real): 82 (2)[39m[K
[A
[A
[A
[A




[K[A
[K[A
[K[A
[K[A
[32mTracking 252 paths...  52%|ΓûêΓûêΓûêΓûêΓûêΓûêΓûêΓûêΓûêΓûêΓûêΓûêΓûêΓûêΓûêΓûê             |  ETA: 0:00:01[39m[K
[34m                   # paths tracked: 131[39m[K
[34m   # non-singular solutions (real): 131 (7)[39m[K
[34m       # singular endpoints (real): 0 (0)[39m[K
[34m          # total solutions (real): 131 (7)[39m[K
[A
[A
[A
[A




[K[A
[K[A
[K[A
[K[A
[32mTracking 252 paths...  67%|ΓûêΓûêΓûêΓûêΓûêΓûêΓûêΓûêΓûêΓûêΓûêΓûêΓûêΓûêΓûêΓûêΓûêΓûêΓûêΓûê         |  ETA: 0:00:01[39m[K
[34m                   # paths tracked: 169[39m[K
[34m   # non-singular solutions (real): 169 (9)[39m[K
[34m       # singular endpoints (real): 0 (0)[39m[K
[34m          # total solutions (real): 169 (9)[39m[K
[A
[A
[A
[A




[K[A
[K[A
[K[A
[K[A
[32mTracking 252 paths...  83%|ΓûêΓûêΓûêΓûêΓûêΓûêΓûêΓûêΓûêΓûêΓûêΓûêΓûêΓûêΓûêΓûêΓûêΓûêΓûêΓûêΓûêΓûêΓûêΓûê     |  ETA: 0:00:00[39m[K
[34m                   # paths tracked: 208[39m[K
[34m   # non-singular solutions (real): 208 (10)[39m[K
[34m       # singular endpoints (real): 0 (0)[39m[K
[34m          # total solutions (real): 208 (10)[39m[K
[A
[A
[A
[A




[K[A
[K[A
[K[A
[K[A
[32mTracking 252 paths...  97%|ΓûêΓûêΓûêΓûêΓûêΓûêΓûêΓûêΓûêΓûêΓûêΓûêΓûêΓûêΓûêΓûêΓûêΓûêΓûêΓûêΓûêΓûêΓûêΓûêΓûêΓûêΓûêΓûêΓûê|  ETA: 0:00:00[39m[K
[34m                   # paths tracked: 244[39m[K
[34m   # non-singular solutions (real): 244 (11)[39m[K
[34m       # singular endpoints (real): 0 (0)[39m[K
[34m          # total solutions (real): 244 (11)[39m[K
[A
[A
[A
[A




[K[A
[K[A
[K[A
[K[A
[32mTracking 252 paths... 100%|ΓûêΓûêΓûêΓûêΓûêΓûêΓûêΓûêΓûêΓûêΓûêΓûêΓûêΓûêΓûêΓûêΓûêΓûêΓûêΓûêΓûêΓûêΓûêΓûêΓûêΓûêΓûêΓûêΓûê| Time: 0:00:01[39m[K
[34m                   # paths tracked: 252[39m[K
[34m   # non-singular solutions (real): 252 (12)[39m[K
[34m       # singular endpoints (real): 0 (0)[39m[K
[34m          # total solutions (real): 252 (12)[39m[K

[32mTracking 252 paths...  34%|ΓûêΓûêΓûêΓûêΓûêΓûêΓûêΓûêΓûêΓûê                   |  ETA: 0:00:01[39m[K
[34m                   # paths tracked: 85[39m[K
[34m   # non-singular solutions (real): 85 (6)[39m[K
[34m       # singular endpoints (real): 0 (0)[39m[K
[34m          # total solutions (real): 85 (6)[39m[K
[A
[A
[A
[A




[K[A
[K[A
[K[A
[K[A
[32mTracking 252 paths...  48%|ΓûêΓûêΓûêΓûêΓûêΓûêΓûêΓûêΓûêΓûêΓûêΓûêΓûêΓûê               |  ETA: 0:00:01[39m[K
[34m                   # paths tracked: 120[39m[K
[34m   # non-singular solutions (real): 120 (10)[39m[K
[34m       # singular endpoints (real): 0 (0)[39m[K
[34m          # total solutions (real): 120 (10)[39m[K
[A
[A
[A
[A




[K[A
[K[A
[K[A
[K[A
[32mTracking 252 paths...  62%|ΓûêΓûêΓûêΓûêΓûêΓûêΓûêΓûêΓûêΓûêΓûêΓûêΓûêΓûêΓûêΓûêΓûêΓûê           |  ETA: 0:00:01[39m[K
[34m                   # paths tracked: 155[39m[K
[34m   # non-singular solutions (real): 155 (10)[39m[K
[34m       # singular endpoints (real): 0 (0)[39m[K
[34m          # total solutions (real): 155 (10)[39m[K
[A
[A
[A
[A




[K[A
[K[A
[K[A
[K[A
[32mTracking 252 paths...  76%|ΓûêΓûêΓûêΓûêΓûêΓûêΓûêΓûêΓûêΓûêΓûêΓûêΓûêΓûêΓûêΓûêΓûêΓûêΓûêΓûêΓûêΓûê       |  ETA: 0:00:00[39m[K
[34m                   # paths tracked: 191[39m[K
[34m   # non-singular solutions (real): 191 (10)[39m[K
[34m       # singular endpoints (real): 0 (0)[39m[K
[34m          # total solutions (real): 191 (10)[39m[K
[A
[A
[A
[A




[K[A
[K[A
[K[A
[K[A
[32mTracking 252 paths...  90%|ΓûêΓûêΓûêΓûêΓûêΓûêΓûêΓûêΓûêΓûêΓûêΓûêΓûêΓûêΓûêΓûêΓûêΓûêΓûêΓûêΓûêΓûêΓûêΓûêΓûêΓûêΓûê  |  ETA: 0:00:00[39m[K
[34m                   # paths tracked: 227[39m[K
[34m   # non-singular solutions (real): 227 (11)[39m[K
[34m       # singular endpoints (real): 0 (0)[39m[K
[34m          # total solutions (real): 227 (11)[39m[K
[A
[A
[A
[A




[K[A
[K[A
[K[A
[K[A
[32mTracking 252 paths... 100%|ΓûêΓûêΓûêΓûêΓûêΓûêΓûêΓûêΓûêΓûêΓûêΓûêΓûêΓûêΓûêΓûêΓûêΓûêΓûêΓûêΓûêΓûêΓûêΓûêΓûêΓûêΓûêΓûêΓûê| Time: 0:00:01[39m[K
[34m                   # paths tracked: 252[39m[K
[34m   # non-singular solutions (real): 252 (12)[39m[K
[34m       # singular endpoints (real): 0 (0)[39m[K
[34m          # total solutions (real): 252 (12)[39m[K

[32mTracking 252 paths...  36%|ΓûêΓûêΓûêΓûêΓûêΓûêΓûêΓûêΓûêΓûêΓûê                  |  ETA: 0:00:01[39m[K
[34m                   # paths tracked: 90[39m[K
[34m   # non-singular solutions (real): 90 (4)[39m[K
[34m       # singular endpoints (real): 0 (0)[39m[K
[34m          # total solutions (real): 90 (4)[39m[K
[A
[A
[A
[A




[K[A
[K[A
[K[A
[K[A
[32mTracking 252 paths...  50%|ΓûêΓûêΓûêΓûêΓûêΓûêΓûêΓûêΓûêΓûêΓûêΓûêΓûêΓûêΓûê              |  ETA: 0:00:01[39m[K
[34m                   # paths tracked: 127[39m[K
[34m   # non-singular solutions (real): 127 (6)[39m[K
[34m       # singular endpoints (real): 0 (0)[39m[K
[34m          # total solutions (real): 127 (6)[39m[K
[A
[A
[A
[A




[K[A
[K[A
[K[A
[K[A
[32mTracking 252 paths...  65%|ΓûêΓûêΓûêΓûêΓûêΓûêΓûêΓûêΓûêΓûêΓûêΓûêΓûêΓûêΓûêΓûêΓûêΓûêΓûê          |  ETA: 0:00:00[39m[K
[34m                   # paths tracked: 163[39m[K
[34m   # non-singular solutions (real): 163 (7)[39m[K
[34m       # singular endpoints (real): 0 (0)[39m[K
[34m          # total solutions (real): 163 (7)[39m[K
[A
[A
[A
[A




[K[A
[K[A
[K[A
[K[A
[32mTracking 252 paths...  79%|ΓûêΓûêΓûêΓûêΓûêΓûêΓûêΓûêΓûêΓûêΓûêΓûêΓûêΓûêΓûêΓûêΓûêΓûêΓûêΓûêΓûêΓûêΓûê      |  ETA: 0:00:00[39m[K
[34m                   # paths tracked: 199[39m[K
[34m   # non-singular solutions (real): 199 (9)[39m[K
[34m       # singular endpoints (real): 0 (0)[39m[K
[34m          # total solutions (real): 199 (9)[39m[K
[A
[A
[A
[A




[K[A
[K[A
[K[A
[K[A
[32mTracking 252 paths...  93%|ΓûêΓûêΓûêΓûêΓûêΓûêΓûêΓûêΓûêΓûêΓûêΓûêΓûêΓûêΓûêΓûêΓûêΓûêΓûêΓûêΓûêΓûêΓûêΓûêΓûêΓûêΓûêΓûê |  ETA: 0:00:00[39m[K
[34m                   # paths tracked: 235[39m[K
[34m   # non-singular solutions (real): 235 (12)[39m[K
[34m       # singular endpoints (real): 0 (0)[39m[K
[34m          # total solutions (real): 235 (12)[39m[K
[A
[A
[A
[A




[K[A
[K[A
[K[A
[K[A
[32mTracking 252 paths... 100%|ΓûêΓûêΓûêΓûêΓûêΓûêΓûêΓûêΓûêΓûêΓûêΓûêΓûêΓûêΓûêΓûêΓûêΓûêΓûêΓûêΓûêΓûêΓûêΓûêΓûêΓûêΓûêΓûêΓûê| Time: 0:00:01[39m[K
[34m                   # paths tracked: 252[39m[K
[34m   # non-singular solutions (real): 252 (12)[39m[K
[34m       # singular endpoints (real): 0 (0)[39m[K
[34m          # total solutions (real): 252 (12)[39m[K

[32mTracking 252 paths...  33%|ΓûêΓûêΓûêΓûêΓûêΓûêΓûêΓûêΓûêΓûê                   |  ETA: 0:00:01[39m[K
[34m                   # paths tracked: 82[39m[K
[34m   # non-singular solutions (real): 82 (4)[39m[K
[34m       # singular endpoints (real): 0 (0)[39m[K
[34m          # total solutions (real): 82 (4)[39m[K
[A
[A
[A
[A




[K[A
[K[A
[K[A
[K[A
[32mTracking 252 paths...  46%|ΓûêΓûêΓûêΓûêΓûêΓûêΓûêΓûêΓûêΓûêΓûêΓûêΓûêΓûê               |  ETA: 0:00:01[39m[K
[34m                   # paths tracked: 116[39m[K
[34m   # non-singular solutions (real): 116 (7)[39m[K
[34m       # singular endpoints (real): 0 (0)[39m[K
[34m          # total solutions (real): 116 (7)[39m[K
[A
[A
[A
[A




[K[A
[K[A
[K[A
[K[A
[32mTracking 252 paths...  59%|ΓûêΓûêΓûêΓûêΓûêΓûêΓûêΓûêΓûêΓûêΓûêΓûêΓûêΓûêΓûêΓûêΓûêΓûê           |  ETA: 0:00:01[39m[K
[34m                   # paths tracked: 149[39m[K
[34m   # non-singular solutions (real): 149 (7)[39m[K
[34m       # singular endpoints (real): 0 (0)[39m[K
[34m          # total solutions (real): 149 (7)[39m[K
[A
[A
[A
[A




[K[A
[K[A
[K[A
[K[A
[32mTracking 252 paths...  73%|ΓûêΓûêΓûêΓûêΓûêΓûêΓûêΓûêΓûêΓûêΓûêΓûêΓûêΓûêΓûêΓûêΓûêΓûêΓûêΓûêΓûêΓûê       |  ETA: 0:00:00[39m[K
[34m                   # paths tracked: 184[39m[K
[34m   # non-singular solutions (real): 184 (9)[39m[K
[34m       # singular endpoints (real): 0 (0)[39m[K
[34m          # total solutions (real): 184 (9)[39m[K
[A
[A
[A
[A




[K[A
[K[A
[K[A
[K[A
[32mTracking 252 paths...  86%|ΓûêΓûêΓûêΓûêΓûêΓûêΓûêΓûêΓûêΓûêΓûêΓûêΓûêΓûêΓûêΓûêΓûêΓûêΓûêΓûêΓûêΓûêΓûêΓûêΓûê    |  ETA: 0:00:00[39m[K
[34m                   # paths tracked: 217[39m[K
[34m   # non-singular solutions (real): 217 (9)[39m[K
[34m       # singular endpoints (real): 0 (0)[39m[K
[34m          # total solutions (real): 217 (9)[39m[K
[A
[A
[A
[A




[K[A
[K[A
[K[A
[K[A
[32mTracking 252 paths...  99%|ΓûêΓûêΓûêΓûêΓûêΓûêΓûêΓûêΓûêΓûêΓûêΓûêΓûêΓûêΓûêΓûêΓûêΓûêΓûêΓûêΓûêΓûêΓûêΓûêΓûêΓûêΓûêΓûêΓûê|  ETA: 0:00:00[39m[K
[34m                   # paths tracked: 250[39m[K
[34m   # non-singular solutions (real): 250 (12)[39m[K
[34m       # singular endpoints (real): 0 (0)[39m[K
[34m          # total solutions (real): 250 (12)[39m[K
[A
[A
[A
[A




[K[A
[K[A
[K[A
[K[A
[32mTracking 252 paths... 100%|ΓûêΓûêΓûêΓûêΓûêΓûêΓûêΓûêΓûêΓûêΓûêΓûêΓûêΓûêΓûêΓûêΓûêΓûêΓûêΓûêΓûêΓûêΓûêΓûêΓûêΓûêΓûêΓûêΓûê| Time: 0:00:01[39m[K
[34m                   # paths tracked: 252[39m[K
[34m   # non-singular solutions (real): 252 (12)[39m[K
[34m       # singular endpoints (real): 0 (0)[39m[K
[34m          # total solutions (real): 252 (12)[39m[K

[32mTracking 252 paths...  31%|ΓûêΓûêΓûêΓûêΓûêΓûêΓûêΓûêΓûêΓûê                   |  ETA: 0:00:01[39m[K
[34m                   # paths tracked: 79[39m[K
[34m   # non-singular solutions (real): 79 (4)[39m[K
[34m       # singular endpoints (real): 0 (0)[39m[K
[34m          # total solutions (real): 79 (4)[39m[K
[A
[A
[A
[A




[K[A
[K[A
[K[A
[K[A
[32mTracking 252 paths...  44%|ΓûêΓûêΓûêΓûêΓûêΓûêΓûêΓûêΓûêΓûêΓûêΓûêΓûê                |  ETA: 0:00:01[39m[K
[34m                   # paths tracked: 111[39m[K
[34m   # non-singular solutions (real): 111 (7)[39m[K
[34m       # singular endpoints (real): 0 (0)[39m[K
[34m          # total solutions (real): 111 (7)[39m[K
[A
[A
[A
[A




[K[A
[K[A
[K[A
[K[A
[32mTracking 252 paths...  57%|ΓûêΓûêΓûêΓûêΓûêΓûêΓûêΓûêΓûêΓûêΓûêΓûêΓûêΓûêΓûêΓûêΓûê            |  ETA: 0:00:01[39m[K
[34m                   # paths tracked: 143[39m[K
[34m   # non-singular solutions (real): 143 (7)[39m[K
[34m       # singular endpoints (real): 0 (0)[39m[K
[34m          # total solutions (real): 143 (7)[39m[K
[A
[A
[A
[A




[K[A
[K[A
[K[A
[K[A
[32mTracking 252 paths...  69%|ΓûêΓûêΓûêΓûêΓûêΓûêΓûêΓûêΓûêΓûêΓûêΓûêΓûêΓûêΓûêΓûêΓûêΓûêΓûêΓûê         |  ETA: 0:00:01[39m[K
[34m                   # paths tracked: 173[39m[K
[34m   # non-singular solutions (real): 173 (9)[39m[K
[34m       # singular endpoints (real): 0 (0)[39m[K
[34m          # total solutions (real): 173 (9)[39m[K
[A
[A
[A
[A




[K[A
[K[A
[K[A
[K[A
[32mTracking 252 paths...  82%|ΓûêΓûêΓûêΓûêΓûêΓûêΓûêΓûêΓûêΓûêΓûêΓûêΓûêΓûêΓûêΓûêΓûêΓûêΓûêΓûêΓûêΓûêΓûêΓûê     |  ETA: 0:00:00[39m[K
[34m                   # paths tracked: 207[39m[K
[34m   # non-singular solutions (real): 207 (11)[39m[K
[34m       # singular endpoints (real): 0 (0)[39m[K
[34m          # total solutions (real): 207 (11)[39m[K
[A
[A
[A
[A




[K[A
[K[A
[K[A
[K[A
[32mTracking 252 paths...  96%|ΓûêΓûêΓûêΓûêΓûêΓûêΓûêΓûêΓûêΓûêΓûêΓûêΓûêΓûêΓûêΓûêΓûêΓûêΓûêΓûêΓûêΓûêΓûêΓûêΓûêΓûêΓûêΓûê |  ETA: 0:00:00[39m[K
[34m                   # paths tracked: 243[39m[K
[34m   # non-singular solutions (real): 243 (12)[39m[K
[34m       # singular endpoints (real): 0 (0)[39m[K
[34m          # total solutions (real): 243 (12)[39m[K
[A
[A
[A
[A




[K[A
[K[A
[K[A
[K[A
[32mTracking 252 paths... 100%|ΓûêΓûêΓûêΓûêΓûêΓûêΓûêΓûêΓûêΓûêΓûêΓûêΓûêΓûêΓûêΓûêΓûêΓûêΓûêΓûêΓûêΓûêΓûêΓûêΓûêΓûêΓûêΓûêΓûê| Time: 0:00:01[39m[K
[34m                   # paths tracked: 252[39m[K
[34m   # non-singular solutions (real): 252 (12)[39m[K
[34m       # singular endpoints (real): 0 (0)[39m[K
[34m          # total solutions (real): 252 (12)[39m[K

[32mTracking 252 paths...  29%|ΓûêΓûêΓûêΓûêΓûêΓûêΓûêΓûêΓûê                    |  ETA: 0:00:01[39m[K
[34m                   # paths tracked: 72[39m[K
[34m   # non-singular solutions (real): 72 (6)[39m[K
[34m       # singular endpoints (real): 0 (0)[39m[K
[34m          # total solutions (real): 72 (6)[39m[K
[A
[A
[A
[A




[K[A
[K[A
[K[A
[K[A
[32mTracking 252 paths...  40%|ΓûêΓûêΓûêΓûêΓûêΓûêΓûêΓûêΓûêΓûêΓûêΓûê                 |  ETA: 0:00:01[39m[K
[34m                   # paths tracked: 101[39m[K
[34m   # non-singular solutions (real): 101 (11)[39m[K
[34m       # singular endpoints (real): 0 (0)[39m[K
[34m          # total solutions (real): 101 (11)[39m[K
[A
[A
[A
[A




[K[A
[K[A
[K[A
[K[A
[32mTracking 252 paths...  53%|ΓûêΓûêΓûêΓûêΓûêΓûêΓûêΓûêΓûêΓûêΓûêΓûêΓûêΓûêΓûêΓûê             |  ETA: 0:00:01[39m[K
[34m                   # paths tracked: 134[39m[K
[34m   # non-singular solutions (real): 134 (12)[39m[K
[34m       # singular endpoints (real): 0 (0)[39m[K
[34m          # total solutions (real): 134 (12)[39m[K
[A
[A
[A
[A




[K[A
[K[A
[K[A
[K[A
[32mTracking 252 paths...  66%|ΓûêΓûêΓûêΓûêΓûêΓûêΓûêΓûêΓûêΓûêΓûêΓûêΓûêΓûêΓûêΓûêΓûêΓûêΓûêΓûê         |  ETA: 0:00:01[39m[K
[34m                   # paths tracked: 166[39m[K
[34m   # non-singular solutions (real): 166 (12)[39m[K
[34m       # singular endpoints (real): 0 (0)[39m[K
[34m          # total solutions (real): 166 (12)[39m[K
[A
[A
[A
[A




[K[A
[K[A
[K[A
[K[A
[32mTracking 252 paths...  78%|ΓûêΓûêΓûêΓûêΓûêΓûêΓûêΓûêΓûêΓûêΓûêΓûêΓûêΓûêΓûêΓûêΓûêΓûêΓûêΓûêΓûêΓûêΓûê      |  ETA: 0:00:00[39m[K
[34m                   # paths tracked: 196[39m[K
[34m   # non-singular solutions (real): 196 (12)[39m[K
[34m       # singular endpoints (real): 0 (0)[39m[K
[34m          # total solutions (real): 196 (12)[39m[K
[A
[A
[A
[A




[K[A
[K[A
[K[A
[K[A
[32mTracking 252 paths...  91%|ΓûêΓûêΓûêΓûêΓûêΓûêΓûêΓûêΓûêΓûêΓûêΓûêΓûêΓûêΓûêΓûêΓûêΓûêΓûêΓûêΓûêΓûêΓûêΓûêΓûêΓûêΓûê  |  ETA: 0:00:00[39m[K
[34m                   # paths tracked: 229[39m[K
[34m   # non-singular solutions (real): 229 (12)[39m[K
[34m       # singular endpoints (real): 0 (0)[39m[K
[34m          # total solutions (real): 229 (12)[39m[K
[A
[A
[A
[A




[K[A
[K[A
[K[A
[K[A
[32mTracking 252 paths... 100%|ΓûêΓûêΓûêΓûêΓûêΓûêΓûêΓûêΓûêΓûêΓûêΓûêΓûêΓûêΓûêΓûêΓûêΓûêΓûêΓûêΓûêΓûêΓûêΓûêΓûêΓûêΓûêΓûêΓûê| Time: 0:00:01[39m[K
[34m                   # paths tracked: 252[39m[K
[34m   # non-singular solutions (real): 252 (12)[39m[K
[34m       # singular endpoints (real): 0 (0)[39m[K
[34m          # total solutions (real): 252 (12)[39m[K

[32mTracking 252 paths...  28%|ΓûêΓûêΓûêΓûêΓûêΓûêΓûêΓûêΓûê                    |  ETA: 0:00:01[39m[K
[34m                   # paths tracked: 71[39m[K
[34m   # non-singular solutions (real): 71 (4)[39m[K
[34m       # singular endpoints (real): 0 (0)[39m[K
[34m          # total solutions (real): 71 (4)[39m[K
[A
[A
[A
[A




[K[A
[K[A
[K[A
[K[A
[32mTracking 252 paths...  40%|ΓûêΓûêΓûêΓûêΓûêΓûêΓûêΓûêΓûêΓûêΓûêΓûê                 |  ETA: 0:00:01[39m[K
[34m                   # paths tracked: 101[39m[K
[34m   # non-singular solutions (real): 101 (5)[39m[K
[34m       # singular endpoints (real): 0 (0)[39m[K
[34m          # total solutions (real): 101 (5)[39m[K
[A
[A
[A
[A




[K[A
[K[A
[K[A
[K[A
[32mTracking 252 paths...  52%|ΓûêΓûêΓûêΓûêΓûêΓûêΓûêΓûêΓûêΓûêΓûêΓûêΓûêΓûêΓûêΓûê             |  ETA: 0:00:01[39m[K
[34m                   # paths tracked: 132[39m[K
[34m   # non-singular solutions (real): 132 (8)[39m[K
[34m       # singular endpoints (real): 0 (0)[39m[K
[34m          # total solutions (real): 132 (8)[39m[K
[A
[A
[A
[A




[K[A
[K[A
[K[A
[K[A
[32mTracking 252 paths...  64%|ΓûêΓûêΓûêΓûêΓûêΓûêΓûêΓûêΓûêΓûêΓûêΓûêΓûêΓûêΓûêΓûêΓûêΓûêΓûê          |  ETA: 0:00:01[39m[K
[34m                   # paths tracked: 162[39m[K
[34m   # non-singular solutions (real): 162 (9)[39m[K
[34m       # singular endpoints (real): 0 (0)[39m[K
[34m          # total solutions (real): 162 (9)[39m[K
[A
[A
[A
[A




[K[A
[K[A
[K[A
[K[A
[32mTracking 252 paths...  73%|ΓûêΓûêΓûêΓûêΓûêΓûêΓûêΓûêΓûêΓûêΓûêΓûêΓûêΓûêΓûêΓûêΓûêΓûêΓûêΓûêΓûêΓûê       |  ETA: 0:00:00[39m[K
[34m                   # paths tracked: 185[39m[K
[34m   # non-singular solutions (real): 185 (9)[39m[K
[34m       # singular endpoints (real): 0 (0)[39m[K
[34m          # total solutions (real): 185 (9)[39m[K
[A
[A
[A
[A




[K[A
[K[A
[K[A
[K[A
[32mTracking 252 paths...  84%|ΓûêΓûêΓûêΓûêΓûêΓûêΓûêΓûêΓûêΓûêΓûêΓûêΓûêΓûêΓûêΓûêΓûêΓûêΓûêΓûêΓûêΓûêΓûêΓûêΓûê    |  ETA: 0:00:00[39m[K
[34m                   # paths tracked: 212[39m[K
[34m   # non-singular solutions (real): 212 (9)[39m[K
[34m       # singular endpoints (real): 0 (0)[39m[K
[34m          # total solutions (real): 212 (9)[39m[K
[A
[A
[A
[A




[K[A
[K[A
[K[A
[K[A
[32mTracking 252 paths...  97%|ΓûêΓûêΓûêΓûêΓûêΓûêΓûêΓûêΓûêΓûêΓûêΓûêΓûêΓûêΓûêΓûêΓûêΓûêΓûêΓûêΓûêΓûêΓûêΓûêΓûêΓûêΓûêΓûêΓûê|  ETA: 0:00:00[39m[K
[34m                   # paths tracked: 244[39m[K
[34m   # non-singular solutions (real): 244 (12)[39m[K
[34m       # singular endpoints (real): 0 (0)[39m[K
[34m          # total solutions (real): 244 (12)[39m[K
[A
[A
[A
[A




[K[A
[K[A
[K[A
[K[A
[32mTracking 252 paths... 100%|ΓûêΓûêΓûêΓûêΓûêΓûêΓûêΓûêΓûêΓûêΓûêΓûêΓûêΓûêΓûêΓûêΓûêΓûêΓûêΓûêΓûêΓûêΓûêΓûêΓûêΓûêΓûêΓûêΓûê| Time: 0:00:01[39m[K
[34m                   # paths tracked: 252[39m[K
[34m   # non-singular solutions (real): 252 (12)[39m[K
[34m       # singular endpoints (real): 0 (0)[39m[K
[34m          # total solutions (real): 252 (12)[39m[K

[32mTracking 252 paths...  30%|ΓûêΓûêΓûêΓûêΓûêΓûêΓûêΓûêΓûê                    |  ETA: 0:00:01[39m[K
[34m                   # paths tracked: 76[39m[K
[34m   # non-singular solutions (real): 76 (2)[39m[K
[34m       # singular endpoints (real): 0 (0)[39m[K
[34m          # total solutions (real): 76 (2)[39m[K
[A
[A
[A
[A




[K[A
[K[A
[K[A
[K[A
[32mTracking 252 paths...  44%|ΓûêΓûêΓûêΓûêΓûêΓûêΓûêΓûêΓûêΓûêΓûêΓûêΓûê                |  ETA: 0:00:01[39m[K
[34m                   # paths tracked: 110[39m[K
[34m   # non-singular solutions (real): 110 (4)[39m[K
[34m       # singular endpoints (real): 0 (0)[39m[K
[34m          # total solutions (real): 110 (4)[39m[K
[A
[A
[A
[A




[K[A
[K[A
[K[A
[K[A
[32mTracking 252 paths...  58%|ΓûêΓûêΓûêΓûêΓûêΓûêΓûêΓûêΓûêΓûêΓûêΓûêΓûêΓûêΓûêΓûêΓûê            |  ETA: 0:00:01[39m[K
[34m                   # paths tracked: 145[39m[K
[34m   # non-singular solutions (real): 145 (5)[39m[K
[34m       # singular endpoints (real): 0 (0)[39m[K
[34m          # total solutions (real): 145 (5)[39m[K
[A
[A
[A
[A




[K[A
[K[A
[K[A
[K[A
[32mTracking 252 paths...  71%|ΓûêΓûêΓûêΓûêΓûêΓûêΓûêΓûêΓûêΓûêΓûêΓûêΓûêΓûêΓûêΓûêΓûêΓûêΓûêΓûêΓûê        |  ETA: 0:00:00[39m[K
[34m                   # paths tracked: 179[39m[K
[34m   # non-singular solutions (real): 179 (7)[39m[K
[34m       # singular endpoints (real): 0 (0)[39m[K
[34m          # total solutions (real): 179 (7)[39m[K
[A
[A
[A
[A




[K[A
[K[A
[K[A
[K[A
[32mTracking 252 paths...  84%|ΓûêΓûêΓûêΓûêΓûêΓûêΓûêΓûêΓûêΓûêΓûêΓûêΓûêΓûêΓûêΓûêΓûêΓûêΓûêΓûêΓûêΓûêΓûêΓûêΓûê    |  ETA: 0:00:00[39m[K
[34m                   # paths tracked: 211[39m[K
[34m   # non-singular solutions (real): 211 (8)[39m[K
[34m       # singular endpoints (real): 0 (0)[39m[K
[34m          # total solutions (real): 211 (8)[39m[K
[A
[A
[A
[A




[K[A
[K[A
[K[A
[K[A
[32mTracking 252 paths...  94%|ΓûêΓûêΓûêΓûêΓûêΓûêΓûêΓûêΓûêΓûêΓûêΓûêΓûêΓûêΓûêΓûêΓûêΓûêΓûêΓûêΓûêΓûêΓûêΓûêΓûêΓûêΓûêΓûê |  ETA: 0:00:00[39m[K
[34m                   # paths tracked: 238[39m[K
[34m   # non-singular solutions (real): 238 (10)[39m[K
[34m       # singular endpoints (real): 0 (0)[39m[K
[34m          # total solutions (real): 238 (10)[39m[K
[A
[A
[A
[A




[K[A
[K[A
[K[A
[K[A
[32mTracking 252 paths... 100%|ΓûêΓûêΓûêΓûêΓûêΓûêΓûêΓûêΓûêΓûêΓûêΓûêΓûêΓûêΓûêΓûêΓûêΓûêΓûêΓûêΓûêΓûêΓûêΓûêΓûêΓûêΓûêΓûêΓûê| Time: 0:00:01[39m[K
[34m                   # paths tracked: 252[39m[K
[34m   # non-singular solutions (real): 252 (12)[39m[K
[34m       # singular endpoints (real): 0 (0)[39m[K
[34m          # total solutions (real): 252 (12)[39m[K

[32mTracking 252 paths...  34%|ΓûêΓûêΓûêΓûêΓûêΓûêΓûêΓûêΓûêΓûê                   |  ETA: 0:00:01[39m[K
[34m                   # paths tracked: 86[39m[K
[34m   # non-singular solutions (real): 86 (3)[39m[K
[34m       # singular endpoints (real): 0 (0)[39m[K
[34m          # total solutions (real): 86 (3)[39m[K
[A
[A
[A
[A




[K[A
[K[A
[K[A
[K[A
[32mTracking 252 paths...  47%|ΓûêΓûêΓûêΓûêΓûêΓûêΓûêΓûêΓûêΓûêΓûêΓûêΓûêΓûê               |  ETA: 0:00:01[39m[K
[34m                   # paths tracked: 119[39m[K
[34m   # non-singular solutions (real): 119 (4)[39m[K
[34m       # singular endpoints (real): 0 (0)[39m[K
[34m          # total solutions (real): 119 (4)[39m[K
[A
[A
[A
[A




[K[A
[K[A
[K[A
[K[A
[32mTracking 252 paths...  61%|ΓûêΓûêΓûêΓûêΓûêΓûêΓûêΓûêΓûêΓûêΓûêΓûêΓûêΓûêΓûêΓûêΓûêΓûê           |  ETA: 0:00:01[39m[K
[34m                   # paths tracked: 153[39m[K
[34m   # non-singular solutions (real): 153 (5)[39m[K
[34m       # singular endpoints (real): 0 (0)[39m[K
[34m          # total solutions (real): 153 (5)[39m[K
[A
[A
[A
[A




[K[A
[K[A
[K[A
[K[A
[32mTracking 252 paths...  74%|ΓûêΓûêΓûêΓûêΓûêΓûêΓûêΓûêΓûêΓûêΓûêΓûêΓûêΓûêΓûêΓûêΓûêΓûêΓûêΓûêΓûêΓûê       |  ETA: 0:00:00[39m[K
[34m                   # paths tracked: 187[39m[K
[34m   # non-singular solutions (real): 187 (7)[39m[K
[34m       # singular endpoints (real): 0 (0)[39m[K
[34m          # total solutions (real): 187 (7)[39m[K
[A
[A
[A
[A




[K[A
[K[A
[K[A
[K[A
[32mTracking 252 paths...  87%|ΓûêΓûêΓûêΓûêΓûêΓûêΓûêΓûêΓûêΓûêΓûêΓûêΓûêΓûêΓûêΓûêΓûêΓûêΓûêΓûêΓûêΓûêΓûêΓûêΓûêΓûê   |  ETA: 0:00:00[39m[K
[34m                   # paths tracked: 218[39m[K
[34m   # non-singular solutions (real): 218 (9)[39m[K
[34m       # singular endpoints (real): 0 (0)[39m[K
[34m          # total solutions (real): 218 (9)[39m[K
[A
[A
[A
[A




[K[A
[K[A
[K[A
[K[A
[32mTracking 252 paths...  98%|ΓûêΓûêΓûêΓûêΓûêΓûêΓûêΓûêΓûêΓûêΓûêΓûêΓûêΓûêΓûêΓûêΓûêΓûêΓûêΓûêΓûêΓûêΓûêΓûêΓûêΓûêΓûêΓûêΓûê|  ETA: 0:00:00[39m[K
[34m                   # paths tracked: 248[39m[K
[34m   # non-singular solutions (real): 248 (12)[39m[K
[34m       # singular endpoints (real): 0 (0)[39m[K
[34m          # total solutions (real): 248 (12)[39m[K
[A
[A
[A
[A




[K[A
[K[A
[K[A
[K[A
[32mTracking 252 paths... 100%|ΓûêΓûêΓûêΓûêΓûêΓûêΓûêΓûêΓûêΓûêΓûêΓûêΓûêΓûêΓûêΓûêΓûêΓûêΓûêΓûêΓûêΓûêΓûêΓûêΓûêΓûêΓûêΓûêΓûê| Time: 0:00:01[39m[K
[34m                   # paths tracked: 252[39m[K
[34m   # non-singular solutions (real): 252 (12)[39m[K
[34m       # singular endpoints (real): 0 (0)[39m[K
[34m          # total solutions (real): 252 (12)[39m[K

[32mTracking 252 paths...  33%|ΓûêΓûêΓûêΓûêΓûêΓûêΓûêΓûêΓûêΓûê                   |  ETA: 0:00:01[39m[K
[34m                   # paths tracked: 82[39m[K
[34m   # non-singular solutions (real): 82 (4)[39m[K
[34m       # singular endpoints (real): 0 (0)[39m[K
[34m          # total solutions (real): 82 (4)[39m[K
[A
[A
[A
[A




[K[A
[K[A
[K[A
[K[A
[32mTracking 252 paths...  46%|ΓûêΓûêΓûêΓûêΓûêΓûêΓûêΓûêΓûêΓûêΓûêΓûêΓûêΓûê               |  ETA: 0:00:01[39m[K
[34m                   # paths tracked: 116[39m[K
[34m   # non-singular solutions (real): 116 (5)[39m[K
[34m       # singular endpoints (real): 0 (0)[39m[K
[34m          # total solutions (real): 116 (5)[39m[K
[A
[A
[A
[A




[K[A
[K[A
[K[A
[K[A
[32mTracking 252 paths...  59%|ΓûêΓûêΓûêΓûêΓûêΓûêΓûêΓûêΓûêΓûêΓûêΓûêΓûêΓûêΓûêΓûêΓûêΓûê           |  ETA: 0:00:01[39m[K
[34m                   # paths tracked: 148[39m[K
[34m   # non-singular solutions (real): 148 (6)[39m[K
[34m       # singular endpoints (real): 0 (0)[39m[K
[34m          # total solutions (real): 148 (6)[39m[K
[A
[A
[A
[A




[K[A
[K[A
[K[A
[K[A
[32mTracking 252 paths...  71%|ΓûêΓûêΓûêΓûêΓûêΓûêΓûêΓûêΓûêΓûêΓûêΓûêΓûêΓûêΓûêΓûêΓûêΓûêΓûêΓûêΓûê        |  ETA: 0:00:00[39m[K
[34m                   # paths tracked: 180[39m[K
[34m   # non-singular solutions (real): 180 (8)[39m[K
[34m       # singular endpoints (real): 0 (0)[39m[K
[34m          # total solutions (real): 180 (8)[39m[K
[A
[A
[A
[A




[K[A
[K[A
[K[A
[K[A
[32mTracking 252 paths...  84%|ΓûêΓûêΓûêΓûêΓûêΓûêΓûêΓûêΓûêΓûêΓûêΓûêΓûêΓûêΓûêΓûêΓûêΓûêΓûêΓûêΓûêΓûêΓûêΓûêΓûê    |  ETA: 0:00:00[39m[K
[34m                   # paths tracked: 212[39m[K
[34m   # non-singular solutions (real): 212 (11)[39m[K
[34m       # singular endpoints (real): 0 (0)[39m[K
[34m          # total solutions (real): 212 (11)[39m[K
[A
[A
[A
[A




[K[A
[K[A
[K[A
[K[A
[32mTracking 252 paths... 100%|ΓûêΓûêΓûêΓûêΓûêΓûêΓûêΓûêΓûêΓûêΓûêΓûêΓûêΓûêΓûêΓûêΓûêΓûêΓûêΓûêΓûêΓûêΓûêΓûêΓûêΓûêΓûêΓûêΓûê| Time: 0:00:01[39m[K
[34m                   # paths tracked: 252[39m[K
[34m   # non-singular solutions (real): 252 (12)[39m[K
[34m       # singular endpoints (real): 0 (0)[39m[K
[34m          # total solutions (real): 252 (12)[39m[K

[32mTracking 252 paths...  39%|ΓûêΓûêΓûêΓûêΓûêΓûêΓûêΓûêΓûêΓûêΓûêΓûê                 |  ETA: 0:00:01[39m[K
[34m                   # paths tracked: 99[39m[K
[34m   # non-singular solutions (real): 99 (4)[39m[K
[34m       # singular endpoints (real): 0 (0)[39m[K
[34m          # total solutions (real): 99 (4)[39m[K
[A
[A
[A
[A




[K[A
[K[A
[K[A
[K[A
[32mTracking 252 paths...  54%|ΓûêΓûêΓûêΓûêΓûêΓûêΓûêΓûêΓûêΓûêΓûêΓûêΓûêΓûêΓûêΓûê             |  ETA: 0:00:01[39m[K
[34m                   # paths tracked: 137[39m[K
[34m   # non-singular solutions (real): 137 (4)[39m[K
[34m       # singular endpoints (real): 0 (0)[39m[K
[34m          # total solutions (real): 137 (4)[39m[K
[A
[A
[A
[A




[K[A
[K[A
[K[A
[K[A
[32mTracking 252 paths...  62%|ΓûêΓûêΓûêΓûêΓûêΓûêΓûêΓûêΓûêΓûêΓûêΓûêΓûêΓûêΓûêΓûêΓûêΓûêΓûê          |  ETA: 0:00:01[39m[K
[34m                   # paths tracked: 157[39m[K
[34m   # non-singular solutions (real): 157 (5)[39m[K
[34m       # singular endpoints (real): 0 (0)[39m[K
[34m          # total solutions (real): 157 (5)[39m[K
[A
[A
[A
[A




[K[A
[K[A
[K[A
[K[A
[32mTracking 252 paths...  75%|ΓûêΓûêΓûêΓûêΓûêΓûêΓûêΓûêΓûêΓûêΓûêΓûêΓûêΓûêΓûêΓûêΓûêΓûêΓûêΓûêΓûêΓûê       |  ETA: 0:00:00[39m[K
[34m                   # paths tracked: 188[39m[K
[34m   # non-singular solutions (real): 188 (7)[39m[K
[34m       # singular endpoints (real): 0 (0)[39m[K
[34m          # total solutions (real): 188 (7)[39m[K
[A
[A
[A
[A




[K[A
[K[A
[K[A
[K[A
[32mTracking 252 paths...  90%|ΓûêΓûêΓûêΓûêΓûêΓûêΓûêΓûêΓûêΓûêΓûêΓûêΓûêΓûêΓûêΓûêΓûêΓûêΓûêΓûêΓûêΓûêΓûêΓûêΓûêΓûêΓûê  |  ETA: 0:00:00[39m[K
[34m                   # paths tracked: 226[39m[K
[34m   # non-singular solutions (real): 226 (11)[39m[K
[34m       # singular endpoints (real): 0 (0)[39m[K
[34m          # total solutions (real): 226 (11)[39m[K
[A
[A
[A
[A




[K[A
[K[A
[K[A
[K[A
[32mTracking 252 paths... 100%|ΓûêΓûêΓûêΓûêΓûêΓûêΓûêΓûêΓûêΓûêΓûêΓûêΓûêΓûêΓûêΓûêΓûêΓûêΓûêΓûêΓûêΓûêΓûêΓûêΓûêΓûêΓûêΓûêΓûê| Time: 0:00:01[39m[K
[34m                   # paths tracked: 252[39m[K
[34m   # non-singular solutions (real): 252 (12)[39m[K
[34m       # singular endpoints (real): 0 (0)[39m[K
[34m          # total solutions (real): 252 (12)[39m[K

[32mTracking 252 paths...  39%|ΓûêΓûêΓûêΓûêΓûêΓûêΓûêΓûêΓûêΓûêΓûêΓûê                 |  ETA: 0:00:01[39m[K
[34m                   # paths tracked: 99[39m[K
[34m   # non-singular solutions (real): 99 (5)[39m[K
[34m       # singular endpoints (real): 0 (0)[39m[K
[34m          # total solutions (real): 99 (5)[39m[K
[A
[A
[A
[A




[K[A
[K[A
[K[A
[K[A
[32mTracking 252 paths...  52%|ΓûêΓûêΓûêΓûêΓûêΓûêΓûêΓûêΓûêΓûêΓûêΓûêΓûêΓûêΓûêΓûê             |  ETA: 0:00:01[39m[K
[34m                   # paths tracked: 131[39m[K
[34m   # non-singular solutions (real): 131 (6)[39m[K
[34m       # singular endpoints (real): 0 (0)[39m[K
[34m          # total solutions (real): 131 (6)[39m[K
[A
[A
[A
[A




[K[A
[K[A
[K[A
[K[A
[32mTracking 252 paths...  67%|ΓûêΓûêΓûêΓûêΓûêΓûêΓûêΓûêΓûêΓûêΓûêΓûêΓûêΓûêΓûêΓûêΓûêΓûêΓûêΓûê         |  ETA: 0:00:00[39m[K
[34m                   # paths tracked: 168[39m[K
[34m   # non-singular solutions (real): 168 (9)[39m[K
[34m       # singular endpoints (real): 0 (0)[39m[K
[34m          # total solutions (real): 168 (9)[39m[K
[A
[A
[A
[A




[K[A
[K[A
[K[A
[K[A
[32mTracking 252 paths...  81%|ΓûêΓûêΓûêΓûêΓûêΓûêΓûêΓûêΓûêΓûêΓûêΓûêΓûêΓûêΓûêΓûêΓûêΓûêΓûêΓûêΓûêΓûêΓûêΓûê     |  ETA: 0:00:00[39m[K
[34m                   # paths tracked: 203[39m[K
[34m   # non-singular solutions (real): 203 (10)[39m[K
[34m       # singular endpoints (real): 0 (0)[39m[K
[34m          # total solutions (real): 203 (10)[39m[K
[A
[A
[A
[A




[K[A
[K[A
[K[A
[K[A
[32mTracking 252 paths...  94%|ΓûêΓûêΓûêΓûêΓûêΓûêΓûêΓûêΓûêΓûêΓûêΓûêΓûêΓûêΓûêΓûêΓûêΓûêΓûêΓûêΓûêΓûêΓûêΓûêΓûêΓûêΓûêΓûê |  ETA: 0:00:00[39m[K
[34m                   # paths tracked: 238[39m[K
[34m   # non-singular solutions (real): 238 (12)[39m[K
[34m       # singular endpoints (real): 0 (0)[39m[K
[34m          # total solutions (real): 238 (12)[39m[K
[A
[A
[A
[A




[K[A
[K[A
[K[A
[K[A
[32mTracking 252 paths... 100%|ΓûêΓûêΓûêΓûêΓûêΓûêΓûêΓûêΓûêΓûêΓûêΓûêΓûêΓûêΓûêΓûêΓûêΓûêΓûêΓûêΓûêΓûêΓûêΓûêΓûêΓûêΓûêΓûêΓûê| Time: 0:00:01[39m[K
[34m                   # paths tracked: 252[39m[K
[34m   # non-singular solutions (real): 252 (12)[39m[K
[34m       # singular endpoints (real): 0 (0)[39m[K
[34m          # total solutions (real): 252 (12)[39m[K

[32mTracking 252 paths...  35%|ΓûêΓûêΓûêΓûêΓûêΓûêΓûêΓûêΓûêΓûêΓûê                  |  ETA: 0:00:01[39m[K
[34m                   # paths tracked: 89[39m[K
[34m   # non-singular solutions (real): 89 (3)[39m[K
[34m       # singular endpoints (real): 0 (0)[39m[K
[34m          # total solutions (real): 89 (3)[39m[K
[A
[A
[A
[A




[K[A
[K[A
[K[A
[K[A
[32mTracking 252 paths...  49%|ΓûêΓûêΓûêΓûêΓûêΓûêΓûêΓûêΓûêΓûêΓûêΓûêΓûêΓûêΓûê              |  ETA: 0:00:01[39m[K
[34m                   # paths tracked: 123[39m[K
[34m   # non-singular solutions (real): 123 (4)[39m[K
[34m       # singular endpoints (real): 0 (0)[39m[K
[34m          # total solutions (real): 123 (4)[39m[K
[A
[A
[A
[A




[K[A
[K[A
[K[A
[K[A
[32mTracking 252 paths...  62%|ΓûêΓûêΓûêΓûêΓûêΓûêΓûêΓûêΓûêΓûêΓûêΓûêΓûêΓûêΓûêΓûêΓûêΓûê           |  ETA: 0:00:01[39m[K
[34m                   # paths tracked: 155[39m[K
[34m   # non-singular solutions (real): 155 (6)[39m[K
[34m       # singular endpoints (real): 0 (0)[39m[K
[34m          # total solutions (real): 155 (6)[39m[K
[A
[A
[A
[A




[K[A
[K[A
[K[A
[K[A
[32mTracking 252 paths...  75%|ΓûêΓûêΓûêΓûêΓûêΓûêΓûêΓûêΓûêΓûêΓûêΓûêΓûêΓûêΓûêΓûêΓûêΓûêΓûêΓûêΓûêΓûê       |  ETA: 0:00:00[39m[K
[34m                   # paths tracked: 190[39m[K
[34m   # non-singular solutions (real): 190 (9)[39m[K
[34m       # singular endpoints (real): 0 (0)[39m[K
[34m          # total solutions (real): 190 (9)[39m[K
[A
[A
[A
[A




[K[A
[K[A
[K[A
[K[A
[32mTracking 252 paths...  88%|ΓûêΓûêΓûêΓûêΓûêΓûêΓûêΓûêΓûêΓûêΓûêΓûêΓûêΓûêΓûêΓûêΓûêΓûêΓûêΓûêΓûêΓûêΓûêΓûêΓûêΓûê   |  ETA: 0:00:00[39m[K
[34m                   # paths tracked: 223[39m[K
[34m   # non-singular solutions (real): 223 (9)[39m[K
[34m       # singular endpoints (real): 0 (0)[39m[K
[34m          # total solutions (real): 223 (9)[39m[K
[A
[A
[A
[A




[K[A
[K[A
[K[A
[K[A
[32mTracking 252 paths... 100%|ΓûêΓûêΓûêΓûêΓûêΓûêΓûêΓûêΓûêΓûêΓûêΓûêΓûêΓûêΓûêΓûêΓûêΓûêΓûêΓûêΓûêΓûêΓûêΓûêΓûêΓûêΓûêΓûêΓûê| Time: 0:00:01[39m[K
[34m                   # paths tracked: 252[39m[K
[34m   # non-singular solutions (real): 252 (12)[39m[K
[34m       # singular endpoints (real): 0 (0)[39m[K
[34m          # total solutions (real): 252 (12)[39m[K

[32mTracking 252 paths...  35%|ΓûêΓûêΓûêΓûêΓûêΓûêΓûêΓûêΓûêΓûêΓûê                  |  ETA: 0:00:01[39m[K
[34m                   # paths tracked: 89[39m[K
[34m   # non-singular solutions (real): 89 (2)[39m[K
[34m       # singular endpoints (real): 0 (0)[39m[K
[34m          # total solutions (real): 89 (2)[39m[K
[A
[A
[A
[A




[K[A
[K[A
[K[A
[K[A
[32mTracking 252 paths...  50%|ΓûêΓûêΓûêΓûêΓûêΓûêΓûêΓûêΓûêΓûêΓûêΓûêΓûêΓûêΓûê              |  ETA: 0:00:01[39m[K
[34m                   # paths tracked: 126[39m[K
[34m   # non-singular solutions (real): 126 (6)[39m[K
[34m       # singular endpoints (real): 0 (0)[39m[K
[34m          # total solutions (real): 126 (6)[39m[K
[A
[A
[A
[A




[K[A
[K[A
[K[A
[K[A
[32mTracking 252 paths...  64%|ΓûêΓûêΓûêΓûêΓûêΓûêΓûêΓûêΓûêΓûêΓûêΓûêΓûêΓûêΓûêΓûêΓûêΓûêΓûê          |  ETA: 0:00:01[39m[K
[34m                   # paths tracked: 161[39m[K
[34m   # non-singular solutions (real): 161 (6)[39m[K
[34m       # singular endpoints (real): 0 (0)[39m[K
[34m          # total solutions (real): 161 (6)[39m[K
[A
[A
[A
[A




[K[A
[K[A
[K[A
[K[A
[32mTracking 252 paths...  79%|ΓûêΓûêΓûêΓûêΓûêΓûêΓûêΓûêΓûêΓûêΓûêΓûêΓûêΓûêΓûêΓûêΓûêΓûêΓûêΓûêΓûêΓûêΓûê      |  ETA: 0:00:00[39m[K
[34m                   # paths tracked: 198[39m[K
[34m   # non-singular solutions (real): 198 (9)[39m[K
[34m       # singular endpoints (real): 0 (0)[39m[K
[34m          # total solutions (real): 198 (9)[39m[K
[A
[A
[A
[A




[K[A
[K[A
[K[A
[K[A
[32mTracking 252 paths...  92%|ΓûêΓûêΓûêΓûêΓûêΓûêΓûêΓûêΓûêΓûêΓûêΓûêΓûêΓûêΓûêΓûêΓûêΓûêΓûêΓûêΓûêΓûêΓûêΓûêΓûêΓûêΓûê  |  ETA: 0:00:00[39m[K
[34m                   # paths tracked: 233[39m[K
[34m   # non-singular solutions (real): 233 (10)[39m[K
[34m       # singular endpoints (real): 0 (0)[39m[K
[34m          # total solutions (real): 233 (10)[39m[K
[A
[A
[A
[A




[K[A
[K[A
[K[A
[K[A
[32mTracking 252 paths... 100%|ΓûêΓûêΓûêΓûêΓûêΓûêΓûêΓûêΓûêΓûêΓûêΓûêΓûêΓûêΓûêΓûêΓûêΓûêΓûêΓûêΓûêΓûêΓûêΓûêΓûêΓûêΓûêΓûêΓûê| Time: 0:00:01[39m[K
[34m                   # paths tracked: 252[39m[K
[34m   # non-singular solutions (real): 252 (12)[39m[K
[34m       # singular endpoints (real): 0 (0)[39m[K
[34m          # total solutions (real): 252 (12)[39m[K

[32mTracking 252 paths...  35%|ΓûêΓûêΓûêΓûêΓûêΓûêΓûêΓûêΓûêΓûêΓûê                  |  ETA: 0:00:01[39m[K
[34m                   # paths tracked: 87[39m[K
[34m   # non-singular solutions (real): 87 (7)[39m[K
[34m       # singular endpoints (real): 0 (0)[39m[K
[34m          # total solutions (real): 87 (7)[39m[K
[A
[A
[A
[A




[K[A
[K[A
[K[A
[K[A
[32mTracking 252 paths...  47%|ΓûêΓûêΓûêΓûêΓûêΓûêΓûêΓûêΓûêΓûêΓûêΓûêΓûêΓûê               |  ETA: 0:00:01[39m[K
[34m                   # paths tracked: 119[39m[K
[34m   # non-singular solutions (real): 119 (8)[39m[K
[34m       # singular endpoints (real): 0 (0)[39m[K
[34m          # total solutions (real): 119 (8)[39m[K
[A
[A
[A
[A




[K[A
[K[A
[K[A
[K[A
[32mTracking 252 paths...  62%|ΓûêΓûêΓûêΓûêΓûêΓûêΓûêΓûêΓûêΓûêΓûêΓûêΓûêΓûêΓûêΓûêΓûêΓûê           |  ETA: 0:00:01[39m[K
[34m                   # paths tracked: 155[39m[K
[34m   # non-singular solutions (real): 155 (10)[39m[K
[34m       # singular endpoints (real): 0 (0)[39m[K
[34m          # total solutions (real): 155 (10)[39m[K
[A
[A
[A
[A




[K[A
[K[A
[K[A
[K[A
[32mTracking 252 paths...  75%|ΓûêΓûêΓûêΓûêΓûêΓûêΓûêΓûêΓûêΓûêΓûêΓûêΓûêΓûêΓûêΓûêΓûêΓûêΓûêΓûêΓûêΓûê       |  ETA: 0:00:00[39m[K
[34m                   # paths tracked: 190[39m[K
[34m   # non-singular solutions (real): 190 (10)[39m[K
[34m       # singular endpoints (real): 0 (0)[39m[K
[34m          # total solutions (real): 190 (10)[39m[K
[A
[A
[A
[A




[K[A
[K[A
[K[A
[K[A
[32mTracking 252 paths...  88%|ΓûêΓûêΓûêΓûêΓûêΓûêΓûêΓûêΓûêΓûêΓûêΓûêΓûêΓûêΓûêΓûêΓûêΓûêΓûêΓûêΓûêΓûêΓûêΓûêΓûêΓûê   |  ETA: 0:00:00[39m[K
[34m                   # paths tracked: 223[39m[K
[34m   # non-singular solutions (real): 223 (11)[39m[K
[34m       # singular endpoints (real): 0 (0)[39m[K
[34m          # total solutions (real): 223 (11)[39m[K
[A
[A
[A
[A




[K[A
[K[A
[K[A
[K[A
[32mTracking 252 paths... 100%|ΓûêΓûêΓûêΓûêΓûêΓûêΓûêΓûêΓûêΓûêΓûêΓûêΓûêΓûêΓûêΓûêΓûêΓûêΓûêΓûêΓûêΓûêΓûêΓûêΓûêΓûêΓûêΓûêΓûê| Time: 0:00:01[39m[K
[34m                   # paths tracked: 252[39m[K
[34m   # non-singular solutions (real): 252 (12)[39m[K
[34m       # singular endpoints (real): 0 (0)[39m[K
[34m          # total solutions (real): 252 (12)[39m[K

[32mTracking 252 paths...  35%|ΓûêΓûêΓûêΓûêΓûêΓûêΓûêΓûêΓûêΓûêΓûê                  |  ETA: 0:00:01[39m[K
[34m                   # paths tracked: 87[39m[K
[34m   # non-singular solutions (real): 87 (5)[39m[K
[34m       # singular endpoints (real): 0 (0)[39m[K
[34m          # total solutions (real): 87 (5)[39m[K
[A
[A
[A
[A




[K[A
[K[A
[K[A
[K[A
[32mTracking 252 paths...  48%|ΓûêΓûêΓûêΓûêΓûêΓûêΓûêΓûêΓûêΓûêΓûêΓûêΓûêΓûê               |  ETA: 0:00:01[39m[K
[34m                   # paths tracked: 120[39m[K
[34m   # non-singular solutions (real): 120 (7)[39m[K
[34m       # singular endpoints (real): 0 (0)[39m[K
[34m          # total solutions (real): 120 (7)[39m[K
[A
[A
[A
[A




[K[A
[K[A
[K[A
[K[A
[32mTracking 252 paths...  61%|ΓûêΓûêΓûêΓûêΓûêΓûêΓûêΓûêΓûêΓûêΓûêΓûêΓûêΓûêΓûêΓûêΓûêΓûê           |  ETA: 0:00:01[39m[K
[34m                   # paths tracked: 153[39m[K
[34m   # non-singular solutions (real): 153 (8)[39m[K
[34m       # singular endpoints (real): 0 (0)[39m[K
[34m          # total solutions (real): 153 (8)[39m[K
[A
[A
[A
[A




[K[A
[K[A
[K[A
[K[A
[32mTracking 252 paths...  73%|ΓûêΓûêΓûêΓûêΓûêΓûêΓûêΓûêΓûêΓûêΓûêΓûêΓûêΓûêΓûêΓûêΓûêΓûêΓûêΓûêΓûêΓûê       |  ETA: 0:00:00[39m[K
[34m                   # paths tracked: 185[39m[K
[34m   # non-singular solutions (real): 185 (8)[39m[K
[34m       # singular endpoints (real): 0 (0)[39m[K
[34m          # total solutions (real): 185 (8)[39m[K
[A
[A
[A
[A




[K[A
[K[A
[K[A
[K[A
[32mTracking 252 paths...  87%|ΓûêΓûêΓûêΓûêΓûêΓûêΓûêΓûêΓûêΓûêΓûêΓûêΓûêΓûêΓûêΓûêΓûêΓûêΓûêΓûêΓûêΓûêΓûêΓûêΓûêΓûê   |  ETA: 0:00:00[39m[K
[34m                   # paths tracked: 219[39m[K
[34m   # non-singular solutions (real): 219 (10)[39m[K
[34m       # singular endpoints (real): 0 (0)[39m[K
[34m          # total solutions (real): 219 (10)[39m[K
[A
[A
[A
[A




[K[A
[K[A
[K[A
[K[A
[32mTracking 252 paths... 100%|ΓûêΓûêΓûêΓûêΓûêΓûêΓûêΓûêΓûêΓûêΓûêΓûêΓûêΓûêΓûêΓûêΓûêΓûêΓûêΓûêΓûêΓûêΓûêΓûêΓûêΓûêΓûêΓûêΓûê| Time: 0:00:01[39m[K
[34m                   # paths tracked: 252[39m[K
[34m   # non-singular solutions (real): 252 (12)[39m[K
[34m       # singular endpoints (real): 0 (0)[39m[K
[34m          # total solutions (real): 252 (12)[39m[K

[32mTracking 252 paths...  38%|ΓûêΓûêΓûêΓûêΓûêΓûêΓûêΓûêΓûêΓûêΓûêΓûê                 |  ETA: 0:00:01[39m[K
[34m                   # paths tracked: 96[39m[K
[34m   # non-singular solutions (real): 96 (7)[39m[K
[34m       # singular endpoints (real): 0 (0)[39m[K
[34m          # total solutions (real): 96 (7)[39m[K
[A
[A
[A
[A




[K[A
[K[A
[K[A
[K[A
[32mTracking 252 paths...  54%|ΓûêΓûêΓûêΓûêΓûêΓûêΓûêΓûêΓûêΓûêΓûêΓûêΓûêΓûêΓûêΓûê             |  ETA: 0:00:01[39m[K
[34m                   # paths tracked: 136[39m[K
[34m   # non-singular solutions (real): 136 (9)[39m[K
[34m       # singular endpoints (real): 0 (0)[39m[K
[34m          # total solutions (real): 136 (9)[39m[K
[A
[A
[A
[A




[K[A
[K[A
[K[A
[K[A
[32mTracking 252 paths...  70%|ΓûêΓûêΓûêΓûêΓûêΓûêΓûêΓûêΓûêΓûêΓûêΓûêΓûêΓûêΓûêΓûêΓûêΓûêΓûêΓûêΓûê        |  ETA: 0:00:00[39m[K
[34m                   # paths tracked: 176[39m[K
[34m   # non-singular solutions (real): 176 (10)[39m[K
[34m       # singular endpoints (real): 0 (0)[39m[K
[34m          # total solutions (real): 176 (10)[39m[K
[A
[A
[A
[A




[K[A
[K[A
[K[A
[K[A
[32mTracking 252 paths...  87%|ΓûêΓûêΓûêΓûêΓûêΓûêΓûêΓûêΓûêΓûêΓûêΓûêΓûêΓûêΓûêΓûêΓûêΓûêΓûêΓûêΓûêΓûêΓûêΓûêΓûêΓûê   |  ETA: 0:00:00[39m[K
[34m                   # paths tracked: 218[39m[K
[34m   # non-singular solutions (real): 218 (12)[39m[K
[34m       # singular endpoints (real): 0 (0)[39m[K
[34m          # total solutions (real): 218 (12)[39m[K
[A
[A
[A
[A




[K[A
[K[A
[K[A
[K[A
[32mTracking 252 paths... 100%|ΓûêΓûêΓûêΓûêΓûêΓûêΓûêΓûêΓûêΓûêΓûêΓûêΓûêΓûêΓûêΓûêΓûêΓûêΓûêΓûêΓûêΓûêΓûêΓûêΓûêΓûêΓûêΓûêΓûê| Time: 0:00:01[39m[K
[34m                   # paths tracked: 252[39m[K
[34m   # non-singular solutions (real): 252 (12)[39m[K
[34m       # singular endpoints (real): 0 (0)[39m[K
[34m          # total solutions (real): 252 (12)[39m[K

[32mTracking 252 paths...  30%|ΓûêΓûêΓûêΓûêΓûêΓûêΓûêΓûêΓûê                    |  ETA: 0:00:01[39m[K
[34m                   # paths tracked: 75[39m[K
[34m   # non-singular solutions (real): 75 (3)[39m[K
[34m       # singular endpoints (real): 0 (0)[39m[K
[34m          # total solutions (real): 75 (3)[39m[K
[A
[A
[A
[A




[K[A
[K[A
[K[A
[K[A
[32mTracking 252 paths...  42%|ΓûêΓûêΓûêΓûêΓûêΓûêΓûêΓûêΓûêΓûêΓûêΓûêΓûê                |  ETA: 0:00:01[39m[K
[34m                   # paths tracked: 107[39m[K
[34m   # non-singular solutions (real): 107 (4)[39m[K
[34m       # singular endpoints (real): 0 (0)[39m[K
[34m          # total solutions (real): 107 (4)[39m[K
[A
[A
[A
[A




[K[A
[K[A
[K[A
[K[A
[32mTracking 252 paths...  55%|ΓûêΓûêΓûêΓûêΓûêΓûêΓûêΓûêΓûêΓûêΓûêΓûêΓûêΓûêΓûêΓûê             |  ETA: 0:00:01[39m[K
[34m                   # paths tracked: 139[39m[K
[34m   # non-singular solutions (real): 139 (4)[39m[K
[34m       # singular endpoints (real): 0 (0)[39m[K
[34m          # total solutions (real): 139 (4)[39m[K
[A
[A
[A
[A




[K[A
[K[A
[K[A
[K[A
[32mTracking 252 paths...  67%|ΓûêΓûêΓûêΓûêΓûêΓûêΓûêΓûêΓûêΓûêΓûêΓûêΓûêΓûêΓûêΓûêΓûêΓûêΓûêΓûê         |  ETA: 0:00:01[39m[K
[34m                   # paths tracked: 170[39m[K
[34m   # non-singular solutions (real): 170 (5)[39m[K
[34m       # singular endpoints (real): 0 (0)[39m[K
[34m          # total solutions (real): 170 (5)[39m[K
[A
[A
[A
[A




[K[A
[K[A
[K[A
[K[A
[32mTracking 252 paths...  80%|ΓûêΓûêΓûêΓûêΓûêΓûêΓûêΓûêΓûêΓûêΓûêΓûêΓûêΓûêΓûêΓûêΓûêΓûêΓûêΓûêΓûêΓûêΓûêΓûê     |  ETA: 0:00:00[39m[K
[34m                   # paths tracked: 201[39m[K
[34m   # non-singular solutions (real): 201 (9)[39m[K
[34m       # singular endpoints (real): 0 (0)[39m[K
[34m          # total solutions (real): 201 (9)[39m[K
[A
[A
[A
[A




[K[A
[K[A
[K[A
[K[A
[32mTracking 252 paths...  90%|ΓûêΓûêΓûêΓûêΓûêΓûêΓûêΓûêΓûêΓûêΓûêΓûêΓûêΓûêΓûêΓûêΓûêΓûêΓûêΓûêΓûêΓûêΓûêΓûêΓûêΓûêΓûê  |  ETA: 0:00:00[39m[K
[34m                   # paths tracked: 228[39m[K
[34m   # non-singular solutions (real): 228 (11)[39m[K
[34m       # singular endpoints (real): 0 (0)[39m[K
[34m          # total solutions (real): 228 (11)[39m[K
[A
[A
[A
[A




[K[A
[K[A
[K[A
[K[A
[32mTracking 252 paths... 100%|ΓûêΓûêΓûêΓûêΓûêΓûêΓûêΓûêΓûêΓûêΓûêΓûêΓûêΓûêΓûêΓûêΓûêΓûêΓûêΓûêΓûêΓûêΓûêΓûêΓûêΓûêΓûêΓûêΓûê| Time: 0:00:01[39m[K
[34m                   # paths tracked: 252[39m[K
[34m   # non-singular solutions (real): 252 (12)[39m[K
[34m       # singular endpoints (real): 0 (0)[39m[K
[34m          # total solutions (real): 252 (12)[39m[K

[32mTracking 252 paths...  36%|ΓûêΓûêΓûêΓûêΓûêΓûêΓûêΓûêΓûêΓûêΓûê                  |  ETA: 0:00:01[39m[K
[34m                   # paths tracked: 91[39m[K
[34m   # non-singular solutions (real): 91 (6)[39m[K
[34m       # singular endpoints (real): 0 (0)[39m[K
[34m          # total solutions (real): 91 (6)[39m[K
[A
[A
[A
[A




[K[A
[K[A
[K[A
[K[A
[32mTracking 252 paths...  52%|ΓûêΓûêΓûêΓûêΓûêΓûêΓûêΓûêΓûêΓûêΓûêΓûêΓûêΓûêΓûê              |  ETA: 0:00:01[39m[K
[34m                   # paths tracked: 130[39m[K
[34m   # non-singular solutions (real): 130 (7)[39m[K
[34m       # singular endpoints (real): 0 (0)[39m[K
[34m          # total solutions (real): 130 (7)[39m[K
[A
[A
[A
[A




[K[A
[K[A
[K[A
[K[A
[32mTracking 252 paths...  67%|ΓûêΓûêΓûêΓûêΓûêΓûêΓûêΓûêΓûêΓûêΓûêΓûêΓûêΓûêΓûêΓûêΓûêΓûêΓûêΓûê         |  ETA: 0:00:00[39m[K
[34m                   # paths tracked: 168[39m[K
[34m   # non-singular solutions (real): 168 (9)[39m[K
[34m       # singular endpoints (real): 0 (0)[39m[K
[34m          # total solutions (real): 168 (9)[39m[K
[A
[A
[A
[A




[K[A
[K[A
[K[A
[K[A
[32mTracking 252 paths...  81%|ΓûêΓûêΓûêΓûêΓûêΓûêΓûêΓûêΓûêΓûêΓûêΓûêΓûêΓûêΓûêΓûêΓûêΓûêΓûêΓûêΓûêΓûêΓûêΓûê     |  ETA: 0:00:00[39m[K
[34m                   # paths tracked: 205[39m[K
[34m   # non-singular solutions (real): 205 (10)[39m[K
[34m       # singular endpoints (real): 0 (0)[39m[K
[34m          # total solutions (real): 205 (10)[39m[K
[A
[A
[A
[A




[K[A
[K[A
[K[A
[K[A
[32mTracking 252 paths...  96%|ΓûêΓûêΓûêΓûêΓûêΓûêΓûêΓûêΓûêΓûêΓûêΓûêΓûêΓûêΓûêΓûêΓûêΓûêΓûêΓûêΓûêΓûêΓûêΓûêΓûêΓûêΓûêΓûê |  ETA: 0:00:00[39m[K
[34m                   # paths tracked: 241[39m[K
[34m   # non-singular solutions (real): 241 (12)[39m[K
[34m       # singular endpoints (real): 0 (0)[39m[K
[34m          # total solutions (real): 241 (12)[39m[K
[A
[A
[A
[A




[K[A
[K[A
[K[A
[K[A
[32mTracking 252 paths... 100%|ΓûêΓûêΓûêΓûêΓûêΓûêΓûêΓûêΓûêΓûêΓûêΓûêΓûêΓûêΓûêΓûêΓûêΓûêΓûêΓûêΓûêΓûêΓûêΓûêΓûêΓûêΓûêΓûêΓûê| Time: 0:00:01[39m[K
[34m                   # paths tracked: 252[39m[K
[34m   # non-singular solutions (real): 252 (12)[39m[K
[34m       # singular endpoints (real): 0 (0)[39m[K
[34m          # total solutions (real): 252 (12)[39m[K

[32mTracking 252 paths...  32%|ΓûêΓûêΓûêΓûêΓûêΓûêΓûêΓûêΓûêΓûê                   |  ETA: 0:00:01[39m[K
[34m                   # paths tracked: 80[39m[K
[34m   # non-singular solutions (real): 80 (3)[39m[K
[34m       # singular endpoints (real): 0 (0)[39m[K
[34m          # total solutions (real): 80 (3)[39m[K
[A
[A
[A
[A




[K[A
[K[A
[K[A
[K[A
[32mTracking 252 paths...  46%|ΓûêΓûêΓûêΓûêΓûêΓûêΓûêΓûêΓûêΓûêΓûêΓûêΓûêΓûê               |  ETA: 0:00:01[39m[K
[34m                   # paths tracked: 116[39m[K
[34m   # non-singular solutions (real): 116 (4)[39m[K
[34m       # singular endpoints (real): 0 (0)[39m[K
[34m          # total solutions (real): 116 (4)[39m[K
[A
[A
[A
[A




[K[A
[K[A
[K[A
[K[A
[32mTracking 252 paths...  61%|ΓûêΓûêΓûêΓûêΓûêΓûêΓûêΓûêΓûêΓûêΓûêΓûêΓûêΓûêΓûêΓûêΓûêΓûê           |  ETA: 0:00:01[39m[K
[34m                   # paths tracked: 153[39m[K
[34m   # non-singular solutions (real): 153 (5)[39m[K
[34m       # singular endpoints (real): 0 (0)[39m[K
[34m          # total solutions (real): 153 (5)[39m[K
[A
[A
[A
[A




[K[A
[K[A
[K[A
[K[A
[32mTracking 252 paths...  75%|ΓûêΓûêΓûêΓûêΓûêΓûêΓûêΓûêΓûêΓûêΓûêΓûêΓûêΓûêΓûêΓûêΓûêΓûêΓûêΓûêΓûêΓûê       |  ETA: 0:00:00[39m[K
[34m                   # paths tracked: 189[39m[K
[34m   # non-singular solutions (real): 189 (7)[39m[K
[34m       # singular endpoints (real): 0 (0)[39m[K
[34m          # total solutions (real): 189 (7)[39m[K
[A
[A
[A
[A




[K[A
[K[A
[K[A
[K[A
[32mTracking 252 paths...  89%|ΓûêΓûêΓûêΓûêΓûêΓûêΓûêΓûêΓûêΓûêΓûêΓûêΓûêΓûêΓûêΓûêΓûêΓûêΓûêΓûêΓûêΓûêΓûêΓûêΓûêΓûê   |  ETA: 0:00:00[39m[K
[34m                   # paths tracked: 225[39m[K
[34m   # non-singular solutions (real): 225 (10)[39m[K
[34m       # singular endpoints (real): 0 (0)[39m[K
[34m          # total solutions (real): 225 (10)[39m[K
[A
[A
[A
[A




[K[A
[K[A
[K[A
[K[A
[32mTracking 252 paths... 100%|ΓûêΓûêΓûêΓûêΓûêΓûêΓûêΓûêΓûêΓûêΓûêΓûêΓûêΓûêΓûêΓûêΓûêΓûêΓûêΓûêΓûêΓûêΓûêΓûêΓûêΓûêΓûêΓûêΓûê| Time: 0:00:01[39m[K
[34m                   # paths tracked: 252[39m[K
[34m   # non-singular solutions (real): 252 (12)[39m[K
[34m       # singular endpoints (real): 0 (0)[39m[K
[34m          # total solutions (real): 252 (12)[39m[K

[32mTracking 252 paths...  36%|ΓûêΓûêΓûêΓûêΓûêΓûêΓûêΓûêΓûêΓûêΓûê                  |  ETA: 0:00:01[39m[K
[34m                   # paths tracked: 90[39m[K
[34m   # non-singular solutions (real): 90 (5)[39m[K
[34m       # singular endpoints (real): 0 (0)[39m[K
[34m          # total solutions (real): 90 (5)[39m[K
[A
[A
[A
[A




[K[A
[K[A
[K[A
[K[A
[32mTracking 252 paths...  51%|ΓûêΓûêΓûêΓûêΓûêΓûêΓûêΓûêΓûêΓûêΓûêΓûêΓûêΓûêΓûê              |  ETA: 0:00:01[39m[K
[34m                   # paths tracked: 129[39m[K
[34m   # non-singular solutions (real): 129 (6)[39m[K
[34m       # singular endpoints (real): 0 (0)[39m[K
[34m          # total solutions (real): 129 (6)[39m[K
[A
[A
[A
[A




[K[A
[K[A
[K[A
[K[A
[32mTracking 252 paths...  62%|ΓûêΓûêΓûêΓûêΓûêΓûêΓûêΓûêΓûêΓûêΓûêΓûêΓûêΓûêΓûêΓûêΓûêΓûê           |  ETA: 0:00:01[39m[K
[34m                   # paths tracked: 155[39m[K
[34m   # non-singular solutions (real): 155 (9)[39m[K
[34m       # singular endpoints (real): 0 (0)[39m[K
[34m          # total solutions (real): 155 (9)[39m[K
[A
[A
[A
[A




[K[A
[K[A
[K[A
[K[A
[32mTracking 252 paths...  83%|ΓûêΓûêΓûêΓûêΓûêΓûêΓûêΓûêΓûêΓûêΓûêΓûêΓûêΓûêΓûêΓûêΓûêΓûêΓûêΓûêΓûêΓûêΓûêΓûêΓûê    |  ETA: 0:00:00[39m[K
[34m                   # paths tracked: 209[39m[K
[34m   # non-singular solutions (real): 209 (11)[39m[K
[34m       # singular endpoints (real): 0 (0)[39m[K
[34m          # total solutions (real): 209 (11)[39m[K
[A
[A
[A
[A




[K[A
[K[A
[K[A
[K[A
[32mTracking 252 paths...  96%|ΓûêΓûêΓûêΓûêΓûêΓûêΓûêΓûêΓûêΓûêΓûêΓûêΓûêΓûêΓûêΓûêΓûêΓûêΓûêΓûêΓûêΓûêΓûêΓûêΓûêΓûêΓûêΓûê |  ETA: 0:00:00[39m[K
[34m                   # paths tracked: 243[39m[K
[34m   # non-singular solutions (real): 243 (12)[39m[K
[34m       # singular endpoints (real): 0 (0)[39m[K
[34m          # total solutions (real): 243 (12)[39m[K
[A
[A
[A
[A




[K[A
[K[A
[K[A
[K[A
[32mTracking 252 paths... 100%|ΓûêΓûêΓûêΓûêΓûêΓûêΓûêΓûêΓûêΓûêΓûêΓûêΓûêΓûêΓûêΓûêΓûêΓûêΓûêΓûêΓûêΓûêΓûêΓûêΓûêΓûêΓûêΓûêΓûê| Time: 0:00:01[39m[K
[34m                   # paths tracked: 252[39m[K
[34m   # non-singular solutions (real): 252 (12)[39m[K
[34m       # singular endpoints (real): 0 (0)[39m[K
[34m          # total solutions (real): 252 (12)[39m[K

[32mTracking 252 paths...  36%|ΓûêΓûêΓûêΓûêΓûêΓûêΓûêΓûêΓûêΓûêΓûê                  |  ETA: 0:00:01[39m[K
[34m                   # paths tracked: 90[39m[K
[34m   # non-singular solutions (real): 90 (8)[39m[K
[34m       # singular endpoints (real): 0 (0)[39m[K
[34m          # total solutions (real): 90 (8)[39m[K
[A
[A
[A
[A




[K[A
[K[A
[K[A
[K[A
[32mTracking 252 paths...  50%|ΓûêΓûêΓûêΓûêΓûêΓûêΓûêΓûêΓûêΓûêΓûêΓûêΓûêΓûêΓûê              |  ETA: 0:00:01[39m[K
[34m                   # paths tracked: 125[39m[K
[34m   # non-singular solutions (real): 125 (10)[39m[K
[34m       # singular endpoints (real): 0 (0)[39m[K
[34m          # total solutions (real): 125 (10)[39m[K
[A
[A
[A
[A




[K[A
[K[A
[K[A
[K[A
[32mTracking 252 paths...  63%|ΓûêΓûêΓûêΓûêΓûêΓûêΓûêΓûêΓûêΓûêΓûêΓûêΓûêΓûêΓûêΓûêΓûêΓûêΓûê          |  ETA: 0:00:01[39m[K
[34m                   # paths tracked: 160[39m[K
[34m   # non-singular solutions (real): 160 (11)[39m[K
[34m       # singular endpoints (real): 0 (0)[39m[K
[34m          # total solutions (real): 160 (11)[39m[K
[A
[A
[A
[A




[K[A
[K[A
[K[A
[K[A
[32mTracking 252 paths...  77%|ΓûêΓûêΓûêΓûêΓûêΓûêΓûêΓûêΓûêΓûêΓûêΓûêΓûêΓûêΓûêΓûêΓûêΓûêΓûêΓûêΓûêΓûêΓûê      |  ETA: 0:00:00[39m[K
[34m                   # paths tracked: 195[39m[K
[34m   # non-singular solutions (real): 195 (12)[39m[K
[34m       # singular endpoints (real): 0 (0)[39m[K
[34m          # total solutions (real): 195 (12)[39m[K
[A
[A
[A
[A




[K[A
[K[A
[K[A
[K[A
[32mTracking 252 paths...  91%|ΓûêΓûêΓûêΓûêΓûêΓûêΓûêΓûêΓûêΓûêΓûêΓûêΓûêΓûêΓûêΓûêΓûêΓûêΓûêΓûêΓûêΓûêΓûêΓûêΓûêΓûêΓûê  |  ETA: 0:00:00[39m[K
[34m                   # paths tracked: 230[39m[K
[34m   # non-singular solutions (real): 230 (12)[39m[K
[34m       # singular endpoints (real): 0 (0)[39m[K
[34m          # total solutions (real): 230 (12)[39m[K
[A
[A
[A
[A




[K[A
[K[A
[K[A
[K[A
[32mTracking 252 paths... 100%|ΓûêΓûêΓûêΓûêΓûêΓûêΓûêΓûêΓûêΓûêΓûêΓûêΓûêΓûêΓûêΓûêΓûêΓûêΓûêΓûêΓûêΓûêΓûêΓûêΓûêΓûêΓûêΓûêΓûê| Time: 0:00:01[39m[K
[34m                   # paths tracked: 252[39m[K
[34m   # non-singular solutions (real): 252 (12)[39m[K
[34m       # singular endpoints (real): 0 (0)[39m[K
[34m          # total solutions (real): 252 (12)[39m[K

[32mTracking 252 paths...  37%|ΓûêΓûêΓûêΓûêΓûêΓûêΓûêΓûêΓûêΓûêΓûê                  |  ETA: 0:00:01[39m[K
[34m                   # paths tracked: 93[39m[K
[34m   # non-singular solutions (real): 93 (4)[39m[K
[34m       # singular endpoints (real): 0 (0)[39m[K
[34m          # total solutions (real): 93 (4)[39m[K
[A
[A
[A
[A




[K[A
[K[A
[K[A
[K[A
[32mTracking 252 paths...  51%|ΓûêΓûêΓûêΓûêΓûêΓûêΓûêΓûêΓûêΓûêΓûêΓûêΓûêΓûêΓûê              |  ETA: 0:00:01[39m[K
[34m                   # paths tracked: 129[39m[K
[34m   # non-singular solutions (real): 129 (8)[39m[K
[34m       # singular endpoints (real): 0 (0)[39m[K
[34m          # total solutions (real): 129 (8)[39m[K
[A
[A
[A
[A




[K[A
[K[A
[K[A
[K[A
[32mTracking 252 paths...  65%|ΓûêΓûêΓûêΓûêΓûêΓûêΓûêΓûêΓûêΓûêΓûêΓûêΓûêΓûêΓûêΓûêΓûêΓûêΓûê          |  ETA: 0:00:00[39m[K
[34m                   # paths tracked: 165[39m[K
[34m   # non-singular solutions (real): 165 (10)[39m[K
[34m       # singular endpoints (real): 0 (0)[39m[K
[34m          # total solutions (real): 165 (10)[39m[K
[A
[A
[A
[A




[K[A
[K[A
[K[A
[K[A
[32mTracking 252 paths...  81%|ΓûêΓûêΓûêΓûêΓûêΓûêΓûêΓûêΓûêΓûêΓûêΓûêΓûêΓûêΓûêΓûêΓûêΓûêΓûêΓûêΓûêΓûêΓûêΓûê     |  ETA: 0:00:00[39m[K
[34m                   # paths tracked: 203[39m[K
[34m   # non-singular solutions (real): 203 (10)[39m[K
[34m       # singular endpoints (real): 0 (0)[39m[K
[34m          # total solutions (real): 203 (10)[39m[K
[A
[A
[A
[A




[K[A
[K[A
[K[A
[K[A
[32mTracking 252 paths...  95%|ΓûêΓûêΓûêΓûêΓûêΓûêΓûêΓûêΓûêΓûêΓûêΓûêΓûêΓûêΓûêΓûêΓûêΓûêΓûêΓûêΓûêΓûêΓûêΓûêΓûêΓûêΓûêΓûê |  ETA: 0:00:00[39m[K
[34m                   # paths tracked: 240[39m[K
[34m   # non-singular solutions (real): 240 (12)[39m[K
[34m       # singular endpoints (real): 0 (0)[39m[K
[34m          # total solutions (real): 240 (12)[39m[K
[A
[A
[A
[A




[K[A
[K[A
[K[A
[K[A
[32mTracking 252 paths... 100%|ΓûêΓûêΓûêΓûêΓûêΓûêΓûêΓûêΓûêΓûêΓûêΓûêΓûêΓûêΓûêΓûêΓûêΓûêΓûêΓûêΓûêΓûêΓûêΓûêΓûêΓûêΓûêΓûêΓûê| Time: 0:00:01[39m[K
[34m                   # paths tracked: 252[39m[K
[34m   # non-singular solutions (real): 252 (12)[39m[K
[34m       # singular endpoints (real): 0 (0)[39m[K
[34m          # total solutions (real): 252 (12)[39m[K

[32mTracking 252 paths...  37%|ΓûêΓûêΓûêΓûêΓûêΓûêΓûêΓûêΓûêΓûêΓûê                  |  ETA: 0:00:01[39m[K
[34m                   # paths tracked: 92[39m[K
[34m   # non-singular solutions (real): 92 (6)[39m[K
[34m       # singular endpoints (real): 0 (0)[39m[K
[34m          # total solutions (real): 92 (6)[39m[K
[A
[A
[A
[A




[K[A
[K[A
[K[A
[K[A
[32mTracking 252 paths...  52%|ΓûêΓûêΓûêΓûêΓûêΓûêΓûêΓûêΓûêΓûêΓûêΓûêΓûêΓûêΓûê              |  ETA: 0:00:01[39m[K
[34m                   # paths tracked: 130[39m[K
[34m   # non-singular solutions (real): 130 (6)[39m[K
[34m       # singular endpoints (real): 0 (0)[39m[K
[34m          # total solutions (real): 130 (6)[39m[K
[A
[A
[A
[A




[K[A
[K[A
[K[A
[K[A
[32mTracking 252 paths...  66%|ΓûêΓûêΓûêΓûêΓûêΓûêΓûêΓûêΓûêΓûêΓûêΓûêΓûêΓûêΓûêΓûêΓûêΓûêΓûêΓûê         |  ETA: 0:00:00[39m[K
[34m                   # paths tracked: 167[39m[K
[34m   # non-singular solutions (real): 167 (8)[39m[K
[34m       # singular endpoints (real): 0 (0)[39m[K
[34m          # total solutions (real): 167 (8)[39m[K
[A
[A
[A
[A




[K[A
[K[A
[K[A
[K[A
[32mTracking 252 paths...  81%|ΓûêΓûêΓûêΓûêΓûêΓûêΓûêΓûêΓûêΓûêΓûêΓûêΓûêΓûêΓûêΓûêΓûêΓûêΓûêΓûêΓûêΓûêΓûêΓûê     |  ETA: 0:00:00[39m[K
[34m                   # paths tracked: 204[39m[K
[34m   # non-singular solutions (real): 204 (10)[39m[K
[34m       # singular endpoints (real): 0 (0)[39m[K
[34m          # total solutions (real): 204 (10)[39m[K
[A
[A
[A
[A




[K[A
[K[A
[K[A
[K[A
[32mTracking 252 paths...  95%|ΓûêΓûêΓûêΓûêΓûêΓûêΓûêΓûêΓûêΓûêΓûêΓûêΓûêΓûêΓûêΓûêΓûêΓûêΓûêΓûêΓûêΓûêΓûêΓûêΓûêΓûêΓûêΓûê |  ETA: 0:00:00[39m[K
[34m                   # paths tracked: 239[39m[K
[34m   # non-singular solutions (real): 239 (12)[39m[K
[34m       # singular endpoints (real): 0 (0)[39m[K
[34m          # total solutions (real): 239 (12)[39m[K
[A
[A
[A
[A




[K[A
[K[A
[K[A
[K[A
[32mTracking 252 paths... 100%|ΓûêΓûêΓûêΓûêΓûêΓûêΓûêΓûêΓûêΓûêΓûêΓûêΓûêΓûêΓûêΓûêΓûêΓûêΓûêΓûêΓûêΓûêΓûêΓûêΓûêΓûêΓûêΓûêΓûê| Time: 0:00:01[39m[K
[34m                   # paths tracked: 252[39m[K
[34m   # non-singular solutions (real): 252 (12)[39m[K
[34m       # singular endpoints (real): 0 (0)[39m[K
[34m          # total solutions (real): 252 (12)[39m[K

[32mTracking 252 paths...  38%|ΓûêΓûêΓûêΓûêΓûêΓûêΓûêΓûêΓûêΓûêΓûêΓûê                 |  ETA: 0:00:01[39m[K
[34m                   # paths tracked: 96[39m[K
[34m   # non-singular solutions (real): 96 (4)[39m[K
[34m       # singular endpoints (real): 0 (0)[39m[K
[34m          # total solutions (real): 96 (4)[39m[K
[A
[A
[A
[A




[K[A
[K[A
[K[A
[K[A
[32mTracking 252 paths...  53%|ΓûêΓûêΓûêΓûêΓûêΓûêΓûêΓûêΓûêΓûêΓûêΓûêΓûêΓûêΓûêΓûê             |  ETA: 0:00:01[39m[K
[34m                   # paths tracked: 134[39m[K
[34m   # non-singular solutions (real): 134 (7)[39m[K
[34m       # singular endpoints (real): 0 (0)[39m[K
[34m          # total solutions (real): 134 (7)[39m[K
[A
[A
[A
[A




[K[A
[K[A
[K[A
[K[A
[32mTracking 252 paths...  68%|ΓûêΓûêΓûêΓûêΓûêΓûêΓûêΓûêΓûêΓûêΓûêΓûêΓûêΓûêΓûêΓûêΓûêΓûêΓûêΓûê         |  ETA: 0:00:00[39m[K
[34m                   # paths tracked: 172[39m[K
[34m   # non-singular solutions (real): 172 (9)[39m[K
[34m       # singular endpoints (real): 0 (0)[39m[K
[34m          # total solutions (real): 172 (9)[39m[K
[A
[A
[A
[A




[K[A
[K[A
[K[A
[K[A
[32mTracking 252 paths...  85%|ΓûêΓûêΓûêΓûêΓûêΓûêΓûêΓûêΓûêΓûêΓûêΓûêΓûêΓûêΓûêΓûêΓûêΓûêΓûêΓûêΓûêΓûêΓûêΓûêΓûê    |  ETA: 0:00:00[39m[K
[34m                   # paths tracked: 214[39m[K
[34m   # non-singular solutions (real): 214 (11)[39m[K
[34m       # singular endpoints (real): 0 (0)[39m[K
[34m          # total solutions (real): 214 (11)[39m[K
[A
[A
[A
[A




[K[A
[K[A
[K[A
[K[A
[32mTracking 252 paths... 100%|ΓûêΓûêΓûêΓûêΓûêΓûêΓûêΓûêΓûêΓûêΓûêΓûêΓûêΓûêΓûêΓûêΓûêΓûêΓûêΓûêΓûêΓûêΓûêΓûêΓûêΓûêΓûêΓûêΓûê| Time: 0:00:01[39m[K
[34m                   # paths tracked: 252[39m[K
[34m   # non-singular solutions (real): 252 (12)[39m[K
[34m       # singular endpoints (real): 0 (0)[39m[K
[34m          # total solutions (real): 252 (12)[39m[K

[32mTracking 252 paths...  35%|ΓûêΓûêΓûêΓûêΓûêΓûêΓûêΓûêΓûêΓûêΓûê                  |  ETA: 0:00:01[39m[K
[34m                   # paths tracked: 89[39m[K
[34m   # non-singular solutions (real): 89 (6)[39m[K
[34m       # singular endpoints (real): 0 (0)[39m[K
[34m          # total solutions (real): 89 (6)[39m[K
[A
[A
[A
[A




[K[A
[K[A
[K[A
[K[A
[32mTracking 252 paths...  50%|ΓûêΓûêΓûêΓûêΓûêΓûêΓûêΓûêΓûêΓûêΓûêΓûêΓûêΓûêΓûê              |  ETA: 0:00:01[39m[K
[34m                   # paths tracked: 125[39m[K
[34m   # non-singular solutions (real): 125 (8)[39m[K
[34m       # singular endpoints (real): 0 (0)[39m[K
[34m          # total solutions (real): 125 (8)[39m[K
[A
[A
[A
[A




[K[A
[K[A
[K[A
[K[A
[32mTracking 252 paths...  63%|ΓûêΓûêΓûêΓûêΓûêΓûêΓûêΓûêΓûêΓûêΓûêΓûêΓûêΓûêΓûêΓûêΓûêΓûêΓûê          |  ETA: 0:00:01[39m[K
[34m                   # paths tracked: 159[39m[K
[34m   # non-singular solutions (real): 159 (11)[39m[K
[34m       # singular endpoints (real): 0 (0)[39m[K
[34m          # total solutions (real): 159 (11)[39m[K
[A
[A
[A
[A




[K[A
[K[A
[K[A
[K[A
[32mTracking 252 paths...  76%|ΓûêΓûêΓûêΓûêΓûêΓûêΓûêΓûêΓûêΓûêΓûêΓûêΓûêΓûêΓûêΓûêΓûêΓûêΓûêΓûêΓûêΓûêΓûê      |  ETA: 0:00:00[39m[K
[34m                   # paths tracked: 192[39m[K
[34m   # non-singular solutions (real): 192 (11)[39m[K
[34m       # singular endpoints (real): 0 (0)[39m[K
[34m          # total solutions (real): 192 (11)[39m[K
[A
[A
[A
[A




[K[A
[K[A
[K[A
[K[A
[32mTracking 252 paths...  89%|ΓûêΓûêΓûêΓûêΓûêΓûêΓûêΓûêΓûêΓûêΓûêΓûêΓûêΓûêΓûêΓûêΓûêΓûêΓûêΓûêΓûêΓûêΓûêΓûêΓûêΓûê   |  ETA: 0:00:00[39m[K
[34m                   # paths tracked: 225[39m[K
[34m   # non-singular solutions (real): 225 (12)[39m[K
[34m       # singular endpoints (real): 0 (0)[39m[K
[34m          # total solutions (real): 225 (12)[39m[K
[A
[A
[A
[A




[K[A
[K[A
[K[A
[K[A
[32mTracking 252 paths... 100%|ΓûêΓûêΓûêΓûêΓûêΓûêΓûêΓûêΓûêΓûêΓûêΓûêΓûêΓûêΓûêΓûêΓûêΓûêΓûêΓûêΓûêΓûêΓûêΓûêΓûêΓûêΓûêΓûêΓûê| Time: 0:00:01[39m[K
[34m                   # paths tracked: 252[39m[K
[34m   # non-singular solutions (real): 252 (12)[39m[K
[34m       # singular endpoints (real): 0 (0)[39m[K
[34m          # total solutions (real): 252 (12)[39m[K

[32mTracking 252 paths...  41%|ΓûêΓûêΓûêΓûêΓûêΓûêΓûêΓûêΓûêΓûêΓûêΓûê                 |  ETA: 0:00:01[39m[K
[34m                   # paths tracked: 103[39m[K
[34m   # non-singular solutions (real): 103 (4)[39m[K
[34m       # singular endpoints (real): 0 (0)[39m[K
[34m          # total solutions (real): 103 (4)[39m[K
[A
[A
[A
[A




[K[A
[K[A
[K[A
[K[A
[32mTracking 252 paths...  58%|ΓûêΓûêΓûêΓûêΓûêΓûêΓûêΓûêΓûêΓûêΓûêΓûêΓûêΓûêΓûêΓûêΓûê            |  ETA: 0:00:01[39m[K
[34m                   # paths tracked: 145[39m[K
[34m   # non-singular solutions (real): 145 (7)[39m[K
[34m       # singular endpoints (real): 0 (0)[39m[K
[34m          # total solutions (real): 145 (7)[39m[K
[A
[A
[A
[A




[K[A
[K[A
[K[A
[K[A
[32mTracking 252 paths...  72%|ΓûêΓûêΓûêΓûêΓûêΓûêΓûêΓûêΓûêΓûêΓûêΓûêΓûêΓûêΓûêΓûêΓûêΓûêΓûêΓûêΓûê        |  ETA: 0:00:00[39m[K
[34m                   # paths tracked: 181[39m[K
[34m   # non-singular solutions (real): 181 (9)[39m[K
[34m       # singular endpoints (real): 0 (0)[39m[K
[34m          # total solutions (real): 181 (9)[39m[K
[A
[A
[A
[A




[K[A
[K[A
[K[A
[K[A
[32mTracking 252 paths...  87%|ΓûêΓûêΓûêΓûêΓûêΓûêΓûêΓûêΓûêΓûêΓûêΓûêΓûêΓûêΓûêΓûêΓûêΓûêΓûêΓûêΓûêΓûêΓûêΓûêΓûêΓûê   |  ETA: 0:00:00[39m[K
[34m                   # paths tracked: 218[39m[K
[34m   # non-singular solutions (real): 218 (10)[39m[K
[34m       # singular endpoints (real): 0 (0)[39m[K
[34m          # total solutions (real): 218 (10)[39m[K
[A
[A
[A
[A




[K[A
[K[A
[K[A
[K[A
[32mTracking 252 paths... 100%|ΓûêΓûêΓûêΓûêΓûêΓûêΓûêΓûêΓûêΓûêΓûêΓûêΓûêΓûêΓûêΓûêΓûêΓûêΓûêΓûêΓûêΓûêΓûêΓûêΓûêΓûêΓûêΓûêΓûê| Time: 0:00:01[39m[K
[34m                   # paths tracked: 252[39m[K
[34m   # non-singular solutions (real): 252 (12)[39m[K
[34m       # singular endpoints (real): 0 (0)[39m[K
[34m          # total solutions (real): 252 (12)[39m[K

[32mTracking 252 paths...  43%|ΓûêΓûêΓûêΓûêΓûêΓûêΓûêΓûêΓûêΓûêΓûêΓûêΓûê                |  ETA: 0:00:01[39m[K
[34m                   # paths tracked: 109[39m[K
[34m   # non-singular solutions (real): 109 (3)[39m[K
[34m       # singular endpoints (real): 0 (0)[39m[K
[34m          # total solutions (real): 109 (3)[39m[K
[A
[A
[A
[A




[K[A
[K[A
[K[A
[K[A
[32mTracking 252 paths...  61%|ΓûêΓûêΓûêΓûêΓûêΓûêΓûêΓûêΓûêΓûêΓûêΓûêΓûêΓûêΓûêΓûêΓûêΓûê           |  ETA: 0:00:00[39m[K
[34m                   # paths tracked: 154[39m[K
[34m   # non-singular solutions (real): 154 (7)[39m[K
[34m       # singular endpoints (real): 0 (0)[39m[K
[34m          # total solutions (real): 154 (7)[39m[K
[A
[A
[A
[A




[K[A
[K[A
[K[A
[K[A
[32mTracking 252 paths...  79%|ΓûêΓûêΓûêΓûêΓûêΓûêΓûêΓûêΓûêΓûêΓûêΓûêΓûêΓûêΓûêΓûêΓûêΓûêΓûêΓûêΓûêΓûêΓûê      |  ETA: 0:00:00[39m[K
[34m                   # paths tracked: 198[39m[K
[34m   # non-singular solutions (real): 198 (9)[39m[K
[34m       # singular endpoints (real): 0 (0)[39m[K
[34m          # total solutions (real): 198 (9)[39m[K
[A
[A
[A
[A




[K[A
[K[A
[K[A
[K[A
[32mTracking 252 paths...  97%|ΓûêΓûêΓûêΓûêΓûêΓûêΓûêΓûêΓûêΓûêΓûêΓûêΓûêΓûêΓûêΓûêΓûêΓûêΓûêΓûêΓûêΓûêΓûêΓûêΓûêΓûêΓûêΓûêΓûê|  ETA: 0:00:00[39m[K
[34m                   # paths tracked: 245[39m[K
[34m   # non-singular solutions (real): 245 (12)[39m[K
[34m       # singular endpoints (real): 0 (0)[39m[K
[34m          # total solutions (real): 245 (12)[39m[K
[A
[A
[A
[A




[K[A
[K[A
[K[A
[K[A
[32mTracking 252 paths... 100%|ΓûêΓûêΓûêΓûêΓûêΓûêΓûêΓûêΓûêΓûêΓûêΓûêΓûêΓûêΓûêΓûêΓûêΓûêΓûêΓûêΓûêΓûêΓûêΓûêΓûêΓûêΓûêΓûêΓûê| Time: 0:00:01[39m[K
[34m                   # paths tracked: 252[39m[K
[34m   # non-singular solutions (real): 252 (12)[39m[K
[34m       # singular endpoints (real): 0 (0)[39m[K
[34m          # total solutions (real): 252 (12)[39m[K

[32mTracking 252 paths...  29%|ΓûêΓûêΓûêΓûêΓûêΓûêΓûêΓûêΓûê                    |  ETA: 0:00:01[39m[K
[34m                   # paths tracked: 74[39m[K
[34m   # non-singular solutions (real): 74 (3)[39m[K
[34m       # singular endpoints (real): 0 (0)[39m[K
[34m          # total solutions (real): 74 (3)[39m[K
[A
[A
[A
[A




[K[A
[K[A
[K[A
[K[A
[32mTracking 252 paths...  42%|ΓûêΓûêΓûêΓûêΓûêΓûêΓûêΓûêΓûêΓûêΓûêΓûêΓûê                |  ETA: 0:00:01[39m[K
[34m                   # paths tracked: 107[39m[K
[34m   # non-singular solutions (real): 107 (5)[39m[K
[34m       # singular endpoints (real): 0 (0)[39m[K
[34m          # total solutions (real): 107 (5)[39m[K
[A
[A
[A
[A




[K[A
[K[A
[K[A
[K[A
[32mTracking 252 paths...  52%|ΓûêΓûêΓûêΓûêΓûêΓûêΓûêΓûêΓûêΓûêΓûêΓûêΓûêΓûêΓûêΓûê             |  ETA: 0:00:01[39m[K
[34m                   # paths tracked: 131[39m[K
[34m   # non-singular solutions (real): 131 (7)[39m[K
[34m       # singular endpoints (real): 0 (0)[39m[K
[34m          # total solutions (real): 131 (7)[39m[K
[A
[A
[A
[A




[K[A
[K[A
[K[A
[K[A
[32mTracking 252 paths...  71%|ΓûêΓûêΓûêΓûêΓûêΓûêΓûêΓûêΓûêΓûêΓûêΓûêΓûêΓûêΓûêΓûêΓûêΓûêΓûêΓûêΓûê        |  ETA: 0:00:01[39m[K
[34m                   # paths tracked: 178[39m[K
[34m   # non-singular solutions (real): 178 (8)[39m[K
[34m       # singular endpoints (real): 0 (0)[39m[K
[34m          # total solutions (real): 178 (8)[39m[K
[A
[A
[A
[A




[K[A
[K[A
[K[A
[K[A
[32mTracking 252 paths...  82%|ΓûêΓûêΓûêΓûêΓûêΓûêΓûêΓûêΓûêΓûêΓûêΓûêΓûêΓûêΓûêΓûêΓûêΓûêΓûêΓûêΓûêΓûêΓûêΓûê     |  ETA: 0:00:00[39m[K
[34m                   # paths tracked: 206[39m[K
[34m   # non-singular solutions (real): 206 (10)[39m[K
[34m       # singular endpoints (real): 0 (0)[39m[K
[34m          # total solutions (real): 206 (10)[39m[K
[A
[A
[A
[A




[K[A
[K[A
[K[A
[K[A
[32mTracking 252 paths...  94%|ΓûêΓûêΓûêΓûêΓûêΓûêΓûêΓûêΓûêΓûêΓûêΓûêΓûêΓûêΓûêΓûêΓûêΓûêΓûêΓûêΓûêΓûêΓûêΓûêΓûêΓûêΓûêΓûê |  ETA: 0:00:00[39m[K
[34m                   # paths tracked: 238[39m[K
[34m   # non-singular solutions (real): 238 (11)[39m[K
[34m       # singular endpoints (real): 0 (0)[39m[K
[34m          # total solutions (real): 238 (11)[39m[K
[A
[A
[A
[A




[K[A
[K[A
[K[A
[K[A
[32mTracking 252 paths... 100%|ΓûêΓûêΓûêΓûêΓûêΓûêΓûêΓûêΓûêΓûêΓûêΓûêΓûêΓûêΓûêΓûêΓûêΓûêΓûêΓûêΓûêΓûêΓûêΓûêΓûêΓûêΓûêΓûêΓûê| Time: 0:00:01[39m[K
[34m                   # paths tracked: 252[39m[K
[34m   # non-singular solutions (real): 252 (12)[39m[K
[34m       # singular endpoints (real): 0 (0)[39m[K
[34m          # total solutions (real): 252 (12)[39m[K

[32mTracking 252 paths...  36%|ΓûêΓûêΓûêΓûêΓûêΓûêΓûêΓûêΓûêΓûêΓûê                  |  ETA: 0:00:01[39m[K
[34m                   # paths tracked: 91[39m[K
[34m   # non-singular solutions (real): 91 (3)[39m[K
[34m       # singular endpoints (real): 0 (0)[39m[K
[34m          # total solutions (real): 91 (3)[39m[K
[A
[A
[A
[A




[K[A
[K[A
[K[A
[K[A
[32mTracking 252 paths...  51%|ΓûêΓûêΓûêΓûêΓûêΓûêΓûêΓûêΓûêΓûêΓûêΓûêΓûêΓûêΓûê              |  ETA: 0:00:01[39m[K
[34m                   # paths tracked: 128[39m[K
[34m   # non-singular solutions (real): 128 (4)[39m[K
[34m       # singular endpoints (real): 0 (0)[39m[K
[34m          # total solutions (real): 128 (4)[39m[K
[A
[A
[A
[A




[K[A
[K[A
[K[A
[K[A
[32mTracking 252 paths...  61%|ΓûêΓûêΓûêΓûêΓûêΓûêΓûêΓûêΓûêΓûêΓûêΓûêΓûêΓûêΓûêΓûêΓûêΓûê           |  ETA: 0:00:01[39m[K
[34m                   # paths tracked: 153[39m[K
[34m   # non-singular solutions (real): 153 (5)[39m[K
[34m       # singular endpoints (real): 0 (0)[39m[K
[34m          # total solutions (real): 153 (5)[39m[K
[A
[A
[A
[A




[K[A
[K[A
[K[A
[K[A
[32mTracking 252 paths...  81%|ΓûêΓûêΓûêΓûêΓûêΓûêΓûêΓûêΓûêΓûêΓûêΓûêΓûêΓûêΓûêΓûêΓûêΓûêΓûêΓûêΓûêΓûêΓûêΓûê     |  ETA: 0:00:00[39m[K
[34m                   # paths tracked: 205[39m[K
[34m   # non-singular solutions (real): 205 (8)[39m[K
[34m       # singular endpoints (real): 0 (0)[39m[K
[34m          # total solutions (real): 205 (8)[39m[K
[A
[A
[A
[A




[K[A
[K[A
[K[A
[K[A
[32mTracking 252 paths...  96%|ΓûêΓûêΓûêΓûêΓûêΓûêΓûêΓûêΓûêΓûêΓûêΓûêΓûêΓûêΓûêΓûêΓûêΓûêΓûêΓûêΓûêΓûêΓûêΓûêΓûêΓûêΓûêΓûê |  ETA: 0:00:00[39m[K
[34m                   # paths tracked: 242[39m[K
[34m   # non-singular solutions (real): 242 (12)[39m[K
[34m       # singular endpoints (real): 0 (0)[39m[K
[34m          # total solutions (real): 242 (12)[39m[K
[A
[A
[A
[A




[K[A
[K[A
[K[A
[K[A
[32mTracking 252 paths... 100%|ΓûêΓûêΓûêΓûêΓûêΓûêΓûêΓûêΓûêΓûêΓûêΓûêΓûêΓûêΓûêΓûêΓûêΓûêΓûêΓûêΓûêΓûêΓûêΓûêΓûêΓûêΓûêΓûêΓûê| Time: 0:00:01[39m[K
[34m                   # paths tracked: 252[39m[K
[34m   # non-singular solutions (real): 252 (12)[39m[K
[34m       # singular endpoints (real): 0 (0)[39m[K
[34m          # total solutions (real): 252 (12)[39m[K

[32mTracking 252 paths...  33%|ΓûêΓûêΓûêΓûêΓûêΓûêΓûêΓûêΓûêΓûê                   |  ETA: 0:00:01[39m[K
[34m                   # paths tracked: 83[39m[K
[34m   # non-singular solutions (real): 83 (6)[39m[K
[34m       # singular endpoints (real): 0 (0)[39m[K
[34m          # total solutions (real): 83 (6)[39m[K
[A
[A
[A
[A




[K[A
[K[A
[K[A
[K[A
[32mTracking 252 paths...  48%|ΓûêΓûêΓûêΓûêΓûêΓûêΓûêΓûêΓûêΓûêΓûêΓûêΓûêΓûê               |  ETA: 0:00:01[39m[K
[34m                   # paths tracked: 121[39m[K
[34m   # non-singular solutions (real): 121 (8)[39m[K
[34m       # singular endpoints (real): 0 (0)[39m[K
[34m          # total solutions (real): 121 (8)[39m[K
[A
[A
[A
[A




[K[A
[K[A
[K[A
[K[A
[32mTracking 252 paths...  63%|ΓûêΓûêΓûêΓûêΓûêΓûêΓûêΓûêΓûêΓûêΓûêΓûêΓûêΓûêΓûêΓûêΓûêΓûêΓûê          |  ETA: 0:00:01[39m[K
[34m                   # paths tracked: 158[39m[K
[34m   # non-singular solutions (real): 158 (9)[39m[K
[34m       # singular endpoints (real): 0 (0)[39m[K
[34m          # total solutions (real): 158 (9)[39m[K
[A
[A
[A
[A




[K[A
[K[A
[K[A
[K[A
[32mTracking 252 paths...  77%|ΓûêΓûêΓûêΓûêΓûêΓûêΓûêΓûêΓûêΓûêΓûêΓûêΓûêΓûêΓûêΓûêΓûêΓûêΓûêΓûêΓûêΓûêΓûê      |  ETA: 0:00:00[39m[K
[34m                   # paths tracked: 195[39m[K
[34m   # non-singular solutions (real): 195 (11)[39m[K
[34m       # singular endpoints (real): 0 (0)[39m[K
[34m          # total solutions (real): 195 (11)[39m[K
[A
[A
[A
[A




[K[A
[K[A
[K[A
[K[A
[32mTracking 252 paths...  92%|ΓûêΓûêΓûêΓûêΓûêΓûêΓûêΓûêΓûêΓûêΓûêΓûêΓûêΓûêΓûêΓûêΓûêΓûêΓûêΓûêΓûêΓûêΓûêΓûêΓûêΓûêΓûê  |  ETA: 0:00:00[39m[K
[34m                   # paths tracked: 233[39m[K
[34m   # non-singular solutions (real): 233 (12)[39m[K
[34m       # singular endpoints (real): 0 (0)[39m[K
[34m          # total solutions (real): 233 (12)[39m[K
[A
[A
[A
[A




[K[A
[K[A
[K[A
[K[A
[32mTracking 252 paths... 100%|ΓûêΓûêΓûêΓûêΓûêΓûêΓûêΓûêΓûêΓûêΓûêΓûêΓûêΓûêΓûêΓûêΓûêΓûêΓûêΓûêΓûêΓûêΓûêΓûêΓûêΓûêΓûêΓûêΓûê| Time: 0:00:01[39m[K
[34m                   # paths tracked: 252[39m[K
[34m   # non-singular solutions (real): 252 (12)[39m[K
[34m       # singular endpoints (real): 0 (0)[39m[K
[34m          # total solutions (real): 252 (12)[39m[K

[32mTracking 252 paths...  35%|ΓûêΓûêΓûêΓûêΓûêΓûêΓûêΓûêΓûêΓûêΓûê                  |  ETA: 0:00:01[39m[K
[34m                   # paths tracked: 88[39m[K
[34m   # non-singular solutions (real): 88 (2)[39m[K
[34m       # singular endpoints (real): 0 (0)[39m[K
[34m          # total solutions (real): 88 (2)[39m[K
[A
[A
[A
[A




[K[A
[K[A
[K[A
[K[A
[32mTracking 252 paths...  48%|ΓûêΓûêΓûêΓûêΓûêΓûêΓûêΓûêΓûêΓûêΓûêΓûêΓûêΓûêΓûê              |  ETA: 0:00:01[39m[K
[34m                   # paths tracked: 122[39m[K
[34m   # non-singular solutions (real): 122 (4)[39m[K
[34m       # singular endpoints (real): 0 (0)[39m[K
[34m          # total solutions (real): 122 (4)[39m[K
[A
[A
[A
[A




[K[A
[K[A
[K[A
[K[A
[32mTracking 252 paths...  63%|ΓûêΓûêΓûêΓûêΓûêΓûêΓûêΓûêΓûêΓûêΓûêΓûêΓûêΓûêΓûêΓûêΓûêΓûêΓûê          |  ETA: 0:00:01[39m[K
[34m                   # paths tracked: 159[39m[K
[34m   # non-singular solutions (real): 159 (6)[39m[K
[34m       # singular endpoints (real): 0 (0)[39m[K
[34m          # total solutions (real): 159 (6)[39m[K
[A
[A
[A
[A




[K[A
[K[A
[K[A
[K[A
[32mTracking 252 paths...  79%|ΓûêΓûêΓûêΓûêΓûêΓûêΓûêΓûêΓûêΓûêΓûêΓûêΓûêΓûêΓûêΓûêΓûêΓûêΓûêΓûêΓûêΓûêΓûê      |  ETA: 0:00:00[39m[K
[34m                   # paths tracked: 198[39m[K
[34m   # non-singular solutions (real): 198 (9)[39m[K
[34m       # singular endpoints (real): 0 (0)[39m[K
[34m          # total solutions (real): 198 (9)[39m[K
[A
[A
[A
[A




[K[A
[K[A
[K[A
[K[A
[32mTracking 252 paths...  93%|ΓûêΓûêΓûêΓûêΓûêΓûêΓûêΓûêΓûêΓûêΓûêΓûêΓûêΓûêΓûêΓûêΓûêΓûêΓûêΓûêΓûêΓûêΓûêΓûêΓûêΓûêΓûê  |  ETA: 0:00:00[39m[K
[34m                   # paths tracked: 234[39m[K
[34m   # non-singular solutions (real): 234 (12)[39m[K
[34m       # singular endpoints (real): 0 (0)[39m[K
[34m          # total solutions (real): 234 (12)[39m[K
[A
[A
[A
[A




[K[A
[K[A
[K[A
[K[A
[32mTracking 252 paths... 100%|ΓûêΓûêΓûêΓûêΓûêΓûêΓûêΓûêΓûêΓûêΓûêΓûêΓûêΓûêΓûêΓûêΓûêΓûêΓûêΓûêΓûêΓûêΓûêΓûêΓûêΓûêΓûêΓûêΓûê| Time: 0:00:01[39m[K
[34m                   # paths tracked: 252[39m[K
[34m   # non-singular solutions (real): 252 (12)[39m[K
[34m       # singular endpoints (real): 0 (0)[39m[K
[34m          # total solutions (real): 252 (12)[39m[K

[32mTracking 252 paths...  33%|ΓûêΓûêΓûêΓûêΓûêΓûêΓûêΓûêΓûêΓûê                   |  ETA: 0:00:01[39m[K
[34m                   # paths tracked: 82[39m[K
[34m   # non-singular solutions (real): 82 (4)[39m[K
[34m       # singular endpoints (real): 0 (0)[39m[K
[34m          # total solutions (real): 82 (4)[39m[K
[A
[A
[A
[A




[K[A
[K[A
[K[A
[K[A
[32mTracking 252 paths...  46%|ΓûêΓûêΓûêΓûêΓûêΓûêΓûêΓûêΓûêΓûêΓûêΓûêΓûêΓûê               |  ETA: 0:00:01[39m[K
[34m                   # paths tracked: 117[39m[K
[34m   # non-singular solutions (real): 117 (4)[39m[K
[34m       # singular endpoints (real): 0 (0)[39m[K
[34m          # total solutions (real): 117 (4)[39m[K
[A
[A
[A
[A




[K[A
[K[A
[K[A
[K[A
[32mTracking 252 paths...  60%|ΓûêΓûêΓûêΓûêΓûêΓûêΓûêΓûêΓûêΓûêΓûêΓûêΓûêΓûêΓûêΓûêΓûêΓûê           |  ETA: 0:00:01[39m[K
[34m                   # paths tracked: 152[39m[K
[34m   # non-singular solutions (real): 152 (6)[39m[K
[34m       # singular endpoints (real): 0 (0)[39m[K
[34m          # total solutions (real): 152 (6)[39m[K
[A
[A
[A
[A




[K[A
[K[A
[K[A
[K[A
[32mTracking 252 paths...  75%|ΓûêΓûêΓûêΓûêΓûêΓûêΓûêΓûêΓûêΓûêΓûêΓûêΓûêΓûêΓûêΓûêΓûêΓûêΓûêΓûêΓûêΓûê       |  ETA: 0:00:00[39m[K
[34m                   # paths tracked: 188[39m[K
[34m   # non-singular solutions (real): 188 (7)[39m[K
[34m       # singular endpoints (real): 0 (0)[39m[K
[34m          # total solutions (real): 188 (7)[39m[K
[A
[A
[A
[A




[K[A
[K[A
[K[A
[K[A
[32mTracking 252 paths...  88%|ΓûêΓûêΓûêΓûêΓûêΓûêΓûêΓûêΓûêΓûêΓûêΓûêΓûêΓûêΓûêΓûêΓûêΓûêΓûêΓûêΓûêΓûêΓûêΓûêΓûêΓûê   |  ETA: 0:00:00[39m[K
[34m                   # paths tracked: 221[39m[K
[34m   # non-singular solutions (real): 221 (10)[39m[K
[34m       # singular endpoints (real): 0 (0)[39m[K
[34m          # total solutions (real): 221 (10)[39m[K
[A
[A
[A
[A




[K[A
[K[A
[K[A
[K[A
[32mTracking 252 paths... 100%|ΓûêΓûêΓûêΓûêΓûêΓûêΓûêΓûêΓûêΓûêΓûêΓûêΓûêΓûêΓûêΓûêΓûêΓûêΓûêΓûêΓûêΓûêΓûêΓûêΓûêΓûêΓûêΓûêΓûê| Time: 0:00:01[39m[K
[34m                   # paths tracked: 252[39m[K
[34m   # non-singular solutions (real): 252 (12)[39m[K
[34m       # singular endpoints (real): 0 (0)[39m[K
[34m          # total solutions (real): 252 (12)[39m[K

[32mTracking 252 paths...  42%|ΓûêΓûêΓûêΓûêΓûêΓûêΓûêΓûêΓûêΓûêΓûêΓûêΓûê                |  ETA: 0:00:01[39m[K
[34m                   # paths tracked: 106[39m[K
[34m   # non-singular solutions (real): 106 (3)[39m[K
[34m       # singular endpoints (real): 0 (0)[39m[K
[34m          # total solutions (real): 106 (3)[39m[K
[A
[A
[A
[A




[K[A
[K[A
[K[A
[K[A
[32mTracking 252 paths...  58%|ΓûêΓûêΓûêΓûêΓûêΓûêΓûêΓûêΓûêΓûêΓûêΓûêΓûêΓûêΓûêΓûêΓûê            |  ETA: 0:00:01[39m[K
[34m                   # paths tracked: 146[39m[K
[34m   # non-singular solutions (real): 146 (4)[39m[K
[34m       # singular endpoints (real): 0 (0)[39m[K
[34m          # total solutions (real): 146 (4)[39m[K
[A
[A
[A
[A




[K[A
[K[A
[K[A
[K[A
[32mTracking 252 paths...  75%|ΓûêΓûêΓûêΓûêΓûêΓûêΓûêΓûêΓûêΓûêΓûêΓûêΓûêΓûêΓûêΓûêΓûêΓûêΓûêΓûêΓûêΓûê       |  ETA: 0:00:00[39m[K
[34m                   # paths tracked: 189[39m[K
[34m   # non-singular solutions (real): 189 (6)[39m[K
[34m       # singular endpoints (real): 0 (0)[39m[K
[34m          # total solutions (real): 189 (6)[39m[K
[A
[A
[A
[A




[K[A
[K[A
[K[A
[K[A
[32mTracking 252 paths...  88%|ΓûêΓûêΓûêΓûêΓûêΓûêΓûêΓûêΓûêΓûêΓûêΓûêΓûêΓûêΓûêΓûêΓûêΓûêΓûêΓûêΓûêΓûêΓûêΓûêΓûêΓûê   |  ETA: 0:00:00[39m[K
[34m                   # paths tracked: 222[39m[K
[34m   # non-singular solutions (real): 222 (6)[39m[K
[34m       # singular endpoints (real): 0 (0)[39m[K
[34m          # total solutions (real): 222 (6)[39m[K
[A
[A
[A
[A




[K[A
[K[A
[K[A
[K[A
[32mTracking 252 paths... 100%|ΓûêΓûêΓûêΓûêΓûêΓûêΓûêΓûêΓûêΓûêΓûêΓûêΓûêΓûêΓûêΓûêΓûêΓûêΓûêΓûêΓûêΓûêΓûêΓûêΓûêΓûêΓûêΓûêΓûê| Time: 0:00:01[39m[K
[34m                   # paths tracked: 252[39m[K
[34m   # non-singular solutions (real): 252 (12)[39m[K
[34m       # singular endpoints (real): 0 (0)[39m[K
[34m          # total solutions (real): 252 (12)[39m[K

[32mTracking 252 paths...  34%|ΓûêΓûêΓûêΓûêΓûêΓûêΓûêΓûêΓûêΓûê                   |  ETA: 0:00:01[39m[K
[34m                   # paths tracked: 86[39m[K
[34m   # non-singular solutions (real): 86 (1)[39m[K
[34m       # singular endpoints (real): 0 (0)[39m[K
[34m          # total solutions (real): 86 (1)[39m[K
[A
[A
[A
[A




[K[A
[K[A
[K[A
[K[A
[32mTracking 252 paths...  48%|ΓûêΓûêΓûêΓûêΓûêΓûêΓûêΓûêΓûêΓûêΓûêΓûêΓûêΓûêΓûê              |  ETA: 0:00:01[39m[K
[34m                   # paths tracked: 122[39m[K
[34m   # non-singular solutions (real): 122 (5)[39m[K
[34m       # singular endpoints (real): 0 (0)[39m[K
[34m          # total solutions (real): 122 (5)[39m[K
[A
[A
[A
[A




[K[A
[K[A
[K[A
[K[A
[32mTracking 252 paths...  61%|ΓûêΓûêΓûêΓûêΓûêΓûêΓûêΓûêΓûêΓûêΓûêΓûêΓûêΓûêΓûêΓûêΓûêΓûê           |  ETA: 0:00:01[39m[K
[34m                   # paths tracked: 154[39m[K
[34m   # non-singular solutions (real): 154 (5)[39m[K
[34m       # singular endpoints (real): 0 (0)[39m[K
[34m          # total solutions (real): 154 (5)[39m[K
[A
[A
[A
[A




[K[A
[K[A
[K[A
[K[A
[32mTracking 252 paths...  74%|ΓûêΓûêΓûêΓûêΓûêΓûêΓûêΓûêΓûêΓûêΓûêΓûêΓûêΓûêΓûêΓûêΓûêΓûêΓûêΓûêΓûêΓûê       |  ETA: 0:00:00[39m[K
[34m                   # paths tracked: 187[39m[K
[34m   # non-singular solutions (real): 187 (9)[39m[K
[34m       # singular endpoints (real): 0 (0)[39m[K
[34m          # total solutions (real): 187 (9)[39m[K
[A
[A
[A
[A




[K[A
[K[A
[K[A
[K[A
[32mTracking 252 paths...  89%|ΓûêΓûêΓûêΓûêΓûêΓûêΓûêΓûêΓûêΓûêΓûêΓûêΓûêΓûêΓûêΓûêΓûêΓûêΓûêΓûêΓûêΓûêΓûêΓûêΓûêΓûê   |  ETA: 0:00:00[39m[K
[34m                   # paths tracked: 225[39m[K
[34m   # non-singular solutions (real): 225 (11)[39m[K
[34m       # singular endpoints (real): 0 (0)[39m[K
[34m          # total solutions (real): 225 (11)[39m[K
[A
[A
[A
[A




[K[A
[K[A
[K[A
[K[A
[32mTracking 252 paths... 100%|ΓûêΓûêΓûêΓûêΓûêΓûêΓûêΓûêΓûêΓûêΓûêΓûêΓûêΓûêΓûêΓûêΓûêΓûêΓûêΓûêΓûêΓûêΓûêΓûêΓûêΓûêΓûêΓûêΓûê| Time: 0:00:01[39m[K
[34m                   # paths tracked: 252[39m[K
[34m   # non-singular solutions (real): 252 (12)[39m[K
[34m       # singular endpoints (real): 0 (0)[39m[K
[34m          # total solutions (real): 252 (12)[39m[K

[32mTracking 252 paths...  31%|ΓûêΓûêΓûêΓûêΓûêΓûêΓûêΓûêΓûê                    |  ETA: 0:00:01[39m[K
[34m                   # paths tracked: 78[39m[K
[34m   # non-singular solutions (real): 78 (6)[39m[K
[34m       # singular endpoints (real): 0 (0)[39m[K
[34m          # total solutions (real): 78 (6)[39m[K
[A
[A
[A
[A




[K[A
[K[A
[K[A
[K[A
[32mTracking 252 paths...  45%|ΓûêΓûêΓûêΓûêΓûêΓûêΓûêΓûêΓûêΓûêΓûêΓûêΓûêΓûê               |  ETA: 0:00:01[39m[K
[34m                   # paths tracked: 114[39m[K
[34m   # non-singular solutions (real): 114 (8)[39m[K
[34m       # singular endpoints (real): 0 (0)[39m[K
[34m          # total solutions (real): 114 (8)[39m[K
[A
[A
[A
[A




[K[A
[K[A
[K[A
[K[A
[32mTracking 252 paths...  60%|ΓûêΓûêΓûêΓûêΓûêΓûêΓûêΓûêΓûêΓûêΓûêΓûêΓûêΓûêΓûêΓûêΓûêΓûê           |  ETA: 0:00:01[39m[K
[34m                   # paths tracked: 151[39m[K
[34m   # non-singular solutions (real): 151 (9)[39m[K
[34m       # singular endpoints (real): 0 (0)[39m[K
[34m          # total solutions (real): 151 (9)[39m[K
[A
[A
[A
[A




[K[A
[K[A
[K[A
[K[A
[32mTracking 252 paths...  75%|ΓûêΓûêΓûêΓûêΓûêΓûêΓûêΓûêΓûêΓûêΓûêΓûêΓûêΓûêΓûêΓûêΓûêΓûêΓûêΓûêΓûêΓûê       |  ETA: 0:00:00[39m[K
[34m                   # paths tracked: 190[39m[K
[34m   # non-singular solutions (real): 190 (10)[39m[K
[34m       # singular endpoints (real): 0 (0)[39m[K
[34m          # total solutions (real): 190 (10)[39m[K
[A
[A
[A
[A




[K[A
[K[A
[K[A
[K[A
[32mTracking 252 paths...  90%|ΓûêΓûêΓûêΓûêΓûêΓûêΓûêΓûêΓûêΓûêΓûêΓûêΓûêΓûêΓûêΓûêΓûêΓûêΓûêΓûêΓûêΓûêΓûêΓûêΓûêΓûêΓûê  |  ETA: 0:00:00[39m[K
[34m                   # paths tracked: 228[39m[K
[34m   # non-singular solutions (real): 228 (12)[39m[K
[34m       # singular endpoints (real): 0 (0)[39m[K
[34m          # total solutions (real): 228 (12)[39m[K
[A
[A
[A
[A




[K[A
[K[A
[K[A
[K[A
[32mTracking 252 paths... 100%|ΓûêΓûêΓûêΓûêΓûêΓûêΓûêΓûêΓûêΓûêΓûêΓûêΓûêΓûêΓûêΓûêΓûêΓûêΓûêΓûêΓûêΓûêΓûêΓûêΓûêΓûêΓûêΓûêΓûê| Time: 0:00:01[39m[K
[34m                   # paths tracked: 252[39m[K
[34m   # non-singular solutions (real): 252 (12)[39m[K
[34m       # singular endpoints (real): 0 (0)[39m[K
[34m          # total solutions (real): 252 (12)[39m[K

[32mTracking 252 paths...  33%|ΓûêΓûêΓûêΓûêΓûêΓûêΓûêΓûêΓûêΓûê                   |  ETA: 0:00:01[39m[K
[34m                   # paths tracked: 84[39m[K
[34m   # non-singular solutions (real): 84 (7)[39m[K
[34m       # singular endpoints (real): 0 (0)[39m[K
[34m          # total solutions (real): 84 (7)[39m[K
[A
[A
[A
[A




[K[A
[K[A
[K[A
[K[A
[32mTracking 252 paths...  48%|ΓûêΓûêΓûêΓûêΓûêΓûêΓûêΓûêΓûêΓûêΓûêΓûêΓûêΓûêΓûê              |  ETA: 0:00:01[39m[K
[34m                   # paths tracked: 122[39m[K
[34m   # non-singular solutions (real): 122 (7)[39m[K
[34m       # singular endpoints (real): 0 (0)[39m[K
[34m          # total solutions (real): 122 (7)[39m[K
[A
[A
[A
[A




[K[A
[K[A
[K[A
[K[A
[32mTracking 252 paths...  62%|ΓûêΓûêΓûêΓûêΓûêΓûêΓûêΓûêΓûêΓûêΓûêΓûêΓûêΓûêΓûêΓûêΓûêΓûêΓûê          |  ETA: 0:00:01[39m[K
[34m                   # paths tracked: 157[39m[K
[34m   # non-singular solutions (real): 157 (9)[39m[K
[34m       # singular endpoints (real): 0 (0)[39m[K
[34m          # total solutions (real): 157 (9)[39m[K
[A
[A
[A
[A




[K[A
[K[A
[K[A
[K[A
[32mTracking 252 paths...  77%|ΓûêΓûêΓûêΓûêΓûêΓûêΓûêΓûêΓûêΓûêΓûêΓûêΓûêΓûêΓûêΓûêΓûêΓûêΓûêΓûêΓûêΓûêΓûê      |  ETA: 0:00:00[39m[K
[34m                   # paths tracked: 193[39m[K
[34m   # non-singular solutions (real): 193 (9)[39m[K
[34m       # singular endpoints (real): 0 (0)[39m[K
[34m          # total solutions (real): 193 (9)[39m[K
[A
[A
[A
[A




[K[A
[K[A
[K[A
[K[A
[32mTracking 252 paths...  92%|ΓûêΓûêΓûêΓûêΓûêΓûêΓûêΓûêΓûêΓûêΓûêΓûêΓûêΓûêΓûêΓûêΓûêΓûêΓûêΓûêΓûêΓûêΓûêΓûêΓûêΓûêΓûê  |  ETA: 0:00:00[39m[K
[34m                   # paths tracked: 232[39m[K
[34m   # non-singular solutions (real): 232 (10)[39m[K
[34m       # singular endpoints (real): 0 (0)[39m[K
[34m          # total solutions (real): 232 (10)[39m[K
[A
[A
[A
[A




[K[A
[K[A
[K[A
[K[A
[32mTracking 252 paths... 100%|ΓûêΓûêΓûêΓûêΓûêΓûêΓûêΓûêΓûêΓûêΓûêΓûêΓûêΓûêΓûêΓûêΓûêΓûêΓûêΓûêΓûêΓûêΓûêΓûêΓûêΓûêΓûêΓûêΓûê| Time: 0:00:01[39m[K
[34m                   # paths tracked: 252[39m[K
[34m   # non-singular solutions (real): 252 (12)[39m[K
[34m       # singular endpoints (real): 0 (0)[39m[K
[34m          # total solutions (real): 252 (12)[39m[K

[32mTracking 252 paths...  35%|ΓûêΓûêΓûêΓûêΓûêΓûêΓûêΓûêΓûêΓûêΓûê                  |  ETA: 0:00:01[39m[K
[34m                   # paths tracked: 88[39m[K
[34m   # non-singular solutions (real): 88 (3)[39m[K
[34m       # singular endpoints (real): 0 (0)[39m[K
[34m          # total solutions (real): 88 (3)[39m[K
[A
[A
[A
[A




[K[A
[K[A
[K[A
[K[A
[32mTracking 252 paths...  49%|ΓûêΓûêΓûêΓûêΓûêΓûêΓûêΓûêΓûêΓûêΓûêΓûêΓûêΓûêΓûê              |  ETA: 0:00:01[39m[K
[34m                   # paths tracked: 124[39m[K
[34m   # non-singular solutions (real): 124 (4)[39m[K
[34m       # singular endpoints (real): 0 (0)[39m[K
[34m          # total solutions (real): 124 (4)[39m[K
[A
[A
[A
[A




[K[A
[K[A
[K[A
[K[A
[32mTracking 252 paths...  63%|ΓûêΓûêΓûêΓûêΓûêΓûêΓûêΓûêΓûêΓûêΓûêΓûêΓûêΓûêΓûêΓûêΓûêΓûêΓûê          |  ETA: 0:00:01[39m[K
[34m                   # paths tracked: 159[39m[K
[34m   # non-singular solutions (real): 159 (6)[39m[K
[34m       # singular endpoints (real): 0 (0)[39m[K
[34m          # total solutions (real): 159 (6)[39m[K
[A
[A
[A
[A




[K[A
[K[A
[K[A
[K[A
[32mTracking 252 paths...  78%|ΓûêΓûêΓûêΓûêΓûêΓûêΓûêΓûêΓûêΓûêΓûêΓûêΓûêΓûêΓûêΓûêΓûêΓûêΓûêΓûêΓûêΓûêΓûê      |  ETA: 0:00:00[39m[K
[34m                   # paths tracked: 196[39m[K
[34m   # non-singular solutions (real): 196 (10)[39m[K
[34m       # singular endpoints (real): 0 (0)[39m[K
[34m          # total solutions (real): 196 (10)[39m[K
[A
[A
[A
[A




[K[A
[K[A
[K[A
[K[A
[32mTracking 252 paths...  93%|ΓûêΓûêΓûêΓûêΓûêΓûêΓûêΓûêΓûêΓûêΓûêΓûêΓûêΓûêΓûêΓûêΓûêΓûêΓûêΓûêΓûêΓûêΓûêΓûêΓûêΓûêΓûêΓûê |  ETA: 0:00:00[39m[K
[34m                   # paths tracked: 235[39m[K
[34m   # non-singular solutions (real): 235 (11)[39m[K
[34m       # singular endpoints (real): 0 (0)[39m[K
[34m          # total solutions (real): 235 (11)[39m[K
[A
[A
[A
[A




[K[A
[K[A
[K[A
[K[A
[32mTracking 252 paths... 100%|ΓûêΓûêΓûêΓûêΓûêΓûêΓûêΓûêΓûêΓûêΓûêΓûêΓûêΓûêΓûêΓûêΓûêΓûêΓûêΓûêΓûêΓûêΓûêΓûêΓûêΓûêΓûêΓûêΓûê| Time: 0:00:01[39m[K
[34m                   # paths tracked: 252[39m[K
[34m   # non-singular solutions (real): 252 (12)[39m[K
[34m       # singular endpoints (real): 0 (0)[39m[K
[34m          # total solutions (real): 252 (12)[39m[K

[32mTracking 252 paths...  40%|ΓûêΓûêΓûêΓûêΓûêΓûêΓûêΓûêΓûêΓûêΓûêΓûê                 |  ETA: 0:00:01[39m[K
[34m                   # paths tracked: 100[39m[K
[34m   # non-singular solutions (real): 100 (5)[39m[K
[34m       # singular endpoints (real): 0 (0)[39m[K
[34m          # total solutions (real): 100 (5)[39m[K
[A
[A
[A
[A




[K[A
[K[A
[K[A
[K[A
[32mTracking 252 paths...  56%|ΓûêΓûêΓûêΓûêΓûêΓûêΓûêΓûêΓûêΓûêΓûêΓûêΓûêΓûêΓûêΓûêΓûê            |  ETA: 0:00:01[39m[K
[34m                   # paths tracked: 142[39m[K
[34m   # non-singular solutions (real): 142 (6)[39m[K
[34m       # singular endpoints (real): 0 (0)[39m[K
[34m          # total solutions (real): 142 (6)[39m[K
[A
[A
[A
[A




[K[A
[K[A
[K[A
[K[A
[32mTracking 252 paths...  74%|ΓûêΓûêΓûêΓûêΓûêΓûêΓûêΓûêΓûêΓûêΓûêΓûêΓûêΓûêΓûêΓûêΓûêΓûêΓûêΓûêΓûêΓûê       |  ETA: 0:00:00[39m[K
[34m                   # paths tracked: 187[39m[K
[34m   # non-singular solutions (real): 187 (7)[39m[K
[34m       # singular endpoints (real): 0 (0)[39m[K
[34m          # total solutions (real): 187 (7)[39m[K
[A
[A
[A
[A




[K[A
[K[A
[K[A
[K[A
[32mTracking 252 paths...  92%|ΓûêΓûêΓûêΓûêΓûêΓûêΓûêΓûêΓûêΓûêΓûêΓûêΓûêΓûêΓûêΓûêΓûêΓûêΓûêΓûêΓûêΓûêΓûêΓûêΓûêΓûêΓûê  |  ETA: 0:00:00[39m[K
[34m                   # paths tracked: 233[39m[K
[34m   # non-singular solutions (real): 233 (10)[39m[K
[34m       # singular endpoints (real): 0 (0)[39m[K
[34m          # total solutions (real): 233 (10)[39m[K
[A
[A
[A
[A




[K[A
[K[A
[K[A
[K[A
[32mTracking 252 paths... 100%|ΓûêΓûêΓûêΓûêΓûêΓûêΓûêΓûêΓûêΓûêΓûêΓûêΓûêΓûêΓûêΓûêΓûêΓûêΓûêΓûêΓûêΓûêΓûêΓûêΓûêΓûêΓûêΓûêΓûê| Time: 0:00:01[39m[K
[34m                   # paths tracked: 252[39m[K
[34m   # non-singular solutions (real): 252 (12)[39m[K
[34m       # singular endpoints (real): 0 (0)[39m[K
[34m          # total solutions (real): 252 (12)[39m[K

[32mTracking 252 paths...  27%|ΓûêΓûêΓûêΓûêΓûêΓûêΓûêΓûê                     |  ETA: 0:00:01[39m[K
[34m                   # paths tracked: 68[39m[K
[34m   # non-singular solutions (real): 68 (4)[39m[K
[34m       # singular endpoints (real): 0 (0)[39m[K
[34m          # total solutions (real): 68 (4)[39m[K
[A
[A
[A
[A




[K[A
[K[A
[K[A
[K[A
[32mTracking 252 paths...  39%|ΓûêΓûêΓûêΓûêΓûêΓûêΓûêΓûêΓûêΓûêΓûêΓûê                 |  ETA: 0:00:01[39m[K
[34m                   # paths tracked: 99[39m[K
[34m   # non-singular solutions (real): 99 (6)[39m[K
[34m       # singular endpoints (real): 0 (0)[39m[K
[34m          # total solutions (real): 99 (6)[39m[K
[A
[A
[A
[A




[K[A
[K[A
[K[A
[K[A
[32mTracking 252 paths...  56%|ΓûêΓûêΓûêΓûêΓûêΓûêΓûêΓûêΓûêΓûêΓûêΓûêΓûêΓûêΓûêΓûêΓûê            |  ETA: 0:00:01[39m[K
[34m                   # paths tracked: 141[39m[K
[34m   # non-singular solutions (real): 141 (10)[39m[K
[34m       # singular endpoints (real): 0 (0)[39m[K
[34m          # total solutions (real): 141 (10)[39m[K
[A
[A
[A
[A




[K[A
[K[A
[K[A
[K[A
[32mTracking 252 paths...  71%|ΓûêΓûêΓûêΓûêΓûêΓûêΓûêΓûêΓûêΓûêΓûêΓûêΓûêΓûêΓûêΓûêΓûêΓûêΓûêΓûêΓûê        |  ETA: 0:00:00[39m[K
[34m                   # paths tracked: 180[39m[K
[34m   # non-singular solutions (real): 180 (10)[39m[K
[34m       # singular endpoints (real): 0 (0)[39m[K
[34m          # total solutions (real): 180 (10)[39m[K
[A
[A
[A
[A




[K[A
[K[A
[K[A
[K[A
[32mTracking 252 paths...  87%|ΓûêΓûêΓûêΓûêΓûêΓûêΓûêΓûêΓûêΓûêΓûêΓûêΓûêΓûêΓûêΓûêΓûêΓûêΓûêΓûêΓûêΓûêΓûêΓûêΓûêΓûê   |  ETA: 0:00:00[39m[K
[34m                   # paths tracked: 218[39m[K
[34m   # non-singular solutions (real): 218 (10)[39m[K
[34m       # singular endpoints (real): 0 (0)[39m[K
[34m          # total solutions (real): 218 (10)[39m[K
[A
[A
[A
[A




[K[A
[K[A
[K[A
[K[A
[32mTracking 252 paths... 100%|ΓûêΓûêΓûêΓûêΓûêΓûêΓûêΓûêΓûêΓûêΓûêΓûêΓûêΓûêΓûêΓûêΓûêΓûêΓûêΓûêΓûêΓûêΓûêΓûêΓûêΓûêΓûêΓûêΓûê| Time: 0:00:01[39m[K
[34m                   # paths tracked: 252[39m[K
[34m   # non-singular solutions (real): 252 (12)[39m[K
[34m       # singular endpoints (real): 0 (0)[39m[K
[34m          # total solutions (real): 252 (12)[39m[K

[32mTracking 252 paths...  35%|ΓûêΓûêΓûêΓûêΓûêΓûêΓûêΓûêΓûêΓûêΓûê                  |  ETA: 0:00:01[39m[K
[34m                   # paths tracked: 88[39m[K
[34m   # non-singular solutions (real): 88 (3)[39m[K
[34m       # singular endpoints (real): 0 (0)[39m[K
[34m          # total solutions (real): 88 (3)[39m[K
[A
[A
[A
[A




[K[A
[K[A
[K[A
[K[A
[32mTracking 252 paths...  50%|ΓûêΓûêΓûêΓûêΓûêΓûêΓûêΓûêΓûêΓûêΓûêΓûêΓûêΓûêΓûê              |  ETA: 0:00:01[39m[K
[34m                   # paths tracked: 127[39m[K
[34m   # non-singular solutions (real): 127 (5)[39m[K
[34m       # singular endpoints (real): 0 (0)[39m[K
[34m          # total solutions (real): 127 (5)[39m[K
[A
[A
[A
[A




[K[A
[K[A
[K[A
[K[A
[32mTracking 252 paths...  64%|ΓûêΓûêΓûêΓûêΓûêΓûêΓûêΓûêΓûêΓûêΓûêΓûêΓûêΓûêΓûêΓûêΓûêΓûêΓûê          |  ETA: 0:00:01[39m[K
[34m                   # paths tracked: 161[39m[K
[34m   # non-singular solutions (real): 161 (7)[39m[K
[34m       # singular endpoints (real): 0 (0)[39m[K
[34m          # total solutions (real): 161 (7)[39m[K
[A
[A
[A
[A




[K[A
[K[A
[K[A
[K[A
[32mTracking 252 paths...  78%|ΓûêΓûêΓûêΓûêΓûêΓûêΓûêΓûêΓûêΓûêΓûêΓûêΓûêΓûêΓûêΓûêΓûêΓûêΓûêΓûêΓûêΓûêΓûê      |  ETA: 0:00:00[39m[K
[34m                   # paths tracked: 197[39m[K
[34m   # non-singular solutions (real): 197 (9)[39m[K
[34m       # singular endpoints (real): 0 (0)[39m[K
[34m          # total solutions (real): 197 (9)[39m[K
[A
[A
[A
[A




[K[A
[K[A
[K[A
[K[A
[32mTracking 252 paths...  92%|ΓûêΓûêΓûêΓûêΓûêΓûêΓûêΓûêΓûêΓûêΓûêΓûêΓûêΓûêΓûêΓûêΓûêΓûêΓûêΓûêΓûêΓûêΓûêΓûêΓûêΓûêΓûê  |  ETA: 0:00:00[39m[K
[34m                   # paths tracked: 233[39m[K
[34m   # non-singular solutions (real): 233 (11)[39m[K
[34m       # singular endpoints (real): 0 (0)[39m[K
[34m          # total solutions (real): 233 (11)[39m[K
[A
[A
[A
[A




[K[A
[K[A
[K[A
[K[A
[32mTracking 252 paths... 100%|ΓûêΓûêΓûêΓûêΓûêΓûêΓûêΓûêΓûêΓûêΓûêΓûêΓûêΓûêΓûêΓûêΓûêΓûêΓûêΓûêΓûêΓûêΓûêΓûêΓûêΓûêΓûêΓûêΓûê| Time: 0:00:01[39m[K
[34m                   # paths tracked: 252[39m[K
[34m   # non-singular solutions (real): 252 (12)[39m[K
[34m       # singular endpoints (real): 0 (0)[39m[K
[34m          # total solutions (real): 252 (12)[39m[K

[32mTracking 252 paths...  34%|ΓûêΓûêΓûêΓûêΓûêΓûêΓûêΓûêΓûêΓûê                   |  ETA: 0:00:01[39m[K
[34m                   # paths tracked: 86[39m[K
[34m   # non-singular solutions (real): 86 (2)[39m[K
[34m       # singular endpoints (real): 0 (0)[39m[K
[34m          # total solutions (real): 86 (2)[39m[K
[A
[A
[A
[A




[K[A
[K[A
[K[A
[K[A
[32mTracking 252 paths...  48%|ΓûêΓûêΓûêΓûêΓûêΓûêΓûêΓûêΓûêΓûêΓûêΓûêΓûêΓûê               |  ETA: 0:00:01[39m[K
[34m                   # paths tracked: 120[39m[K
[34m   # non-singular solutions (real): 120 (5)[39m[K
[34m       # singular endpoints (real): 0 (0)[39m[K
[34m          # total solutions (real): 120 (5)[39m[K
[A
[A
[A
[A




[K[A
[K[A
[K[A
[K[A
[32mTracking 252 paths...  61%|ΓûêΓûêΓûêΓûêΓûêΓûêΓûêΓûêΓûêΓûêΓûêΓûêΓûêΓûêΓûêΓûêΓûêΓûê           |  ETA: 0:00:01[39m[K
[34m                   # paths tracked: 154[39m[K
[34m   # non-singular solutions (real): 154 (6)[39m[K
[34m       # singular endpoints (real): 0 (0)[39m[K
[34m          # total solutions (real): 154 (6)[39m[K
[A
[A
[A
[A




[K[A
[K[A
[K[A
[K[A
[32mTracking 252 paths...  76%|ΓûêΓûêΓûêΓûêΓûêΓûêΓûêΓûêΓûêΓûêΓûêΓûêΓûêΓûêΓûêΓûêΓûêΓûêΓûêΓûêΓûêΓûê       |  ETA: 0:00:00[39m[K
[34m                   # paths tracked: 191[39m[K
[34m   # non-singular solutions (real): 191 (7)[39m[K
[34m       # singular endpoints (real): 0 (0)[39m[K
[34m          # total solutions (real): 191 (7)[39m[K
[A
[A
[A
[A




[K[A
[K[A
[K[A
[K[A
[32mTracking 252 paths...  90%|ΓûêΓûêΓûêΓûêΓûêΓûêΓûêΓûêΓûêΓûêΓûêΓûêΓûêΓûêΓûêΓûêΓûêΓûêΓûêΓûêΓûêΓûêΓûêΓûêΓûêΓûêΓûê  |  ETA: 0:00:00[39m[K
[34m                   # paths tracked: 228[39m[K
[34m   # non-singular solutions (real): 228 (10)[39m[K
[34m       # singular endpoints (real): 0 (0)[39m[K
[34m          # total solutions (real): 228 (10)[39m[K
[A
[A
[A
[A




[K[A
[K[A
[K[A
[K[A
[32mTracking 252 paths... 100%|ΓûêΓûêΓûêΓûêΓûêΓûêΓûêΓûêΓûêΓûêΓûêΓûêΓûêΓûêΓûêΓûêΓûêΓûêΓûêΓûêΓûêΓûêΓûêΓûêΓûêΓûêΓûêΓûêΓûê| Time: 0:00:01[39m[K
[34m                   # paths tracked: 252[39m[K
[34m   # non-singular solutions (real): 252 (12)[39m[K
[34m       # singular endpoints (real): 0 (0)[39m[K
[34m          # total solutions (real): 252 (12)[39m[K

[32mTracking 252 paths...  36%|ΓûêΓûêΓûêΓûêΓûêΓûêΓûêΓûêΓûêΓûêΓûê                  |  ETA: 0:00:01[39m[K
[34m                   # paths tracked: 91[39m[K
[34m   # non-singular solutions (real): 91 (4)[39m[K
[34m       # singular endpoints (real): 0 (0)[39m[K
[34m          # total solutions (real): 91 (4)[39m[K
[A
[A
[A
[A




[K[A
[K[A
[K[A
[K[A
[32mTracking 252 paths...  52%|ΓûêΓûêΓûêΓûêΓûêΓûêΓûêΓûêΓûêΓûêΓûêΓûêΓûêΓûêΓûêΓûê             |  ETA: 0:00:01[39m[K
[34m                   # paths tracked: 131[39m[K
[34m   # non-singular solutions (real): 131 (7)[39m[K
[34m       # singular endpoints (real): 0 (0)[39m[K
[34m          # total solutions (real): 131 (7)[39m[K
[A
[A
[A
[A




[K[A
[K[A
[K[A
[K[A
[32mTracking 252 paths...  67%|ΓûêΓûêΓûêΓûêΓûêΓûêΓûêΓûêΓûêΓûêΓûêΓûêΓûêΓûêΓûêΓûêΓûêΓûêΓûêΓûê         |  ETA: 0:00:00[39m[K
[34m                   # paths tracked: 169[39m[K
[34m   # non-singular solutions (real): 169 (8)[39m[K
[34m       # singular endpoints (real): 0 (0)[39m[K
[34m          # total solutions (real): 169 (8)[39m[K
[A
[A
[A
[A




[K[A
[K[A
[K[A
[K[A
[32mTracking 252 paths...  81%|ΓûêΓûêΓûêΓûêΓûêΓûêΓûêΓûêΓûêΓûêΓûêΓûêΓûêΓûêΓûêΓûêΓûêΓûêΓûêΓûêΓûêΓûêΓûêΓûê     |  ETA: 0:00:00[39m[K
[34m                   # paths tracked: 205[39m[K
[34m   # non-singular solutions (real): 205 (9)[39m[K
[34m       # singular endpoints (real): 0 (0)[39m[K
[34m          # total solutions (real): 205 (9)[39m[K
[A
[A
[A
[A




[K[A
[K[A
[K[A
[K[A
[32mTracking 252 paths...  96%|ΓûêΓûêΓûêΓûêΓûêΓûêΓûêΓûêΓûêΓûêΓûêΓûêΓûêΓûêΓûêΓûêΓûêΓûêΓûêΓûêΓûêΓûêΓûêΓûêΓûêΓûêΓûêΓûê |  ETA: 0:00:00[39m[K
[34m                   # paths tracked: 242[39m[K
[34m   # non-singular solutions (real): 242 (11)[39m[K
[34m       # singular endpoints (real): 0 (0)[39m[K
[34m          # total solutions (real): 242 (11)[39m[K
[A
[A
[A
[A




[K[A
[K[A
[K[A
[K[A
[32mTracking 252 paths... 100%|ΓûêΓûêΓûêΓûêΓûêΓûêΓûêΓûêΓûêΓûêΓûêΓûêΓûêΓûêΓûêΓûêΓûêΓûêΓûêΓûêΓûêΓûêΓûêΓûêΓûêΓûêΓûêΓûêΓûê| Time: 0:00:01[39m[K
[34m                   # paths tracked: 252[39m[K
[34m   # non-singular solutions (real): 252 (12)[39m[K
[34m       # singular endpoints (real): 0 (0)[39m[K
[34m          # total solutions (real): 252 (12)[39m[K

[32mTracking 252 paths...  39%|ΓûêΓûêΓûêΓûêΓûêΓûêΓûêΓûêΓûêΓûêΓûêΓûê                 |  ETA: 0:00:01[39m[K
[34m                   # paths tracked: 98[39m[K
[34m   # non-singular solutions (real): 98 (5)[39m[K
[34m       # singular endpoints (real): 0 (0)[39m[K
[34m          # total solutions (real): 98 (5)[39m[K
[A
[A
[A
[A




[K[A
[K[A
[K[A
[K[A
[32mTracking 252 paths...  54%|ΓûêΓûêΓûêΓûêΓûêΓûêΓûêΓûêΓûêΓûêΓûêΓûêΓûêΓûêΓûêΓûê             |  ETA: 0:00:01[39m[K
[34m                   # paths tracked: 136[39m[K
[34m   # non-singular solutions (real): 136 (7)[39m[K
[34m       # singular endpoints (real): 0 (0)[39m[K
[34m          # total solutions (real): 136 (7)[39m[K
[A
[A
[A
[A




[K[A
[K[A
[K[A
[K[A
[32mTracking 252 paths...  70%|ΓûêΓûêΓûêΓûêΓûêΓûêΓûêΓûêΓûêΓûêΓûêΓûêΓûêΓûêΓûêΓûêΓûêΓûêΓûêΓûêΓûê        |  ETA: 0:00:00[39m[K
[34m                   # paths tracked: 176[39m[K
[34m   # non-singular solutions (real): 176 (8)[39m[K
[34m       # singular endpoints (real): 0 (0)[39m[K
[34m          # total solutions (real): 176 (8)[39m[K
[A
[A
[A
[A




[K[A
[K[A
[K[A
[K[A
[32mTracking 252 paths...  86%|ΓûêΓûêΓûêΓûêΓûêΓûêΓûêΓûêΓûêΓûêΓûêΓûêΓûêΓûêΓûêΓûêΓûêΓûêΓûêΓûêΓûêΓûêΓûêΓûêΓûê    |  ETA: 0:00:00[39m[K
[34m                   # paths tracked: 216[39m[K
[34m   # non-singular solutions (real): 216 (10)[39m[K
[34m       # singular endpoints (real): 0 (0)[39m[K
[34m          # total solutions (real): 216 (10)[39m[K
[A
[A
[A
[A




[K[A
[K[A
[K[A
[K[A
[32mTracking 252 paths... 100%|ΓûêΓûêΓûêΓûêΓûêΓûêΓûêΓûêΓûêΓûêΓûêΓûêΓûêΓûêΓûêΓûêΓûêΓûêΓûêΓûêΓûêΓûêΓûêΓûêΓûêΓûêΓûêΓûêΓûê| Time: 0:00:01[39m[K
[34m                   # paths tracked: 252[39m[K
[34m   # non-singular solutions (real): 252 (12)[39m[K
[34m       # singular endpoints (real): 0 (0)[39m[K
[34m          # total solutions (real): 252 (12)[39m[K

[32mTracking 252 paths...  38%|ΓûêΓûêΓûêΓûêΓûêΓûêΓûêΓûêΓûêΓûêΓûê                  |  ETA: 0:00:01[39m[K
[34m                   # paths tracked: 95[39m[K
[34m   # non-singular solutions (real): 95 (5)[39m[K
[34m       # singular endpoints (real): 0 (0)[39m[K
[34m          # total solutions (real): 95 (5)[39m[K
[A
[A
[A
[A




[K[A
[K[A
[K[A
[K[A
[32mTracking 252 paths...  52%|ΓûêΓûêΓûêΓûêΓûêΓûêΓûêΓûêΓûêΓûêΓûêΓûêΓûêΓûêΓûê              |  ETA: 0:00:01[39m[K
[34m                   # paths tracked: 130[39m[K
[34m   # non-singular solutions (real): 130 (8)[39m[K
[34m       # singular endpoints (real): 0 (0)[39m[K
[34m          # total solutions (real): 130 (8)[39m[K
[A
[A
[A
[A




[K[A
[K[A
[K[A
[K[A
[32mTracking 252 paths...  67%|ΓûêΓûêΓûêΓûêΓûêΓûêΓûêΓûêΓûêΓûêΓûêΓûêΓûêΓûêΓûêΓûêΓûêΓûêΓûêΓûê         |  ETA: 0:00:00[39m[K
[34m                   # paths tracked: 170[39m[K
[34m   # non-singular solutions (real): 170 (11)[39m[K
[34m       # singular endpoints (real): 0 (0)[39m[K
[34m          # total solutions (real): 170 (11)[39m[K
[A
[A
[A
[A




[K[A
[K[A
[K[A
[K[A
[32mTracking 252 paths...  85%|ΓûêΓûêΓûêΓûêΓûêΓûêΓûêΓûêΓûêΓûêΓûêΓûêΓûêΓûêΓûêΓûêΓûêΓûêΓûêΓûêΓûêΓûêΓûêΓûêΓûê    |  ETA: 0:00:00[39m[K
[34m                   # paths tracked: 214[39m[K
[34m   # non-singular solutions (real): 214 (11)[39m[K
[34m       # singular endpoints (real): 0 (0)[39m[K
[34m          # total solutions (real): 214 (11)[39m[K
[A
[A
[A
[A




[K[A
[K[A
[K[A
[K[A
[32mTracking 252 paths... 100%|ΓûêΓûêΓûêΓûêΓûêΓûêΓûêΓûêΓûêΓûêΓûêΓûêΓûêΓûêΓûêΓûêΓûêΓûêΓûêΓûêΓûêΓûêΓûêΓûêΓûêΓûêΓûêΓûêΓûê| Time: 0:00:01[39m[K
[34m                   # paths tracked: 252[39m[K
[34m   # non-singular solutions (real): 252 (12)[39m[K
[34m       # singular endpoints (real): 0 (0)[39m[K
[34m          # total solutions (real): 252 (12)[39m[K

[32mTracking 252 paths...  39%|ΓûêΓûêΓûêΓûêΓûêΓûêΓûêΓûêΓûêΓûêΓûêΓûê                 |  ETA: 0:00:01[39m[K
[34m                   # paths tracked: 99[39m[K
[34m   # non-singular solutions (real): 99 (5)[39m[K
[34m       # singular endpoints (real): 0 (0)[39m[K
[34m          # total solutions (real): 99 (5)[39m[K
[A
[A
[A
[A




[K[A
[K[A
[K[A
[K[A
[32mTracking 252 paths...  54%|ΓûêΓûêΓûêΓûêΓûêΓûêΓûêΓûêΓûêΓûêΓûêΓûêΓûêΓûêΓûêΓûê             |  ETA: 0:00:01[39m[K
[34m                   # paths tracked: 136[39m[K
[34m   # non-singular solutions (real): 136 (5)[39m[K
[34m       # singular endpoints (real): 0 (0)[39m[K
[34m          # total solutions (real): 136 (5)[39m[K
[A
[A
[A
[A




[K[A
[K[A
[K[A
[K[A
[32mTracking 252 paths...  69%|ΓûêΓûêΓûêΓûêΓûêΓûêΓûêΓûêΓûêΓûêΓûêΓûêΓûêΓûêΓûêΓûêΓûêΓûêΓûêΓûêΓûê        |  ETA: 0:00:00[39m[K
[34m                   # paths tracked: 175[39m[K
[34m   # non-singular solutions (real): 175 (6)[39m[K
[34m       # singular endpoints (real): 0 (0)[39m[K
[34m          # total solutions (real): 175 (6)[39m[K
[A
[A
[A
[A




[K[A
[K[A
[K[A
[K[A
[32mTracking 252 paths...  83%|ΓûêΓûêΓûêΓûêΓûêΓûêΓûêΓûêΓûêΓûêΓûêΓûêΓûêΓûêΓûêΓûêΓûêΓûêΓûêΓûêΓûêΓûêΓûêΓûêΓûê    |  ETA: 0:00:00[39m[K
[34m                   # paths tracked: 210[39m[K
[34m   # non-singular solutions (real): 210 (11)[39m[K
[34m       # singular endpoints (real): 0 (0)[39m[K
[34m          # total solutions (real): 210 (11)[39m[K
[A
[A
[A
[A




[K[A
[K[A
[K[A
[K[A
[32mTracking 252 paths...  98%|ΓûêΓûêΓûêΓûêΓûêΓûêΓûêΓûêΓûêΓûêΓûêΓûêΓûêΓûêΓûêΓûêΓûêΓûêΓûêΓûêΓûêΓûêΓûêΓûêΓûêΓûêΓûêΓûêΓûê|  ETA: 0:00:00[39m[K
[34m                   # paths tracked: 246[39m[K
[34m   # non-singular solutions (real): 246 (12)[39m[K
[34m       # singular endpoints (real): 0 (0)[39m[K
[34m          # total solutions (real): 246 (12)[39m[K
[A
[A
[A
[A




[K[A
[K[A
[K[A
[K[A
[32mTracking 252 paths... 100%|ΓûêΓûêΓûêΓûêΓûêΓûêΓûêΓûêΓûêΓûêΓûêΓûêΓûêΓûêΓûêΓûêΓûêΓûêΓûêΓûêΓûêΓûêΓûêΓûêΓûêΓûêΓûêΓûêΓûê| Time: 0:00:01[39m[K
[34m                   # paths tracked: 252[39m[K
[34m   # non-singular solutions (real): 252 (12)[39m[K
[34m       # singular endpoints (real): 0 (0)[39m[K
[34m          # total solutions (real): 252 (12)[39m[K

[32mTracking 252 paths...  38%|ΓûêΓûêΓûêΓûêΓûêΓûêΓûêΓûêΓûêΓûêΓûêΓûê                 |  ETA: 0:00:01[39m[K
[34m                   # paths tracked: 97[39m[K
[34m   # non-singular solutions (real): 97 (2)[39m[K
[34m       # singular endpoints (real): 0 (0)[39m[K
[34m          # total solutions (real): 97 (2)[39m[K
[A
[A
[A
[A




[K[A
[K[A
[K[A
[K[A
[32mTracking 252 paths...  54%|ΓûêΓûêΓûêΓûêΓûêΓûêΓûêΓûêΓûêΓûêΓûêΓûêΓûêΓûêΓûêΓûê             |  ETA: 0:00:01[39m[K
[34m                   # paths tracked: 135[39m[K
[34m   # non-singular solutions (real): 135 (3)[39m[K
[34m       # singular endpoints (real): 0 (0)[39m[K
[34m          # total solutions (real): 135 (3)[39m[K
[A
[A
[A
[A




[K[A
[K[A
[K[A
[K[A
[32mTracking 252 paths...  67%|ΓûêΓûêΓûêΓûêΓûêΓûêΓûêΓûêΓûêΓûêΓûêΓûêΓûêΓûêΓûêΓûêΓûêΓûêΓûêΓûê         |  ETA: 0:00:00[39m[K
[34m                   # paths tracked: 169[39m[K
[34m   # non-singular solutions (real): 169 (6)[39m[K
[34m       # singular endpoints (real): 0 (0)[39m[K
[34m          # total solutions (real): 169 (6)[39m[K
[A
[A
[A
[A




[K[A
[K[A
[K[A
[K[A
[32mTracking 252 paths...  82%|ΓûêΓûêΓûêΓûêΓûêΓûêΓûêΓûêΓûêΓûêΓûêΓûêΓûêΓûêΓûêΓûêΓûêΓûêΓûêΓûêΓûêΓûêΓûêΓûê     |  ETA: 0:00:00[39m[K
[34m                   # paths tracked: 207[39m[K
[34m   # non-singular solutions (real): 207 (8)[39m[K
[34m       # singular endpoints (real): 0 (0)[39m[K
[34m          # total solutions (real): 207 (8)[39m[K
[A
[A
[A
[A




[K[A
[K[A
[K[A
[K[A
[32mTracking 252 paths...  99%|ΓûêΓûêΓûêΓûêΓûêΓûêΓûêΓûêΓûêΓûêΓûêΓûêΓûêΓûêΓûêΓûêΓûêΓûêΓûêΓûêΓûêΓûêΓûêΓûêΓûêΓûêΓûêΓûêΓûê|  ETA: 0:00:00[39m[K
[34m                   # paths tracked: 250[39m[K
[34m   # non-singular solutions (real): 250 (12)[39m[K
[34m       # singular endpoints (real): 0 (0)[39m[K
[34m          # total solutions (real): 250 (12)[39m[K
[A
[A
[A
[A




[K[A
[K[A
[K[A
[K[A
[32mTracking 252 paths... 100%|ΓûêΓûêΓûêΓûêΓûêΓûêΓûêΓûêΓûêΓûêΓûêΓûêΓûêΓûêΓûêΓûêΓûêΓûêΓûêΓûêΓûêΓûêΓûêΓûêΓûêΓûêΓûêΓûêΓûê| Time: 0:00:01[39m[K
[34m                   # paths tracked: 252[39m[K
[34m   # non-singular solutions (real): 252 (12)[39m[K
[34m       # singular endpoints (real): 0 (0)[39m[K
[34m          # total solutions (real): 252 (12)[39m[K

[32mTracking 252 paths...  33%|ΓûêΓûêΓûêΓûêΓûêΓûêΓûêΓûêΓûêΓûê                   |  ETA: 0:00:01[39m[K
[34m                   # paths tracked: 84[39m[K
[34m   # non-singular solutions (real): 84 (5)[39m[K
[34m       # singular endpoints (real): 0 (0)[39m[K
[34m          # total solutions (real): 84 (5)[39m[K
[A
[A
[A
[A




[K[A
[K[A
[K[A
[K[A
[32mTracking 252 paths...  48%|ΓûêΓûêΓûêΓûêΓûêΓûêΓûêΓûêΓûêΓûêΓûêΓûêΓûêΓûê               |  ETA: 0:00:01[39m[K
[34m                   # paths tracked: 121[39m[K
[34m   # non-singular solutions (real): 121 (6)[39m[K
[34m       # singular endpoints (real): 0 (0)[39m[K
[34m          # total solutions (real): 121 (6)[39m[K
[A
[A
[A
[A




[K[A
[K[A
[K[A
[K[A
[32mTracking 252 paths...  63%|ΓûêΓûêΓûêΓûêΓûêΓûêΓûêΓûêΓûêΓûêΓûêΓûêΓûêΓûêΓûêΓûêΓûêΓûêΓûê          |  ETA: 0:00:01[39m[K
[34m                   # paths tracked: 159[39m[K
[34m   # non-singular solutions (real): 159 (8)[39m[K
[34m       # singular endpoints (real): 0 (0)[39m[K
[34m          # total solutions (real): 159 (8)[39m[K
[A
[A
[A
[A




[K[A
[K[A
[K[A
[K[A
[32mTracking 252 paths...  78%|ΓûêΓûêΓûêΓûêΓûêΓûêΓûêΓûêΓûêΓûêΓûêΓûêΓûêΓûêΓûêΓûêΓûêΓûêΓûêΓûêΓûêΓûêΓûê      |  ETA: 0:00:00[39m[K
[34m                   # paths tracked: 197[39m[K
[34m   # non-singular solutions (real): 197 (8)[39m[K
[34m       # singular endpoints (real): 0 (0)[39m[K
[34m          # total solutions (real): 197 (8)[39m[K
[A
[A
[A
[A




[K[A
[K[A
[K[A
[K[A
[32mTracking 252 paths...  93%|ΓûêΓûêΓûêΓûêΓûêΓûêΓûêΓûêΓûêΓûêΓûêΓûêΓûêΓûêΓûêΓûêΓûêΓûêΓûêΓûêΓûêΓûêΓûêΓûêΓûêΓûêΓûê  |  ETA: 0:00:00[39m[K
[34m                   # paths tracked: 234[39m[K
[34m   # non-singular solutions (real): 234 (10)[39m[K
[34m       # singular endpoints (real): 0 (0)[39m[K
[34m          # total solutions (real): 234 (10)[39m[K
[A
[A
[A
[A




[K[A
[K[A
[K[A
[K[A
[32mTracking 252 paths... 100%|ΓûêΓûêΓûêΓûêΓûêΓûêΓûêΓûêΓûêΓûêΓûêΓûêΓûêΓûêΓûêΓûêΓûêΓûêΓûêΓûêΓûêΓûêΓûêΓûêΓûêΓûêΓûêΓûêΓûê| Time: 0:00:01[39m[K
[34m                   # paths tracked: 252[39m[K
[34m   # non-singular solutions (real): 252 (12)[39m[K
[34m       # singular endpoints (real): 0 (0)[39m[K
[34m          # total solutions (real): 252 (12)[39m[K

[32mTracking 252 paths...  42%|ΓûêΓûêΓûêΓûêΓûêΓûêΓûêΓûêΓûêΓûêΓûêΓûêΓûê                |  ETA: 0:00:01[39m[K
[34m                   # paths tracked: 105[39m[K
[34m   # non-singular solutions (real): 105 (5)[39m[K
[34m       # singular endpoints (real): 0 (0)[39m[K
[34m          # total solutions (real): 105 (5)[39m[K
[A
[A
[A
[A




[K[A
[K[A
[K[A
[K[A
[32mTracking 252 paths...  59%|ΓûêΓûêΓûêΓûêΓûêΓûêΓûêΓûêΓûêΓûêΓûêΓûêΓûêΓûêΓûêΓûêΓûêΓûê           |  ETA: 0:00:00[39m[K
[34m                   # paths tracked: 149[39m[K
[34m   # non-singular solutions (real): 149 (6)[39m[K
[34m       # singular endpoints (real): 0 (0)[39m[K
[34m          # total solutions (real): 149 (6)[39m[K
[A
[A
[A
[A




[K[A
[K[A
[K[A
[K[A
[32mTracking 252 paths...  76%|ΓûêΓûêΓûêΓûêΓûêΓûêΓûêΓûêΓûêΓûêΓûêΓûêΓûêΓûêΓûêΓûêΓûêΓûêΓûêΓûêΓûêΓûê       |  ETA: 0:00:00[39m[K
[34m                   # paths tracked: 191[39m[K
[34m   # non-singular solutions (real): 191 (10)[39m[K
[34m       # singular endpoints (real): 0 (0)[39m[K
[34m          # total solutions (real): 191 (10)[39m[K
[A
[A
[A
[A




[K[A
[K[A
[K[A
[K[A
[32mTracking 252 paths...  94%|ΓûêΓûêΓûêΓûêΓûêΓûêΓûêΓûêΓûêΓûêΓûêΓûêΓûêΓûêΓûêΓûêΓûêΓûêΓûêΓûêΓûêΓûêΓûêΓûêΓûêΓûêΓûêΓûê |  ETA: 0:00:00[39m[K
[34m                   # paths tracked: 237[39m[K
[34m   # non-singular solutions (real): 237 (11)[39m[K
[34m       # singular endpoints (real): 0 (0)[39m[K
[34m          # total solutions (real): 237 (11)[39m[K
[A
[A
[A
[A




[K[A
[K[A
[K[A
[K[A
[32mTracking 252 paths... 100%|ΓûêΓûêΓûêΓûêΓûêΓûêΓûêΓûêΓûêΓûêΓûêΓûêΓûêΓûêΓûêΓûêΓûêΓûêΓûêΓûêΓûêΓûêΓûêΓûêΓûêΓûêΓûêΓûêΓûê| Time: 0:00:01[39m[K
[34m                   # paths tracked: 252[39m[K
[34m   # non-singular solutions (real): 252 (12)[39m[K
[34m       # singular endpoints (real): 0 (0)[39m[K
[34m          # total solutions (real): 252 (12)[39m[K

[32mTracking 252 paths...  37%|ΓûêΓûêΓûêΓûêΓûêΓûêΓûêΓûêΓûêΓûêΓûê                  |  ETA: 0:00:01[39m[K
[34m                   # paths tracked: 94[39m[K
[34m   # non-singular solutions (real): 94 (7)[39m[K
[34m       # singular endpoints (real): 0 (0)[39m[K
[34m          # total solutions (real): 94 (7)[39m[K
[A
[A
[A
[A




[K[A
[K[A
[K[A
[K[A
[32mTracking 252 paths...  51%|ΓûêΓûêΓûêΓûêΓûêΓûêΓûêΓûêΓûêΓûêΓûêΓûêΓûêΓûêΓûê              |  ETA: 0:00:01[39m[K
[34m                   # paths tracked: 128[39m[K
[34m   # non-singular solutions (real): 128 (8)[39m[K
[34m       # singular endpoints (real): 0 (0)[39m[K
[34m          # total solutions (real): 128 (8)[39m[K
[A
[A
[A
[A




[K[A
[K[A
[K[A
[K[A
[32mTracking 252 paths...  65%|ΓûêΓûêΓûêΓûêΓûêΓûêΓûêΓûêΓûêΓûêΓûêΓûêΓûêΓûêΓûêΓûêΓûêΓûêΓûê          |  ETA: 0:00:00[39m[K
[34m                   # paths tracked: 164[39m[K
[34m   # non-singular solutions (real): 164 (8)[39m[K
[34m       # singular endpoints (real): 0 (0)[39m[K
[34m          # total solutions (real): 164 (8)[39m[K
[A
[A
[A
[A




[K[A
[K[A
[K[A
[K[A
[32mTracking 252 paths...  81%|ΓûêΓûêΓûêΓûêΓûêΓûêΓûêΓûêΓûêΓûêΓûêΓûêΓûêΓûêΓûêΓûêΓûêΓûêΓûêΓûêΓûêΓûêΓûêΓûê     |  ETA: 0:00:00[39m[K
[34m                   # paths tracked: 205[39m[K
[34m   # non-singular solutions (real): 205 (11)[39m[K
[34m       # singular endpoints (real): 0 (0)[39m[K
[34m          # total solutions (real): 205 (11)[39m[K
[A
[A
[A
[A




[K[A
[K[A
[K[A
[K[A
[32mTracking 252 paths...  97%|ΓûêΓûêΓûêΓûêΓûêΓûêΓûêΓûêΓûêΓûêΓûêΓûêΓûêΓûêΓûêΓûêΓûêΓûêΓûêΓûêΓûêΓûêΓûêΓûêΓûêΓûêΓûêΓûêΓûê|  ETA: 0:00:00[39m[K
[34m                   # paths tracked: 245[39m[K
[34m   # non-singular solutions (real): 245 (12)[39m[K
[34m       # singular endpoints (real): 0 (0)[39m[K
[34m          # total solutions (real): 245 (12)[39m[K
[A
[A
[A
[A




[K[A
[K[A
[K[A
[K[A
[32mTracking 252 paths... 100%|ΓûêΓûêΓûêΓûêΓûêΓûêΓûêΓûêΓûêΓûêΓûêΓûêΓûêΓûêΓûêΓûêΓûêΓûêΓûêΓûêΓûêΓûêΓûêΓûêΓûêΓûêΓûêΓûêΓûê| Time: 0:00:01[39m[K
[34m                   # paths tracked: 252[39m[K
[34m   # non-singular solutions (real): 252 (12)[39m[K
[34m       # singular endpoints (real): 0 (0)[39m[K
[34m          # total solutions (real): 252 (12)[39m[K

[32mTracking 252 paths...  23%|ΓûêΓûêΓûêΓûêΓûêΓûêΓûê                      |  ETA: 0:00:02[39m[K
[34m                   # paths tracked: 58[39m[K
[34m   # non-singular solutions (real): 58 (2)[39m[K
[34m       # singular endpoints (real): 0 (0)[39m[K
[34m          # total solutions (real): 58 (2)[39m[K
[A
[A
[A
[A




[K[A
[K[A
[K[A
[K[A
[32mTracking 252 paths...  38%|ΓûêΓûêΓûêΓûêΓûêΓûêΓûêΓûêΓûêΓûêΓûêΓûê                 |  ETA: 0:00:01[39m[K
[34m                   # paths tracked: 97[39m[K
[34m   # non-singular solutions (real): 97 (4)[39m[K
[34m       # singular endpoints (real): 0 (0)[39m[K
[34m          # total solutions (real): 97 (4)[39m[K
[A
[A
[A
[A




[K[A
[K[A
[K[A
[K[A
[32mTracking 252 paths...  51%|ΓûêΓûêΓûêΓûêΓûêΓûêΓûêΓûêΓûêΓûêΓûêΓûêΓûêΓûêΓûê              |  ETA: 0:00:01[39m[K
[34m                   # paths tracked: 128[39m[K
[34m   # non-singular solutions (real): 128 (6)[39m[K
[34m       # singular endpoints (real): 0 (0)[39m[K
[34m          # total solutions (real): 128 (6)[39m[K
[A
[A
[A
[A




[K[A
[K[A
[K[A
[K[A
[32mTracking 252 paths...  64%|ΓûêΓûêΓûêΓûêΓûêΓûêΓûêΓûêΓûêΓûêΓûêΓûêΓûêΓûêΓûêΓûêΓûêΓûêΓûê          |  ETA: 0:00:01[39m[K
[34m                   # paths tracked: 162[39m[K
[34m   # non-singular solutions (real): 162 (9)[39m[K
[34m       # singular endpoints (real): 0 (0)[39m[K
[34m          # total solutions (real): 162 (9)[39m[K
[A
[A
[A
[A




[K[A
[K[A
[K[A
[K[A
[32mTracking 252 paths...  79%|ΓûêΓûêΓûêΓûêΓûêΓûêΓûêΓûêΓûêΓûêΓûêΓûêΓûêΓûêΓûêΓûêΓûêΓûêΓûêΓûêΓûêΓûêΓûê      |  ETA: 0:00:00[39m[K
[34m                   # paths tracked: 199[39m[K
[34m   # non-singular solutions (real): 199 (10)[39m[K
[34m       # singular endpoints (real): 0 (0)[39m[K
[34m          # total solutions (real): 199 (10)[39m[K
[A
[A
[A
[A




[K[A
[K[A
[K[A
[K[A
[32mTracking 252 paths...  93%|ΓûêΓûêΓûêΓûêΓûêΓûêΓûêΓûêΓûêΓûêΓûêΓûêΓûêΓûêΓûêΓûêΓûêΓûêΓûêΓûêΓûêΓûêΓûêΓûêΓûêΓûêΓûê  |  ETA: 0:00:00[39m[K
[34m                   # paths tracked: 234[39m[K
[34m   # non-singular solutions (real): 234 (11)[39m[K
[34m       # singular endpoints (real): 0 (0)[39m[K
[34m          # total solutions (real): 234 (11)[39m[K
[A
[A
[A
[A




[K[A
[K[A
[K[A
[K[A
[32mTracking 252 paths... 100%|ΓûêΓûêΓûêΓûêΓûêΓûêΓûêΓûêΓûêΓûêΓûêΓûêΓûêΓûêΓûêΓûêΓûêΓûêΓûêΓûêΓûêΓûêΓûêΓûêΓûêΓûêΓûêΓûêΓûê| Time: 0:00:01[39m[K
[34m                   # paths tracked: 252[39m[K
[34m   # non-singular solutions (real): 252 (12)[39m[K
[34m       # singular endpoints (real): 0 (0)[39m[K
[34m          # total solutions (real): 252 (12)[39m[K

[32mTracking 252 paths...  38%|ΓûêΓûêΓûêΓûêΓûêΓûêΓûêΓûêΓûêΓûêΓûê                  |  ETA: 0:00:01[39m[K
[34m                   # paths tracked: 95[39m[K
[34m   # non-singular solutions (real): 95 (3)[39m[K
[34m       # singular endpoints (real): 0 (0)[39m[K
[34m          # total solutions (real): 95 (3)[39m[K
[A
[A
[A
[A




[K[A
[K[A
[K[A
[K[A
[32mTracking 252 paths...  53%|ΓûêΓûêΓûêΓûêΓûêΓûêΓûêΓûêΓûêΓûêΓûêΓûêΓûêΓûêΓûêΓûê             |  ETA: 0:00:01[39m[K
[34m                   # paths tracked: 133[39m[K
[34m   # non-singular solutions (real): 133 (8)[39m[K
[34m       # singular endpoints (real): 0 (0)[39m[K
[34m          # total solutions (real): 133 (8)[39m[K
[A
[A
[A
[A




[K[A
[K[A
[K[A
[K[A
[32mTracking 252 paths...  67%|ΓûêΓûêΓûêΓûêΓûêΓûêΓûêΓûêΓûêΓûêΓûêΓûêΓûêΓûêΓûêΓûêΓûêΓûêΓûêΓûê         |  ETA: 0:00:00[39m[K
[34m                   # paths tracked: 170[39m[K
[34m   # non-singular solutions (real): 170 (8)[39m[K
[34m       # singular endpoints (real): 0 (0)[39m[K
[34m          # total solutions (real): 170 (8)[39m[K
[A
[A
[A
[A




[K[A
[K[A
[K[A
[K[A
[32mTracking 252 paths...  83%|ΓûêΓûêΓûêΓûêΓûêΓûêΓûêΓûêΓûêΓûêΓûêΓûêΓûêΓûêΓûêΓûêΓûêΓûêΓûêΓûêΓûêΓûêΓûêΓûê     |  ETA: 0:00:00[39m[K
[34m                   # paths tracked: 208[39m[K
[34m   # non-singular solutions (real): 208 (10)[39m[K
[34m       # singular endpoints (real): 0 (0)[39m[K
[34m          # total solutions (real): 208 (10)[39m[K
[A
[A
[A
[A




[K[A
[K[A
[K[A
[K[A
[32mTracking 252 paths...  99%|ΓûêΓûêΓûêΓûêΓûêΓûêΓûêΓûêΓûêΓûêΓûêΓûêΓûêΓûêΓûêΓûêΓûêΓûêΓûêΓûêΓûêΓûêΓûêΓûêΓûêΓûêΓûêΓûêΓûê|  ETA: 0:00:00[39m[K
[34m                   # paths tracked: 249[39m[K
[34m   # non-singular solutions (real): 249 (12)[39m[K
[34m       # singular endpoints (real): 0 (0)[39m[K
[34m          # total solutions (real): 249 (12)[39m[K
[A
[A
[A
[A




[K[A
[K[A
[K[A
[K[A
[32mTracking 252 paths... 100%|ΓûêΓûêΓûêΓûêΓûêΓûêΓûêΓûêΓûêΓûêΓûêΓûêΓûêΓûêΓûêΓûêΓûêΓûêΓûêΓûêΓûêΓûêΓûêΓûêΓûêΓûêΓûêΓûêΓûê| Time: 0:00:01[39m[K
[34m                   # paths tracked: 252[39m[K
[34m   # non-singular solutions (real): 252 (12)[39m[K
[34m       # singular endpoints (real): 0 (0)[39m[K
[34m          # total solutions (real): 252 (12)[39m[K

[32mTracking 252 paths...  34%|ΓûêΓûêΓûêΓûêΓûêΓûêΓûêΓûêΓûêΓûê                   |  ETA: 0:00:01[39m[K
[34m                   # paths tracked: 86[39m[K
[34m   # non-singular solutions (real): 86 (3)[39m[K
[34m       # singular endpoints (real): 0 (0)[39m[K
[34m          # total solutions (real): 86 (3)[39m[K
[A
[A
[A
[A




[K[A
[K[A
[K[A
[K[A
[32mTracking 252 paths...  49%|ΓûêΓûêΓûêΓûêΓûêΓûêΓûêΓûêΓûêΓûêΓûêΓûêΓûêΓûêΓûê              |  ETA: 0:00:01[39m[K
[34m                   # paths tracked: 123[39m[K
[34m   # non-singular solutions (real): 123 (5)[39m[K
[34m       # singular endpoints (real): 0 (0)[39m[K
[34m          # total solutions (real): 123 (5)[39m[K
[A
[A
[A
[A




[K[A
[K[A
[K[A
[K[A
[32mTracking 252 paths...  64%|ΓûêΓûêΓûêΓûêΓûêΓûêΓûêΓûêΓûêΓûêΓûêΓûêΓûêΓûêΓûêΓûêΓûêΓûêΓûê          |  ETA: 0:00:01[39m[K
[34m                   # paths tracked: 161[39m[K
[34m   # non-singular solutions (real): 161 (10)[39m[K
[34m       # singular endpoints (real): 0 (0)[39m[K
[34m          # total solutions (real): 161 (10)[39m[K
[A
[A
[A
[A




[K[A
[K[A
[K[A
[K[A
[32mTracking 252 paths...  79%|ΓûêΓûêΓûêΓûêΓûêΓûêΓûêΓûêΓûêΓûêΓûêΓûêΓûêΓûêΓûêΓûêΓûêΓûêΓûêΓûêΓûêΓûêΓûêΓûê     |  ETA: 0:00:00[39m[K
[34m                   # paths tracked: 200[39m[K
[34m   # non-singular solutions (real): 200 (11)[39m[K
[34m       # singular endpoints (real): 0 (0)[39m[K
[34m          # total solutions (real): 200 (11)[39m[K
[A
[A
[A
[A




[K[A
[K[A
[K[A
[K[A
[32mTracking 252 paths...  95%|ΓûêΓûêΓûêΓûêΓûêΓûêΓûêΓûêΓûêΓûêΓûêΓûêΓûêΓûêΓûêΓûêΓûêΓûêΓûêΓûêΓûêΓûêΓûêΓûêΓûêΓûêΓûêΓûê |  ETA: 0:00:00[39m[K
[34m                   # paths tracked: 239[39m[K
[34m   # non-singular solutions (real): 239 (12)[39m[K
[34m       # singular endpoints (real): 0 (0)[39m[K
[34m          # total solutions (real): 239 (12)[39m[K
[A
[A
[A
[A




[K[A
[K[A
[K[A
[K[A
[32mTracking 252 paths... 100%|ΓûêΓûêΓûêΓûêΓûêΓûêΓûêΓûêΓûêΓûêΓûêΓûêΓûêΓûêΓûêΓûêΓûêΓûêΓûêΓûêΓûêΓûêΓûêΓûêΓûêΓûêΓûêΓûêΓûê| Time: 0:00:01[39m[K
[34m                   # paths tracked: 252[39m[K
[34m   # non-singular solutions (real): 252 (12)[39m[K
[34m       # singular endpoints (real): 0 (0)[39m[K
[34m          # total solutions (real): 252 (12)[39m[K

[32mTracking 252 paths...  40%|ΓûêΓûêΓûêΓûêΓûêΓûêΓûêΓûêΓûêΓûêΓûêΓûê                 |  ETA: 0:00:01[39m[K
[34m                   # paths tracked: 101[39m[K
[34m   # non-singular solutions (real): 101 (7)[39m[K
[34m       # singular endpoints (real): 0 (0)[39m[K
[34m          # total solutions (real): 101 (7)[39m[K
[A
[A
[A
[A




[K[A
[K[A
[K[A
[K[A
[32mTracking 252 paths...  56%|ΓûêΓûêΓûêΓûêΓûêΓûêΓûêΓûêΓûêΓûêΓûêΓûêΓûêΓûêΓûêΓûêΓûê            |  ETA: 0:00:01[39m[K
[34m                   # paths tracked: 141[39m[K
[34m   # non-singular solutions (real): 141 (8)[39m[K
[34m       # singular endpoints (real): 0 (0)[39m[K
[34m          # total solutions (real): 141 (8)[39m[K
[A
[A
[A
[A




[K[A
[K[A
[K[A
[K[A
[32mTracking 252 paths...  73%|ΓûêΓûêΓûêΓûêΓûêΓûêΓûêΓûêΓûêΓûêΓûêΓûêΓûêΓûêΓûêΓûêΓûêΓûêΓûêΓûêΓûêΓûê       |  ETA: 0:00:00[39m[K
[34m                   # paths tracked: 183[39m[K
[34m   # non-singular solutions (real): 183 (9)[39m[K
[34m       # singular endpoints (real): 0 (0)[39m[K
[34m          # total solutions (real): 183 (9)[39m[K
[A
[A
[A
[A




[K[A
[K[A
[K[A
[K[A
[32mTracking 252 paths...  88%|ΓûêΓûêΓûêΓûêΓûêΓûêΓûêΓûêΓûêΓûêΓûêΓûêΓûêΓûêΓûêΓûêΓûêΓûêΓûêΓûêΓûêΓûêΓûêΓûêΓûêΓûê   |  ETA: 0:00:00[39m[K
[34m                   # paths tracked: 223[39m[K
[34m   # non-singular solutions (real): 223 (10)[39m[K
[34m       # singular endpoints (real): 0 (0)[39m[K
[34m          # total solutions (real): 223 (10)[39m[K
[A
[A
[A
[A




[K[A
[K[A
[K[A
[K[A
[32mTracking 252 paths... 100%|ΓûêΓûêΓûêΓûêΓûêΓûêΓûêΓûêΓûêΓûêΓûêΓûêΓûêΓûêΓûêΓûêΓûêΓûêΓûêΓûêΓûêΓûêΓûêΓûêΓûêΓûêΓûêΓûêΓûê| Time: 0:00:01[39m[K
[34m                   # paths tracked: 252[39m[K
[34m   # non-singular solutions (real): 252 (12)[39m[K
[34m       # singular endpoints (real): 0 (0)[39m[K
[34m          # total solutions (real): 252 (12)[39m[K

[32mTracking 252 paths...  38%|ΓûêΓûêΓûêΓûêΓûêΓûêΓûêΓûêΓûêΓûêΓûê                  |  ETA: 0:00:01[39m[K
[34m                   # paths tracked: 95[39m[K
[34m   # non-singular solutions (real): 95 (3)[39m[K
[34m       # singular endpoints (real): 0 (0)[39m[K
[34m          # total solutions (real): 95 (3)[39m[K
[A
[A
[A
[A




[K[A
[K[A
[K[A
[K[A
[32mTracking 252 paths...  54%|ΓûêΓûêΓûêΓûêΓûêΓûêΓûêΓûêΓûêΓûêΓûêΓûêΓûêΓûêΓûêΓûê             |  ETA: 0:00:01[39m[K
[34m                   # paths tracked: 136[39m[K
[34m   # non-singular solutions (real): 136 (5)[39m[K
[34m       # singular endpoints (real): 0 (0)[39m[K
[34m          # total solutions (real): 136 (5)[39m[K
[A
[A
[A
[A




[K[A
[K[A
[K[A
[K[A
[32mTracking 252 paths...  69%|ΓûêΓûêΓûêΓûêΓûêΓûêΓûêΓûêΓûêΓûêΓûêΓûêΓûêΓûêΓûêΓûêΓûêΓûêΓûêΓûêΓûê        |  ETA: 0:00:00[39m[K
[34m                   # paths tracked: 174[39m[K
[34m   # non-singular solutions (real): 174 (6)[39m[K
[34m       # singular endpoints (real): 0 (0)[39m[K
[34m          # total solutions (real): 174 (6)[39m[K
[A
[A
[A
[A




[K[A
[K[A
[K[A
[K[A
[32mTracking 252 paths...  83%|ΓûêΓûêΓûêΓûêΓûêΓûêΓûêΓûêΓûêΓûêΓûêΓûêΓûêΓûêΓûêΓûêΓûêΓûêΓûêΓûêΓûêΓûêΓûêΓûêΓûê    |  ETA: 0:00:00[39m[K
[34m                   # paths tracked: 210[39m[K
[34m   # non-singular solutions (real): 210 (10)[39m[K
[34m       # singular endpoints (real): 0 (0)[39m[K
[34m          # total solutions (real): 210 (10)[39m[K
[A
[A
[A
[A




[K[A
[K[A
[K[A
[K[A
[32mTracking 252 paths...  98%|ΓûêΓûêΓûêΓûêΓûêΓûêΓûêΓûêΓûêΓûêΓûêΓûêΓûêΓûêΓûêΓûêΓûêΓûêΓûêΓûêΓûêΓûêΓûêΓûêΓûêΓûêΓûêΓûêΓûê|  ETA: 0:00:00[39m[K
[34m                   # paths tracked: 246[39m[K
[34m   # non-singular solutions (real): 246 (11)[39m[K
[34m       # singular endpoints (real): 0 (0)[39m[K
[34m          # total solutions (real): 246 (11)[39m[K
[A
[A
[A
[A




[K[A
[K[A
[K[A
[K[A
[32mTracking 252 paths... 100%|ΓûêΓûêΓûêΓûêΓûêΓûêΓûêΓûêΓûêΓûêΓûêΓûêΓûêΓûêΓûêΓûêΓûêΓûêΓûêΓûêΓûêΓûêΓûêΓûêΓûêΓûêΓûêΓûêΓûê| Time: 0:00:01[39m[K
[34m                   # paths tracked: 252[39m[K
[34m   # non-singular solutions (real): 252 (12)[39m[K
[34m       # singular endpoints (real): 0 (0)[39m[K
[34m          # total solutions (real): 252 (12)[39m[K

[32mTracking 252 paths...  34%|ΓûêΓûêΓûêΓûêΓûêΓûêΓûêΓûêΓûêΓûê                   |  ETA: 0:00:01[39m[K
[34m                   # paths tracked: 85[39m[K
[34m   # non-singular solutions (real): 85 (3)[39m[K
[34m       # singular endpoints (real): 0 (0)[39m[K
[34m          # total solutions (real): 85 (3)[39m[K
[A
[A
[A
[A




[K[A
[K[A
[K[A
[K[A
[32mTracking 252 paths...  49%|ΓûêΓûêΓûêΓûêΓûêΓûêΓûêΓûêΓûêΓûêΓûêΓûêΓûêΓûêΓûê              |  ETA: 0:00:01[39m[K
[34m                   # paths tracked: 123[39m[K
[34m   # non-singular solutions (real): 123 (7)[39m[K
[34m       # singular endpoints (real): 0 (0)[39m[K
[34m          # total solutions (real): 123 (7)[39m[K
[A
[A
[A
[A




[K[A
[K[A
[K[A
[K[A
[32mTracking 252 paths...  62%|ΓûêΓûêΓûêΓûêΓûêΓûêΓûêΓûêΓûêΓûêΓûêΓûêΓûêΓûêΓûêΓûêΓûêΓûêΓûê          |  ETA: 0:00:01[39m[K
[34m                   # paths tracked: 157[39m[K
[34m   # non-singular solutions (real): 157 (7)[39m[K
[34m       # singular endpoints (real): 0 (0)[39m[K
[34m          # total solutions (real): 157 (7)[39m[K
[A
[A
[A
[A




[K[A
[K[A
[K[A
[K[A
[32mTracking 252 paths...  77%|ΓûêΓûêΓûêΓûêΓûêΓûêΓûêΓûêΓûêΓûêΓûêΓûêΓûêΓûêΓûêΓûêΓûêΓûêΓûêΓûêΓûêΓûêΓûê      |  ETA: 0:00:00[39m[K
[34m                   # paths tracked: 193[39m[K
[34m   # non-singular solutions (real): 193 (10)[39m[K
[34m       # singular endpoints (real): 0 (0)[39m[K
[34m          # total solutions (real): 193 (10)[39m[K
[A
[A
[A
[A




[K[A
[K[A
[K[A
[K[A
[32mTracking 252 paths...  90%|ΓûêΓûêΓûêΓûêΓûêΓûêΓûêΓûêΓûêΓûêΓûêΓûêΓûêΓûêΓûêΓûêΓûêΓûêΓûêΓûêΓûêΓûêΓûêΓûêΓûêΓûêΓûê  |  ETA: 0:00:00[39m[K
[34m                   # paths tracked: 228[39m[K
[34m   # non-singular solutions (real): 228 (12)[39m[K
[34m       # singular endpoints (real): 0 (0)[39m[K
[34m          # total solutions (real): 228 (12)[39m[K
[A
[A
[A
[A




[K[A
[K[A
[K[A
[K[A
[32mTracking 252 paths... 100%|ΓûêΓûêΓûêΓûêΓûêΓûêΓûêΓûêΓûêΓûêΓûêΓûêΓûêΓûêΓûêΓûêΓûêΓûêΓûêΓûêΓûêΓûêΓûêΓûêΓûêΓûêΓûêΓûêΓûê| Time: 0:00:01[39m[K
[34m                   # paths tracked: 252[39m[K
[34m   # non-singular solutions (real): 252 (12)[39m[K
[34m       # singular endpoints (real): 0 (0)[39m[K
[34m          # total solutions (real): 252 (12)[39m[K

[32mTracking 252 paths...  38%|ΓûêΓûêΓûêΓûêΓûêΓûêΓûêΓûêΓûêΓûêΓûê                  |  ETA: 0:00:01[39m[K
[34m                   # paths tracked: 95[39m[K
[34m   # non-singular solutions (real): 95 (3)[39m[K
[34m       # singular endpoints (real): 0 (0)[39m[K
[34m          # total solutions (real): 95 (3)[39m[K
[A
[A
[A
[A




[K[A
[K[A
[K[A
[K[A
[32mTracking 252 paths...  54%|ΓûêΓûêΓûêΓûêΓûêΓûêΓûêΓûêΓûêΓûêΓûêΓûêΓûêΓûêΓûêΓûê             |  ETA: 0:00:01[39m[K
[34m                   # paths tracked: 136[39m[K
[34m   # non-singular solutions (real): 136 (5)[39m[K
[34m       # singular endpoints (real): 0 (0)[39m[K
[34m          # total solutions (real): 136 (5)[39m[K
[A
[A
[A
[A




[K[A
[K[A
[K[A
[K[A
[32mTracking 252 paths...  70%|ΓûêΓûêΓûêΓûêΓûêΓûêΓûêΓûêΓûêΓûêΓûêΓûêΓûêΓûêΓûêΓûêΓûêΓûêΓûêΓûêΓûê        |  ETA: 0:00:00[39m[K
[34m                   # paths tracked: 177[39m[K
[34m   # non-singular solutions (real): 177 (6)[39m[K
[34m       # singular endpoints (real): 0 (0)[39m[K
[34m          # total solutions (real): 177 (6)[39m[K
[A
[A
[A
[A




[K[A
[K[A
[K[A
[K[A
[32mTracking 252 paths...  85%|ΓûêΓûêΓûêΓûêΓûêΓûêΓûêΓûêΓûêΓûêΓûêΓûêΓûêΓûêΓûêΓûêΓûêΓûêΓûêΓûêΓûêΓûêΓûêΓûêΓûê    |  ETA: 0:00:00[39m[K
[34m                   # paths tracked: 214[39m[K
[34m   # non-singular solutions (real): 214 (7)[39m[K
[34m       # singular endpoints (real): 0 (0)[39m[K
[34m          # total solutions (real): 214 (7)[39m[K
[A
[A
[A
[A




[K[A
[K[A
[K[A
[K[A
[32mTracking 252 paths... 100%|ΓûêΓûêΓûêΓûêΓûêΓûêΓûêΓûêΓûêΓûêΓûêΓûêΓûêΓûêΓûêΓûêΓûêΓûêΓûêΓûêΓûêΓûêΓûêΓûêΓûêΓûêΓûêΓûêΓûê| Time: 0:00:01[39m[K
[34m                   # paths tracked: 252[39m[K
[34m   # non-singular solutions (real): 252 (12)[39m[K
[34m       # singular endpoints (real): 0 (0)[39m[K
[34m          # total solutions (real): 252 (12)[39m[K

[32mTracking 252 paths...  35%|ΓûêΓûêΓûêΓûêΓûêΓûêΓûêΓûêΓûêΓûêΓûê                  |  ETA: 0:00:01[39m[K
[34m                   # paths tracked: 87[39m[K
[34m   # non-singular solutions (real): 87 (6)[39m[K
[34m       # singular endpoints (real): 0 (0)[39m[K
[34m          # total solutions (real): 87 (6)[39m[K
[A
[A
[A
[A




[K[A
[K[A
[K[A
[K[A
[32mTracking 252 paths...  50%|ΓûêΓûêΓûêΓûêΓûêΓûêΓûêΓûêΓûêΓûêΓûêΓûêΓûêΓûêΓûê              |  ETA: 0:00:01[39m[K
[34m                   # paths tracked: 125[39m[K
[34m   # non-singular solutions (real): 125 (7)[39m[K
[34m       # singular endpoints (real): 0 (0)[39m[K
[34m          # total solutions (real): 125 (7)[39m[K
[A
[A
[A
[A




[K[A
[K[A
[K[A
[K[A
[32mTracking 252 paths...  65%|ΓûêΓûêΓûêΓûêΓûêΓûêΓûêΓûêΓûêΓûêΓûêΓûêΓûêΓûêΓûêΓûêΓûêΓûêΓûê          |  ETA: 0:00:01[39m[K
[34m                   # paths tracked: 163[39m[K
[34m   # non-singular solutions (real): 163 (7)[39m[K
[34m       # singular endpoints (real): 0 (0)[39m[K
[34m          # total solutions (real): 163 (7)[39m[K
[A
[A
[A
[A




[K[A
[K[A
[K[A
[K[A
[32mTracking 252 paths...  78%|ΓûêΓûêΓûêΓûêΓûêΓûêΓûêΓûêΓûêΓûêΓûêΓûêΓûêΓûêΓûêΓûêΓûêΓûêΓûêΓûêΓûêΓûêΓûê      |  ETA: 0:00:00[39m[K
[34m                   # paths tracked: 197[39m[K
[34m   # non-singular solutions (real): 197 (9)[39m[K
[34m       # singular endpoints (real): 0 (0)[39m[K
[34m          # total solutions (real): 197 (9)[39m[K
[A
[A
[A
[A




[K[A
[K[A
[K[A
[K[A
[32mTracking 252 paths...  93%|ΓûêΓûêΓûêΓûêΓûêΓûêΓûêΓûêΓûêΓûêΓûêΓûêΓûêΓûêΓûêΓûêΓûêΓûêΓûêΓûêΓûêΓûêΓûêΓûêΓûêΓûêΓûê  |  ETA: 0:00:00[39m[K
[34m                   # paths tracked: 234[39m[K
[34m   # non-singular solutions (real): 234 (12)[39m[K
[34m       # singular endpoints (real): 0 (0)[39m[K
[34m          # total solutions (real): 234 (12)[39m[K
[A
[A
[A
[A




[K[A
[K[A
[K[A
[K[A
[32mTracking 252 paths... 100%|ΓûêΓûêΓûêΓûêΓûêΓûêΓûêΓûêΓûêΓûêΓûêΓûêΓûêΓûêΓûêΓûêΓûêΓûêΓûêΓûêΓûêΓûêΓûêΓûêΓûêΓûêΓûêΓûêΓûê| Time: 0:00:01[39m[K
[34m                   # paths tracked: 252[39m[K
[34m   # non-singular solutions (real): 252 (12)[39m[K
[34m       # singular endpoints (real): 0 (0)[39m[K
[34m          # total solutions (real): 252 (12)[39m[K

[32mTracking 252 paths...  40%|ΓûêΓûêΓûêΓûêΓûêΓûêΓûêΓûêΓûêΓûêΓûêΓûê                 |  ETA: 0:00:01[39m[K
[34m                   # paths tracked: 100[39m[K
[34m   # non-singular solutions (real): 100 (3)[39m[K
[34m       # singular endpoints (real): 0 (0)[39m[K
[34m          # total solutions (real): 100 (3)[39m[K
[A
[A
[A
[A




[K[A
[K[A
[K[A
[K[A
[32mTracking 252 paths...  56%|ΓûêΓûêΓûêΓûêΓûêΓûêΓûêΓûêΓûêΓûêΓûêΓûêΓûêΓûêΓûêΓûêΓûê            |  ETA: 0:00:01[39m[K
[34m                   # paths tracked: 140[39m[K
[34m   # non-singular solutions (real): 140 (5)[39m[K
[34m       # singular endpoints (real): 0 (0)[39m[K
[34m          # total solutions (real): 140 (5)[39m[K
[A
[A
[A
[A




[K[A
[K[A
[K[A
[K[A
[32mTracking 252 paths...  72%|ΓûêΓûêΓûêΓûêΓûêΓûêΓûêΓûêΓûêΓûêΓûêΓûêΓûêΓûêΓûêΓûêΓûêΓûêΓûêΓûêΓûê        |  ETA: 0:00:00[39m[K
[34m                   # paths tracked: 182[39m[K
[34m   # non-singular solutions (real): 182 (7)[39m[K
[34m       # singular endpoints (real): 0 (0)[39m[K
[34m          # total solutions (real): 182 (7)[39m[K
[A
[A
[A
[A




[K[A
[K[A
[K[A
[K[A
[32mTracking 252 paths...  87%|ΓûêΓûêΓûêΓûêΓûêΓûêΓûêΓûêΓûêΓûêΓûêΓûêΓûêΓûêΓûêΓûêΓûêΓûêΓûêΓûêΓûêΓûêΓûêΓûêΓûêΓûê   |  ETA: 0:00:00[39m[K
[34m                   # paths tracked: 220[39m[K
[34m   # non-singular solutions (real): 220 (9)[39m[K
[34m       # singular endpoints (real): 0 (0)[39m[K
[34m          # total solutions (real): 220 (9)[39m[K
[A
[A
[A
[A




[K[A
[K[A
[K[A
[K[A
[32mTracking 252 paths... 100%|ΓûêΓûêΓûêΓûêΓûêΓûêΓûêΓûêΓûêΓûêΓûêΓûêΓûêΓûêΓûêΓûêΓûêΓûêΓûêΓûêΓûêΓûêΓûêΓûêΓûêΓûêΓûêΓûêΓûê| Time: 0:00:01[39m[K
[34m                   # paths tracked: 252[39m[K
[34m   # non-singular solutions (real): 252 (12)[39m[K
[34m       # singular endpoints (real): 0 (0)[39m[K
[34m          # total solutions (real): 252 (12)[39m[K

[32mTracking 252 paths...  35%|ΓûêΓûêΓûêΓûêΓûêΓûêΓûêΓûêΓûêΓûêΓûê                  |  ETA: 0:00:01[39m[K
[34m                   # paths tracked: 89[39m[K
[34m   # non-singular solutions (real): 89 (4)[39m[K
[34m       # singular endpoints (real): 0 (0)[39m[K
[34m          # total solutions (real): 89 (4)[39m[K
[A
[A
[A
[A




[K[A
[K[A
[K[A
[K[A
[32mTracking 252 paths...  50%|ΓûêΓûêΓûêΓûêΓûêΓûêΓûêΓûêΓûêΓûêΓûêΓûêΓûêΓûêΓûê              |  ETA: 0:00:01[39m[K
[34m                   # paths tracked: 126[39m[K
[34m   # non-singular solutions (real): 126 (7)[39m[K
[34m       # singular endpoints (real): 0 (0)[39m[K
[34m          # total solutions (real): 126 (7)[39m[K
[A
[A
[A
[A




[K[A
[K[A
[K[A
[K[A
[32mTracking 252 paths...  65%|ΓûêΓûêΓûêΓûêΓûêΓûêΓûêΓûêΓûêΓûêΓûêΓûêΓûêΓûêΓûêΓûêΓûêΓûêΓûê          |  ETA: 0:00:01[39m[K
[34m                   # paths tracked: 163[39m[K
[34m   # non-singular solutions (real): 163 (9)[39m[K
[34m       # singular endpoints (real): 0 (0)[39m[K
[34m          # total solutions (real): 163 (9)[39m[K
[A
[A
[A
[A




[K[A
[K[A
[K[A
[K[A
[32mTracking 252 paths...  79%|ΓûêΓûêΓûêΓûêΓûêΓûêΓûêΓûêΓûêΓûêΓûêΓûêΓûêΓûêΓûêΓûêΓûêΓûêΓûêΓûêΓûêΓûêΓûê      |  ETA: 0:00:00[39m[K
[34m                   # paths tracked: 198[39m[K
[34m   # non-singular solutions (real): 198 (10)[39m[K
[34m       # singular endpoints (real): 0 (0)[39m[K
[34m          # total solutions (real): 198 (10)[39m[K
[A
[A
[A
[A




[K[A
[K[A
[K[A
[K[A
[32mTracking 252 paths...  94%|ΓûêΓûêΓûêΓûêΓûêΓûêΓûêΓûêΓûêΓûêΓûêΓûêΓûêΓûêΓûêΓûêΓûêΓûêΓûêΓûêΓûêΓûêΓûêΓûêΓûêΓûêΓûêΓûê |  ETA: 0:00:00[39m[K
[34m                   # paths tracked: 236[39m[K
[34m   # non-singular solutions (real): 236 (12)[39m[K
[34m       # singular endpoints (real): 0 (0)[39m[K
[34m          # total solutions (real): 236 (12)[39m[K
[A
[A
[A
[A




[K[A
[K[A
[K[A
[K[A
[32mTracking 252 paths... 100%|ΓûêΓûêΓûêΓûêΓûêΓûêΓûêΓûêΓûêΓûêΓûêΓûêΓûêΓûêΓûêΓûêΓûêΓûêΓûêΓûêΓûêΓûêΓûêΓûêΓûêΓûêΓûêΓûêΓûê| Time: 0:00:01[39m[K
[34m                   # paths tracked: 252[39m[K
[34m   # non-singular solutions (real): 252 (12)[39m[K
[34m       # singular endpoints (real): 0 (0)[39m[K
[34m          # total solutions (real): 252 (12)[39m[K

[32mTracking 252 paths...  32%|ΓûêΓûêΓûêΓûêΓûêΓûêΓûêΓûêΓûêΓûê                   |  ETA: 0:00:01[39m[K
[34m                   # paths tracked: 81[39m[K
[34m   # non-singular solutions (real): 81 (3)[39m[K
[34m       # singular endpoints (real): 0 (0)[39m[K
[34m          # total solutions (real): 81 (3)[39m[K
[A
[A
[A
[A




[K[A
[K[A
[K[A
[K[A
[32mTracking 252 paths...  46%|ΓûêΓûêΓûêΓûêΓûêΓûêΓûêΓûêΓûêΓûêΓûêΓûêΓûêΓûê               |  ETA: 0:00:01[39m[K
[34m                   # paths tracked: 117[39m[K
[34m   # non-singular solutions (real): 117 (6)[39m[K
[34m       # singular endpoints (real): 0 (0)[39m[K
[34m          # total solutions (real): 117 (6)[39m[K
[A
[A
[A
[A




[K[A
[K[A
[K[A
[K[A
[32mTracking 252 paths...  62%|ΓûêΓûêΓûêΓûêΓûêΓûêΓûêΓûêΓûêΓûêΓûêΓûêΓûêΓûêΓûêΓûêΓûêΓûê           |  ETA: 0:00:01[39m[K
[34m                   # paths tracked: 155[39m[K
[34m   # non-singular solutions (real): 155 (7)[39m[K
[34m       # singular endpoints (real): 0 (0)[39m[K
[34m          # total solutions (real): 155 (7)[39m[K
[A
[A
[A
[A




[K[A
[K[A
[K[A
[K[A
[32mTracking 252 paths...  75%|ΓûêΓûêΓûêΓûêΓûêΓûêΓûêΓûêΓûêΓûêΓûêΓûêΓûêΓûêΓûêΓûêΓûêΓûêΓûêΓûêΓûêΓûê       |  ETA: 0:00:00[39m[K
[34m                   # paths tracked: 189[39m[K
[34m   # non-singular solutions (real): 189 (8)[39m[K
[34m       # singular endpoints (real): 0 (0)[39m[K
[34m          # total solutions (real): 189 (8)[39m[K
[A
[A
[A
[A




[K[A
[K[A
[K[A
[K[A
[32mTracking 252 paths...  90%|ΓûêΓûêΓûêΓûêΓûêΓûêΓûêΓûêΓûêΓûêΓûêΓûêΓûêΓûêΓûêΓûêΓûêΓûêΓûêΓûêΓûêΓûêΓûêΓûêΓûêΓûêΓûê  |  ETA: 0:00:00[39m[K
[34m                   # paths tracked: 226[39m[K
[34m   # non-singular solutions (real): 226 (11)[39m[K
[34m       # singular endpoints (real): 0 (0)[39m[K
[34m          # total solutions (real): 226 (11)[39m[K
[A
[A
[A
[A




[K[A
[K[A
[K[A
[K[A
[32mTracking 252 paths... 100%|ΓûêΓûêΓûêΓûêΓûêΓûêΓûêΓûêΓûêΓûêΓûêΓûêΓûêΓûêΓûêΓûêΓûêΓûêΓûêΓûêΓûêΓûêΓûêΓûêΓûêΓûêΓûêΓûêΓûê| Time: 0:00:01[39m[K
[34m                   # paths tracked: 252[39m[K
[34m   # non-singular solutions (real): 252 (12)[39m[K
[34m       # singular endpoints (real): 0 (0)[39m[K
[34m          # total solutions (real): 252 (12)[39m[K

[32mTracking 252 paths...  40%|ΓûêΓûêΓûêΓûêΓûêΓûêΓûêΓûêΓûêΓûêΓûêΓûê                 |  ETA: 0:00:01[39m[K
[34m                   # paths tracked: 101[39m[K
[34m   # non-singular solutions (real): 101 (3)[39m[K
[34m       # singular endpoints (real): 0 (0)[39m[K
[34m          # total solutions (real): 101 (3)[39m[K
[A
[A
[A
[A




[K[A
[K[A
[K[A
[K[A
[32mTracking 252 paths...  55%|ΓûêΓûêΓûêΓûêΓûêΓûêΓûêΓûêΓûêΓûêΓûêΓûêΓûêΓûêΓûêΓûê             |  ETA: 0:00:01[39m[K
[34m                   # paths tracked: 139[39m[K
[34m   # non-singular solutions (real): 139 (5)[39m[K
[34m       # singular endpoints (real): 0 (0)[39m[K
[34m          # total solutions (real): 139 (5)[39m[K
[A
[A
[A
[A




[K[A
[K[A
[K[A
[K[A
[32mTracking 252 paths...  71%|ΓûêΓûêΓûêΓûêΓûêΓûêΓûêΓûêΓûêΓûêΓûêΓûêΓûêΓûêΓûêΓûêΓûêΓûêΓûêΓûêΓûê        |  ETA: 0:00:00[39m[K
[34m                   # paths tracked: 178[39m[K
[34m   # non-singular solutions (real): 178 (6)[39m[K
[34m       # singular endpoints (real): 0 (0)[39m[K
[34m          # total solutions (real): 178 (6)[39m[K
[A
[A
[A
[A




[K[A
[K[A
[K[A
[K[A
[32mTracking 252 paths...  87%|ΓûêΓûêΓûêΓûêΓûêΓûêΓûêΓûêΓûêΓûêΓûêΓûêΓûêΓûêΓûêΓûêΓûêΓûêΓûêΓûêΓûêΓûêΓûêΓûêΓûêΓûê   |  ETA: 0:00:00[39m[K
[34m                   # paths tracked: 218[39m[K
[34m   # non-singular solutions (real): 218 (11)[39m[K
[34m       # singular endpoints (real): 0 (0)[39m[K
[34m          # total solutions (real): 218 (11)[39m[K
[A
[A
[A
[A




[K[A
[K[A
[K[A
[K[A
[32mTracking 252 paths... 100%|ΓûêΓûêΓûêΓûêΓûêΓûêΓûêΓûêΓûêΓûêΓûêΓûêΓûêΓûêΓûêΓûêΓûêΓûêΓûêΓûêΓûêΓûêΓûêΓûêΓûêΓûêΓûêΓûêΓûê| Time: 0:00:01[39m[K
[34m                   # paths tracked: 252[39m[K
[34m   # non-singular solutions (real): 252 (12)[39m[K
[34m       # singular endpoints (real): 0 (0)[39m[K
[34m          # total solutions (real): 252 (12)[39m[K

[32mTracking 252 paths...  37%|ΓûêΓûêΓûêΓûêΓûêΓûêΓûêΓûêΓûêΓûêΓûê                  |  ETA: 0:00:01[39m[K
[34m                   # paths tracked: 93[39m[K
[34m   # non-singular solutions (real): 93 (7)[39m[K
[34m       # singular endpoints (real): 0 (0)[39m[K
[34m          # total solutions (real): 93 (7)[39m[K
[A
[A
[A
[A




[K[A
[K[A
[K[A
[K[A
[32mTracking 252 paths...  53%|ΓûêΓûêΓûêΓûêΓûêΓûêΓûêΓûêΓûêΓûêΓûêΓûêΓûêΓûêΓûêΓûê             |  ETA: 0:00:01[39m[K
[34m                   # paths tracked: 133[39m[K
[34m   # non-singular solutions (real): 133 (9)[39m[K
[34m       # singular endpoints (real): 0 (0)[39m[K
[34m          # total solutions (real): 133 (9)[39m[K
[A
[A
[A
[A




[K[A
[K[A
[K[A
[K[A
[32mTracking 252 paths...  62%|ΓûêΓûêΓûêΓûêΓûêΓûêΓûêΓûêΓûêΓûêΓûêΓûêΓûêΓûêΓûêΓûêΓûêΓûê           |  ETA: 0:00:01[39m[K
[34m                   # paths tracked: 155[39m[K
[34m   # non-singular solutions (real): 155 (9)[39m[K
[34m       # singular endpoints (real): 0 (0)[39m[K
[34m          # total solutions (real): 155 (9)[39m[K
[A
[A
[A
[A




[K[A
[K[A
[K[A
[K[A
[32mTracking 252 paths...  80%|ΓûêΓûêΓûêΓûêΓûêΓûêΓûêΓûêΓûêΓûêΓûêΓûêΓûêΓûêΓûêΓûêΓûêΓûêΓûêΓûêΓûêΓûêΓûêΓûê     |  ETA: 0:00:00[39m[K
[34m                   # paths tracked: 201[39m[K
[34m   # non-singular solutions (real): 201 (12)[39m[K
[34m       # singular endpoints (real): 0 (0)[39m[K
[34m          # total solutions (real): 201 (12)[39m[K
[A
[A
[A
[A




[K[A
[K[A
[K[A
[K[A
[32mTracking 252 paths...  95%|ΓûêΓûêΓûêΓûêΓûêΓûêΓûêΓûêΓûêΓûêΓûêΓûêΓûêΓûêΓûêΓûêΓûêΓûêΓûêΓûêΓûêΓûêΓûêΓûêΓûêΓûêΓûêΓûê |  ETA: 0:00:00[39m[K
[34m                   # paths tracked: 240[39m[K
[34m   # non-singular solutions (real): 240 (12)[39m[K
[34m       # singular endpoints (real): 0 (0)[39m[K
[34m          # total solutions (real): 240 (12)[39m[K
[A
[A
[A
[A




[K[A
[K[A
[K[A
[K[A
[32mTracking 252 paths... 100%|ΓûêΓûêΓûêΓûêΓûêΓûêΓûêΓûêΓûêΓûêΓûêΓûêΓûêΓûêΓûêΓûêΓûêΓûêΓûêΓûêΓûêΓûêΓûêΓûêΓûêΓûêΓûêΓûêΓûê| Time: 0:00:01[39m[K
[34m                   # paths tracked: 252[39m[K
[34m   # non-singular solutions (real): 252 (12)[39m[K
[34m       # singular endpoints (real): 0 (0)[39m[K
[34m          # total solutions (real): 252 (12)[39m[K

[32mTracking 252 paths...  33%|ΓûêΓûêΓûêΓûêΓûêΓûêΓûêΓûêΓûêΓûê                   |  ETA: 0:00:01[39m[K
[34m                   # paths tracked: 84[39m[K
[34m   # non-singular solutions (real): 84 (3)[39m[K
[34m       # singular endpoints (real): 0 (0)[39m[K
[34m          # total solutions (real): 84 (3)[39m[K
[A
[A
[A
[A




[K[A
[K[A
[K[A
[K[A
[32mTracking 252 paths...  48%|ΓûêΓûêΓûêΓûêΓûêΓûêΓûêΓûêΓûêΓûêΓûêΓûêΓûêΓûê               |  ETA: 0:00:01[39m[K
[34m                   # paths tracked: 121[39m[K
[34m   # non-singular solutions (real): 121 (6)[39m[K
[34m       # singular endpoints (real): 0 (0)[39m[K
[34m          # total solutions (real): 121 (6)[39m[K
[A
[A
[A
[A




[K[A
[K[A
[K[A
[K[A
[32mTracking 252 paths...  62%|ΓûêΓûêΓûêΓûêΓûêΓûêΓûêΓûêΓûêΓûêΓûêΓûêΓûêΓûêΓûêΓûêΓûêΓûê           |  ETA: 0:00:01[39m[K
[34m                   # paths tracked: 155[39m[K
[34m   # non-singular solutions (real): 155 (6)[39m[K
[34m       # singular endpoints (real): 0 (0)[39m[K
[34m          # total solutions (real): 155 (6)[39m[K
[A
[A
[A
[A




[K[A
[K[A
[K[A
[K[A
[32mTracking 252 paths...  75%|ΓûêΓûêΓûêΓûêΓûêΓûêΓûêΓûêΓûêΓûêΓûêΓûêΓûêΓûêΓûêΓûêΓûêΓûêΓûêΓûêΓûêΓûê       |  ETA: 0:00:00[39m[K
[34m                   # paths tracked: 190[39m[K
[34m   # non-singular solutions (real): 190 (9)[39m[K
[34m       # singular endpoints (real): 0 (0)[39m[K
[34m          # total solutions (real): 190 (9)[39m[K
[A
[A
[A
[A




[K[A
[K[A
[K[A
[K[A
[32mTracking 252 paths...  89%|ΓûêΓûêΓûêΓûêΓûêΓûêΓûêΓûêΓûêΓûêΓûêΓûêΓûêΓûêΓûêΓûêΓûêΓûêΓûêΓûêΓûêΓûêΓûêΓûêΓûêΓûê   |  ETA: 0:00:00[39m[K
[34m                   # paths tracked: 225[39m[K
[34m   # non-singular solutions (real): 225 (11)[39m[K
[34m       # singular endpoints (real): 0 (0)[39m[K
[34m          # total solutions (real): 225 (11)[39m[K
[A
[A
[A
[A




[K[A
[K[A
[K[A
[K[A
[32mTracking 252 paths... 100%|ΓûêΓûêΓûêΓûêΓûêΓûêΓûêΓûêΓûêΓûêΓûêΓûêΓûêΓûêΓûêΓûêΓûêΓûêΓûêΓûêΓûêΓûêΓûêΓûêΓûêΓûêΓûêΓûêΓûê| Time: 0:00:01[39m[K
[34m                   # paths tracked: 252[39m[K
[34m   # non-singular solutions (real): 252 (12)[39m[K
[34m       # singular endpoints (real): 0 (0)[39m[K
[34m          # total solutions (real): 252 (12)[39m[K

[32mTracking 252 paths...  38%|ΓûêΓûêΓûêΓûêΓûêΓûêΓûêΓûêΓûêΓûêΓûê                  |  ETA: 0:00:01[39m[K
[34m                   # paths tracked: 95[39m[K
[34m   # non-singular solutions (real): 95 (4)[39m[K
[34m       # singular endpoints (real): 0 (0)[39m[K
[34m          # total solutions (real): 95 (4)[39m[K
[A
[A
[A
[A




[K[A
[K[A
[K[A
[K[A
[32mTracking 252 paths...  51%|ΓûêΓûêΓûêΓûêΓûêΓûêΓûêΓûêΓûêΓûêΓûêΓûêΓûêΓûêΓûê              |  ETA: 0:00:01[39m[K
[34m                   # paths tracked: 129[39m[K
[34m   # non-singular solutions (real): 129 (8)[39m[K
[34m       # singular endpoints (real): 0 (0)[39m[K
[34m          # total solutions (real): 129 (8)[39m[K
[A
[A
[A
[A




[K[A
[K[A
[K[A
[K[A
[32mTracking 252 paths...  64%|ΓûêΓûêΓûêΓûêΓûêΓûêΓûêΓûêΓûêΓûêΓûêΓûêΓûêΓûêΓûêΓûêΓûêΓûêΓûê          |  ETA: 0:00:01[39m[K
[34m                   # paths tracked: 161[39m[K
[34m   # non-singular solutions (real): 161 (8)[39m[K
[34m       # singular endpoints (real): 0 (0)[39m[K
[34m          # total solutions (real): 161 (8)[39m[K
[A
[A
[A
[A




[K[A
[K[A
[K[A
[K[A
[32mTracking 252 paths...  78%|ΓûêΓûêΓûêΓûêΓûêΓûêΓûêΓûêΓûêΓûêΓûêΓûêΓûêΓûêΓûêΓûêΓûêΓûêΓûêΓûêΓûêΓûêΓûê      |  ETA: 0:00:00[39m[K
[34m                   # paths tracked: 196[39m[K
[34m   # non-singular solutions (real): 196 (10)[39m[K
[34m       # singular endpoints (real): 0 (0)[39m[K
[34m          # total solutions (real): 196 (10)[39m[K
[A
[A
[A
[A




[K[A
[K[A
[K[A
[K[A
[32mTracking 252 paths...  92%|ΓûêΓûêΓûêΓûêΓûêΓûêΓûêΓûêΓûêΓûêΓûêΓûêΓûêΓûêΓûêΓûêΓûêΓûêΓûêΓûêΓûêΓûêΓûêΓûêΓûêΓûêΓûê  |  ETA: 0:00:00[39m[K
[34m                   # paths tracked: 231[39m[K
[34m   # non-singular solutions (real): 231 (10)[39m[K
[34m       # singular endpoints (real): 0 (0)[39m[K
[34m          # total solutions (real): 231 (10)[39m[K
[A
[A
[A
[A




[K[A
[K[A
[K[A
[K[A
[32mTracking 252 paths... 100%|ΓûêΓûêΓûêΓûêΓûêΓûêΓûêΓûêΓûêΓûêΓûêΓûêΓûêΓûêΓûêΓûêΓûêΓûêΓûêΓûêΓûêΓûêΓûêΓûêΓûêΓûêΓûêΓûêΓûê| Time: 0:00:01[39m[K
[34m                   # paths tracked: 252[39m[K
[34m   # non-singular solutions (real): 252 (12)[39m[K
[34m       # singular endpoints (real): 0 (0)[39m[K
[34m          # total solutions (real): 252 (12)[39m[K

[32mTracking 252 paths...  38%|ΓûêΓûêΓûêΓûêΓûêΓûêΓûêΓûêΓûêΓûêΓûê                  |  ETA: 0:00:01[39m[K
[34m                   # paths tracked: 95[39m[K
[34m   # non-singular solutions (real): 95 (3)[39m[K
[34m       # singular endpoints (real): 0 (0)[39m[K
[34m          # total solutions (real): 95 (3)[39m[K
[A
[A
[A
[A




[K[A
[K[A
[K[A
[K[A
[32mTracking 252 paths...  52%|ΓûêΓûêΓûêΓûêΓûêΓûêΓûêΓûêΓûêΓûêΓûêΓûêΓûêΓûêΓûêΓûê             |  ETA: 0:00:01[39m[K
[34m                   # paths tracked: 132[39m[K
[34m   # non-singular solutions (real): 132 (4)[39m[K
[34m       # singular endpoints (real): 0 (0)[39m[K
[34m          # total solutions (real): 132 (4)[39m[K
[A
[A
[A
[A




[K[A
[K[A
[K[A
[K[A
[32mTracking 252 paths...  67%|ΓûêΓûêΓûêΓûêΓûêΓûêΓûêΓûêΓûêΓûêΓûêΓûêΓûêΓûêΓûêΓûêΓûêΓûêΓûêΓûê         |  ETA: 0:00:00[39m[K
[34m                   # paths tracked: 169[39m[K
[34m   # non-singular solutions (real): 169 (7)[39m[K
[34m       # singular endpoints (real): 0 (0)[39m[K
[34m          # total solutions (real): 169 (7)[39m[K
[A
[A
[A
[A




[K[A
[K[A
[K[A
[K[A
[32mTracking 252 paths...  84%|ΓûêΓûêΓûêΓûêΓûêΓûêΓûêΓûêΓûêΓûêΓûêΓûêΓûêΓûêΓûêΓûêΓûêΓûêΓûêΓûêΓûêΓûêΓûêΓûêΓûê    |  ETA: 0:00:00[39m[K
[34m                   # paths tracked: 212[39m[K
[34m   # non-singular solutions (real): 212 (11)[39m[K
[34m       # singular endpoints (real): 0 (0)[39m[K
[34m          # total solutions (real): 212 (11)[39m[K
[A
[A
[A
[A




[K[A
[K[A
[K[A
[K[A
[32mTracking 252 paths... 100%|ΓûêΓûêΓûêΓûêΓûêΓûêΓûêΓûêΓûêΓûêΓûêΓûêΓûêΓûêΓûêΓûêΓûêΓûêΓûêΓûêΓûêΓûêΓûêΓûêΓûêΓûêΓûêΓûêΓûê| Time: 0:00:01[39m[K
[34m                   # paths tracked: 252[39m[K
[34m   # non-singular solutions (real): 252 (12)[39m[K
[34m       # singular endpoints (real): 0 (0)[39m[K
[34m          # total solutions (real): 252 (12)[39m[K

[32mTracking 252 paths...  37%|ΓûêΓûêΓûêΓûêΓûêΓûêΓûêΓûêΓûêΓûêΓûê                  |  ETA: 0:00:01[39m[K
[34m                   # paths tracked: 93[39m[K
[34m   # non-singular solutions (real): 93 (2)[39m[K
[34m       # singular endpoints (real): 0 (0)[39m[K
[34m          # total solutions (real): 93 (2)[39m[K
[A
[A
[A
[A




[K[A
[K[A
[K[A
[K[A
[32mTracking 252 paths...  54%|ΓûêΓûêΓûêΓûêΓûêΓûêΓûêΓûêΓûêΓûêΓûêΓûêΓûêΓûêΓûêΓûê             |  ETA: 0:00:01[39m[K
[34m                   # paths tracked: 135[39m[K
[34m   # non-singular solutions (real): 135 (6)[39m[K
[34m       # singular endpoints (real): 0 (0)[39m[K
[34m          # total solutions (real): 135 (6)[39m[K
[A
[A
[A
[A




[K[A
[K[A
[K[A
[K[A
[32mTracking 252 paths...  67%|ΓûêΓûêΓûêΓûêΓûêΓûêΓûêΓûêΓûêΓûêΓûêΓûêΓûêΓûêΓûêΓûêΓûêΓûêΓûêΓûê         |  ETA: 0:00:00[39m[K
[34m                   # paths tracked: 170[39m[K
[34m   # non-singular solutions (real): 170 (8)[39m[K
[34m       # singular endpoints (real): 0 (0)[39m[K
[34m          # total solutions (real): 170 (8)[39m[K
[A
[A
[A
[A




[K[A
[K[A
[K[A
[K[A
[32mTracking 252 paths...  84%|ΓûêΓûêΓûêΓûêΓûêΓûêΓûêΓûêΓûêΓûêΓûêΓûêΓûêΓûêΓûêΓûêΓûêΓûêΓûêΓûêΓûêΓûêΓûêΓûêΓûê    |  ETA: 0:00:00[39m[K
[34m                   # paths tracked: 211[39m[K
[34m   # non-singular solutions (real): 211 (10)[39m[K
[34m       # singular endpoints (real): 0 (0)[39m[K
[34m          # total solutions (real): 211 (10)[39m[K
[A
[A
[A
[A




[K[A
[K[A
[K[A
[K[A
[32mTracking 252 paths...  99%|ΓûêΓûêΓûêΓûêΓûêΓûêΓûêΓûêΓûêΓûêΓûêΓûêΓûêΓûêΓûêΓûêΓûêΓûêΓûêΓûêΓûêΓûêΓûêΓûêΓûêΓûêΓûêΓûêΓûê|  ETA: 0:00:00[39m[K
[34m                   # paths tracked: 250[39m[K
[34m   # non-singular solutions (real): 250 (12)[39m[K
[34m       # singular endpoints (real): 0 (0)[39m[K
[34m          # total solutions (real): 250 (12)[39m[K
[A
[A
[A
[A




[K[A
[K[A
[K[A
[K[A
[32mTracking 252 paths... 100%|ΓûêΓûêΓûêΓûêΓûêΓûêΓûêΓûêΓûêΓûêΓûêΓûêΓûêΓûêΓûêΓûêΓûêΓûêΓûêΓûêΓûêΓûêΓûêΓûêΓûêΓûêΓûêΓûêΓûê| Time: 0:00:01[39m[K
[34m                   # paths tracked: 252[39m[K
[34m   # non-singular solutions (real): 252 (12)[39m[K
[34m       # singular endpoints (real): 0 (0)[39m[K
[34m          # total solutions (real): 252 (12)[39m[K

[32mTracking 252 paths...  43%|ΓûêΓûêΓûêΓûêΓûêΓûêΓûêΓûêΓûêΓûêΓûêΓûêΓûê                |  ETA: 0:00:01[39m[K
[34m                   # paths tracked: 108[39m[K
[34m   # non-singular solutions (real): 108 (4)[39m[K
[34m       # singular endpoints (real): 0 (0)[39m[K
[34m          # total solutions (real): 108 (4)[39m[K
[A
[A
[A
[A




[K[A
[K[A
[K[A
[K[A
[32mTracking 252 paths...  60%|ΓûêΓûêΓûêΓûêΓûêΓûêΓûêΓûêΓûêΓûêΓûêΓûêΓûêΓûêΓûêΓûêΓûêΓûê           |  ETA: 0:00:00[39m[K
[34m                   # paths tracked: 151[39m[K
[34m   # non-singular solutions (real): 151 (8)[39m[K
[34m       # singular endpoints (real): 0 (0)[39m[K
[34m          # total solutions (real): 151 (8)[39m[K
[A
[A
[A
[A




[K[A
[K[A
[K[A
[K[A
[32mTracking 252 paths...  78%|ΓûêΓûêΓûêΓûêΓûêΓûêΓûêΓûêΓûêΓûêΓûêΓûêΓûêΓûêΓûêΓûêΓûêΓûêΓûêΓûêΓûêΓûêΓûê      |  ETA: 0:00:00[39m[K
[34m                   # paths tracked: 196[39m[K
[34m   # non-singular solutions (real): 196 (11)[39m[K
[34m       # singular endpoints (real): 0 (0)[39m[K
[34m          # total solutions (real): 196 (11)[39m[K
[A
[A
[A
[A




[K[A
[K[A
[K[A
[K[A
[32mTracking 252 paths...  95%|ΓûêΓûêΓûêΓûêΓûêΓûêΓûêΓûêΓûêΓûêΓûêΓûêΓûêΓûêΓûêΓûêΓûêΓûêΓûêΓûêΓûêΓûêΓûêΓûêΓûêΓûêΓûêΓûê |  ETA: 0:00:00[39m[K
[34m                   # paths tracked: 239[39m[K
[34m   # non-singular solutions (real): 239 (12)[39m[K
[34m       # singular endpoints (real): 0 (0)[39m[K
[34m          # total solutions (real): 239 (12)[39m[K
[A
[A
[A
[A




[K[A
[K[A
[K[A
[K[A
[32mTracking 252 paths... 100%|ΓûêΓûêΓûêΓûêΓûêΓûêΓûêΓûêΓûêΓûêΓûêΓûêΓûêΓûêΓûêΓûêΓûêΓûêΓûêΓûêΓûêΓûêΓûêΓûêΓûêΓûêΓûêΓûêΓûê| Time: 0:00:01[39m[K
[34m                   # paths tracked: 252[39m[K
[34m   # non-singular solutions (real): 252 (12)[39m[K
[34m       # singular endpoints (real): 0 (0)[39m[K
[34m          # total solutions (real): 252 (12)[39m[K

[32mTracking 252 paths...  32%|ΓûêΓûêΓûêΓûêΓûêΓûêΓûêΓûêΓûêΓûê                   |  ETA: 0:00:01[39m[K
[34m                   # paths tracked: 80[39m[K
[34m   # non-singular solutions (real): 80 (2)[39m[K
[34m       # singular endpoints (real): 0 (0)[39m[K
[34m          # total solutions (real): 80 (2)[39m[K
[A
[A
[A
[A




[K[A
[K[A
[K[A
[K[A
[32mTracking 252 paths...  44%|ΓûêΓûêΓûêΓûêΓûêΓûêΓûêΓûêΓûêΓûêΓûêΓûêΓûê                |  ETA: 0:00:01[39m[K
[34m                   # paths tracked: 111[39m[K
[34m   # non-singular solutions (real): 111 (3)[39m[K
[34m       # singular endpoints (real): 0 (0)[39m[K
[34m          # total solutions (real): 111 (3)[39m[K
[A
[A
[A
[A




[K[A
[K[A
[K[A
[K[A
[32mTracking 252 paths...  58%|ΓûêΓûêΓûêΓûêΓûêΓûêΓûêΓûêΓûêΓûêΓûêΓûêΓûêΓûêΓûêΓûêΓûê            |  ETA: 0:00:01[39m[K
[34m                   # paths tracked: 146[39m[K
[34m   # non-singular solutions (real): 146 (5)[39m[K
[34m       # singular endpoints (real): 0 (0)[39m[K
[34m          # total solutions (real): 146 (5)[39m[K
[A
[A
[A
[A




[K[A
[K[A
[K[A
[K[A
[32mTracking 252 paths...  71%|ΓûêΓûêΓûêΓûêΓûêΓûêΓûêΓûêΓûêΓûêΓûêΓûêΓûêΓûêΓûêΓûêΓûêΓûêΓûêΓûêΓûê        |  ETA: 0:00:00[39m[K
[34m                   # paths tracked: 179[39m[K
[34m   # non-singular solutions (real): 179 (8)[39m[K
[34m       # singular endpoints (real): 0 (0)[39m[K
[34m          # total solutions (real): 179 (8)[39m[K
[A
[A
[A
[A




[K[A
[K[A
[K[A
[K[A
[32mTracking 252 paths...  85%|ΓûêΓûêΓûêΓûêΓûêΓûêΓûêΓûêΓûêΓûêΓûêΓûêΓûêΓûêΓûêΓûêΓûêΓûêΓûêΓûêΓûêΓûêΓûêΓûêΓûê    |  ETA: 0:00:00[39m[K
[34m                   # paths tracked: 214[39m[K
[34m   # non-singular solutions (real): 214 (12)[39m[K
[34m       # singular endpoints (real): 0 (0)[39m[K
[34m          # total solutions (real): 214 (12)[39m[K
[A
[A
[A
[A




[K[A
[K[A
[K[A
[K[A
[32mTracking 252 paths...  98%|ΓûêΓûêΓûêΓûêΓûêΓûêΓûêΓûêΓûêΓûêΓûêΓûêΓûêΓûêΓûêΓûêΓûêΓûêΓûêΓûêΓûêΓûêΓûêΓûêΓûêΓûêΓûêΓûêΓûê|  ETA: 0:00:00[39m[K
[34m                   # paths tracked: 247[39m[K
[34m   # non-singular solutions (real): 247 (12)[39m[K
[34m       # singular endpoints (real): 0 (0)[39m[K
[34m          # total solutions (real): 247 (12)[39m[K
[A
[A
[A
[A




[K[A
[K[A
[K[A
[K[A
[32mTracking 252 paths... 100%|ΓûêΓûêΓûêΓûêΓûêΓûêΓûêΓûêΓûêΓûêΓûêΓûêΓûêΓûêΓûêΓûêΓûêΓûêΓûêΓûêΓûêΓûêΓûêΓûêΓûêΓûêΓûêΓûêΓûê| Time: 0:00:01[39m[K
[34m                   # paths tracked: 252[39m[K
[34m   # non-singular solutions (real): 252 (12)[39m[K
[34m       # singular endpoints (real): 0 (0)[39m[K
[34m          # total solutions (real): 252 (12)[39m[K

[32mComputing mixed cells... 2    Time: 0:00:00[39m[K
[34m   mixed_volume: 2[39m[K
[A

[K[A
[32mComputing mixed cells... 179    Time: 0:00:00[39m[K
[34m   mixed_volume: 252[39m[K

[32mTracking 252 paths...  37%|ΓûêΓûêΓûêΓûêΓûêΓûêΓûêΓûêΓûêΓûêΓûê                  |  ETA: 0:00:01[39m[K
[34m                   # paths tracked: 93[39m[K
[34m   # non-singular solutions (real): 93 (5)[39m[K
[34m       # singular endpoints (real): 0 (0)[39m[K
[34m          # total solutions (real): 93 (5)[39m[K
[A
[A
[A
[A




[K[A
[K[A
[K[A
[K[A
[32mTracking 252 paths...  51%|ΓûêΓûêΓûêΓûêΓûêΓûêΓûêΓûêΓûêΓûêΓûêΓûêΓûêΓûêΓûê              |  ETA: 0:00:01[39m[K
[34m                   # paths tracked: 128[39m[K
[34m   # non-singular solutions (real): 128 (6)[39m[K
[34m       # singular endpoints (real): 0 (0)[39m[K
[34m          # total solutions (real): 128 (6)[39m[K
[A
[A
[A
[A




[K[A
[K[A
[K[A
[K[A
[32mTracking 252 paths...  66%|ΓûêΓûêΓûêΓûêΓûêΓûêΓûêΓûêΓûêΓûêΓûêΓûêΓûêΓûêΓûêΓûêΓûêΓûêΓûêΓûê         |  ETA: 0:00:00[39m[K
[34m                   # paths tracked: 166[39m[K
[34m   # non-singular solutions (real): 166 (8)[39m[K
[34m       # singular endpoints (real): 0 (0)[39m[K
[34m          # total solutions (real): 166 (8)[39m[K
[A
[A
[A
[A




[K[A
[K[A
[K[A
[K[A
[32mTracking 252 paths...  81%|ΓûêΓûêΓûêΓûêΓûêΓûêΓûêΓûêΓûêΓûêΓûêΓûêΓûêΓûêΓûêΓûêΓûêΓûêΓûêΓûêΓûêΓûêΓûêΓûê     |  ETA: 0:00:00[39m[K
[34m                   # paths tracked: 204[39m[K
[34m   # non-singular solutions (real): 204 (10)[39m[K
[34m       # singular endpoints (real): 0 (0)[39m[K
[34m          # total solutions (real): 204 (10)[39m[K
[A
[A
[A
[A




[K[A
[K[A
[K[A
[K[A
[32mTracking 252 paths...  96%|ΓûêΓûêΓûêΓûêΓûêΓûêΓûêΓûêΓûêΓûêΓûêΓûêΓûêΓûêΓûêΓûêΓûêΓûêΓûêΓûêΓûêΓûêΓûêΓûêΓûêΓûêΓûêΓûê |  ETA: 0:00:00[39m[K
[34m                   # paths tracked: 242[39m[K
[34m   # non-singular solutions (real): 242 (11)[39m[K
[34m       # singular endpoints (real): 0 (0)[39m[K
[34m          # total solutions (real): 242 (11)[39m[K
[A
[A
[A
[A




[K[A
[K[A
[K[A
[K[A
[32mTracking 252 paths... 100%|ΓûêΓûêΓûêΓûêΓûêΓûêΓûêΓûêΓûêΓûêΓûêΓûêΓûêΓûêΓûêΓûêΓûêΓûêΓûêΓûêΓûêΓûêΓûêΓûêΓûêΓûêΓûêΓûêΓûê| Time: 0:00:01[39m[K
[34m                   # paths tracked: 252[39m[K
[34m   # non-singular solutions (real): 252 (12)[39m[K
[34m       # singular endpoints (real): 0 (0)[39m[K
[34m          # total solutions (real): 252 (12)[39m[K

[32mTracking 252 paths...  37%|ΓûêΓûêΓûêΓûêΓûêΓûêΓûêΓûêΓûêΓûêΓûê                  |  ETA: 0:00:01[39m[K
[34m                   # paths tracked: 93[39m[K
[34m   # non-singular solutions (real): 93 (2)[39m[K
[34m       # singular endpoints (real): 0 (0)[39m[K
[34m          # total solutions (real): 93 (2)[39m[K
[A
[A
[A
[A




[K[A
[K[A
[K[A
[K[A
[32mTracking 252 paths...  53%|ΓûêΓûêΓûêΓûêΓûêΓûêΓûêΓûêΓûêΓûêΓûêΓûêΓûêΓûêΓûêΓûê             |  ETA: 0:00:01[39m[K
[34m                   # paths tracked: 133[39m[K
[34m   # non-singular solutions (real): 133 (3)[39m[K
[34m       # singular endpoints (real): 0 (0)[39m[K
[34m          # total solutions (real): 133 (3)[39m[K
[A
[A
[A
[A




[K[A
[K[A
[K[A
[K[A
[32mTracking 252 paths...  69%|ΓûêΓûêΓûêΓûêΓûêΓûêΓûêΓûêΓûêΓûêΓûêΓûêΓûêΓûêΓûêΓûêΓûêΓûêΓûêΓûêΓûê        |  ETA: 0:00:00[39m[K
[34m                   # paths tracked: 175[39m[K
[34m   # non-singular solutions (real): 175 (6)[39m[K
[34m       # singular endpoints (real): 0 (0)[39m[K
[34m          # total solutions (real): 175 (6)[39m[K
[A
[A
[A
[A




[K[A
[K[A
[K[A
[K[A
[32mTracking 252 paths...  84%|ΓûêΓûêΓûêΓûêΓûêΓûêΓûêΓûêΓûêΓûêΓûêΓûêΓûêΓûêΓûêΓûêΓûêΓûêΓûêΓûêΓûêΓûêΓûêΓûêΓûê    |  ETA: 0:00:00[39m[K
[34m                   # paths tracked: 211[39m[K
[34m   # non-singular solutions (real): 211 (9)[39m[K
[34m       # singular endpoints (real): 0 (0)[39m[K
[34m          # total solutions (real): 211 (9)[39m[K
[A
[A
[A
[A




[K[A
[K[A
[K[A
[K[A
[32mTracking 252 paths...  99%|ΓûêΓûêΓûêΓûêΓûêΓûêΓûêΓûêΓûêΓûêΓûêΓûêΓûêΓûêΓûêΓûêΓûêΓûêΓûêΓûêΓûêΓûêΓûêΓûêΓûêΓûêΓûêΓûêΓûê|  ETA: 0:00:00[39m[K
[34m                   # paths tracked: 251[39m[K
[34m   # non-singular solutions (real): 251 (12)[39m[K
[34m       # singular endpoints (real): 0 (0)[39m[K
[34m          # total solutions (real): 251 (12)[39m[K
[A
[A
[A
[A




[K[A
[K[A
[K[A
[K[A
[32mTracking 252 paths... 100%|ΓûêΓûêΓûêΓûêΓûêΓûêΓûêΓûêΓûêΓûêΓûêΓûêΓûêΓûêΓûêΓûêΓûêΓûêΓûêΓûêΓûêΓûêΓûêΓûêΓûêΓûêΓûêΓûêΓûê| Time: 0:00:01[39m[K
[34m                   # paths tracked: 252[39m[K
[34m   # non-singular solutions (real): 252 (12)[39m[K
[34m       # singular endpoints (real): 0 (0)[39m[K
[34m          # total solutions (real): 252 (12)[39m[K

[32mTracking 252 paths...  34%|ΓûêΓûêΓûêΓûêΓûêΓûêΓûêΓûêΓûêΓûê                   |  ETA: 0:00:01[39m[K
[34m                   # paths tracked: 86[39m[K
[34m   # non-singular solutions (real): 86 (3)[39m[K
[34m       # singular endpoints (real): 0 (0)[39m[K
[34m          # total solutions (real): 86 (3)[39m[K
[A
[A
[A
[A




[K[A
[K[A
[K[A
[K[A
[32mTracking 252 paths...  48%|ΓûêΓûêΓûêΓûêΓûêΓûêΓûêΓûêΓûêΓûêΓûêΓûêΓûêΓûêΓûê              |  ETA: 0:00:01[39m[K
[34m                   # paths tracked: 122[39m[K
[34m   # non-singular solutions (real): 122 (5)[39m[K
[34m       # singular endpoints (real): 0 (0)[39m[K
[34m          # total solutions (real): 122 (5)[39m[K
[A
[A
[A
[A




[K[A
[K[A
[K[A
[K[A
[32mTracking 252 paths...  64%|ΓûêΓûêΓûêΓûêΓûêΓûêΓûêΓûêΓûêΓûêΓûêΓûêΓûêΓûêΓûêΓûêΓûêΓûêΓûê          |  ETA: 0:00:01[39m[K
[34m                   # paths tracked: 161[39m[K
[34m   # non-singular solutions (real): 161 (6)[39m[K
[34m       # singular endpoints (real): 0 (0)[39m[K
[34m          # total solutions (real): 161 (6)[39m[K
[A
[A
[A
[A




[K[A
[K[A
[K[A
[K[A
[32mTracking 252 paths...  78%|ΓûêΓûêΓûêΓûêΓûêΓûêΓûêΓûêΓûêΓûêΓûêΓûêΓûêΓûêΓûêΓûêΓûêΓûêΓûêΓûêΓûêΓûêΓûê      |  ETA: 0:00:00[39m[K
[34m                   # paths tracked: 197[39m[K
[34m   # non-singular solutions (real): 197 (11)[39m[K
[34m       # singular endpoints (real): 0 (0)[39m[K
[34m          # total solutions (real): 197 (11)[39m[K
[A
[A
[A
[A




[K[A
[K[A
[K[A
[K[A
[32mTracking 252 paths...  90%|ΓûêΓûêΓûêΓûêΓûêΓûêΓûêΓûêΓûêΓûêΓûêΓûêΓûêΓûêΓûêΓûêΓûêΓûêΓûêΓûêΓûêΓûêΓûêΓûêΓûêΓûêΓûê  |  ETA: 0:00:00[39m[K
[34m                   # paths tracked: 228[39m[K
[34m   # non-singular solutions (real): 228 (11)[39m[K
[34m       # singular endpoints (real): 0 (0)[39m[K
[34m          # total solutions (real): 228 (11)[39m[K
[A
[A
[A
[A




[K[A
[K[A
[K[A
[K[A
[32mTracking 252 paths... 100%|ΓûêΓûêΓûêΓûêΓûêΓûêΓûêΓûêΓûêΓûêΓûêΓûêΓûêΓûêΓûêΓûêΓûêΓûêΓûêΓûêΓûêΓûêΓûêΓûêΓûêΓûêΓûêΓûêΓûê| Time: 0:00:01[39m[K
[34m                   # paths tracked: 252[39m[K
[34m   # non-singular solutions (real): 252 (12)[39m[K
[34m       # singular endpoints (real): 0 (0)[39m[K
[34m          # total solutions (real): 252 (12)[39m[K

[32mTracking 252 paths...  37%|ΓûêΓûêΓûêΓûêΓûêΓûêΓûêΓûêΓûêΓûêΓûê                  |  ETA: 0:00:01[39m[K
[34m                   # paths tracked: 93[39m[K
[34m   # non-singular solutions (real): 93 (3)[39m[K
[34m       # singular endpoints (real): 0 (0)[39m[K
[34m          # total solutions (real): 93 (3)[39m[K
[A
[A
[A
[A




[K[A
[K[A
[K[A
[K[A
[32mTracking 252 paths...  50%|ΓûêΓûêΓûêΓûêΓûêΓûêΓûêΓûêΓûêΓûêΓûêΓûêΓûêΓûêΓûê              |  ETA: 0:00:01[39m[K
[34m                   # paths tracked: 127[39m[K
[34m   # non-singular solutions (real): 127 (6)[39m[K
[34m       # singular endpoints (real): 0 (0)[39m[K
[34m          # total solutions (real): 127 (6)[39m[K
[A
[A
[A
[A




[K[A
[K[A
[K[A
[K[A
[32mTracking 252 paths...  64%|ΓûêΓûêΓûêΓûêΓûêΓûêΓûêΓûêΓûêΓûêΓûêΓûêΓûêΓûêΓûêΓûêΓûêΓûêΓûê          |  ETA: 0:00:01[39m[K
[34m                   # paths tracked: 161[39m[K
[34m   # non-singular solutions (real): 161 (8)[39m[K
[34m       # singular endpoints (real): 0 (0)[39m[K
[34m          # total solutions (real): 161 (8)[39m[K
[A
[A
[A
[A




[K[A
[K[A
[K[A
[K[A
[32mTracking 252 paths...  81%|ΓûêΓûêΓûêΓûêΓûêΓûêΓûêΓûêΓûêΓûêΓûêΓûêΓûêΓûêΓûêΓûêΓûêΓûêΓûêΓûêΓûêΓûêΓûêΓûê     |  ETA: 0:00:00[39m[K
[34m                   # paths tracked: 203[39m[K
[34m   # non-singular solutions (real): 203 (10)[39m[K
[34m       # singular endpoints (real): 0 (0)[39m[K
[34m          # total solutions (real): 203 (10)[39m[K
[A
[A
[A
[A




[K[A
[K[A
[K[A
[K[A
[32mTracking 252 paths...  96%|ΓûêΓûêΓûêΓûêΓûêΓûêΓûêΓûêΓûêΓûêΓûêΓûêΓûêΓûêΓûêΓûêΓûêΓûêΓûêΓûêΓûêΓûêΓûêΓûêΓûêΓûêΓûêΓûê |  ETA: 0:00:00[39m[K
[34m                   # paths tracked: 241[39m[K
[34m   # non-singular solutions (real): 241 (11)[39m[K
[34m       # singular endpoints (real): 0 (0)[39m[K
[34m          # total solutions (real): 241 (11)[39m[K
[A
[A
[A
[A




[K[A
[K[A
[K[A
[K[A
[32mTracking 252 paths... 100%|ΓûêΓûêΓûêΓûêΓûêΓûêΓûêΓûêΓûêΓûêΓûêΓûêΓûêΓûêΓûêΓûêΓûêΓûêΓûêΓûêΓûêΓûêΓûêΓûêΓûêΓûêΓûêΓûêΓûê| Time: 0:00:01[39m[K
[34m                   # paths tracked: 252[39m[K
[34m   # non-singular solutions (real): 252 (12)[39m[K
[34m       # singular endpoints (real): 0 (0)[39m[K
[34m          # total solutions (real): 252 (12)[39m[K

[32mTracking 252 paths...  38%|ΓûêΓûêΓûêΓûêΓûêΓûêΓûêΓûêΓûêΓûêΓûêΓûê                 |  ETA: 0:00:01[39m[K
[34m                   # paths tracked: 96[39m[K
[34m   # non-singular solutions (real): 96 (7)[39m[K
[34m       # singular endpoints (real): 0 (0)[39m[K
[34m          # total solutions (real): 96 (7)[39m[K
[A
[A
[A
[A




[K[A
[K[A
[K[A
[K[A
[32mTracking 252 paths...  54%|ΓûêΓûêΓûêΓûêΓûêΓûêΓûêΓûêΓûêΓûêΓûêΓûêΓûêΓûêΓûêΓûê             |  ETA: 0:00:01[39m[K
[34m                   # paths tracked: 136[39m[K
[34m   # non-singular solutions (real): 136 (8)[39m[K
[34m       # singular endpoints (real): 0 (0)[39m[K
[34m          # total solutions (real): 136 (8)[39m[K
[A
[A
[A
[A




[K[A
[K[A
[K[A
[K[A
[32mTracking 252 paths...  69%|ΓûêΓûêΓûêΓûêΓûêΓûêΓûêΓûêΓûêΓûêΓûêΓûêΓûêΓûêΓûêΓûêΓûêΓûêΓûêΓûêΓûê        |  ETA: 0:00:00[39m[K
[34m                   # paths tracked: 175[39m[K
[34m   # non-singular solutions (real): 175 (9)[39m[K
[34m       # singular endpoints (real): 0 (0)[39m[K
[34m          # total solutions (real): 175 (9)[39m[K
[A
[A
[A
[A




[K[A
[K[A
[K[A
[K[A
[32mTracking 252 paths...  85%|ΓûêΓûêΓûêΓûêΓûêΓûêΓûêΓûêΓûêΓûêΓûêΓûêΓûêΓûêΓûêΓûêΓûêΓûêΓûêΓûêΓûêΓûêΓûêΓûêΓûê    |  ETA: 0:00:00[39m[K
[34m                   # paths tracked: 214[39m[K
[34m   # non-singular solutions (real): 214 (12)[39m[K
[34m       # singular endpoints (real): 0 (0)[39m[K
[34m          # total solutions (real): 214 (12)[39m[K
[A
[A
[A
[A




[K[A
[K[A
[K[A
[K[A
[32mTracking 252 paths... 100%|ΓûêΓûêΓûêΓûêΓûêΓûêΓûêΓûêΓûêΓûêΓûêΓûêΓûêΓûêΓûêΓûêΓûêΓûêΓûêΓûêΓûêΓûêΓûêΓûêΓûêΓûêΓûêΓûêΓûê| Time: 0:00:01[39m[K
[34m                   # paths tracked: 252[39m[K
[34m   # non-singular solutions (real): 252 (12)[39m[K
[34m       # singular endpoints (real): 0 (0)[39m[K
[34m          # total solutions (real): 252 (12)[39m[K

[32mTracking 252 paths...  40%|ΓûêΓûêΓûêΓûêΓûêΓûêΓûêΓûêΓûêΓûêΓûêΓûê                 |  ETA: 0:00:01[39m[K
[34m                   # paths tracked: 101[39m[K
[34m   # non-singular solutions (real): 101 (3)[39m[K
[34m       # singular endpoints (real): 0 (0)[39m[K
[34m          # total solutions (real): 101 (3)[39m[K
[A
[A
[A
[A




[K[A
[K[A
[K[A
[K[A
[32mTracking 252 paths...  55%|ΓûêΓûêΓûêΓûêΓûêΓûêΓûêΓûêΓûêΓûêΓûêΓûêΓûêΓûêΓûêΓûê             |  ETA: 0:00:01[39m[K
[34m                   # paths tracked: 139[39m[K
[34m   # non-singular solutions (real): 139 (4)[39m[K
[34m       # singular endpoints (real): 0 (0)[39m[K
[34m          # total solutions (real): 139 (4)[39m[K
[A
[A
[A
[A




[K[A
[K[A
[K[A
[K[A
[32mTracking 252 paths...  73%|ΓûêΓûêΓûêΓûêΓûêΓûêΓûêΓûêΓûêΓûêΓûêΓûêΓûêΓûêΓûêΓûêΓûêΓûêΓûêΓûêΓûêΓûê       |  ETA: 0:00:00[39m[K
[34m                   # paths tracked: 183[39m[K
[34m   # non-singular solutions (real): 183 (7)[39m[K
[34m       # singular endpoints (real): 0 (0)[39m[K
[34m          # total solutions (real): 183 (7)[39m[K
[A
[A
[A
[A




[K[A
[K[A
[K[A
[K[A
[32mTracking 252 paths...  89%|ΓûêΓûêΓûêΓûêΓûêΓûêΓûêΓûêΓûêΓûêΓûêΓûêΓûêΓûêΓûêΓûêΓûêΓûêΓûêΓûêΓûêΓûêΓûêΓûêΓûêΓûê   |  ETA: 0:00:00[39m[K
[34m                   # paths tracked: 225[39m[K
[34m   # non-singular solutions (real): 225 (11)[39m[K
[34m       # singular endpoints (real): 0 (0)[39m[K
[34m          # total solutions (real): 225 (11)[39m[K
[A
[A
[A
[A




[K[A
[K[A
[K[A
[K[A
[32mTracking 252 paths... 100%|ΓûêΓûêΓûêΓûêΓûêΓûêΓûêΓûêΓûêΓûêΓûêΓûêΓûêΓûêΓûêΓûêΓûêΓûêΓûêΓûêΓûêΓûêΓûêΓûêΓûêΓûêΓûêΓûêΓûê| Time: 0:00:01[39m[K
[34m                   # paths tracked: 252[39m[K
[34m   # non-singular solutions (real): 252 (12)[39m[K
[34m       # singular endpoints (real): 0 (0)[39m[K
[34m          # total solutions (real): 252 (12)[39m[K

[32mTracking 252 paths...  34%|ΓûêΓûêΓûêΓûêΓûêΓûêΓûêΓûêΓûêΓûê                   |  ETA: 0:00:01[39m[K
[34m                   # paths tracked: 85[39m[K
[34m   # non-singular solutions (real): 85 (2)[39m[K
[34m       # singular endpoints (real): 0 (0)[39m[K
[34m          # total solutions (real): 85 (2)[39m[K
[A
[A
[A
[A




[K[A
[K[A
[K[A
[K[A
[32mTracking 252 paths...  60%|ΓûêΓûêΓûêΓûêΓûêΓûêΓûêΓûêΓûêΓûêΓûêΓûêΓûêΓûêΓûêΓûêΓûêΓûê           |  ETA: 0:00:01[39m[K
[34m                   # paths tracked: 151[39m[K
[34m   # non-singular solutions (real): 151 (3)[39m[K
[34m       # singular endpoints (real): 0 (0)[39m[K
[34m          # total solutions (real): 151 (3)[39m[K
[A
[A
[A
[A




[K[A
[K[A
[K[A
[K[A
[32mTracking 252 paths...  75%|ΓûêΓûêΓûêΓûêΓûêΓûêΓûêΓûêΓûêΓûêΓûêΓûêΓûêΓûêΓûêΓûêΓûêΓûêΓûêΓûêΓûêΓûê       |  ETA: 0:00:00[39m[K
[34m                   # paths tracked: 190[39m[K
[34m   # non-singular solutions (real): 190 (7)[39m[K
[34m       # singular endpoints (real): 0 (0)[39m[K
[34m          # total solutions (real): 190 (7)[39m[K
[A
[A
[A
[A




[K[A
[K[A
[K[A
[K[A
[32mTracking 252 paths...  91%|ΓûêΓûêΓûêΓûêΓûêΓûêΓûêΓûêΓûêΓûêΓûêΓûêΓûêΓûêΓûêΓûêΓûêΓûêΓûêΓûêΓûêΓûêΓûêΓûêΓûêΓûêΓûê  |  ETA: 0:00:00[39m[K
[34m                   # paths tracked: 230[39m[K
[34m   # non-singular solutions (real): 230 (12)[39m[K
[34m       # singular endpoints (real): 0 (0)[39m[K
[34m          # total solutions (real): 230 (12)[39m[K
[A
[A
[A
[A




[K[A
[K[A
[K[A
[K[A
[32mTracking 252 paths... 100%|ΓûêΓûêΓûêΓûêΓûêΓûêΓûêΓûêΓûêΓûêΓûêΓûêΓûêΓûêΓûêΓûêΓûêΓûêΓûêΓûêΓûêΓûêΓûêΓûêΓûêΓûêΓûêΓûêΓûê| Time: 0:00:01[39m[K
[34m                   # paths tracked: 252[39m[K
[34m   # non-singular solutions (real): 252 (12)[39m[K
[34m       # singular endpoints (real): 0 (0)[39m[K
[34m          # total solutions (real): 252 (12)[39m[K

[32mTracking 252 paths...  34%|ΓûêΓûêΓûêΓûêΓûêΓûêΓûêΓûêΓûêΓûê                   |  ETA: 0:00:01[39m[K
[34m                   # paths tracked: 86[39m[K
[34m   # non-singular solutions (real): 86 (3)[39m[K
[34m       # singular endpoints (real): 0 (0)[39m[K
[34m          # total solutions (real): 86 (3)[39m[K
[A
[A
[A
[A




[K[A
[K[A
[K[A
[K[A
[32mTracking 252 paths...  47%|ΓûêΓûêΓûêΓûêΓûêΓûêΓûêΓûêΓûêΓûêΓûêΓûêΓûêΓûê               |  ETA: 0:00:01[39m[K
[34m                   # paths tracked: 118[39m[K
[34m   # non-singular solutions (real): 118 (6)[39m[K
[34m       # singular endpoints (real): 0 (0)[39m[K
[34m          # total solutions (real): 118 (6)[39m[K
[A
[A
[A
[A




[K[A
[K[A
[K[A
[K[A
[32mTracking 252 paths...  58%|ΓûêΓûêΓûêΓûêΓûêΓûêΓûêΓûêΓûêΓûêΓûêΓûêΓûêΓûêΓûêΓûêΓûê            |  ETA: 0:00:01[39m[K
[34m                   # paths tracked: 147[39m[K
[34m   # non-singular solutions (real): 147 (7)[39m[K
[34m       # singular endpoints (real): 0 (0)[39m[K
[34m          # total solutions (real): 147 (7)[39m[K
[A
[A
[A
[A




[K[A
[K[A
[K[A
[K[A
[32mTracking 252 paths...  73%|ΓûêΓûêΓûêΓûêΓûêΓûêΓûêΓûêΓûêΓûêΓûêΓûêΓûêΓûêΓûêΓûêΓûêΓûêΓûêΓûêΓûêΓûê       |  ETA: 0:00:00[39m[K
[34m                   # paths tracked: 183[39m[K
[34m   # non-singular solutions (real): 183 (9)[39m[K
[34m       # singular endpoints (real): 0 (0)[39m[K
[34m          # total solutions (real): 183 (9)[39m[K
[A
[A
[A
[A




[K[A
[K[A
[K[A
[K[A
[32mTracking 252 paths...  86%|ΓûêΓûêΓûêΓûêΓûêΓûêΓûêΓûêΓûêΓûêΓûêΓûêΓûêΓûêΓûêΓûêΓûêΓûêΓûêΓûêΓûêΓûêΓûêΓûêΓûê    |  ETA: 0:00:00[39m[K
[34m                   # paths tracked: 217[39m[K
[34m   # non-singular solutions (real): 217 (11)[39m[K
[34m       # singular endpoints (real): 0 (0)[39m[K
[34m          # total solutions (real): 217 (11)[39m[K
[A
[A
[A
[A




[K[A
[K[A
[K[A
[K[A
[32mTracking 252 paths... 100%|ΓûêΓûêΓûêΓûêΓûêΓûêΓûêΓûêΓûêΓûêΓûêΓûêΓûêΓûêΓûêΓûêΓûêΓûêΓûêΓûêΓûêΓûêΓûêΓûêΓûêΓûêΓûêΓûêΓûê| Time: 0:00:01[39m[K
[34m                   # paths tracked: 252[39m[K
[34m   # non-singular solutions (real): 252 (12)[39m[K
[34m       # singular endpoints (real): 0 (0)[39m[K
[34m          # total solutions (real): 252 (12)[39m[K

[32mTracking 252 paths...  38%|ΓûêΓûêΓûêΓûêΓûêΓûêΓûêΓûêΓûêΓûêΓûêΓûê                 |  ETA: 0:00:01[39m[K
[34m                   # paths tracked: 96[39m[K
[34m   # non-singular solutions (real): 96 (3)[39m[K
[34m       # singular endpoints (real): 0 (0)[39m[K
[34m          # total solutions (real): 96 (3)[39m[K
[A
[A
[A
[A




[K[A
[K[A
[K[A
[K[A
[32mTracking 252 paths...  52%|ΓûêΓûêΓûêΓûêΓûêΓûêΓûêΓûêΓûêΓûêΓûêΓûêΓûêΓûêΓûê              |  ETA: 0:00:01[39m[K
[34m                   # paths tracked: 130[39m[K
[34m   # non-singular solutions (real): 130 (5)[39m[K
[34m       # singular endpoints (real): 0 (0)[39m[K
[34m          # total solutions (real): 130 (5)[39m[K
[A
[A
[A
[A




[K[A
[K[A
[K[A
[K[A
[32mTracking 252 paths...  67%|ΓûêΓûêΓûêΓûêΓûêΓûêΓûêΓûêΓûêΓûêΓûêΓûêΓûêΓûêΓûêΓûêΓûêΓûêΓûêΓûê         |  ETA: 0:00:00[39m[K
[34m                   # paths tracked: 169[39m[K
[34m   # non-singular solutions (real): 169 (7)[39m[K
[34m       # singular endpoints (real): 0 (0)[39m[K
[34m          # total solutions (real): 169 (7)[39m[K
[A
[A
[A
[A




[K[A
[K[A
[K[A
[K[A
[32mTracking 252 paths...  82%|ΓûêΓûêΓûêΓûêΓûêΓûêΓûêΓûêΓûêΓûêΓûêΓûêΓûêΓûêΓûêΓûêΓûêΓûêΓûêΓûêΓûêΓûêΓûêΓûê     |  ETA: 0:00:00[39m[K
[34m                   # paths tracked: 207[39m[K
[34m   # non-singular solutions (real): 207 (8)[39m[K
[34m       # singular endpoints (real): 0 (0)[39m[K
[34m          # total solutions (real): 207 (8)[39m[K
[A
[A
[A
[A




[K[A
[K[A
[K[A
[K[A
[32mTracking 252 paths...  98%|ΓûêΓûêΓûêΓûêΓûêΓûêΓûêΓûêΓûêΓûêΓûêΓûêΓûêΓûêΓûêΓûêΓûêΓûêΓûêΓûêΓûêΓûêΓûêΓûêΓûêΓûêΓûêΓûêΓûê|  ETA: 0:00:00[39m[K
[34m                   # paths tracked: 247[39m[K
[34m   # non-singular solutions (real): 247 (12)[39m[K
[34m       # singular endpoints (real): 0 (0)[39m[K
[34m          # total solutions (real): 247 (12)[39m[K
[A
[A
[A
[A




[K[A
[K[A
[K[A
[K[A
[32mTracking 252 paths... 100%|ΓûêΓûêΓûêΓûêΓûêΓûêΓûêΓûêΓûêΓûêΓûêΓûêΓûêΓûêΓûêΓûêΓûêΓûêΓûêΓûêΓûêΓûêΓûêΓûêΓûêΓûêΓûêΓûêΓûê| Time: 0:00:01[39m[K
[34m                   # paths tracked: 252[39m[K
[34m   # non-singular solutions (real): 252 (12)[39m[K
[34m       # singular endpoints (real): 0 (0)[39m[K
[34m          # total solutions (real): 252 (12)[39m[K

[32mTracking 252 paths...  35%|ΓûêΓûêΓûêΓûêΓûêΓûêΓûêΓûêΓûêΓûêΓûê                  |  ETA: 0:00:01[39m[K
[34m                   # paths tracked: 88[39m[K
[34m   # non-singular solutions (real): 88 (6)[39m[K
[34m       # singular endpoints (real): 0 (0)[39m[K
[34m          # total solutions (real): 88 (6)[39m[K
[A
[A
[A
[A




[K[A
[K[A
[K[A
[K[A
[32mTracking 252 paths...  50%|ΓûêΓûêΓûêΓûêΓûêΓûêΓûêΓûêΓûêΓûêΓûêΓûêΓûêΓûêΓûê              |  ETA: 0:00:01[39m[K
[34m                   # paths tracked: 126[39m[K
[34m   # non-singular solutions (real): 126 (6)[39m[K
[34m       # singular endpoints (real): 0 (0)[39m[K
[34m          # total solutions (real): 126 (6)[39m[K
[A
[A
[A
[A




[K[A
[K[A
[K[A
[K[A
[32mTracking 252 paths...  63%|ΓûêΓûêΓûêΓûêΓûêΓûêΓûêΓûêΓûêΓûêΓûêΓûêΓûêΓûêΓûêΓûêΓûêΓûêΓûê          |  ETA: 0:00:01[39m[K
[34m                   # paths tracked: 160[39m[K
[34m   # non-singular solutions (real): 160 (6)[39m[K
[34m       # singular endpoints (real): 0 (0)[39m[K
[34m          # total solutions (real): 160 (6)[39m[K
[A
[A
[A
[A




[K[A
[K[A
[K[A
[K[A
[32mTracking 252 paths...  77%|ΓûêΓûêΓûêΓûêΓûêΓûêΓûêΓûêΓûêΓûêΓûêΓûêΓûêΓûêΓûêΓûêΓûêΓûêΓûêΓûêΓûêΓûêΓûê      |  ETA: 0:00:00[39m[K
[34m                   # paths tracked: 195[39m[K
[34m   # non-singular solutions (real): 195 (8)[39m[K
[34m       # singular endpoints (real): 0 (0)[39m[K
[34m          # total solutions (real): 195 (8)[39m[K
[A
[A
[A
[A




[K[A
[K[A
[K[A
[K[A
[32mTracking 252 paths...  90%|ΓûêΓûêΓûêΓûêΓûêΓûêΓûêΓûêΓûêΓûêΓûêΓûêΓûêΓûêΓûêΓûêΓûêΓûêΓûêΓûêΓûêΓûêΓûêΓûêΓûêΓûêΓûê  |  ETA: 0:00:00[39m[K
[34m                   # paths tracked: 227[39m[K
[34m   # non-singular solutions (real): 227 (9)[39m[K
[34m       # singular endpoints (real): 0 (0)[39m[K
[34m          # total solutions (real): 227 (9)[39m[K
[A
[A
[A
[A




[K[A
[K[A
[K[A
[K[A
[32mTracking 252 paths... 100%|ΓûêΓûêΓûêΓûêΓûêΓûêΓûêΓûêΓûêΓûêΓûêΓûêΓûêΓûêΓûêΓûêΓûêΓûêΓûêΓûêΓûêΓûêΓûêΓûêΓûêΓûêΓûêΓûêΓûê| Time: 0:00:01[39m[K
[34m                   # paths tracked: 252[39m[K
[34m   # non-singular solutions (real): 252 (12)[39m[K
[34m       # singular endpoints (real): 0 (0)[39m[K
[34m          # total solutions (real): 252 (12)[39m[K

[32mTracking 252 paths...  42%|ΓûêΓûêΓûêΓûêΓûêΓûêΓûêΓûêΓûêΓûêΓûêΓûêΓûê                |  ETA: 0:00:01[39m[K
[34m                   # paths tracked: 107[39m[K
[34m   # non-singular solutions (real): 107 (8)[39m[K
[34m       # singular endpoints (real): 0 (0)[39m[K
[34m          # total solutions (real): 107 (8)[39m[K
[A
[A
[A
[A




[K[A
[K[A
[K[A
[K[A
[32mTracking 252 paths...  59%|ΓûêΓûêΓûêΓûêΓûêΓûêΓûêΓûêΓûêΓûêΓûêΓûêΓûêΓûêΓûêΓûêΓûêΓûê           |  ETA: 0:00:00[39m[K
[34m                   # paths tracked: 148[39m[K
[34m   # non-singular solutions (real): 148 (10)[39m[K
[34m       # singular endpoints (real): 0 (0)[39m[K
[34m          # total solutions (real): 148 (10)[39m[K
[A
[A
[A
[A




[K[A
[K[A
[K[A
[K[A
[32mTracking 252 paths...  76%|ΓûêΓûêΓûêΓûêΓûêΓûêΓûêΓûêΓûêΓûêΓûêΓûêΓûêΓûêΓûêΓûêΓûêΓûêΓûêΓûêΓûêΓûê       |  ETA: 0:00:00[39m[K
[34m                   # paths tracked: 191[39m[K
[34m   # non-singular solutions (real): 191 (10)[39m[K
[34m       # singular endpoints (real): 0 (0)[39m[K
[34m          # total solutions (real): 191 (10)[39m[K
[A
[A
[A
[A




[K[A
[K[A
[K[A
[K[A
[32mTracking 252 paths...  91%|ΓûêΓûêΓûêΓûêΓûêΓûêΓûêΓûêΓûêΓûêΓûêΓûêΓûêΓûêΓûêΓûêΓûêΓûêΓûêΓûêΓûêΓûêΓûêΓûêΓûêΓûêΓûê  |  ETA: 0:00:00[39m[K
[34m                   # paths tracked: 230[39m[K
[34m   # non-singular solutions (real): 230 (11)[39m[K
[34m       # singular endpoints (real): 0 (0)[39m[K
[34m          # total solutions (real): 230 (11)[39m[K
[A
[A
[A
[A




[K[A
[K[A
[K[A
[K[A
[32mTracking 252 paths... 100%|ΓûêΓûêΓûêΓûêΓûêΓûêΓûêΓûêΓûêΓûêΓûêΓûêΓûêΓûêΓûêΓûêΓûêΓûêΓûêΓûêΓûêΓûêΓûêΓûêΓûêΓûêΓûêΓûêΓûê| Time: 0:00:01[39m[K
[34m                   # paths tracked: 252[39m[K
[34m   # non-singular solutions (real): 252 (12)[39m[K
[34m       # singular endpoints (real): 0 (0)[39m[K
[34m          # total solutions (real): 252 (12)[39m[K

[32mTracking 252 paths...  38%|ΓûêΓûêΓûêΓûêΓûêΓûêΓûêΓûêΓûêΓûêΓûêΓûê                 |  ETA: 0:00:01[39m[K
[34m                   # paths tracked: 97[39m[K
[34m   # non-singular solutions (real): 97 (5)[39m[K
[34m       # singular endpoints (real): 0 (0)[39m[K
[34m          # total solutions (real): 97 (5)[39m[K
[A
[A
[A
[A




[K[A
[K[A
[K[A
[K[A
[32mTracking 252 paths...  55%|ΓûêΓûêΓûêΓûêΓûêΓûêΓûêΓûêΓûêΓûêΓûêΓûêΓûêΓûêΓûêΓûê             |  ETA: 0:00:01[39m[K
[34m                   # paths tracked: 138[39m[K
[34m   # non-singular solutions (real): 138 (9)[39m[K
[34m       # singular endpoints (real): 0 (0)[39m[K
[34m          # total solutions (real): 138 (9)[39m[K
[A
[A
[A
[A




[K[A
[K[A
[K[A
[K[A
[32mTracking 252 paths...  70%|ΓûêΓûêΓûêΓûêΓûêΓûêΓûêΓûêΓûêΓûêΓûêΓûêΓûêΓûêΓûêΓûêΓûêΓûêΓûêΓûêΓûê        |  ETA: 0:00:00[39m[K
[34m                   # paths tracked: 177[39m[K
[34m   # non-singular solutions (real): 177 (10)[39m[K
[34m       # singular endpoints (real): 0 (0)[39m[K
[34m          # total solutions (real): 177 (10)[39m[K
[A
[A
[A
[A




[K[A
[K[A
[K[A
[K[A
[32mTracking 252 paths...  86%|ΓûêΓûêΓûêΓûêΓûêΓûêΓûêΓûêΓûêΓûêΓûêΓûêΓûêΓûêΓûêΓûêΓûêΓûêΓûêΓûêΓûêΓûêΓûêΓûêΓûê    |  ETA: 0:00:00[39m[K
[34m                   # paths tracked: 216[39m[K
[34m   # non-singular solutions (real): 216 (12)[39m[K
[34m       # singular endpoints (real): 0 (0)[39m[K
[34m          # total solutions (real): 216 (12)[39m[K
[A
[A
[A
[A




[K[A
[K[A
[K[A
[K[A
[32mTracking 252 paths... 100%|ΓûêΓûêΓûêΓûêΓûêΓûêΓûêΓûêΓûêΓûêΓûêΓûêΓûêΓûêΓûêΓûêΓûêΓûêΓûêΓûêΓûêΓûêΓûêΓûêΓûêΓûêΓûêΓûêΓûê| Time: 0:00:01[39m[K
[34m                   # paths tracked: 252[39m[K
[34m   # non-singular solutions (real): 252 (12)[39m[K
[34m       # singular endpoints (real): 0 (0)[39m[K
[34m          # total solutions (real): 252 (12)[39m[K

[32mTracking 252 paths...  40%|ΓûêΓûêΓûêΓûêΓûêΓûêΓûêΓûêΓûêΓûêΓûêΓûê                 |  ETA: 0:00:01[39m[K
[34m                   # paths tracked: 100[39m[K
[34m   # non-singular solutions (real): 100 (7)[39m[K
[34m       # singular endpoints (real): 0 (0)[39m[K
[34m          # total solutions (real): 100 (7)[39m[K
[A
[A
[A
[A




[K[A
[K[A
[K[A
[K[A
[32mTracking 252 paths...  55%|ΓûêΓûêΓûêΓûêΓûêΓûêΓûêΓûêΓûêΓûêΓûêΓûêΓûêΓûêΓûêΓûê             |  ETA: 0:00:01[39m[K
[34m                   # paths tracked: 139[39m[K
[34m   # non-singular solutions (real): 139 (8)[39m[K
[34m       # singular endpoints (real): 0 (0)[39m[K
[34m          # total solutions (real): 139 (8)[39m[K
[A
[A
[A
[A




[K[A
[K[A
[K[A
[K[A
[32mTracking 252 paths...  71%|ΓûêΓûêΓûêΓûêΓûêΓûêΓûêΓûêΓûêΓûêΓûêΓûêΓûêΓûêΓûêΓûêΓûêΓûêΓûêΓûêΓûê        |  ETA: 0:00:00[39m[K
[34m                   # paths tracked: 178[39m[K
[34m   # non-singular solutions (real): 178 (10)[39m[K
[34m       # singular endpoints (real): 0 (0)[39m[K
[34m          # total solutions (real): 178 (10)[39m[K
[A
[A
[A
[A




[K[A
[K[A
[K[A
[K[A
[32mTracking 252 paths...  86%|ΓûêΓûêΓûêΓûêΓûêΓûêΓûêΓûêΓûêΓûêΓûêΓûêΓûêΓûêΓûêΓûêΓûêΓûêΓûêΓûêΓûêΓûêΓûêΓûêΓûê    |  ETA: 0:00:00[39m[K
[34m                   # paths tracked: 217[39m[K
[34m   # non-singular solutions (real): 217 (11)[39m[K
[34m       # singular endpoints (real): 0 (0)[39m[K
[34m          # total solutions (real): 217 (11)[39m[K
[A
[A
[A
[A




[K[A
[K[A
[K[A
[K[A
[32mTracking 252 paths... 100%|ΓûêΓûêΓûêΓûêΓûêΓûêΓûêΓûêΓûêΓûêΓûêΓûêΓûêΓûêΓûêΓûêΓûêΓûêΓûêΓûêΓûêΓûêΓûêΓûêΓûêΓûêΓûêΓûêΓûê| Time: 0:00:01[39m[K
[34m                   # paths tracked: 252[39m[K
[34m   # non-singular solutions (real): 252 (12)[39m[K
[34m       # singular endpoints (real): 0 (0)[39m[K
[34m          # total solutions (real): 252 (12)[39m[K

[32mTracking 252 paths...  25%|ΓûêΓûêΓûêΓûêΓûêΓûêΓûêΓûê                     |  ETA: 0:00:02[39m[K
[34m                   # paths tracked: 64[39m[K
[34m   # non-singular solutions (real): 64 (4)[39m[K
[34m       # singular endpoints (real): 0 (0)[39m[K
[34m          # total solutions (real): 64 (4)[39m[K
[A
[A
[A
[A




[K[A
[K[A
[K[A
[K[A
[32mTracking 252 paths...  42%|ΓûêΓûêΓûêΓûêΓûêΓûêΓûêΓûêΓûêΓûêΓûêΓûêΓûê                |  ETA: 0:00:01[39m[K
[34m                   # paths tracked: 107[39m[K
[34m   # non-singular solutions (real): 107 (5)[39m[K
[34m       # singular endpoints (real): 0 (0)[39m[K
[34m          # total solutions (real): 107 (5)[39m[K
[A
[A
[A
[A




[K[A
[K[A
[K[A
[K[A
[32mTracking 252 paths...  56%|ΓûêΓûêΓûêΓûêΓûêΓûêΓûêΓûêΓûêΓûêΓûêΓûêΓûêΓûêΓûêΓûêΓûê            |  ETA: 0:00:01[39m[K
[34m                   # paths tracked: 140[39m[K
[34m   # non-singular solutions (real): 140 (7)[39m[K
[34m       # singular endpoints (real): 0 (0)[39m[K
[34m          # total solutions (real): 140 (7)[39m[K
[A
[A
[A
[A




[K[A
[K[A
[K[A
[K[A
[32mTracking 252 paths...  68%|ΓûêΓûêΓûêΓûêΓûêΓûêΓûêΓûêΓûêΓûêΓûêΓûêΓûêΓûêΓûêΓûêΓûêΓûêΓûêΓûê         |  ETA: 0:00:01[39m[K
[34m                   # paths tracked: 171[39m[K
[34m   # non-singular solutions (real): 171 (7)[39m[K
[34m       # singular endpoints (real): 0 (0)[39m[K
[34m          # total solutions (real): 171 (7)[39m[K
[A
[A
[A
[A




[K[A
[K[A
[K[A
[K[A
[32mTracking 252 paths...  83%|ΓûêΓûêΓûêΓûêΓûêΓûêΓûêΓûêΓûêΓûêΓûêΓûêΓûêΓûêΓûêΓûêΓûêΓûêΓûêΓûêΓûêΓûêΓûêΓûêΓûê    |  ETA: 0:00:00[39m[K
[34m                   # paths tracked: 209[39m[K
[34m   # non-singular solutions (real): 209 (9)[39m[K
[34m       # singular endpoints (real): 0 (0)[39m[K
[34m          # total solutions (real): 209 (9)[39m[K
[A
[A
[A
[A




[K[A
[K[A
[K[A
[K[A
[32mTracking 252 paths...  99%|ΓûêΓûêΓûêΓûêΓûêΓûêΓûêΓûêΓûêΓûêΓûêΓûêΓûêΓûêΓûêΓûêΓûêΓûêΓûêΓûêΓûêΓûêΓûêΓûêΓûêΓûêΓûêΓûêΓûê|  ETA: 0:00:00[39m[K
[34m                   # paths tracked: 249[39m[K
[34m   # non-singular solutions (real): 249 (12)[39m[K
[34m       # singular endpoints (real): 0 (0)[39m[K
[34m          # total solutions (real): 249 (12)[39m[K
[A
[A
[A
[A




[K[A
[K[A
[K[A
[K[A
[32mTracking 252 paths... 100%|ΓûêΓûêΓûêΓûêΓûêΓûêΓûêΓûêΓûêΓûêΓûêΓûêΓûêΓûêΓûêΓûêΓûêΓûêΓûêΓûêΓûêΓûêΓûêΓûêΓûêΓûêΓûêΓûêΓûê| Time: 0:00:01[39m[K
[34m                   # paths tracked: 252[39m[K
[34m   # non-singular solutions (real): 252 (12)[39m[K
[34m       # singular endpoints (real): 0 (0)[39m[K
[34m          # total solutions (real): 252 (12)[39m[K

[32mTracking 252 paths...  41%|ΓûêΓûêΓûêΓûêΓûêΓûêΓûêΓûêΓûêΓûêΓûêΓûê                 |  ETA: 0:00:01[39m[K
[34m                   # paths tracked: 103[39m[K
[34m   # non-singular solutions (real): 103 (4)[39m[K
[34m       # singular endpoints (real): 0 (0)[39m[K
[34m          # total solutions (real): 103 (4)[39m[K
[A
[A
[A
[A




[K[A
[K[A
[K[A
[K[A
[32mTracking 252 paths...  57%|ΓûêΓûêΓûêΓûêΓûêΓûêΓûêΓûêΓûêΓûêΓûêΓûêΓûêΓûêΓûêΓûêΓûê            |  ETA: 0:00:01[39m[K
[34m                   # paths tracked: 143[39m[K
[34m   # non-singular solutions (real): 143 (5)[39m[K
[34m       # singular endpoints (real): 0 (0)[39m[K
[34m          # total solutions (real): 143 (5)[39m[K
[A
[A
[A
[A




[K[A
[K[A
[K[A
[K[A
[32mTracking 252 paths...  72%|ΓûêΓûêΓûêΓûêΓûêΓûêΓûêΓûêΓûêΓûêΓûêΓûêΓûêΓûêΓûêΓûêΓûêΓûêΓûêΓûêΓûê        |  ETA: 0:00:00[39m[K
[34m                   # paths tracked: 182[39m[K
[34m   # non-singular solutions (real): 182 (8)[39m[K
[34m       # singular endpoints (real): 0 (0)[39m[K
[34m          # total solutions (real): 182 (8)[39m[K
[A
[A
[A
[A




[K[A
[K[A
[K[A
[K[A
[32mTracking 252 paths...  88%|ΓûêΓûêΓûêΓûêΓûêΓûêΓûêΓûêΓûêΓûêΓûêΓûêΓûêΓûêΓûêΓûêΓûêΓûêΓûêΓûêΓûêΓûêΓûêΓûêΓûêΓûê   |  ETA: 0:00:00[39m[K
[34m                   # paths tracked: 223[39m[K
[34m   # non-singular solutions (real): 223 (11)[39m[K
[34m       # singular endpoints (real): 0 (0)[39m[K
[34m          # total solutions (real): 223 (11)[39m[K
[A
[A
[A
[A




[K[A
[K[A
[K[A
[K[A
[32mTracking 252 paths... 100%|ΓûêΓûêΓûêΓûêΓûêΓûêΓûêΓûêΓûêΓûêΓûêΓûêΓûêΓûêΓûêΓûêΓûêΓûêΓûêΓûêΓûêΓûêΓûêΓûêΓûêΓûêΓûêΓûêΓûê| Time: 0:00:01[39m[K
[34m                   # paths tracked: 252[39m[K
[34m   # non-singular solutions (real): 252 (12)[39m[K
[34m       # singular endpoints (real): 0 (0)[39m[K
[34m          # total solutions (real): 252 (12)[39m[K

[32mTracking 252 paths...  34%|ΓûêΓûêΓûêΓûêΓûêΓûêΓûêΓûêΓûêΓûê                   |  ETA: 0:00:01[39m[K
[34m                   # paths tracked: 86[39m[K
[34m   # non-singular solutions (real): 86 (4)[39m[K
[34m       # singular endpoints (real): 0 (0)[39m[K
[34m          # total solutions (real): 86 (4)[39m[K
[A
[A
[A
[A




[K[A
[K[A
[K[A
[K[A
[32mTracking 252 paths...  49%|ΓûêΓûêΓûêΓûêΓûêΓûêΓûêΓûêΓûêΓûêΓûêΓûêΓûêΓûêΓûê              |  ETA: 0:00:01[39m[K
[34m                   # paths tracked: 123[39m[K
[34m   # non-singular solutions (real): 123 (5)[39m[K
[34m       # singular endpoints (real): 0 (0)[39m[K
[34m          # total solutions (real): 123 (5)[39m[K
[A
[A
[A
[A




[K[A
[K[A
[K[A
[K[A
[32mTracking 252 paths...  63%|ΓûêΓûêΓûêΓûêΓûêΓûêΓûêΓûêΓûêΓûêΓûêΓûêΓûêΓûêΓûêΓûêΓûêΓûêΓûê          |  ETA: 0:00:01[39m[K
[34m                   # paths tracked: 160[39m[K
[34m   # non-singular solutions (real): 160 (6)[39m[K
[34m       # singular endpoints (real): 0 (0)[39m[K
[34m          # total solutions (real): 160 (6)[39m[K
[A
[A
[A
[A




[K[A
[K[A
[K[A
[K[A
[32mTracking 252 paths...  77%|ΓûêΓûêΓûêΓûêΓûêΓûêΓûêΓûêΓûêΓûêΓûêΓûêΓûêΓûêΓûêΓûêΓûêΓûêΓûêΓûêΓûêΓûêΓûê      |  ETA: 0:00:00[39m[K
[34m                   # paths tracked: 195[39m[K
[34m   # non-singular solutions (real): 195 (10)[39m[K
[34m       # singular endpoints (real): 0 (0)[39m[K
[34m          # total solutions (real): 195 (10)[39m[K
[A
[A
[A
[A




[K[A
[K[A
[K[A
[K[A
[32mTracking 252 paths...  92%|ΓûêΓûêΓûêΓûêΓûêΓûêΓûêΓûêΓûêΓûêΓûêΓûêΓûêΓûêΓûêΓûêΓûêΓûêΓûêΓûêΓûêΓûêΓûêΓûêΓûêΓûêΓûê  |  ETA: 0:00:00[39m[K
[34m                   # paths tracked: 232[39m[K
[34m   # non-singular solutions (real): 232 (11)[39m[K
[34m       # singular endpoints (real): 0 (0)[39m[K
[34m          # total solutions (real): 232 (11)[39m[K
[A
[A
[A
[A




[K[A
[K[A
[K[A
[K[A
[32mTracking 252 paths... 100%|ΓûêΓûêΓûêΓûêΓûêΓûêΓûêΓûêΓûêΓûêΓûêΓûêΓûêΓûêΓûêΓûêΓûêΓûêΓûêΓûêΓûêΓûêΓûêΓûêΓûêΓûêΓûêΓûêΓûê| Time: 0:00:01[39m[K
[34m                   # paths tracked: 252[39m[K
[34m   # non-singular solutions (real): 252 (12)[39m[K
[34m       # singular endpoints (real): 0 (0)[39m[K
[34m          # total solutions (real): 252 (12)[39m[K

[32mTracking 252 paths...  41%|ΓûêΓûêΓûêΓûêΓûêΓûêΓûêΓûêΓûêΓûêΓûêΓûê                 |  ETA: 0:00:01[39m[K
[34m                   # paths tracked: 103[39m[K
[34m   # non-singular solutions (real): 103 (1)[39m[K
[34m       # singular endpoints (real): 0 (0)[39m[K
[34m          # total solutions (real): 103 (1)[39m[K
[A
[A
[A
[A




[K[A
[K[A
[K[A
[K[A
[32mTracking 252 paths...  56%|ΓûêΓûêΓûêΓûêΓûêΓûêΓûêΓûêΓûêΓûêΓûêΓûêΓûêΓûêΓûêΓûêΓûê            |  ETA: 0:00:01[39m[K
[34m                   # paths tracked: 140[39m[K
[34m   # non-singular solutions (real): 140 (2)[39m[K
[34m       # singular endpoints (real): 0 (0)[39m[K
[34m          # total solutions (real): 140 (2)[39m[K
[A
[A
[A
[A




[K[A
[K[A
[K[A
[K[A
[32mTracking 252 paths...  70%|ΓûêΓûêΓûêΓûêΓûêΓûêΓûêΓûêΓûêΓûêΓûêΓûêΓûêΓûêΓûêΓûêΓûêΓûêΓûêΓûêΓûê        |  ETA: 0:00:00[39m[K
[34m                   # paths tracked: 177[39m[K
[34m   # non-singular solutions (real): 177 (6)[39m[K
[34m       # singular endpoints (real): 0 (0)[39m[K
[34m          # total solutions (real): 177 (6)[39m[K
[A
[A
[A
[A




[K[A
[K[A
[K[A
[K[A
[32mTracking 252 paths...  84%|ΓûêΓûêΓûêΓûêΓûêΓûêΓûêΓûêΓûêΓûêΓûêΓûêΓûêΓûêΓûêΓûêΓûêΓûêΓûêΓûêΓûêΓûêΓûêΓûêΓûê    |  ETA: 0:00:00[39m[K
[34m                   # paths tracked: 212[39m[K
[34m   # non-singular solutions (real): 212 (9)[39m[K
[34m       # singular endpoints (real): 0 (0)[39m[K
[34m          # total solutions (real): 212 (9)[39m[K
[A
[A
[A
[A




[K[A
[K[A
[K[A
[K[A
[32mTracking 252 paths...  99%|ΓûêΓûêΓûêΓûêΓûêΓûêΓûêΓûêΓûêΓûêΓûêΓûêΓûêΓûêΓûêΓûêΓûêΓûêΓûêΓûêΓûêΓûêΓûêΓûêΓûêΓûêΓûêΓûêΓûê|  ETA: 0:00:00[39m[K
[34m                   # paths tracked: 251[39m[K
[34m   # non-singular solutions (real): 251 (12)[39m[K
[34m       # singular endpoints (real): 0 (0)[39m[K
[34m          # total solutions (real): 251 (12)[39m[K
[A
[A
[A
[A




[K[A
[K[A
[K[A
[K[A
[32mTracking 252 paths... 100%|ΓûêΓûêΓûêΓûêΓûêΓûêΓûêΓûêΓûêΓûêΓûêΓûêΓûêΓûêΓûêΓûêΓûêΓûêΓûêΓûêΓûêΓûêΓûêΓûêΓûêΓûêΓûêΓûêΓûê| Time: 0:00:01[39m[K
[34m                   # paths tracked: 252[39m[K
[34m   # non-singular solutions (real): 252 (12)[39m[K
[34m       # singular endpoints (real): 0 (0)[39m[K
[34m          # total solutions (real): 252 (12)[39m[K

[32mTracking 252 paths...  29%|ΓûêΓûêΓûêΓûêΓûêΓûêΓûêΓûêΓûê                    |  ETA: 0:00:01[39m[K
[34m                   # paths tracked: 72[39m[K
[34m   # non-singular solutions (real): 72 (3)[39m[K
[34m       # singular endpoints (real): 0 (0)[39m[K
[34m          # total solutions (real): 72 (3)[39m[K
[A
[A
[A
[A




[K[A
[K[A
[K[A
[K[A
[32mTracking 252 paths...  40%|ΓûêΓûêΓûêΓûêΓûêΓûêΓûêΓûêΓûêΓûêΓûêΓûê                 |  ETA: 0:00:01[39m[K
[34m                   # paths tracked: 101[39m[K
[34m   # non-singular solutions (real): 101 (4)[39m[K
[34m       # singular endpoints (real): 0 (0)[39m[K
[34m          # total solutions (real): 101 (4)[39m[K
[A
[A
[A
[A




[K[A
[K[A
[K[A
[K[A
[32mTracking 252 paths...  52%|ΓûêΓûêΓûêΓûêΓûêΓûêΓûêΓûêΓûêΓûêΓûêΓûêΓûêΓûêΓûê              |  ETA: 0:00:01[39m[K
[34m                   # paths tracked: 130[39m[K
[34m   # non-singular solutions (real): 130 (5)[39m[K
[34m       # singular endpoints (real): 0 (0)[39m[K
[34m          # total solutions (real): 130 (5)[39m[K
[A
[A
[A
[A




[K[A
[K[A
[K[A
[K[A
[32mTracking 252 paths...  63%|ΓûêΓûêΓûêΓûêΓûêΓûêΓûêΓûêΓûêΓûêΓûêΓûêΓûêΓûêΓûêΓûêΓûêΓûêΓûê          |  ETA: 0:00:01[39m[K
[34m                   # paths tracked: 160[39m[K
[34m   # non-singular solutions (real): 160 (8)[39m[K
[34m       # singular endpoints (real): 0 (0)[39m[K
[34m          # total solutions (real): 160 (8)[39m[K
[A
[A
[A
[A




[K[A
[K[A
[K[A
[K[A
[32mTracking 252 paths...  75%|ΓûêΓûêΓûêΓûêΓûêΓûêΓûêΓûêΓûêΓûêΓûêΓûêΓûêΓûêΓûêΓûêΓûêΓûêΓûêΓûêΓûêΓûê       |  ETA: 0:00:00[39m[K
[34m                   # paths tracked: 189[39m[K
[34m   # non-singular solutions (real): 189 (10)[39m[K
[34m       # singular endpoints (real): 0 (0)[39m[K
[34m          # total solutions (real): 189 (10)[39m[K
[A
[A
[A
[A




[K[A
[K[A
[K[A
[K[A
[32mTracking 252 paths...  87%|ΓûêΓûêΓûêΓûêΓûêΓûêΓûêΓûêΓûêΓûêΓûêΓûêΓûêΓûêΓûêΓûêΓûêΓûêΓûêΓûêΓûêΓûêΓûêΓûêΓûêΓûê   |  ETA: 0:00:00[39m[K
[34m                   # paths tracked: 218[39m[K
[34m   # non-singular solutions (real): 218 (12)[39m[K
[34m       # singular endpoints (real): 0 (0)[39m[K
[34m          # total solutions (real): 218 (12)[39m[K
[A
[A
[A
[A




[K[A
[K[A
[K[A
[K[A
[32mTracking 252 paths...  98%|ΓûêΓûêΓûêΓûêΓûêΓûêΓûêΓûêΓûêΓûêΓûêΓûêΓûêΓûêΓûêΓûêΓûêΓûêΓûêΓûêΓûêΓûêΓûêΓûêΓûêΓûêΓûêΓûêΓûê|  ETA: 0:00:00[39m[K
[34m                   # paths tracked: 248[39m[K
[34m   # non-singular solutions (real): 248 (12)[39m[K
[34m       # singular endpoints (real): 0 (0)[39m[K
[34m          # total solutions (real): 248 (12)[39m[K
[A
[A
[A
[A




[K[A
[K[A
[K[A
[K[A
[32mTracking 252 paths... 100%|ΓûêΓûêΓûêΓûêΓûêΓûêΓûêΓûêΓûêΓûêΓûêΓûêΓûêΓûêΓûêΓûêΓûêΓûêΓûêΓûêΓûêΓûêΓûêΓûêΓûêΓûêΓûêΓûêΓûê| Time: 0:00:01[39m[K
[34m                   # paths tracked: 252[39m[K
[34m   # non-singular solutions (real): 252 (12)[39m[K
[34m       # singular endpoints (real): 0 (0)[39m[K
[34m          # total solutions (real): 252 (12)[39m[K

[32mTracking 252 paths...  35%|ΓûêΓûêΓûêΓûêΓûêΓûêΓûêΓûêΓûêΓûêΓûê                  |  ETA: 0:00:01[39m[K
[34m                   # paths tracked: 88[39m[K
[34m   # non-singular solutions (real): 88 (3)[39m[K
[34m       # singular endpoints (real): 0 (0)[39m[K
[34m          # total solutions (real): 88 (3)[39m[K
[A
[A
[A
[A




[K[A
[K[A
[K[A
[K[A
[32mTracking 252 paths...  49%|ΓûêΓûêΓûêΓûêΓûêΓûêΓûêΓûêΓûêΓûêΓûêΓûêΓûêΓûêΓûê              |  ETA: 0:00:01[39m[K
[34m                   # paths tracked: 124[39m[K
[34m   # non-singular solutions (real): 124 (4)[39m[K
[34m       # singular endpoints (real): 0 (0)[39m[K
[34m          # total solutions (real): 124 (4)[39m[K
[A
[A
[A
[A




[K[A
[K[A
[K[A
[K[A
[32mTracking 252 paths...  63%|ΓûêΓûêΓûêΓûêΓûêΓûêΓûêΓûêΓûêΓûêΓûêΓûêΓûêΓûêΓûêΓûêΓûêΓûêΓûê          |  ETA: 0:00:01[39m[K
[34m                   # paths tracked: 158[39m[K
[34m   # non-singular solutions (real): 158 (6)[39m[K
[34m       # singular endpoints (real): 0 (0)[39m[K
[34m          # total solutions (real): 158 (6)[39m[K
[A
[A
[A
[A




[K[A
[K[A
[K[A
[K[A
[32mTracking 252 paths...  77%|ΓûêΓûêΓûêΓûêΓûêΓûêΓûêΓûêΓûêΓûêΓûêΓûêΓûêΓûêΓûêΓûêΓûêΓûêΓûêΓûêΓûêΓûêΓûê      |  ETA: 0:00:00[39m[K
[34m                   # paths tracked: 195[39m[K
[34m   # non-singular solutions (real): 195 (9)[39m[K
[34m       # singular endpoints (real): 0 (0)[39m[K
[34m          # total solutions (real): 195 (9)[39m[K
[A
[A
[A
[A




[K[A
[K[A
[K[A
[K[A
[32mTracking 252 paths...  92%|ΓûêΓûêΓûêΓûêΓûêΓûêΓûêΓûêΓûêΓûêΓûêΓûêΓûêΓûêΓûêΓûêΓûêΓûêΓûêΓûêΓûêΓûêΓûêΓûêΓûêΓûêΓûê  |  ETA: 0:00:00[39m[K
[34m                   # paths tracked: 231[39m[K
[34m   # non-singular solutions (real): 231 (12)[39m[K
[34m       # singular endpoints (real): 0 (0)[39m[K
[34m          # total solutions (real): 231 (12)[39m[K
[A
[A
[A
[A




[K[A
[K[A
[K[A
[K[A
[32mTracking 252 paths... 100%|ΓûêΓûêΓûêΓûêΓûêΓûêΓûêΓûêΓûêΓûêΓûêΓûêΓûêΓûêΓûêΓûêΓûêΓûêΓûêΓûêΓûêΓûêΓûêΓûêΓûêΓûêΓûêΓûêΓûê| Time: 0:00:01[39m[K
[34m                   # paths tracked: 252[39m[K
[34m   # non-singular solutions (real): 252 (12)[39m[K
[34m       # singular endpoints (real): 0 (0)[39m[K
[34m          # total solutions (real): 252 (12)[39m[K

[32mTracking 252 paths...  36%|ΓûêΓûêΓûêΓûêΓûêΓûêΓûêΓûêΓûêΓûêΓûê                  |  ETA: 0:00:01[39m[K
[34m                   # paths tracked: 90[39m[K
[34m   # non-singular solutions (real): 90 (6)[39m[K
[34m       # singular endpoints (real): 0 (0)[39m[K
[34m          # total solutions (real): 90 (6)[39m[K
[A
[A
[A
[A




[K[A
[K[A
[K[A
[K[A
[32mTracking 252 paths...  50%|ΓûêΓûêΓûêΓûêΓûêΓûêΓûêΓûêΓûêΓûêΓûêΓûêΓûêΓûêΓûê              |  ETA: 0:00:01[39m[K
[34m                   # paths tracked: 125[39m[K
[34m   # non-singular solutions (real): 125 (8)[39m[K
[34m       # singular endpoints (real): 0 (0)[39m[K
[34m          # total solutions (real): 125 (8)[39m[K
[A
[A
[A
[A




[K[A
[K[A
[K[A
[K[A
[32mTracking 252 paths...  61%|ΓûêΓûêΓûêΓûêΓûêΓûêΓûêΓûêΓûêΓûêΓûêΓûêΓûêΓûêΓûêΓûêΓûêΓûê           |  ETA: 0:00:01[39m[K
[34m                   # paths tracked: 154[39m[K
[34m   # non-singular solutions (real): 154 (9)[39m[K
[34m       # singular endpoints (real): 0 (0)[39m[K
[34m          # total solutions (real): 154 (9)[39m[K
[A
[A
[A
[A




[K[A
[K[A
[K[A
[K[A
[32mTracking 252 paths...  75%|ΓûêΓûêΓûêΓûêΓûêΓûêΓûêΓûêΓûêΓûêΓûêΓûêΓûêΓûêΓûêΓûêΓûêΓûêΓûêΓûêΓûêΓûê       |  ETA: 0:00:00[39m[K
[34m                   # paths tracked: 190[39m[K
[34m   # non-singular solutions (real): 190 (9)[39m[K
[34m       # singular endpoints (real): 0 (0)[39m[K
[34m          # total solutions (real): 190 (9)[39m[K
[A
[A
[A
[A




[K[A
[K[A
[K[A
[K[A
[32mTracking 252 paths...  89%|ΓûêΓûêΓûêΓûêΓûêΓûêΓûêΓûêΓûêΓûêΓûêΓûêΓûêΓûêΓûêΓûêΓûêΓûêΓûêΓûêΓûêΓûêΓûêΓûêΓûêΓûê   |  ETA: 0:00:00[39m[K
[34m                   # paths tracked: 225[39m[K
[34m   # non-singular solutions (real): 225 (12)[39m[K
[34m       # singular endpoints (real): 0 (0)[39m[K
[34m          # total solutions (real): 225 (12)[39m[K
[A
[A
[A
[A




[K[A
[K[A
[K[A
[K[A
[32mTracking 252 paths... 100%|ΓûêΓûêΓûêΓûêΓûêΓûêΓûêΓûêΓûêΓûêΓûêΓûêΓûêΓûêΓûêΓûêΓûêΓûêΓûêΓûêΓûêΓûêΓûêΓûêΓûêΓûêΓûêΓûêΓûê| Time: 0:00:01[39m[K
[34m                   # paths tracked: 252[39m[K
[34m   # non-singular solutions (real): 252 (12)[39m[K
[34m       # singular endpoints (real): 0 (0)[39m[K
[34m          # total solutions (real): 252 (12)[39m[K

[32mTracking 252 paths...  36%|ΓûêΓûêΓûêΓûêΓûêΓûêΓûêΓûêΓûêΓûêΓûê                  |  ETA: 0:00:01[39m[K
[34m                   # paths tracked: 90[39m[K
[34m   # non-singular solutions (real): 90 (4)[39m[K
[34m       # singular endpoints (real): 0 (0)[39m[K
[34m          # total solutions (real): 90 (4)[39m[K
[A
[A
[A
[A




[K[A
[K[A
[K[A
[K[A
[32mTracking 252 paths...  50%|ΓûêΓûêΓûêΓûêΓûêΓûêΓûêΓûêΓûêΓûêΓûêΓûêΓûêΓûêΓûê              |  ETA: 0:00:01[39m[K
[34m                   # paths tracked: 127[39m[K
[34m   # non-singular solutions (real): 127 (5)[39m[K
[34m       # singular endpoints (real): 0 (0)[39m[K
[34m          # total solutions (real): 127 (5)[39m[K
[A
[A
[A
[A




[K[A
[K[A
[K[A
[K[A
[32mTracking 252 paths...  65%|ΓûêΓûêΓûêΓûêΓûêΓûêΓûêΓûêΓûêΓûêΓûêΓûêΓûêΓûêΓûêΓûêΓûêΓûêΓûê          |  ETA: 0:00:00[39m[K
[34m                   # paths tracked: 164[39m[K
[34m   # non-singular solutions (real): 164 (5)[39m[K
[34m       # singular endpoints (real): 0 (0)[39m[K
[34m          # total solutions (real): 164 (5)[39m[K
[A
[A
[A
[A




[K[A
[K[A
[K[A
[K[A
[32mTracking 252 paths...  79%|ΓûêΓûêΓûêΓûêΓûêΓûêΓûêΓûêΓûêΓûêΓûêΓûêΓûêΓûêΓûêΓûêΓûêΓûêΓûêΓûêΓûêΓûêΓûê      |  ETA: 0:00:00[39m[K
[34m                   # paths tracked: 198[39m[K
[34m   # non-singular solutions (real): 198 (7)[39m[K
[34m       # singular endpoints (real): 0 (0)[39m[K
[34m          # total solutions (real): 198 (7)[39m[K
[A
[A
[A
[A




[K[A
[K[A
[K[A
[K[A
[32mTracking 252 paths...  92%|ΓûêΓûêΓûêΓûêΓûêΓûêΓûêΓûêΓûêΓûêΓûêΓûêΓûêΓûêΓûêΓûêΓûêΓûêΓûêΓûêΓûêΓûêΓûêΓûêΓûêΓûêΓûê  |  ETA: 0:00:00[39m[K
[34m                   # paths tracked: 233[39m[K
[34m   # non-singular solutions (real): 233 (10)[39m[K
[34m       # singular endpoints (real): 0 (0)[39m[K
[34m          # total solutions (real): 233 (10)[39m[K
[A
[A
[A
[A




[K[A
[K[A
[K[A
[K[A
[32mTracking 252 paths... 100%|ΓûêΓûêΓûêΓûêΓûêΓûêΓûêΓûêΓûêΓûêΓûêΓûêΓûêΓûêΓûêΓûêΓûêΓûêΓûêΓûêΓûêΓûêΓûêΓûêΓûêΓûêΓûêΓûêΓûê| Time: 0:00:01[39m[K
[34m                   # paths tracked: 252[39m[K
[34m   # non-singular solutions (real): 252 (12)[39m[K
[34m       # singular endpoints (real): 0 (0)[39m[K
[34m          # total solutions (real): 252 (12)[39m[K

[32mTracking 252 paths...  36%|ΓûêΓûêΓûêΓûêΓûêΓûêΓûêΓûêΓûêΓûêΓûê                  |  ETA: 0:00:01[39m[K
[34m                   # paths tracked: 91[39m[K
[34m   # non-singular solutions (real): 91 (5)[39m[K
[34m       # singular endpoints (real): 0 (0)[39m[K
[34m          # total solutions (real): 91 (5)[39m[K
[A
[A
[A
[A




[K[A
[K[A
[K[A
[K[A
[32mTracking 252 paths...  51%|ΓûêΓûêΓûêΓûêΓûêΓûêΓûêΓûêΓûêΓûêΓûêΓûêΓûêΓûêΓûê              |  ETA: 0:00:01[39m[K
[34m                   # paths tracked: 129[39m[K
[34m   # non-singular solutions (real): 129 (5)[39m[K
[34m       # singular endpoints (real): 0 (0)[39m[K
[34m          # total solutions (real): 129 (5)[39m[K
[A
[A
[A
[A




[K[A
[K[A
[K[A
[K[A
[32mTracking 252 paths...  67%|ΓûêΓûêΓûêΓûêΓûêΓûêΓûêΓûêΓûêΓûêΓûêΓûêΓûêΓûêΓûêΓûêΓûêΓûêΓûêΓûê         |  ETA: 0:00:00[39m[K
[34m                   # paths tracked: 168[39m[K
[34m   # non-singular solutions (real): 168 (5)[39m[K
[34m       # singular endpoints (real): 0 (0)[39m[K
[34m          # total solutions (real): 168 (5)[39m[K
[A
[A
[A
[A




[K[A
[K[A
[K[A
[K[A
[32mTracking 252 paths...  82%|ΓûêΓûêΓûêΓûêΓûêΓûêΓûêΓûêΓûêΓûêΓûêΓûêΓûêΓûêΓûêΓûêΓûêΓûêΓûêΓûêΓûêΓûêΓûêΓûê     |  ETA: 0:00:00[39m[K
[34m                   # paths tracked: 206[39m[K
[34m   # non-singular solutions (real): 206 (8)[39m[K
[34m       # singular endpoints (real): 0 (0)[39m[K
[34m          # total solutions (real): 206 (8)[39m[K
[A
[A
[A
[A




[K[A
[K[A
[K[A
[K[A
[32mTracking 252 paths...  95%|ΓûêΓûêΓûêΓûêΓûêΓûêΓûêΓûêΓûêΓûêΓûêΓûêΓûêΓûêΓûêΓûêΓûêΓûêΓûêΓûêΓûêΓûêΓûêΓûêΓûêΓûêΓûêΓûê |  ETA: 0:00:00[39m[K
[34m                   # paths tracked: 240[39m[K
[34m   # non-singular solutions (real): 240 (10)[39m[K
[34m       # singular endpoints (real): 0 (0)[39m[K
[34m          # total solutions (real): 240 (10)[39m[K
[A
[A
[A
[A




[K[A
[K[A
[K[A
[K[A
[32mTracking 252 paths... 100%|ΓûêΓûêΓûêΓûêΓûêΓûêΓûêΓûêΓûêΓûêΓûêΓûêΓûêΓûêΓûêΓûêΓûêΓûêΓûêΓûêΓûêΓûêΓûêΓûêΓûêΓûêΓûêΓûêΓûê| Time: 0:00:01[39m[K
[34m                   # paths tracked: 252[39m[K
[34m   # non-singular solutions (real): 252 (12)[39m[K
[34m       # singular endpoints (real): 0 (0)[39m[K
[34m          # total solutions (real): 252 (12)[39m[K

[32mTracking 252 paths...  31%|ΓûêΓûêΓûêΓûêΓûêΓûêΓûêΓûêΓûêΓûê                   |  ETA: 0:00:01[39m[K
[34m                   # paths tracked: 79[39m[K
[34m   # non-singular solutions (real): 79 (4)[39m[K
[34m       # singular endpoints (real): 0 (0)[39m[K
[34m          # total solutions (real): 79 (4)[39m[K
[A
[A
[A
[A




[K[A
[K[A
[K[A
[K[A
[32mTracking 252 paths...  45%|ΓûêΓûêΓûêΓûêΓûêΓûêΓûêΓûêΓûêΓûêΓûêΓûêΓûêΓûê               |  ETA: 0:00:01[39m[K
[34m                   # paths tracked: 114[39m[K
[34m   # non-singular solutions (real): 114 (4)[39m[K
[34m       # singular endpoints (real): 0 (0)[39m[K
[34m          # total solutions (real): 114 (4)[39m[K
[A
[A
[A
[A




[K[A
[K[A
[K[A
[K[A
[32mTracking 252 paths...  60%|ΓûêΓûêΓûêΓûêΓûêΓûêΓûêΓûêΓûêΓûêΓûêΓûêΓûêΓûêΓûêΓûêΓûêΓûê           |  ETA: 0:00:01[39m[K
[34m                   # paths tracked: 151[39m[K
[34m   # non-singular solutions (real): 151 (6)[39m[K
[34m       # singular endpoints (real): 0 (0)[39m[K
[34m          # total solutions (real): 151 (6)[39m[K
[A
[A
[A
[A




[K[A
[K[A
[K[A
[K[A
[32mTracking 252 paths...  75%|ΓûêΓûêΓûêΓûêΓûêΓûêΓûêΓûêΓûêΓûêΓûêΓûêΓûêΓûêΓûêΓûêΓûêΓûêΓûêΓûêΓûêΓûê       |  ETA: 0:00:00[39m[K
[34m                   # paths tracked: 189[39m[K
[34m   # non-singular solutions (real): 189 (6)[39m[K
[34m       # singular endpoints (real): 0 (0)[39m[K
[34m          # total solutions (real): 189 (6)[39m[K
[A
[A
[A
[A




[K[A
[K[A
[K[A
[K[A
[32mTracking 252 paths...  90%|ΓûêΓûêΓûêΓûêΓûêΓûêΓûêΓûêΓûêΓûêΓûêΓûêΓûêΓûêΓûêΓûêΓûêΓûêΓûêΓûêΓûêΓûêΓûêΓûêΓûêΓûêΓûê  |  ETA: 0:00:00[39m[K
[34m                   # paths tracked: 226[39m[K
[34m   # non-singular solutions (real): 226 (9)[39m[K
[34m       # singular endpoints (real): 0 (0)[39m[K
[34m          # total solutions (real): 226 (9)[39m[K
[A
[A
[A
[A




[K[A
[K[A
[K[A
[K[A
[32mTracking 252 paths... 100%|ΓûêΓûêΓûêΓûêΓûêΓûêΓûêΓûêΓûêΓûêΓûêΓûêΓûêΓûêΓûêΓûêΓûêΓûêΓûêΓûêΓûêΓûêΓûêΓûêΓûêΓûêΓûêΓûêΓûê| Time: 0:00:01[39m[K
[34m                   # paths tracked: 252[39m[K
[34m   # non-singular solutions (real): 252 (12)[39m[K
[34m       # singular endpoints (real): 0 (0)[39m[K
[34m          # total solutions (real): 252 (12)[39m[K

[32mTracking 252 paths...  33%|ΓûêΓûêΓûêΓûêΓûêΓûêΓûêΓûêΓûêΓûê                   |  ETA: 0:00:01[39m[K
[34m                   # paths tracked: 84[39m[K
[34m   # non-singular solutions (real): 84 (4)[39m[K
[34m       # singular endpoints (real): 0 (0)[39m[K
[34m          # total solutions (real): 84 (4)[39m[K
[A
[A
[A
[A




[K[A
[K[A
[K[A
[K[A
[32mTracking 252 paths...  48%|ΓûêΓûêΓûêΓûêΓûêΓûêΓûêΓûêΓûêΓûêΓûêΓûêΓûêΓûêΓûê              |  ETA: 0:00:01[39m[K
[34m                   # paths tracked: 122[39m[K
[34m   # non-singular solutions (real): 122 (7)[39m[K
[34m       # singular endpoints (real): 0 (0)[39m[K
[34m          # total solutions (real): 122 (7)[39m[K
[A
[A
[A
[A




[K[A
[K[A
[K[A
[K[A
[32mTracking 252 paths...  63%|ΓûêΓûêΓûêΓûêΓûêΓûêΓûêΓûêΓûêΓûêΓûêΓûêΓûêΓûêΓûêΓûêΓûêΓûêΓûê          |  ETA: 0:00:01[39m[K
[34m                   # paths tracked: 158[39m[K
[34m   # non-singular solutions (real): 158 (8)[39m[K
[34m       # singular endpoints (real): 0 (0)[39m[K
[34m          # total solutions (real): 158 (8)[39m[K
[A
[A
[A
[A




[K[A
[K[A
[K[A
[K[A
[32mTracking 252 paths...  75%|ΓûêΓûêΓûêΓûêΓûêΓûêΓûêΓûêΓûêΓûêΓûêΓûêΓûêΓûêΓûêΓûêΓûêΓûêΓûêΓûêΓûêΓûê       |  ETA: 0:00:00[39m[K
[34m                   # paths tracked: 190[39m[K
[34m   # non-singular solutions (real): 190 (8)[39m[K
[34m       # singular endpoints (real): 0 (0)[39m[K
[34m          # total solutions (real): 190 (8)[39m[K
[A
[A
[A
[A




[K[A
[K[A
[K[A
[K[A
[32mTracking 252 paths...  89%|ΓûêΓûêΓûêΓûêΓûêΓûêΓûêΓûêΓûêΓûêΓûêΓûêΓûêΓûêΓûêΓûêΓûêΓûêΓûêΓûêΓûêΓûêΓûêΓûêΓûêΓûê   |  ETA: 0:00:00[39m[K
[34m                   # paths tracked: 225[39m[K
[34m   # non-singular solutions (real): 225 (10)[39m[K
[34m       # singular endpoints (real): 0 (0)[39m[K
[34m          # total solutions (real): 225 (10)[39m[K
[A
[A
[A
[A




[K[A
[K[A
[K[A
[K[A
[32mTracking 252 paths... 100%|ΓûêΓûêΓûêΓûêΓûêΓûêΓûêΓûêΓûêΓûêΓûêΓûêΓûêΓûêΓûêΓûêΓûêΓûêΓûêΓûêΓûêΓûêΓûêΓûêΓûêΓûêΓûêΓûêΓûê| Time: 0:00:01[39m[K
[34m                   # paths tracked: 252[39m[K
[34m   # non-singular solutions (real): 252 (12)[39m[K
[34m       # singular endpoints (real): 0 (0)[39m[K
[34m          # total solutions (real): 252 (12)[39m[K

[32mTracking 252 paths...  35%|ΓûêΓûêΓûêΓûêΓûêΓûêΓûêΓûêΓûêΓûêΓûê                  |  ETA: 0:00:01[39m[K
[34m                   # paths tracked: 87[39m[K
[34m   # non-singular solutions (real): 87 (3)[39m[K
[34m       # singular endpoints (real): 0 (0)[39m[K
[34m          # total solutions (real): 87 (3)[39m[K
[A
[A
[A
[A




[K[A
[K[A
[K[A
[K[A
[32mTracking 252 paths...  48%|ΓûêΓûêΓûêΓûêΓûêΓûêΓûêΓûêΓûêΓûêΓûêΓûêΓûêΓûê               |  ETA: 0:00:01[39m[K
[34m                   # paths tracked: 120[39m[K
[34m   # non-singular solutions (real): 120 (5)[39m[K
[34m       # singular endpoints (real): 0 (0)[39m[K
[34m          # total solutions (real): 120 (5)[39m[K
[A
[A
[A
[A




[K[A
[K[A
[K[A
[K[A
[32mTracking 252 paths...  63%|ΓûêΓûêΓûêΓûêΓûêΓûêΓûêΓûêΓûêΓûêΓûêΓûêΓûêΓûêΓûêΓûêΓûêΓûêΓûê          |  ETA: 0:00:01[39m[K
[34m                   # paths tracked: 158[39m[K
[34m   # non-singular solutions (real): 158 (7)[39m[K
[34m       # singular endpoints (real): 0 (0)[39m[K
[34m          # total solutions (real): 158 (7)[39m[K
[A
[A
[A
[A




[K[A
[K[A
[K[A
[K[A
[32mTracking 252 paths...  79%|ΓûêΓûêΓûêΓûêΓûêΓûêΓûêΓûêΓûêΓûêΓûêΓûêΓûêΓûêΓûêΓûêΓûêΓûêΓûêΓûêΓûêΓûêΓûê      |  ETA: 0:00:00[39m[K
[34m                   # paths tracked: 198[39m[K
[34m   # non-singular solutions (real): 198 (9)[39m[K
[34m       # singular endpoints (real): 0 (0)[39m[K
[34m          # total solutions (real): 198 (9)[39m[K
[A
[A
[A
[A




[K[A
[K[A
[K[A
[K[A
[32mTracking 252 paths...  93%|ΓûêΓûêΓûêΓûêΓûêΓûêΓûêΓûêΓûêΓûêΓûêΓûêΓûêΓûêΓûêΓûêΓûêΓûêΓûêΓûêΓûêΓûêΓûêΓûêΓûêΓûêΓûêΓûê |  ETA: 0:00:00[39m[K
[34m                   # paths tracked: 235[39m[K
[34m   # non-singular solutions (real): 235 (10)[39m[K
[34m       # singular endpoints (real): 0 (0)[39m[K
[34m          # total solutions (real): 235 (10)[39m[K
[A
[A
[A
[A




[K[A
[K[A
[K[A
[K[A
[32mTracking 252 paths... 100%|ΓûêΓûêΓûêΓûêΓûêΓûêΓûêΓûêΓûêΓûêΓûêΓûêΓûêΓûêΓûêΓûêΓûêΓûêΓûêΓûêΓûêΓûêΓûêΓûêΓûêΓûêΓûêΓûêΓûê| Time: 0:00:01[39m[K
[34m                   # paths tracked: 252[39m[K
[34m   # non-singular solutions (real): 252 (12)[39m[K
[34m       # singular endpoints (real): 0 (0)[39m[K
[34m          # total solutions (real): 252 (12)[39m[K

[32mTracking 252 paths...  37%|ΓûêΓûêΓûêΓûêΓûêΓûêΓûêΓûêΓûêΓûêΓûê                  |  ETA: 0:00:01[39m[K
[34m                   # paths tracked: 92[39m[K
[34m   # non-singular solutions (real): 92 (7)[39m[K
[34m       # singular endpoints (real): 0 (0)[39m[K
[34m          # total solutions (real): 92 (7)[39m[K
[A
[A
[A
[A




[K[A
[K[A
[K[A
[K[A
[32mTracking 252 paths...  52%|ΓûêΓûêΓûêΓûêΓûêΓûêΓûêΓûêΓûêΓûêΓûêΓûêΓûêΓûêΓûêΓûê             |  ETA: 0:00:01[39m[K
[34m                   # paths tracked: 131[39m[K
[34m   # non-singular solutions (real): 131 (8)[39m[K
[34m       # singular endpoints (real): 0 (0)[39m[K
[34m          # total solutions (real): 131 (8)[39m[K
[A
[A
[A
[A




[K[A
[K[A
[K[A
[K[A
[32mTracking 252 paths...  66%|ΓûêΓûêΓûêΓûêΓûêΓûêΓûêΓûêΓûêΓûêΓûêΓûêΓûêΓûêΓûêΓûêΓûêΓûêΓûêΓûê         |  ETA: 0:00:00[39m[K
[34m                   # paths tracked: 166[39m[K
[34m   # non-singular solutions (real): 166 (8)[39m[K
[34m       # singular endpoints (real): 0 (0)[39m[K
[34m          # total solutions (real): 166 (8)[39m[K
[A
[A
[A
[A




[K[A
[K[A
[K[A
[K[A
[32mTracking 252 paths...  80%|ΓûêΓûêΓûêΓûêΓûêΓûêΓûêΓûêΓûêΓûêΓûêΓûêΓûêΓûêΓûêΓûêΓûêΓûêΓûêΓûêΓûêΓûêΓûêΓûê     |  ETA: 0:00:00[39m[K
[34m                   # paths tracked: 201[39m[K
[34m   # non-singular solutions (real): 201 (9)[39m[K
[34m       # singular endpoints (real): 0 (0)[39m[K
[34m          # total solutions (real): 201 (9)[39m[K
[A
[A
[A
[A




[K[A
[K[A
[K[A
[K[A
[32mTracking 252 paths...  95%|ΓûêΓûêΓûêΓûêΓûêΓûêΓûêΓûêΓûêΓûêΓûêΓûêΓûêΓûêΓûêΓûêΓûêΓûêΓûêΓûêΓûêΓûêΓûêΓûêΓûêΓûêΓûêΓûê |  ETA: 0:00:00[39m[K
[34m                   # paths tracked: 239[39m[K
[34m   # non-singular solutions (real): 239 (12)[39m[K
[34m       # singular endpoints (real): 0 (0)[39m[K
[34m          # total solutions (real): 239 (12)[39m[K
[A
[A
[A
[A




[K[A
[K[A
[K[A
[K[A
[32mTracking 252 paths... 100%|ΓûêΓûêΓûêΓûêΓûêΓûêΓûêΓûêΓûêΓûêΓûêΓûêΓûêΓûêΓûêΓûêΓûêΓûêΓûêΓûêΓûêΓûêΓûêΓûêΓûêΓûêΓûêΓûêΓûê| Time: 0:00:01[39m[K
[34m                   # paths tracked: 252[39m[K
[34m   # non-singular solutions (real): 252 (12)[39m[K
[34m       # singular endpoints (real): 0 (0)[39m[K
[34m          # total solutions (real): 252 (12)[39m[K

[32mTracking 252 paths...  34%|ΓûêΓûêΓûêΓûêΓûêΓûêΓûêΓûêΓûêΓûê                   |  ETA: 0:00:01[39m[K
[34m                   # paths tracked: 86[39m[K
[34m   # non-singular solutions (real): 86 (2)[39m[K
[34m       # singular endpoints (real): 0 (0)[39m[K
[34m          # total solutions (real): 86 (2)[39m[K
[A
[A
[A
[A




[K[A
[K[A
[K[A
[K[A
[32mTracking 252 paths...  47%|ΓûêΓûêΓûêΓûêΓûêΓûêΓûêΓûêΓûêΓûêΓûêΓûêΓûêΓûê               |  ETA: 0:00:01[39m[K
[34m                   # paths tracked: 118[39m[K
[34m   # non-singular solutions (real): 118 (3)[39m[K
[34m       # singular endpoints (real): 0 (0)[39m[K
[34m          # total solutions (real): 118 (3)[39m[K
[A
[A
[A
[A




[K[A
[K[A
[K[A
[K[A
[32mTracking 252 paths...  62%|ΓûêΓûêΓûêΓûêΓûêΓûêΓûêΓûêΓûêΓûêΓûêΓûêΓûêΓûêΓûêΓûêΓûêΓûê           |  ETA: 0:00:01[39m[K
[34m                   # paths tracked: 155[39m[K
[34m   # non-singular solutions (real): 155 (5)[39m[K
[34m       # singular endpoints (real): 0 (0)[39m[K
[34m          # total solutions (real): 155 (5)[39m[K
[A
[A
[A
[A




[K[A
[K[A
[K[A
[K[A
[32mTracking 252 paths...  76%|ΓûêΓûêΓûêΓûêΓûêΓûêΓûêΓûêΓûêΓûêΓûêΓûêΓûêΓûêΓûêΓûêΓûêΓûêΓûêΓûêΓûêΓûê       |  ETA: 0:00:00[39m[K
[34m                   # paths tracked: 191[39m[K
[34m   # non-singular solutions (real): 191 (10)[39m[K
[34m       # singular endpoints (real): 0 (0)[39m[K
[34m          # total solutions (real): 191 (10)[39m[K
[A
[A
[A
[A




[K[A
[K[A
[K[A
[K[A
[32mTracking 252 paths...  90%|ΓûêΓûêΓûêΓûêΓûêΓûêΓûêΓûêΓûêΓûêΓûêΓûêΓûêΓûêΓûêΓûêΓûêΓûêΓûêΓûêΓûêΓûêΓûêΓûêΓûêΓûêΓûê  |  ETA: 0:00:00[39m[K
[34m                   # paths tracked: 227[39m[K
[34m   # non-singular solutions (real): 227 (10)[39m[K
[34m       # singular endpoints (real): 0 (0)[39m[K
[34m          # total solutions (real): 227 (10)[39m[K
[A
[A
[A
[A




[K[A
[K[A
[K[A
[K[A
[32mTracking 252 paths... 100%|ΓûêΓûêΓûêΓûêΓûêΓûêΓûêΓûêΓûêΓûêΓûêΓûêΓûêΓûêΓûêΓûêΓûêΓûêΓûêΓûêΓûêΓûêΓûêΓûêΓûêΓûêΓûêΓûêΓûê| Time: 0:00:01[39m[K
[34m                   # paths tracked: 252[39m[K
[34m   # non-singular solutions (real): 252 (12)[39m[K
[34m       # singular endpoints (real): 0 (0)[39m[K
[34m          # total solutions (real): 252 (12)[39m[K

[32mTracking 252 paths...  36%|ΓûêΓûêΓûêΓûêΓûêΓûêΓûêΓûêΓûêΓûêΓûê                  |  ETA: 0:00:01[39m[K
[34m                   # paths tracked: 91[39m[K
[34m   # non-singular solutions (real): 91 (3)[39m[K
[34m       # singular endpoints (real): 0 (0)[39m[K
[34m          # total solutions (real): 91 (3)[39m[K
[A
[A
[A
[A




[K[A
[K[A
[K[A
[K[A
[32mTracking 252 paths...  52%|ΓûêΓûêΓûêΓûêΓûêΓûêΓûêΓûêΓûêΓûêΓûêΓûêΓûêΓûêΓûê              |  ETA: 0:00:01[39m[K
[34m                   # paths tracked: 130[39m[K
[34m   # non-singular solutions (real): 130 (7)[39m[K
[34m       # singular endpoints (real): 0 (0)[39m[K
[34m          # total solutions (real): 130 (7)[39m[K
[A
[A
[A
[A




[K[A
[K[A
[K[A
[K[A
[32mTracking 252 paths...  66%|ΓûêΓûêΓûêΓûêΓûêΓûêΓûêΓûêΓûêΓûêΓûêΓûêΓûêΓûêΓûêΓûêΓûêΓûêΓûêΓûê         |  ETA: 0:00:00[39m[K
[34m                   # paths tracked: 167[39m[K
[34m   # non-singular solutions (real): 167 (8)[39m[K
[34m       # singular endpoints (real): 0 (0)[39m[K
[34m          # total solutions (real): 167 (8)[39m[K
[A
[A
[A
[A




[K[A
[K[A
[K[A
[K[A
[32mTracking 252 paths...  79%|ΓûêΓûêΓûêΓûêΓûêΓûêΓûêΓûêΓûêΓûêΓûêΓûêΓûêΓûêΓûêΓûêΓûêΓûêΓûêΓûêΓûêΓûêΓûêΓûê     |  ETA: 0:00:00[39m[K
[34m                   # paths tracked: 200[39m[K
[34m   # non-singular solutions (real): 200 (10)[39m[K
[34m       # singular endpoints (real): 0 (0)[39m[K
[34m          # total solutions (real): 200 (10)[39m[K
[A
[A
[A
[A




[K[A
[K[A
[K[A
[K[A
[32mTracking 252 paths...  93%|ΓûêΓûêΓûêΓûêΓûêΓûêΓûêΓûêΓûêΓûêΓûêΓûêΓûêΓûêΓûêΓûêΓûêΓûêΓûêΓûêΓûêΓûêΓûêΓûêΓûêΓûêΓûêΓûê |  ETA: 0:00:00[39m[K
[34m                   # paths tracked: 235[39m[K
[34m   # non-singular solutions (real): 235 (11)[39m[K
[34m       # singular endpoints (real): 0 (0)[39m[K
[34m          # total solutions (real): 235 (11)[39m[K
[A
[A
[A
[A




[K[A
[K[A
[K[A
[K[A
[32mTracking 252 paths... 100%|ΓûêΓûêΓûêΓûêΓûêΓûêΓûêΓûêΓûêΓûêΓûêΓûêΓûêΓûêΓûêΓûêΓûêΓûêΓûêΓûêΓûêΓûêΓûêΓûêΓûêΓûêΓûêΓûêΓûê| Time: 0:00:01[39m[K
[34m                   # paths tracked: 252[39m[K
[34m   # non-singular solutions (real): 252 (12)[39m[K
[34m       # singular endpoints (real): 0 (0)[39m[K
[34m          # total solutions (real): 252 (12)[39m[K

[32mTracking 252 paths...  37%|ΓûêΓûêΓûêΓûêΓûêΓûêΓûêΓûêΓûêΓûêΓûê                  |  ETA: 0:00:01[39m[K
[34m                   # paths tracked: 92[39m[K
[34m   # non-singular solutions (real): 92 (4)[39m[K
[34m       # singular endpoints (real): 0 (0)[39m[K
[34m          # total solutions (real): 92 (4)[39m[K
[A
[A
[A
[A




[K[A
[K[A
[K[A
[K[A
[32mTracking 252 paths...  48%|ΓûêΓûêΓûêΓûêΓûêΓûêΓûêΓûêΓûêΓûêΓûêΓûêΓûêΓûêΓûê              |  ETA: 0:00:01[39m[K
[34m                   # paths tracked: 122[39m[K
[34m   # non-singular solutions (real): 122 (4)[39m[K
[34m       # singular endpoints (real): 0 (0)[39m[K
[34m          # total solutions (real): 122 (4)[39m[K
[A
[A
[A
[A




[K[A
[K[A
[K[A
[K[A
[32mTracking 252 paths...  61%|ΓûêΓûêΓûêΓûêΓûêΓûêΓûêΓûêΓûêΓûêΓûêΓûêΓûêΓûêΓûêΓûêΓûêΓûê           |  ETA: 0:00:01[39m[K
[34m                   # paths tracked: 153[39m[K
[34m   # non-singular solutions (real): 153 (8)[39m[K
[34m       # singular endpoints (real): 0 (0)[39m[K
[34m          # total solutions (real): 153 (8)[39m[K
[A
[A
[A
[A




[K[A
[K[A
[K[A
[K[A
[32mTracking 252 paths...  73%|ΓûêΓûêΓûêΓûêΓûêΓûêΓûêΓûêΓûêΓûêΓûêΓûêΓûêΓûêΓûêΓûêΓûêΓûêΓûêΓûêΓûêΓûê       |  ETA: 0:00:00[39m[K
[34m                   # paths tracked: 185[39m[K
[34m   # non-singular solutions (real): 185 (9)[39m[K
[34m       # singular endpoints (real): 0 (0)[39m[K
[34m          # total solutions (real): 185 (9)[39m[K
[A
[A
[A
[A




[K[A
[K[A
[K[A
[K[A
[32mTracking 252 paths...  88%|ΓûêΓûêΓûêΓûêΓûêΓûêΓûêΓûêΓûêΓûêΓûêΓûêΓûêΓûêΓûêΓûêΓûêΓûêΓûêΓûêΓûêΓûêΓûêΓûêΓûêΓûê   |  ETA: 0:00:00[39m[K
[34m                   # paths tracked: 221[39m[K
[34m   # non-singular solutions (real): 221 (10)[39m[K
[34m       # singular endpoints (real): 0 (0)[39m[K
[34m          # total solutions (real): 221 (10)[39m[K
[A
[A
[A
[A




[K[A
[K[A
[K[A
[K[A
[32mTracking 252 paths... 100%|ΓûêΓûêΓûêΓûêΓûêΓûêΓûêΓûêΓûêΓûêΓûêΓûêΓûêΓûêΓûêΓûêΓûêΓûêΓûêΓûêΓûêΓûêΓûêΓûêΓûêΓûêΓûêΓûêΓûê| Time: 0:00:01[39m[K
[34m                   # paths tracked: 252[39m[K
[34m   # non-singular solutions (real): 252 (12)[39m[K
[34m       # singular endpoints (real): 0 (0)[39m[K
[34m          # total solutions (real): 252 (12)[39m[K

[32mTracking 252 paths...  29%|ΓûêΓûêΓûêΓûêΓûêΓûêΓûêΓûêΓûê                    |  ETA: 0:00:01[39m[K
[34m                   # paths tracked: 72[39m[K
[34m   # non-singular solutions (real): 72 (4)[39m[K
[34m       # singular endpoints (real): 0 (0)[39m[K
[34m          # total solutions (real): 72 (4)[39m[K
[A
[A
[A
[A




[K[A
[K[A
[K[A
[K[A
[32mTracking 252 paths...  40%|ΓûêΓûêΓûêΓûêΓûêΓûêΓûêΓûêΓûêΓûêΓûêΓûê                 |  ETA: 0:00:01[39m[K
[34m                   # paths tracked: 100[39m[K
[34m   # non-singular solutions (real): 100 (4)[39m[K
[34m       # singular endpoints (real): 0 (0)[39m[K
[34m          # total solutions (real): 100 (4)[39m[K
[A
[A
[A
[A




[K[A
[K[A
[K[A
[K[A
[32mTracking 252 paths...  51%|ΓûêΓûêΓûêΓûêΓûêΓûêΓûêΓûêΓûêΓûêΓûêΓûêΓûêΓûêΓûê              |  ETA: 0:00:01[39m[K
[34m                   # paths tracked: 129[39m[K
[34m   # non-singular solutions (real): 129 (6)[39m[K
[34m       # singular endpoints (real): 0 (0)[39m[K
[34m          # total solutions (real): 129 (6)[39m[K
[A
[A
[A
[A




[K[A
[K[A
[K[A
[K[A
[32mTracking 252 paths...  63%|ΓûêΓûêΓûêΓûêΓûêΓûêΓûêΓûêΓûêΓûêΓûêΓûêΓûêΓûêΓûêΓûêΓûêΓûêΓûê          |  ETA: 0:00:01[39m[K
[34m                   # paths tracked: 160[39m[K
[34m   # non-singular solutions (real): 160 (8)[39m[K
[34m       # singular endpoints (real): 0 (0)[39m[K
[34m          # total solutions (real): 160 (8)[39m[K
[A
[A
[A
[A




[K[A
[K[A
[K[A
[K[A
[32mTracking 252 paths...  75%|ΓûêΓûêΓûêΓûêΓûêΓûêΓûêΓûêΓûêΓûêΓûêΓûêΓûêΓûêΓûêΓûêΓûêΓûêΓûêΓûêΓûêΓûê       |  ETA: 0:00:00[39m[K
[34m                   # paths tracked: 189[39m[K
[34m   # non-singular solutions (real): 189 (9)[39m[K
[34m       # singular endpoints (real): 0 (0)[39m[K
[34m          # total solutions (real): 189 (9)[39m[K
[A
[A
[A
[A




[K[A
[K[A
[K[A
[K[A
[32mTracking 252 paths...  87%|ΓûêΓûêΓûêΓûêΓûêΓûêΓûêΓûêΓûêΓûêΓûêΓûêΓûêΓûêΓûêΓûêΓûêΓûêΓûêΓûêΓûêΓûêΓûêΓûêΓûêΓûê   |  ETA: 0:00:00[39m[K
[34m                   # paths tracked: 219[39m[K
[34m   # non-singular solutions (real): 219 (10)[39m[K
[34m       # singular endpoints (real): 0 (0)[39m[K
[34m          # total solutions (real): 219 (10)[39m[K
[A
[A
[A
[A




[K[A
[K[A
[K[A
[K[A
[32mTracking 252 paths...  98%|ΓûêΓûêΓûêΓûêΓûêΓûêΓûêΓûêΓûêΓûêΓûêΓûêΓûêΓûêΓûêΓûêΓûêΓûêΓûêΓûêΓûêΓûêΓûêΓûêΓûêΓûêΓûêΓûêΓûê|  ETA: 0:00:00[39m[K
[34m                   # paths tracked: 246[39m[K
[34m   # non-singular solutions (real): 246 (12)[39m[K
[34m       # singular endpoints (real): 0 (0)[39m[K
[34m          # total solutions (real): 246 (12)[39m[K
[A
[A
[A
[A




[K[A
[K[A
[K[A
[K[A
[32mTracking 252 paths... 100%|ΓûêΓûêΓûêΓûêΓûêΓûêΓûêΓûêΓûêΓûêΓûêΓûêΓûêΓûêΓûêΓûêΓûêΓûêΓûêΓûêΓûêΓûêΓûêΓûêΓûêΓûêΓûêΓûêΓûê| Time: 0:00:01[39m[K
[34m                   # paths tracked: 252[39m[K
[34m   # non-singular solutions (real): 252 (12)[39m[K
[34m       # singular endpoints (real): 0 (0)[39m[K
[34m          # total solutions (real): 252 (12)[39m[K

[32mTracking 252 paths...  35%|ΓûêΓûêΓûêΓûêΓûêΓûêΓûêΓûêΓûêΓûêΓûê                  |  ETA: 0:00:01[39m[K
[34m                   # paths tracked: 88[39m[K
[34m   # non-singular solutions (real): 88 (5)[39m[K
[34m       # singular endpoints (real): 0 (0)[39m[K
[34m          # total solutions (real): 88 (5)[39m[K
[A
[A
[A
[A




[K[A
[K[A
[K[A
[K[A
[32mTracking 252 paths...  50%|ΓûêΓûêΓûêΓûêΓûêΓûêΓûêΓûêΓûêΓûêΓûêΓûêΓûêΓûêΓûê              |  ETA: 0:00:01[39m[K
[34m                   # paths tracked: 125[39m[K
[34m   # non-singular solutions (real): 125 (5)[39m[K
[34m       # singular endpoints (real): 0 (0)[39m[K
[34m          # total solutions (real): 125 (5)[39m[K
[A
[A
[A
[A




[K[A
[K[A
[K[A
[K[A
[32mTracking 252 paths...  63%|ΓûêΓûêΓûêΓûêΓûêΓûêΓûêΓûêΓûêΓûêΓûêΓûêΓûêΓûêΓûêΓûêΓûêΓûêΓûê          |  ETA: 0:00:01[39m[K
[34m                   # paths tracked: 159[39m[K
[34m   # non-singular solutions (real): 159 (9)[39m[K
[34m       # singular endpoints (real): 0 (0)[39m[K
[34m          # total solutions (real): 159 (9)[39m[K
[A
[A
[A
[A




[K[A
[K[A
[K[A
[K[A
[32mTracking 252 paths...  77%|ΓûêΓûêΓûêΓûêΓûêΓûêΓûêΓûêΓûêΓûêΓûêΓûêΓûêΓûêΓûêΓûêΓûêΓûêΓûêΓûêΓûêΓûêΓûê      |  ETA: 0:00:00[39m[K
[34m                   # paths tracked: 194[39m[K
[34m   # non-singular solutions (real): 194 (11)[39m[K
[34m       # singular endpoints (real): 0 (0)[39m[K
[34m          # total solutions (real): 194 (11)[39m[K
[A
[A
[A
[A




[K[A
[K[A
[K[A
[K[A
[32mTracking 252 paths...  91%|ΓûêΓûêΓûêΓûêΓûêΓûêΓûêΓûêΓûêΓûêΓûêΓûêΓûêΓûêΓûêΓûêΓûêΓûêΓûêΓûêΓûêΓûêΓûêΓûêΓûêΓûêΓûê  |  ETA: 0:00:00[39m[K
[34m                   # paths tracked: 230[39m[K
[34m   # non-singular solutions (real): 230 (11)[39m[K
[34m       # singular endpoints (real): 0 (0)[39m[K
[34m          # total solutions (real): 230 (11)[39m[K
[A
[A
[A
[A




[K[A
[K[A
[K[A
[K[A
[32mTracking 252 paths... 100%|ΓûêΓûêΓûêΓûêΓûêΓûêΓûêΓûêΓûêΓûêΓûêΓûêΓûêΓûêΓûêΓûêΓûêΓûêΓûêΓûêΓûêΓûêΓûêΓûêΓûêΓûêΓûêΓûêΓûê| Time: 0:00:01[39m[K
[34m                   # paths tracked: 252[39m[K
[34m   # non-singular solutions (real): 252 (12)[39m[K
[34m       # singular endpoints (real): 0 (0)[39m[K
[34m          # total solutions (real): 252 (12)[39m[K

[32mTracking 252 paths...  33%|ΓûêΓûêΓûêΓûêΓûêΓûêΓûêΓûêΓûêΓûê                   |  ETA: 0:00:01[39m[K
[34m                   # paths tracked: 84[39m[K
[34m   # non-singular solutions (real): 84 (4)[39m[K
[34m       # singular endpoints (real): 0 (0)[39m[K
[34m          # total solutions (real): 84 (4)[39m[K
[A
[A
[A
[A




[K[A
[K[A
[K[A
[K[A
[32mTracking 252 paths...  56%|ΓûêΓûêΓûêΓûêΓûêΓûêΓûêΓûêΓûêΓûêΓûêΓûêΓûêΓûêΓûêΓûêΓûê            |  ETA: 0:00:01[39m[K
[34m                   # paths tracked: 140[39m[K
[34m   # non-singular solutions (real): 140 (4)[39m[K
[34m       # singular endpoints (real): 0 (0)[39m[K
[34m          # total solutions (real): 140 (4)[39m[K
[A
[A
[A
[A




[K[A
[K[A
[K[A
[K[A
[32mTracking 252 paths...  71%|ΓûêΓûêΓûêΓûêΓûêΓûêΓûêΓûêΓûêΓûêΓûêΓûêΓûêΓûêΓûêΓûêΓûêΓûêΓûêΓûêΓûê        |  ETA: 0:00:00[39m[K
[34m                   # paths tracked: 180[39m[K
[34m   # non-singular solutions (real): 180 (9)[39m[K
[34m       # singular endpoints (real): 0 (0)[39m[K
[34m          # total solutions (real): 180 (9)[39m[K
[A
[A
[A
[A




[K[A
[K[A
[K[A
[K[A
[32mTracking 252 paths...  88%|ΓûêΓûêΓûêΓûêΓûêΓûêΓûêΓûêΓûêΓûêΓûêΓûêΓûêΓûêΓûêΓûêΓûêΓûêΓûêΓûêΓûêΓûêΓûêΓûêΓûêΓûê   |  ETA: 0:00:00[39m[K
[34m                   # paths tracked: 221[39m[K
[34m   # non-singular solutions (real): 221 (12)[39m[K
[34m       # singular endpoints (real): 0 (0)[39m[K
[34m          # total solutions (real): 221 (12)[39m[K
[A
[A
[A
[A




[K[A
[K[A
[K[A
[K[A
[32mTracking 252 paths... 100%|ΓûêΓûêΓûêΓûêΓûêΓûêΓûêΓûêΓûêΓûêΓûêΓûêΓûêΓûêΓûêΓûêΓûêΓûêΓûêΓûêΓûêΓûêΓûêΓûêΓûêΓûêΓûêΓûêΓûê| Time: 0:00:01[39m[K
[34m                   # paths tracked: 252[39m[K
[34m   # non-singular solutions (real): 252 (12)[39m[K
[34m       # singular endpoints (real): 0 (0)[39m[K
[34m          # total solutions (real): 252 (12)[39m[K

[32mTracking 252 paths...  33%|ΓûêΓûêΓûêΓûêΓûêΓûêΓûêΓûêΓûêΓûê                   |  ETA: 0:00:01[39m[K
[34m                   # paths tracked: 83[39m[K
[34m   # non-singular solutions (real): 83 (5)[39m[K
[34m       # singular endpoints (real): 0 (0)[39m[K
[34m          # total solutions (real): 83 (5)[39m[K
[A
[A
[A
[A




[K[A
[K[A
[K[A
[K[A
[32mTracking 252 paths...  46%|ΓûêΓûêΓûêΓûêΓûêΓûêΓûêΓûêΓûêΓûêΓûêΓûêΓûêΓûê               |  ETA: 0:00:01[39m[K
[34m                   # paths tracked: 117[39m[K
[34m   # non-singular solutions (real): 117 (8)[39m[K
[34m       # singular endpoints (real): 0 (0)[39m[K
[34m          # total solutions (real): 117 (8)[39m[K
[A
[A
[A
[A




[K[A
[K[A
[K[A
[K[A
[32mTracking 252 paths...  60%|ΓûêΓûêΓûêΓûêΓûêΓûêΓûêΓûêΓûêΓûêΓûêΓûêΓûêΓûêΓûêΓûêΓûêΓûê           |  ETA: 0:00:01[39m[K
[34m                   # paths tracked: 150[39m[K
[34m   # non-singular solutions (real): 150 (11)[39m[K
[34m       # singular endpoints (real): 0 (0)[39m[K
[34m          # total solutions (real): 150 (11)[39m[K
[A
[A
[A
[A




[K[A
[K[A
[K[A
[K[A
[32mTracking 252 paths...  73%|ΓûêΓûêΓûêΓûêΓûêΓûêΓûêΓûêΓûêΓûêΓûêΓûêΓûêΓûêΓûêΓûêΓûêΓûêΓûêΓûêΓûêΓûê       |  ETA: 0:00:00[39m[K
[34m                   # paths tracked: 183[39m[K
[34m   # non-singular solutions (real): 183 (12)[39m[K
[34m       # singular endpoints (real): 0 (0)[39m[K
[34m          # total solutions (real): 183 (12)[39m[K
[A
[A
[A
[A




[K[A
[K[A
[K[A
[K[A
[32mTracking 252 paths...  85%|ΓûêΓûêΓûêΓûêΓûêΓûêΓûêΓûêΓûêΓûêΓûêΓûêΓûêΓûêΓûêΓûêΓûêΓûêΓûêΓûêΓûêΓûêΓûêΓûêΓûê    |  ETA: 0:00:00[39m[K
[34m                   # paths tracked: 215[39m[K
[34m   # non-singular solutions (real): 215 (12)[39m[K
[34m       # singular endpoints (real): 0 (0)[39m[K
[34m          # total solutions (real): 215 (12)[39m[K
[A
[A
[A
[A




[K[A
[K[A
[K[A
[K[A
[32mTracking 252 paths...  98%|ΓûêΓûêΓûêΓûêΓûêΓûêΓûêΓûêΓûêΓûêΓûêΓûêΓûêΓûêΓûêΓûêΓûêΓûêΓûêΓûêΓûêΓûêΓûêΓûêΓûêΓûêΓûêΓûêΓûê|  ETA: 0:00:00[39m[K
[34m                   # paths tracked: 246[39m[K
[34m   # non-singular solutions (real): 246 (12)[39m[K
[34m       # singular endpoints (real): 0 (0)[39m[K
[34m          # total solutions (real): 246 (12)[39m[K
[A
[A
[A
[A




[K[A
[K[A
[K[A
[K[A
[32mTracking 252 paths... 100%|ΓûêΓûêΓûêΓûêΓûêΓûêΓûêΓûêΓûêΓûêΓûêΓûêΓûêΓûêΓûêΓûêΓûêΓûêΓûêΓûêΓûêΓûêΓûêΓûêΓûêΓûêΓûêΓûêΓûê| Time: 0:00:01[39m[K
[34m                   # paths tracked: 252[39m[K
[34m   # non-singular solutions (real): 252 (12)[39m[K
[34m       # singular endpoints (real): 0 (0)[39m[K
[34m          # total solutions (real): 252 (12)[39m[K

[32mTracking 252 paths...  29%|ΓûêΓûêΓûêΓûêΓûêΓûêΓûêΓûêΓûê                    |  ETA: 0:00:01[39m[K
[34m                   # paths tracked: 74[39m[K
[34m   # non-singular solutions (real): 74 (2)[39m[K
[34m       # singular endpoints (real): 0 (0)[39m[K
[34m          # total solutions (real): 74 (2)[39m[K
[A
[A
[A
[A




[K[A
[K[A
[K[A
[K[A
[32mTracking 252 paths...  43%|ΓûêΓûêΓûêΓûêΓûêΓûêΓûêΓûêΓûêΓûêΓûêΓûêΓûê                |  ETA: 0:00:01[39m[K
[34m                   # paths tracked: 108[39m[K
[34m   # non-singular solutions (real): 108 (4)[39m[K
[34m       # singular endpoints (real): 0 (0)[39m[K
[34m          # total solutions (real): 108 (4)[39m[K
[A
[A
[A
[A




[K[A
[K[A
[K[A
[K[A
[32mTracking 252 paths...  58%|ΓûêΓûêΓûêΓûêΓûêΓûêΓûêΓûêΓûêΓûêΓûêΓûêΓûêΓûêΓûêΓûêΓûê            |  ETA: 0:00:01[39m[K
[34m                   # paths tracked: 145[39m[K
[34m   # non-singular solutions (real): 145 (5)[39m[K
[34m       # singular endpoints (real): 0 (0)[39m[K
[34m          # total solutions (real): 145 (5)[39m[K
[A
[A
[A
[A




[K[A
[K[A
[K[A
[K[A
[32mTracking 252 paths...  72%|ΓûêΓûêΓûêΓûêΓûêΓûêΓûêΓûêΓûêΓûêΓûêΓûêΓûêΓûêΓûêΓûêΓûêΓûêΓûêΓûêΓûê        |  ETA: 0:00:00[39m[K
[34m                   # paths tracked: 182[39m[K
[34m   # non-singular solutions (real): 182 (7)[39m[K
[34m       # singular endpoints (real): 0 (0)[39m[K
[34m          # total solutions (real): 182 (7)[39m[K
[A
[A
[A
[A




[K[A
[K[A
[K[A
[K[A
[32mTracking 252 paths...  84%|ΓûêΓûêΓûêΓûêΓûêΓûêΓûêΓûêΓûêΓûêΓûêΓûêΓûêΓûêΓûêΓûêΓûêΓûêΓûêΓûêΓûêΓûêΓûêΓûêΓûê    |  ETA: 0:00:00[39m[K
[34m                   # paths tracked: 211[39m[K
[34m   # non-singular solutions (real): 211 (9)[39m[K
[34m       # singular endpoints (real): 0 (0)[39m[K
[34m          # total solutions (real): 211 (9)[39m[K
[A
[A
[A
[A




[K[A
[K[A
[K[A
[K[A
[32mTracking 252 paths...  96%|ΓûêΓûêΓûêΓûêΓûêΓûêΓûêΓûêΓûêΓûêΓûêΓûêΓûêΓûêΓûêΓûêΓûêΓûêΓûêΓûêΓûêΓûêΓûêΓûêΓûêΓûêΓûêΓûê |  ETA: 0:00:00[39m[K
[34m                   # paths tracked: 243[39m[K
[34m   # non-singular solutions (real): 243 (11)[39m[K
[34m       # singular endpoints (real): 0 (0)[39m[K
[34m          # total solutions (real): 243 (11)[39m[K
[A
[A
[A
[A




[K[A
[K[A
[K[A
[K[A
[32mTracking 252 paths... 100%|ΓûêΓûêΓûêΓûêΓûêΓûêΓûêΓûêΓûêΓûêΓûêΓûêΓûêΓûêΓûêΓûêΓûêΓûêΓûêΓûêΓûêΓûêΓûêΓûêΓûêΓûêΓûêΓûêΓûê| Time: 0:00:01[39m[K
[34m                   # paths tracked: 252[39m[K
[34m   # non-singular solutions (real): 252 (12)[39m[K
[34m       # singular endpoints (real): 0 (0)[39m[K
[34m          # total solutions (real): 252 (12)[39m[K

[32mTracking 252 paths...  39%|ΓûêΓûêΓûêΓûêΓûêΓûêΓûêΓûêΓûêΓûêΓûêΓûê                 |  ETA: 0:00:01[39m[K
[34m                   # paths tracked: 99[39m[K
[34m   # non-singular solutions (real): 99 (3)[39m[K
[34m       # singular endpoints (real): 0 (0)[39m[K
[34m          # total solutions (real): 99 (3)[39m[K
[A
[A
[A
[A




[K[A
[K[A
[K[A
[K[A
[32mTracking 252 paths...  54%|ΓûêΓûêΓûêΓûêΓûêΓûêΓûêΓûêΓûêΓûêΓûêΓûêΓûêΓûêΓûêΓûê             |  ETA: 0:00:01[39m[K
[34m                   # paths tracked: 137[39m[K
[34m   # non-singular solutions (real): 137 (6)[39m[K
[34m       # singular endpoints (real): 0 (0)[39m[K
[34m          # total solutions (real): 137 (6)[39m[K
[A
[A
[A
[A




[K[A
[K[A
[K[A
[K[A
[32mTracking 252 paths...  69%|ΓûêΓûêΓûêΓûêΓûêΓûêΓûêΓûêΓûêΓûêΓûêΓûêΓûêΓûêΓûêΓûêΓûêΓûêΓûêΓûêΓûê        |  ETA: 0:00:00[39m[K
[34m                   # paths tracked: 175[39m[K
[34m   # non-singular solutions (real): 175 (8)[39m[K
[34m       # singular endpoints (real): 0 (0)[39m[K
[34m          # total solutions (real): 175 (8)[39m[K
[A
[A
[A
[A




[K[A
[K[A
[K[A
[K[A
[32mTracking 252 paths...  85%|ΓûêΓûêΓûêΓûêΓûêΓûêΓûêΓûêΓûêΓûêΓûêΓûêΓûêΓûêΓûêΓûêΓûêΓûêΓûêΓûêΓûêΓûêΓûêΓûêΓûê    |  ETA: 0:00:00[39m[K
[34m                   # paths tracked: 213[39m[K
[34m   # non-singular solutions (real): 213 (11)[39m[K
[34m       # singular endpoints (real): 0 (0)[39m[K
[34m          # total solutions (real): 213 (11)[39m[K
[A
[A
[A
[A




[K[A
[K[A
[K[A
[K[A
[32mTracking 252 paths... 100%|ΓûêΓûêΓûêΓûêΓûêΓûêΓûêΓûêΓûêΓûêΓûêΓûêΓûêΓûêΓûêΓûêΓûêΓûêΓûêΓûêΓûêΓûêΓûêΓûêΓûêΓûêΓûêΓûêΓûê| Time: 0:00:01[39m[K
[34m                   # paths tracked: 252[39m[K
[34m   # non-singular solutions (real): 252 (12)[39m[K
[34m       # singular endpoints (real): 0 (0)[39m[K
[34m          # total solutions (real): 252 (12)[39m[K

[32mTracking 252 paths...  38%|ΓûêΓûêΓûêΓûêΓûêΓûêΓûêΓûêΓûêΓûêΓûêΓûê                 |  ETA: 0:00:01[39m[K
[34m                   # paths tracked: 97[39m[K
[34m   # non-singular solutions (real): 97 (5)[39m[K
[34m       # singular endpoints (real): 0 (0)[39m[K
[34m          # total solutions (real): 97 (5)[39m[K
[A
[A
[A
[A




[K[A
[K[A
[K[A
[K[A
[32mTracking 252 paths...  52%|ΓûêΓûêΓûêΓûêΓûêΓûêΓûêΓûêΓûêΓûêΓûêΓûêΓûêΓûêΓûêΓûê             |  ETA: 0:00:01[39m[K
[34m                   # paths tracked: 132[39m[K
[34m   # non-singular solutions (real): 132 (5)[39m[K
[34m       # singular endpoints (real): 0 (0)[39m[K
[34m          # total solutions (real): 132 (5)[39m[K
[A
[A
[A
[A




[K[A
[K[A
[K[A
[K[A
[32mTracking 252 paths...  66%|ΓûêΓûêΓûêΓûêΓûêΓûêΓûêΓûêΓûêΓûêΓûêΓûêΓûêΓûêΓûêΓûêΓûêΓûêΓûêΓûê         |  ETA: 0:00:00[39m[K
[34m                   # paths tracked: 167[39m[K
[34m   # non-singular solutions (real): 167 (6)[39m[K
[34m       # singular endpoints (real): 0 (0)[39m[K
[34m          # total solutions (real): 167 (6)[39m[K
[A
[A
[A
[A




[K[A
[K[A
[K[A
[K[A
[32mTracking 252 paths...  81%|ΓûêΓûêΓûêΓûêΓûêΓûêΓûêΓûêΓûêΓûêΓûêΓûêΓûêΓûêΓûêΓûêΓûêΓûêΓûêΓûêΓûêΓûêΓûêΓûê     |  ETA: 0:00:00[39m[K
[34m                   # paths tracked: 203[39m[K
[34m   # non-singular solutions (real): 203 (6)[39m[K
[34m       # singular endpoints (real): 0 (0)[39m[K
[34m          # total solutions (real): 203 (6)[39m[K
[A
[A
[A
[A




[K[A
[K[A
[K[A
[K[A
[32mTracking 252 paths...  96%|ΓûêΓûêΓûêΓûêΓûêΓûêΓûêΓûêΓûêΓûêΓûêΓûêΓûêΓûêΓûêΓûêΓûêΓûêΓûêΓûêΓûêΓûêΓûêΓûêΓûêΓûêΓûêΓûê |  ETA: 0:00:00[39m[K
[34m                   # paths tracked: 243[39m[K
[34m   # non-singular solutions (real): 243 (9)[39m[K
[34m       # singular endpoints (real): 0 (0)[39m[K
[34m          # total solutions (real): 243 (9)[39m[K
[A
[A
[A
[A




[K[A
[K[A
[K[A
[K[A
[32mTracking 252 paths... 100%|ΓûêΓûêΓûêΓûêΓûêΓûêΓûêΓûêΓûêΓûêΓûêΓûêΓûêΓûêΓûêΓûêΓûêΓûêΓûêΓûêΓûêΓûêΓûêΓûêΓûêΓûêΓûêΓûêΓûê| Time: 0:00:01[39m[K
[34m                   # paths tracked: 252[39m[K
[34m   # non-singular solutions (real): 252 (12)[39m[K
[34m       # singular endpoints (real): 0 (0)[39m[K
[34m          # total solutions (real): 252 (12)[39m[K

[32mTracking 252 paths...  37%|ΓûêΓûêΓûêΓûêΓûêΓûêΓûêΓûêΓûêΓûêΓûê                  |  ETA: 0:00:01[39m[K
[34m                   # paths tracked: 94[39m[K
[34m   # non-singular solutions (real): 94 (7)[39m[K
[34m       # singular endpoints (real): 0 (0)[39m[K
[34m          # total solutions (real): 94 (7)[39m[K
[A
[A
[A
[A




[K[A
[K[A
[K[A
[K[A
[32mTracking 252 paths...  52%|ΓûêΓûêΓûêΓûêΓûêΓûêΓûêΓûêΓûêΓûêΓûêΓûêΓûêΓûêΓûê              |  ETA: 0:00:01[39m[K
[34m                   # paths tracked: 130[39m[K
[34m   # non-singular solutions (real): 130 (7)[39m[K
[34m       # singular endpoints (real): 0 (0)[39m[K
[34m          # total solutions (real): 130 (7)[39m[K
[A
[A
[A
[A




[K[A
[K[A
[K[A
[K[A
[32mTracking 252 paths...  65%|ΓûêΓûêΓûêΓûêΓûêΓûêΓûêΓûêΓûêΓûêΓûêΓûêΓûêΓûêΓûêΓûêΓûêΓûêΓûê          |  ETA: 0:00:00[39m[K
[34m                   # paths tracked: 165[39m[K
[34m   # non-singular solutions (real): 165 (11)[39m[K
[34m       # singular endpoints (real): 0 (0)[39m[K
[34m          # total solutions (real): 165 (11)[39m[K
[A
[A
[A
[A




[K[A
[K[A
[K[A
[K[A
[32mTracking 252 paths...  79%|ΓûêΓûêΓûêΓûêΓûêΓûêΓûêΓûêΓûêΓûêΓûêΓûêΓûêΓûêΓûêΓûêΓûêΓûêΓûêΓûêΓûêΓûêΓûêΓûê     |  ETA: 0:00:00[39m[K
[34m                   # paths tracked: 200[39m[K
[34m   # non-singular solutions (real): 200 (11)[39m[K
[34m       # singular endpoints (real): 0 (0)[39m[K
[34m          # total solutions (real): 200 (11)[39m[K
[A
[A
[A
[A




[K[A
[K[A
[K[A
[K[A
[32mTracking 252 paths...  90%|ΓûêΓûêΓûêΓûêΓûêΓûêΓûêΓûêΓûêΓûêΓûêΓûêΓûêΓûêΓûêΓûêΓûêΓûêΓûêΓûêΓûêΓûêΓûêΓûêΓûêΓûêΓûê  |  ETA: 0:00:00[39m[K
[34m                   # paths tracked: 228[39m[K
[34m   # non-singular solutions (real): 228 (12)[39m[K
[34m       # singular endpoints (real): 0 (0)[39m[K
[34m          # total solutions (real): 228 (12)[39m[K
[A
[A
[A
[A




[K[A
[K[A
[K[A
[K[A
[32mTracking 252 paths... 100%|ΓûêΓûêΓûêΓûêΓûêΓûêΓûêΓûêΓûêΓûêΓûêΓûêΓûêΓûêΓûêΓûêΓûêΓûêΓûêΓûêΓûêΓûêΓûêΓûêΓûêΓûêΓûêΓûêΓûê| Time: 0:00:01[39m[K
[34m                   # paths tracked: 252[39m[K
[34m   # non-singular solutions (real): 252 (12)[39m[K
[34m       # singular endpoints (real): 0 (0)[39m[K
[34m          # total solutions (real): 252 (12)[39m[K

[32mTracking 252 paths...  37%|ΓûêΓûêΓûêΓûêΓûêΓûêΓûêΓûêΓûêΓûêΓûê                  |  ETA: 0:00:01[39m[K
[34m                   # paths tracked: 92[39m[K
[34m   # non-singular solutions (real): 92 (6)[39m[K
[34m       # singular endpoints (real): 0 (0)[39m[K
[34m          # total solutions (real): 92 (6)[39m[K
[A
[A
[A
[A




[K[A
[K[A
[K[A
[K[A
[32mTracking 252 paths...  52%|ΓûêΓûêΓûêΓûêΓûêΓûêΓûêΓûêΓûêΓûêΓûêΓûêΓûêΓûêΓûê              |  ETA: 0:00:01[39m[K
[34m                   # paths tracked: 130[39m[K
[34m   # non-singular solutions (real): 130 (7)[39m[K
[34m       # singular endpoints (real): 0 (0)[39m[K
[34m          # total solutions (real): 130 (7)[39m[K
[A
[A
[A
[A




[K[A
[K[A
[K[A
[K[A
[32mTracking 252 paths...  66%|ΓûêΓûêΓûêΓûêΓûêΓûêΓûêΓûêΓûêΓûêΓûêΓûêΓûêΓûêΓûêΓûêΓûêΓûêΓûêΓûê         |  ETA: 0:00:00[39m[K
[34m                   # paths tracked: 167[39m[K
[34m   # non-singular solutions (real): 167 (9)[39m[K
[34m       # singular endpoints (real): 0 (0)[39m[K
[34m          # total solutions (real): 167 (9)[39m[K
[A
[A
[A
[A




[K[A
[K[A
[K[A
[K[A
[32mTracking 252 paths...  81%|ΓûêΓûêΓûêΓûêΓûêΓûêΓûêΓûêΓûêΓûêΓûêΓûêΓûêΓûêΓûêΓûêΓûêΓûêΓûêΓûêΓûêΓûêΓûêΓûê     |  ETA: 0:00:00[39m[K
[34m                   # paths tracked: 204[39m[K
[34m   # non-singular solutions (real): 204 (10)[39m[K
[34m       # singular endpoints (real): 0 (0)[39m[K
[34m          # total solutions (real): 204 (10)[39m[K
[A
[A
[A
[A




[K[A
[K[A
[K[A
[K[A
[32mTracking 252 paths...  95%|ΓûêΓûêΓûêΓûêΓûêΓûêΓûêΓûêΓûêΓûêΓûêΓûêΓûêΓûêΓûêΓûêΓûêΓûêΓûêΓûêΓûêΓûêΓûêΓûêΓûêΓûêΓûêΓûê |  ETA: 0:00:00[39m[K
[34m                   # paths tracked: 240[39m[K
[34m   # non-singular solutions (real): 240 (12)[39m[K
[34m       # singular endpoints (real): 0 (0)[39m[K
[34m          # total solutions (real): 240 (12)[39m[K
[A
[A
[A
[A




[K[A
[K[A
[K[A
[K[A
[32mTracking 252 paths... 100%|ΓûêΓûêΓûêΓûêΓûêΓûêΓûêΓûêΓûêΓûêΓûêΓûêΓûêΓûêΓûêΓûêΓûêΓûêΓûêΓûêΓûêΓûêΓûêΓûêΓûêΓûêΓûêΓûêΓûê| Time: 0:00:01[39m[K
[34m                   # paths tracked: 252[39m[K
[34m   # non-singular solutions (real): 252 (12)[39m[K
[34m       # singular endpoints (real): 0 (0)[39m[K
[34m          # total solutions (real): 252 (12)[39m[K

[32mTracking 252 paths...  35%|ΓûêΓûêΓûêΓûêΓûêΓûêΓûêΓûêΓûêΓûêΓûê                  |  ETA: 0:00:01[39m[K
[34m                   # paths tracked: 89[39m[K
[34m   # non-singular solutions (real): 89 (6)[39m[K
[34m       # singular endpoints (real): 0 (0)[39m[K
[34m          # total solutions (real): 89 (6)[39m[K
[A
[A
[A
[A




[K[A
[K[A
[K[A
[K[A
[32mTracking 252 paths...  51%|ΓûêΓûêΓûêΓûêΓûêΓûêΓûêΓûêΓûêΓûêΓûêΓûêΓûêΓûêΓûê              |  ETA: 0:00:01[39m[K
[34m                   # paths tracked: 128[39m[K
[34m   # non-singular solutions (real): 128 (7)[39m[K
[34m       # singular endpoints (real): 0 (0)[39m[K
[34m          # total solutions (real): 128 (7)[39m[K
[A
[A
[A
[A




[K[A
[K[A
[K[A
[K[A
[32mTracking 252 paths...  66%|ΓûêΓûêΓûêΓûêΓûêΓûêΓûêΓûêΓûêΓûêΓûêΓûêΓûêΓûêΓûêΓûêΓûêΓûêΓûêΓûê         |  ETA: 0:00:00[39m[K
[34m                   # paths tracked: 166[39m[K
[34m   # non-singular solutions (real): 166 (7)[39m[K
[34m       # singular endpoints (real): 0 (0)[39m[K
[34m          # total solutions (real): 166 (7)[39m[K
[A
[A
[A
[A




[K[A
[K[A
[K[A
[K[A
[32mTracking 252 paths...  79%|ΓûêΓûêΓûêΓûêΓûêΓûêΓûêΓûêΓûêΓûêΓûêΓûêΓûêΓûêΓûêΓûêΓûêΓûêΓûêΓûêΓûêΓûêΓûê      |  ETA: 0:00:00[39m[K
[34m                   # paths tracked: 199[39m[K
[34m   # non-singular solutions (real): 199 (8)[39m[K
[34m       # singular endpoints (real): 0 (0)[39m[K
[34m          # total solutions (real): 199 (8)[39m[K
[A
[A
[A
[A




[K[A
[K[A
[K[A
[K[A
[32mTracking 252 paths...  94%|ΓûêΓûêΓûêΓûêΓûêΓûêΓûêΓûêΓûêΓûêΓûêΓûêΓûêΓûêΓûêΓûêΓûêΓûêΓûêΓûêΓûêΓûêΓûêΓûêΓûêΓûêΓûêΓûê |  ETA: 0:00:00[39m[K
[34m                   # paths tracked: 238[39m[K
[34m   # non-singular solutions (real): 238 (12)[39m[K
[34m       # singular endpoints (real): 0 (0)[39m[K
[34m          # total solutions (real): 238 (12)[39m[K
[A
[A
[A
[A




[K[A
[K[A
[K[A
[K[A
[32mTracking 252 paths... 100%|ΓûêΓûêΓûêΓûêΓûêΓûêΓûêΓûêΓûêΓûêΓûêΓûêΓûêΓûêΓûêΓûêΓûêΓûêΓûêΓûêΓûêΓûêΓûêΓûêΓûêΓûêΓûêΓûêΓûê| Time: 0:00:01[39m[K
[34m                   # paths tracked: 252[39m[K
[34m   # non-singular solutions (real): 252 (12)[39m[K
[34m       # singular endpoints (real): 0 (0)[39m[K
[34m          # total solutions (real): 252 (12)[39m[K

[32mTracking 252 paths...  32%|ΓûêΓûêΓûêΓûêΓûêΓûêΓûêΓûêΓûêΓûê                   |  ETA: 0:00:01[39m[K
[34m                   # paths tracked: 81[39m[K
[34m   # non-singular solutions (real): 81 (5)[39m[K
[34m       # singular endpoints (real): 0 (0)[39m[K
[34m          # total solutions (real): 81 (5)[39m[K
[A
[A
[A
[A




[K[A
[K[A
[K[A
[K[A
[32mTracking 252 paths...  46%|ΓûêΓûêΓûêΓûêΓûêΓûêΓûêΓûêΓûêΓûêΓûêΓûêΓûêΓûê               |  ETA: 0:00:01[39m[K
[34m                   # paths tracked: 117[39m[K
[34m   # non-singular solutions (real): 117 (8)[39m[K
[34m       # singular endpoints (real): 0 (0)[39m[K
[34m          # total solutions (real): 117 (8)[39m[K
[A
[A
[A
[A




[K[A
[K[A
[K[A
[K[A
[32mTracking 252 paths...  62%|ΓûêΓûêΓûêΓûêΓûêΓûêΓûêΓûêΓûêΓûêΓûêΓûêΓûêΓûêΓûêΓûêΓûêΓûê           |  ETA: 0:00:01[39m[K
[34m                   # paths tracked: 155[39m[K
[34m   # non-singular solutions (real): 155 (9)[39m[K
[34m       # singular endpoints (real): 0 (0)[39m[K
[34m          # total solutions (real): 155 (9)[39m[K
[A
[A
[A
[A




[K[A
[K[A
[K[A
[K[A
[32mTracking 252 paths...  75%|ΓûêΓûêΓûêΓûêΓûêΓûêΓûêΓûêΓûêΓûêΓûêΓûêΓûêΓûêΓûêΓûêΓûêΓûêΓûêΓûêΓûêΓûê       |  ETA: 0:00:00[39m[K
[34m                   # paths tracked: 188[39m[K
[34m   # non-singular solutions (real): 188 (10)[39m[K
[34m       # singular endpoints (real): 0 (0)[39m[K
[34m          # total solutions (real): 188 (10)[39m[K
[A
[A
[A
[A




[K[A
[K[A
[K[A
[K[A
[32mTracking 252 paths...  88%|ΓûêΓûêΓûêΓûêΓûêΓûêΓûêΓûêΓûêΓûêΓûêΓûêΓûêΓûêΓûêΓûêΓûêΓûêΓûêΓûêΓûêΓûêΓûêΓûêΓûêΓûê   |  ETA: 0:00:00[39m[K
[34m                   # paths tracked: 223[39m[K
[34m   # non-singular solutions (real): 223 (11)[39m[K
[34m       # singular endpoints (real): 0 (0)[39m[K
[34m          # total solutions (real): 223 (11)[39m[K
[A
[A
[A
[A




[K[A
[K[A
[K[A
[K[A
[32mTracking 252 paths... 100%|ΓûêΓûêΓûêΓûêΓûêΓûêΓûêΓûêΓûêΓûêΓûêΓûêΓûêΓûêΓûêΓûêΓûêΓûêΓûêΓûêΓûêΓûêΓûêΓûêΓûêΓûêΓûêΓûêΓûê| Time: 0:00:01[39m[K
[34m                   # paths tracked: 252[39m[K
[34m   # non-singular solutions (real): 252 (12)[39m[K
[34m       # singular endpoints (real): 0 (0)[39m[K
[34m          # total solutions (real): 252 (12)[39m[K

[32mTracking 252 paths...  37%|ΓûêΓûêΓûêΓûêΓûêΓûêΓûêΓûêΓûêΓûêΓûê                  |  ETA: 0:00:01[39m[K
[34m                   # paths tracked: 93[39m[K
[34m   # non-singular solutions (real): 93 (2)[39m[K
[34m       # singular endpoints (real): 0 (0)[39m[K
[34m          # total solutions (real): 93 (2)[39m[K
[A
[A
[A
[A




[K[A
[K[A
[K[A
[K[A
[32mTracking 252 paths...  51%|ΓûêΓûêΓûêΓûêΓûêΓûêΓûêΓûêΓûêΓûêΓûêΓûêΓûêΓûêΓûê              |  ETA: 0:00:01[39m[K
[34m                   # paths tracked: 128[39m[K
[34m   # non-singular solutions (real): 128 (2)[39m[K
[34m       # singular endpoints (real): 0 (0)[39m[K
[34m          # total solutions (real): 128 (2)[39m[K
[A
[A
[A
[A




[K[A
[K[A
[K[A
[K[A
[32mTracking 252 paths...  66%|ΓûêΓûêΓûêΓûêΓûêΓûêΓûêΓûêΓûêΓûêΓûêΓûêΓûêΓûêΓûêΓûêΓûêΓûêΓûêΓûê         |  ETA: 0:00:00[39m[K
[34m                   # paths tracked: 167[39m[K
[34m   # non-singular solutions (real): 167 (6)[39m[K
[34m       # singular endpoints (real): 0 (0)[39m[K
[34m          # total solutions (real): 167 (6)[39m[K
[A
[A
[A
[A




[K[A
[K[A
[K[A
[K[A
[32mTracking 252 paths...  81%|ΓûêΓûêΓûêΓûêΓûêΓûêΓûêΓûêΓûêΓûêΓûêΓûêΓûêΓûêΓûêΓûêΓûêΓûêΓûêΓûêΓûêΓûêΓûêΓûê     |  ETA: 0:00:00[39m[K
[34m                   # paths tracked: 203[39m[K
[34m   # non-singular solutions (real): 203 (8)[39m[K
[34m       # singular endpoints (real): 0 (0)[39m[K
[34m          # total solutions (real): 203 (8)[39m[K
[A
[A
[A
[A




[K[A
[K[A
[K[A
[K[A
[32mTracking 252 paths...  95%|ΓûêΓûêΓûêΓûêΓûêΓûêΓûêΓûêΓûêΓûêΓûêΓûêΓûêΓûêΓûêΓûêΓûêΓûêΓûêΓûêΓûêΓûêΓûêΓûêΓûêΓûêΓûêΓûê |  ETA: 0:00:00[39m[K
[34m                   # paths tracked: 240[39m[K
[34m   # non-singular solutions (real): 240 (12)[39m[K
[34m       # singular endpoints (real): 0 (0)[39m[K
[34m          # total solutions (real): 240 (12)[39m[K
[A
[A
[A
[A




[K[A
[K[A
[K[A
[K[A
[32mTracking 252 paths... 100%|ΓûêΓûêΓûêΓûêΓûêΓûêΓûêΓûêΓûêΓûêΓûêΓûêΓûêΓûêΓûêΓûêΓûêΓûêΓûêΓûêΓûêΓûêΓûêΓûêΓûêΓûêΓûêΓûêΓûê| Time: 0:00:01[39m[K
[34m                   # paths tracked: 252[39m[K
[34m   # non-singular solutions (real): 252 (12)[39m[K
[34m       # singular endpoints (real): 0 (0)[39m[K
[34m          # total solutions (real): 252 (12)[39m[K

[32mTracking 252 paths...  35%|ΓûêΓûêΓûêΓûêΓûêΓûêΓûêΓûêΓûêΓûêΓûê                  |  ETA: 0:00:01[39m[K
[34m                   # paths tracked: 89[39m[K
[34m   # non-singular solutions (real): 89 (3)[39m[K
[34m       # singular endpoints (real): 0 (0)[39m[K
[34m          # total solutions (real): 89 (3)[39m[K
[A
[A
[A
[A




[K[A
[K[A
[K[A
[K[A
[32mTracking 252 paths...  51%|ΓûêΓûêΓûêΓûêΓûêΓûêΓûêΓûêΓûêΓûêΓûêΓûêΓûêΓûêΓûê              |  ETA: 0:00:01[39m[K
[34m                   # paths tracked: 128[39m[K
[34m   # non-singular solutions (real): 128 (6)[39m[K
[34m       # singular endpoints (real): 0 (0)[39m[K
[34m          # total solutions (real): 128 (6)[39m[K
[A
[A
[A
[A




[K[A
[K[A
[K[A
[K[A
[32mTracking 252 paths...  67%|ΓûêΓûêΓûêΓûêΓûêΓûêΓûêΓûêΓûêΓûêΓûêΓûêΓûêΓûêΓûêΓûêΓûêΓûêΓûêΓûê         |  ETA: 0:00:00[39m[K
[34m                   # paths tracked: 169[39m[K
[34m   # non-singular solutions (real): 169 (6)[39m[K
[34m       # singular endpoints (real): 0 (0)[39m[K
[34m          # total solutions (real): 169 (6)[39m[K
[A
[A
[A
[A




[K[A
[K[A
[K[A
[K[A
[32mTracking 252 paths...  83%|ΓûêΓûêΓûêΓûêΓûêΓûêΓûêΓûêΓûêΓûêΓûêΓûêΓûêΓûêΓûêΓûêΓûêΓûêΓûêΓûêΓûêΓûêΓûêΓûêΓûê    |  ETA: 0:00:00[39m[K
[34m                   # paths tracked: 210[39m[K
[34m   # non-singular solutions (real): 210 (9)[39m[K
[34m       # singular endpoints (real): 0 (0)[39m[K
[34m          # total solutions (real): 210 (9)[39m[K
[A
[A
[A
[A




[K[A
[K[A
[K[A
[K[A
[32mTracking 252 paths...  99%|ΓûêΓûêΓûêΓûêΓûêΓûêΓûêΓûêΓûêΓûêΓûêΓûêΓûêΓûêΓûêΓûêΓûêΓûêΓûêΓûêΓûêΓûêΓûêΓûêΓûêΓûêΓûêΓûêΓûê|  ETA: 0:00:00[39m[K
[34m                   # paths tracked: 251[39m[K
[34m   # non-singular solutions (real): 251 (12)[39m[K
[34m       # singular endpoints (real): 0 (0)[39m[K
[34m          # total solutions (real): 251 (12)[39m[K
[A
[A
[A
[A




[K[A
[K[A
[K[A
[K[A
[32mTracking 252 paths... 100%|ΓûêΓûêΓûêΓûêΓûêΓûêΓûêΓûêΓûêΓûêΓûêΓûêΓûêΓûêΓûêΓûêΓûêΓûêΓûêΓûêΓûêΓûêΓûêΓûêΓûêΓûêΓûêΓûêΓûê| Time: 0:00:01[39m[K
[34m                   # paths tracked: 252[39m[K
[34m   # non-singular solutions (real): 252 (12)[39m[K
[34m       # singular endpoints (real): 0 (0)[39m[K
[34m          # total solutions (real): 252 (12)[39m[K

[32mTracking 252 paths...  41%|ΓûêΓûêΓûêΓûêΓûêΓûêΓûêΓûêΓûêΓûêΓûêΓûê                 |  ETA: 0:00:01[39m[K
[34m                   # paths tracked: 104[39m[K
[34m   # non-singular solutions (real): 104 (4)[39m[K
[34m       # singular endpoints (real): 0 (0)[39m[K
[34m          # total solutions (real): 104 (4)[39m[K
[A
[A
[A
[A




[K[A
[K[A
[K[A
[K[A
[32mTracking 252 paths...  57%|ΓûêΓûêΓûêΓûêΓûêΓûêΓûêΓûêΓûêΓûêΓûêΓûêΓûêΓûêΓûêΓûêΓûê            |  ETA: 0:00:01[39m[K
[34m                   # paths tracked: 144[39m[K
[34m   # non-singular solutions (real): 144 (5)[39m[K
[34m       # singular endpoints (real): 0 (0)[39m[K
[34m          # total solutions (real): 144 (5)[39m[K
[A
[A
[A
[A




[K[A
[K[A
[K[A
[K[A
[32mTracking 252 paths...  73%|ΓûêΓûêΓûêΓûêΓûêΓûêΓûêΓûêΓûêΓûêΓûêΓûêΓûêΓûêΓûêΓûêΓûêΓûêΓûêΓûêΓûêΓûê       |  ETA: 0:00:00[39m[K
[34m                   # paths tracked: 185[39m[K
[34m   # non-singular solutions (real): 185 (8)[39m[K
[34m       # singular endpoints (real): 0 (0)[39m[K
[34m          # total solutions (real): 185 (8)[39m[K
[A
[A
[A
[A




[K[A
[K[A
[K[A
[K[A
[32mTracking 252 paths...  89%|ΓûêΓûêΓûêΓûêΓûêΓûêΓûêΓûêΓûêΓûêΓûêΓûêΓûêΓûêΓûêΓûêΓûêΓûêΓûêΓûêΓûêΓûêΓûêΓûêΓûêΓûê   |  ETA: 0:00:00[39m[K
[34m                   # paths tracked: 225[39m[K
[34m   # non-singular solutions (real): 225 (9)[39m[K
[34m       # singular endpoints (real): 0 (0)[39m[K
[34m          # total solutions (real): 225 (9)[39m[K
[A
[A
[A
[A




[K[A
[K[A
[K[A
[K[A
[32mTracking 252 paths... 100%|ΓûêΓûêΓûêΓûêΓûêΓûêΓûêΓûêΓûêΓûêΓûêΓûêΓûêΓûêΓûêΓûêΓûêΓûêΓûêΓûêΓûêΓûêΓûêΓûêΓûêΓûêΓûêΓûêΓûê| Time: 0:00:01[39m[K
[34m                   # paths tracked: 252[39m[K
[34m   # non-singular solutions (real): 252 (12)[39m[K
[34m       # singular endpoints (real): 0 (0)[39m[K
[34m          # total solutions (real): 252 (12)[39m[K

[32mTracking 252 paths...  33%|ΓûêΓûêΓûêΓûêΓûêΓûêΓûêΓûêΓûêΓûê                   |  ETA: 0:00:01[39m[K
[34m                   # paths tracked: 83[39m[K
[34m   # non-singular solutions (real): 83 (3)[39m[K
[34m       # singular endpoints (real): 0 (0)[39m[K
[34m          # total solutions (real): 83 (3)[39m[K
[A
[A
[A
[A




[K[A
[K[A
[K[A
[K[A
[32mTracking 252 paths...  53%|ΓûêΓûêΓûêΓûêΓûêΓûêΓûêΓûêΓûêΓûêΓûêΓûêΓûêΓûêΓûêΓûê             |  ETA: 0:00:01[39m[K
[34m                   # paths tracked: 134[39m[K
[34m   # non-singular solutions (real): 134 (5)[39m[K
[34m       # singular endpoints (real): 0 (0)[39m[K
[34m          # total solutions (real): 134 (5)[39m[K
[A
[A
[A
[A




[K[A
[K[A
[K[A
[K[A
[32mTracking 252 paths...  68%|ΓûêΓûêΓûêΓûêΓûêΓûêΓûêΓûêΓûêΓûêΓûêΓûêΓûêΓûêΓûêΓûêΓûêΓûêΓûêΓûê         |  ETA: 0:00:01[39m[K
[34m                   # paths tracked: 172[39m[K
[34m   # non-singular solutions (real): 172 (10)[39m[K
[34m       # singular endpoints (real): 0 (0)[39m[K
[34m          # total solutions (real): 172 (10)[39m[K
[A
[A
[A
[A




[K[A
[K[A
[K[A
[K[A
[32mTracking 252 paths...  83%|ΓûêΓûêΓûêΓûêΓûêΓûêΓûêΓûêΓûêΓûêΓûêΓûêΓûêΓûêΓûêΓûêΓûêΓûêΓûêΓûêΓûêΓûêΓûêΓûêΓûê    |  ETA: 0:00:00[39m[K
[34m                   # paths tracked: 210[39m[K
[34m   # non-singular solutions (real): 210 (11)[39m[K
[34m       # singular endpoints (real): 0 (0)[39m[K
[34m          # total solutions (real): 210 (11)[39m[K
[A
[A
[A
[A




[K[A
[K[A
[K[A
[K[A
[32mTracking 252 paths...  99%|ΓûêΓûêΓûêΓûêΓûêΓûêΓûêΓûêΓûêΓûêΓûêΓûêΓûêΓûêΓûêΓûêΓûêΓûêΓûêΓûêΓûêΓûêΓûêΓûêΓûêΓûêΓûêΓûêΓûê|  ETA: 0:00:00[39m[K
[34m                   # paths tracked: 251[39m[K
[34m   # non-singular solutions (real): 251 (12)[39m[K
[34m       # singular endpoints (real): 0 (0)[39m[K
[34m          # total solutions (real): 251 (12)[39m[K
[A
[A
[A
[A




[K[A
[K[A
[K[A
[K[A
[32mTracking 252 paths... 100%|ΓûêΓûêΓûêΓûêΓûêΓûêΓûêΓûêΓûêΓûêΓûêΓûêΓûêΓûêΓûêΓûêΓûêΓûêΓûêΓûêΓûêΓûêΓûêΓûêΓûêΓûêΓûêΓûêΓûê| Time: 0:00:01[39m[K
[34m                   # paths tracked: 252[39m[K
[34m   # non-singular solutions (real): 252 (12)[39m[K
[34m       # singular endpoints (real): 0 (0)[39m[K
[34m          # total solutions (real): 252 (12)[39m[K

[32mTracking 252 paths...  31%|ΓûêΓûêΓûêΓûêΓûêΓûêΓûêΓûêΓûêΓûê                   |  ETA: 0:00:01[39m[K
[34m                   # paths tracked: 79[39m[K
[34m   # non-singular solutions (real): 79 (4)[39m[K
[34m       # singular endpoints (real): 0 (0)[39m[K
[34m          # total solutions (real): 79 (4)[39m[K
[A
[A
[A
[A




[K[A
[K[A
[K[A
[K[A
[32mTracking 252 paths...  46%|ΓûêΓûêΓûêΓûêΓûêΓûêΓûêΓûêΓûêΓûêΓûêΓûêΓûêΓûê               |  ETA: 0:00:01[39m[K
[34m                   # paths tracked: 117[39m[K
[34m   # non-singular solutions (real): 117 (6)[39m[K
[34m       # singular endpoints (real): 0 (0)[39m[K
[34m          # total solutions (real): 117 (6)[39m[K
[A
[A
[A
[A




[K[A
[K[A
[K[A
[K[A
[32mTracking 252 paths...  61%|ΓûêΓûêΓûêΓûêΓûêΓûêΓûêΓûêΓûêΓûêΓûêΓûêΓûêΓûêΓûêΓûêΓûêΓûê           |  ETA: 0:00:01[39m[K
[34m                   # paths tracked: 153[39m[K
[34m   # non-singular solutions (real): 153 (7)[39m[K
[34m       # singular endpoints (real): 0 (0)[39m[K
[34m          # total solutions (real): 153 (7)[39m[K
[A
[A
[A
[A




[K[A
[K[A
[K[A
[K[A
[32mTracking 252 paths...  75%|ΓûêΓûêΓûêΓûêΓûêΓûêΓûêΓûêΓûêΓûêΓûêΓûêΓûêΓûêΓûêΓûêΓûêΓûêΓûêΓûêΓûêΓûê       |  ETA: 0:00:00[39m[K
[34m                   # paths tracked: 190[39m[K
[34m   # non-singular solutions (real): 190 (9)[39m[K
[34m       # singular endpoints (real): 0 (0)[39m[K
[34m          # total solutions (real): 190 (9)[39m[K
[A
[A
[A
[A




[K[A
[K[A
[K[A
[K[A
[32mTracking 252 paths...  90%|ΓûêΓûêΓûêΓûêΓûêΓûêΓûêΓûêΓûêΓûêΓûêΓûêΓûêΓûêΓûêΓûêΓûêΓûêΓûêΓûêΓûêΓûêΓûêΓûêΓûêΓûêΓûê  |  ETA: 0:00:00[39m[K
[34m                   # paths tracked: 228[39m[K
[34m   # non-singular solutions (real): 228 (12)[39m[K
[34m       # singular endpoints (real): 0 (0)[39m[K
[34m          # total solutions (real): 228 (12)[39m[K
[A
[A
[A
[A




[K[A
[K[A
[K[A
[K[A
[32mTracking 252 paths... 100%|ΓûêΓûêΓûêΓûêΓûêΓûêΓûêΓûêΓûêΓûêΓûêΓûêΓûêΓûêΓûêΓûêΓûêΓûêΓûêΓûêΓûêΓûêΓûêΓûêΓûêΓûêΓûêΓûêΓûê| Time: 0:00:01[39m[K
[34m                   # paths tracked: 252[39m[K
[34m   # non-singular solutions (real): 252 (12)[39m[K
[34m       # singular endpoints (real): 0 (0)[39m[K
[34m          # total solutions (real): 252 (12)[39m[K

[32mTracking 252 paths...  33%|ΓûêΓûêΓûêΓûêΓûêΓûêΓûêΓûêΓûêΓûê                   |  ETA: 0:00:01[39m[K
[34m                   # paths tracked: 82[39m[K
[34m   # non-singular solutions (real): 82 (7)[39m[K
[34m       # singular endpoints (real): 0 (0)[39m[K
[34m          # total solutions (real): 82 (7)[39m[K
[A
[A
[A
[A




[K[A
[K[A
[K[A
[K[A
[32mTracking 252 paths...  45%|ΓûêΓûêΓûêΓûêΓûêΓûêΓûêΓûêΓûêΓûêΓûêΓûêΓûêΓûê               |  ETA: 0:00:01[39m[K
[34m                   # paths tracked: 113[39m[K
[34m   # non-singular solutions (real): 113 (8)[39m[K
[34m       # singular endpoints (real): 0 (0)[39m[K
[34m          # total solutions (real): 113 (8)[39m[K
[A
[A
[A
[A




[K[A
[K[A
[K[A
[K[A
[32mTracking 252 paths...  57%|ΓûêΓûêΓûêΓûêΓûêΓûêΓûêΓûêΓûêΓûêΓûêΓûêΓûêΓûêΓûêΓûêΓûê            |  ETA: 0:00:01[39m[K
[34m                   # paths tracked: 144[39m[K
[34m   # non-singular solutions (real): 144 (9)[39m[K
[34m       # singular endpoints (real): 0 (0)[39m[K
[34m          # total solutions (real): 144 (9)[39m[K
[A
[A
[A
[A




[K[A
[K[A
[K[A
[K[A
[32mTracking 252 paths...  70%|ΓûêΓûêΓûêΓûêΓûêΓûêΓûêΓûêΓûêΓûêΓûêΓûêΓûêΓûêΓûêΓûêΓûêΓûêΓûêΓûêΓûê        |  ETA: 0:00:00[39m[K
[34m                   # paths tracked: 177[39m[K
[34m   # non-singular solutions (real): 177 (10)[39m[K
[34m       # singular endpoints (real): 0 (0)[39m[K
[34m          # total solutions (real): 177 (10)[39m[K
[A
[A
[A
[A




[K[A
[K[A
[K[A
[K[A
[32mTracking 252 paths...  84%|ΓûêΓûêΓûêΓûêΓûêΓûêΓûêΓûêΓûêΓûêΓûêΓûêΓûêΓûêΓûêΓûêΓûêΓûêΓûêΓûêΓûêΓûêΓûêΓûêΓûê    |  ETA: 0:00:00[39m[K
[34m                   # paths tracked: 211[39m[K
[34m   # non-singular solutions (real): 211 (10)[39m[K
[34m       # singular endpoints (real): 0 (0)[39m[K
[34m          # total solutions (real): 211 (10)[39m[K
[A
[A
[A
[A




[K[A
[K[A
[K[A
[K[A
[32mTracking 252 paths...  96%|ΓûêΓûêΓûêΓûêΓûêΓûêΓûêΓûêΓûêΓûêΓûêΓûêΓûêΓûêΓûêΓûêΓûêΓûêΓûêΓûêΓûêΓûêΓûêΓûêΓûêΓûêΓûêΓûê |  ETA: 0:00:00[39m[K
[34m                   # paths tracked: 243[39m[K
[34m   # non-singular solutions (real): 243 (12)[39m[K
[34m       # singular endpoints (real): 0 (0)[39m[K
[34m          # total solutions (real): 243 (12)[39m[K
[A
[A
[A
[A




[K[A
[K[A
[K[A
[K[A
[32mTracking 252 paths... 100%|ΓûêΓûêΓûêΓûêΓûêΓûêΓûêΓûêΓûêΓûêΓûêΓûêΓûêΓûêΓûêΓûêΓûêΓûêΓûêΓûêΓûêΓûêΓûêΓûêΓûêΓûêΓûêΓûêΓûê| Time: 0:00:01[39m[K
[34m                   # paths tracked: 252[39m[K
[34m   # non-singular solutions (real): 252 (12)[39m[K
[34m       # singular endpoints (real): 0 (0)[39m[K
[34m          # total solutions (real): 252 (12)[39m[K

[32mTracking 252 paths...  39%|ΓûêΓûêΓûêΓûêΓûêΓûêΓûêΓûêΓûêΓûêΓûêΓûê                 |  ETA: 0:00:01[39m[K
[34m                   # paths tracked: 98[39m[K
[34m   # non-singular solutions (real): 98 (7)[39m[K
[34m       # singular endpoints (real): 0 (0)[39m[K
[34m          # total solutions (real): 98 (7)[39m[K
[A
[A
[A
[A




[K[A
[K[A
[K[A
[K[A
[32mTracking 252 paths...  54%|ΓûêΓûêΓûêΓûêΓûêΓûêΓûêΓûêΓûêΓûêΓûêΓûêΓûêΓûêΓûêΓûê             |  ETA: 0:00:01[39m[K
[34m                   # paths tracked: 135[39m[K
[34m   # non-singular solutions (real): 135 (9)[39m[K
[34m       # singular endpoints (real): 0 (0)[39m[K
[34m          # total solutions (real): 135 (9)[39m[K
[A
[A
[A
[A




[K[A
[K[A
[K[A
[K[A
[32mTracking 252 paths...  68%|ΓûêΓûêΓûêΓûêΓûêΓûêΓûêΓûêΓûêΓûêΓûêΓûêΓûêΓûêΓûêΓûêΓûêΓûêΓûêΓûê         |  ETA: 0:00:00[39m[K
[34m                   # paths tracked: 171[39m[K
[34m   # non-singular solutions (real): 171 (11)[39m[K
[34m       # singular endpoints (real): 0 (0)[39m[K
[34m          # total solutions (real): 171 (11)[39m[K
[A
[A
[A
[A




[K[A
[K[A
[K[A
[K[A
[32mTracking 252 paths...  83%|ΓûêΓûêΓûêΓûêΓûêΓûêΓûêΓûêΓûêΓûêΓûêΓûêΓûêΓûêΓûêΓûêΓûêΓûêΓûêΓûêΓûêΓûêΓûêΓûêΓûê    |  ETA: 0:00:00[39m[K
[34m                   # paths tracked: 210[39m[K
[34m   # non-singular solutions (real): 210 (11)[39m[K
[34m       # singular endpoints (real): 0 (0)[39m[K
[34m          # total solutions (real): 210 (11)[39m[K
[A
[A
[A
[A




[K[A
[K[A
[K[A
[K[A
[32mTracking 252 paths...  99%|ΓûêΓûêΓûêΓûêΓûêΓûêΓûêΓûêΓûêΓûêΓûêΓûêΓûêΓûêΓûêΓûêΓûêΓûêΓûêΓûêΓûêΓûêΓûêΓûêΓûêΓûêΓûêΓûêΓûê|  ETA: 0:00:00[39m[K
[34m                   # paths tracked: 249[39m[K
[34m   # non-singular solutions (real): 249 (12)[39m[K
[34m       # singular endpoints (real): 0 (0)[39m[K
[34m          # total solutions (real): 249 (12)[39m[K
[A
[A
[A
[A




[K[A
[K[A
[K[A
[K[A
[32mTracking 252 paths... 100%|ΓûêΓûêΓûêΓûêΓûêΓûêΓûêΓûêΓûêΓûêΓûêΓûêΓûêΓûêΓûêΓûêΓûêΓûêΓûêΓûêΓûêΓûêΓûêΓûêΓûêΓûêΓûêΓûêΓûê| Time: 0:00:01[39m[K
[34m                   # paths tracked: 252[39m[K
[34m   # non-singular solutions (real): 252 (12)[39m[K
[34m       # singular endpoints (real): 0 (0)[39m[K
[34m          # total solutions (real): 252 (12)[39m[K

[32mTracking 252 paths...  38%|ΓûêΓûêΓûêΓûêΓûêΓûêΓûêΓûêΓûêΓûêΓûêΓûê                 |  ETA: 0:00:01[39m[K
[34m                   # paths tracked: 97[39m[K
[34m   # non-singular solutions (real): 97 (6)[39m[K
[34m       # singular endpoints (real): 0 (0)[39m[K
[34m          # total solutions (real): 97 (6)[39m[K
[A
[A
[A
[A




[K[A
[K[A
[K[A
[K[A
[32mTracking 252 paths...  54%|ΓûêΓûêΓûêΓûêΓûêΓûêΓûêΓûêΓûêΓûêΓûêΓûêΓûêΓûêΓûêΓûê             |  ETA: 0:00:01[39m[K
[34m                   # paths tracked: 137[39m[K
[34m   # non-singular solutions (real): 137 (9)[39m[K
[34m       # singular endpoints (real): 0 (0)[39m[K
[34m          # total solutions (real): 137 (9)[39m[K
[A
[A
[A
[A




[K[A
[K[A
[K[A
[K[A
[32mTracking 252 paths...  70%|ΓûêΓûêΓûêΓûêΓûêΓûêΓûêΓûêΓûêΓûêΓûêΓûêΓûêΓûêΓûêΓûêΓûêΓûêΓûêΓûêΓûê        |  ETA: 0:00:00[39m[K
[34m                   # paths tracked: 177[39m[K
[34m   # non-singular solutions (real): 177 (11)[39m[K
[34m       # singular endpoints (real): 0 (0)[39m[K
[34m          # total solutions (real): 177 (11)[39m[K
[A
[A
[A
[A




[K[A
[K[A
[K[A
[K[A
[32mTracking 252 paths...  86%|ΓûêΓûêΓûêΓûêΓûêΓûêΓûêΓûêΓûêΓûêΓûêΓûêΓûêΓûêΓûêΓûêΓûêΓûêΓûêΓûêΓûêΓûêΓûêΓûêΓûê    |  ETA: 0:00:00[39m[K
[34m                   # paths tracked: 216[39m[K
[34m   # non-singular solutions (real): 216 (11)[39m[K
[34m       # singular endpoints (real): 0 (0)[39m[K
[34m          # total solutions (real): 216 (11)[39m[K
[A
[A
[A
[A




[K[A
[K[A
[K[A
[K[A
[32mTracking 252 paths... 100%|ΓûêΓûêΓûêΓûêΓûêΓûêΓûêΓûêΓûêΓûêΓûêΓûêΓûêΓûêΓûêΓûêΓûêΓûêΓûêΓûêΓûêΓûêΓûêΓûêΓûêΓûêΓûêΓûêΓûê| Time: 0:00:01[39m[K
[34m                   # paths tracked: 252[39m[K
[34m   # non-singular solutions (real): 252 (12)[39m[K
[34m       # singular endpoints (real): 0 (0)[39m[K
[34m          # total solutions (real): 252 (12)[39m[K

[32mTracking 252 paths...  48%|ΓûêΓûêΓûêΓûêΓûêΓûêΓûêΓûêΓûêΓûêΓûêΓûêΓûêΓûêΓûê              |  ETA: 0:00:01[39m[K
[34m                   # paths tracked: 122[39m[K
[34m   # non-singular solutions (real): 122 (5)[39m[K
[34m       # singular endpoints (real): 0 (0)[39m[K
[34m          # total solutions (real): 122 (5)[39m[K
[A
[A
[A
[A




[K[A
[K[A
[K[A
[K[A
[32mTracking 252 paths...  68%|ΓûêΓûêΓûêΓûêΓûêΓûêΓûêΓûêΓûêΓûêΓûêΓûêΓûêΓûêΓûêΓûêΓûêΓûêΓûêΓûê         |  ETA: 0:00:00[39m[K
[34m                   # paths tracked: 171[39m[K
[34m   # non-singular solutions (real): 171 (10)[39m[K
[34m       # singular endpoints (real): 0 (0)[39m[K
[34m          # total solutions (real): 171 (10)[39m[K
[A
[A
[A
[A




[K[A
[K[A
[K[A
[K[A
[32mTracking 252 paths...  87%|ΓûêΓûêΓûêΓûêΓûêΓûêΓûêΓûêΓûêΓûêΓûêΓûêΓûêΓûêΓûêΓûêΓûêΓûêΓûêΓûêΓûêΓûêΓûêΓûêΓûêΓûê   |  ETA: 0:00:00[39m[K
[34m                   # paths tracked: 219[39m[K
[34m   # non-singular solutions (real): 219 (10)[39m[K
[34m       # singular endpoints (real): 0 (0)[39m[K
[34m          # total solutions (real): 219 (10)[39m[K
[A
[A
[A
[A




[K[A
[K[A
[K[A
[K[A
[32mTracking 252 paths... 100%|ΓûêΓûêΓûêΓûêΓûêΓûêΓûêΓûêΓûêΓûêΓûêΓûêΓûêΓûêΓûêΓûêΓûêΓûêΓûêΓûêΓûêΓûêΓûêΓûêΓûêΓûêΓûêΓûêΓûê| Time: 0:00:01[39m[K
[34m                   # paths tracked: 252[39m[K
[34m   # non-singular solutions (real): 252 (12)[39m[K
[34m       # singular endpoints (real): 0 (0)[39m[K
[34m          # total solutions (real): 252 (12)[39m[K

[32mTracking 252 paths...  38%|ΓûêΓûêΓûêΓûêΓûêΓûêΓûêΓûêΓûêΓûêΓûê                  |  ETA: 0:00:01[39m[K
[34m                   # paths tracked: 95[39m[K
[34m   # non-singular solutions (real): 95 (3)[39m[K
[34m       # singular endpoints (real): 0 (0)[39m[K
[34m          # total solutions (real): 95 (3)[39m[K
[A
[A
[A
[A




[K[A
[K[A
[K[A
[K[A
[32mTracking 252 paths...  52%|ΓûêΓûêΓûêΓûêΓûêΓûêΓûêΓûêΓûêΓûêΓûêΓûêΓûêΓûêΓûêΓûê             |  ETA: 0:00:01[39m[K
[34m                   # paths tracked: 132[39m[K
[34m   # non-singular solutions (real): 132 (3)[39m[K
[34m       # singular endpoints (real): 0 (0)[39m[K
[34m          # total solutions (real): 132 (3)[39m[K
[A
[A
[A
[A




[K[A
[K[A
[K[A
[K[A
[32mTracking 252 paths...  67%|ΓûêΓûêΓûêΓûêΓûêΓûêΓûêΓûêΓûêΓûêΓûêΓûêΓûêΓûêΓûêΓûêΓûêΓûêΓûêΓûê         |  ETA: 0:00:00[39m[K
[34m                   # paths tracked: 169[39m[K
[34m   # non-singular solutions (real): 169 (5)[39m[K
[34m       # singular endpoints (real): 0 (0)[39m[K
[34m          # total solutions (real): 169 (5)[39m[K
[A
[A
[A
[A




[K[A
[K[A
[K[A
[K[A
[32mTracking 252 paths...  83%|ΓûêΓûêΓûêΓûêΓûêΓûêΓûêΓûêΓûêΓûêΓûêΓûêΓûêΓûêΓûêΓûêΓûêΓûêΓûêΓûêΓûêΓûêΓûêΓûêΓûê    |  ETA: 0:00:00[39m[K
[34m                   # paths tracked: 210[39m[K
[34m   # non-singular solutions (real): 210 (7)[39m[K
[34m       # singular endpoints (real): 0 (0)[39m[K
[34m          # total solutions (real): 210 (7)[39m[K
[A
[A
[A
[A




[K[A
[K[A
[K[A
[K[A
[32mTracking 252 paths...  97%|ΓûêΓûêΓûêΓûêΓûêΓûêΓûêΓûêΓûêΓûêΓûêΓûêΓûêΓûêΓûêΓûêΓûêΓûêΓûêΓûêΓûêΓûêΓûêΓûêΓûêΓûêΓûêΓûêΓûê|  ETA: 0:00:00[39m[K
[34m                   # paths tracked: 245[39m[K
[34m   # non-singular solutions (real): 245 (10)[39m[K
[34m       # singular endpoints (real): 0 (0)[39m[K
[34m          # total solutions (real): 245 (10)[39m[K
[A
[A
[A
[A




[K[A
[K[A
[K[A
[K[A
[32mTracking 252 paths... 100%|ΓûêΓûêΓûêΓûêΓûêΓûêΓûêΓûêΓûêΓûêΓûêΓûêΓûêΓûêΓûêΓûêΓûêΓûêΓûêΓûêΓûêΓûêΓûêΓûêΓûêΓûêΓûêΓûêΓûê| Time: 0:00:01[39m[K
[34m                   # paths tracked: 252[39m[K
[34m   # non-singular solutions (real): 252 (12)[39m[K
[34m       # singular endpoints (real): 0 (0)[39m[K
[34m          # total solutions (real): 252 (12)[39m[K

[32mTracking 252 paths...  35%|ΓûêΓûêΓûêΓûêΓûêΓûêΓûêΓûêΓûêΓûêΓûê                  |  ETA: 0:00:01[39m[K
[34m                   # paths tracked: 87[39m[K
[34m   # non-singular solutions (real): 87 (3)[39m[K
[34m       # singular endpoints (real): 0 (0)[39m[K
[34m          # total solutions (real): 87 (3)[39m[K
[A
[A
[A
[A




[K[A
[K[A
[K[A
[K[A
[32mTracking 252 paths...  50%|ΓûêΓûêΓûêΓûêΓûêΓûêΓûêΓûêΓûêΓûêΓûêΓûêΓûêΓûêΓûê              |  ETA: 0:00:01[39m[K
[34m                   # paths tracked: 126[39m[K
[34m   # non-singular solutions (real): 126 (3)[39m[K
[34m       # singular endpoints (real): 0 (0)[39m[K
[34m          # total solutions (real): 126 (3)[39m[K
[A
[A
[A
[A




[K[A
[K[A
[K[A
[K[A
[32mTracking 252 paths...  63%|ΓûêΓûêΓûêΓûêΓûêΓûêΓûêΓûêΓûêΓûêΓûêΓûêΓûêΓûêΓûêΓûêΓûêΓûêΓûê          |  ETA: 0:00:01[39m[K
[34m                   # paths tracked: 158[39m[K
[34m   # non-singular solutions (real): 158 (7)[39m[K
[34m       # singular endpoints (real): 0 (0)[39m[K
[34m          # total solutions (real): 158 (7)[39m[K
[A
[A
[A
[A




[K[A
[K[A
[K[A
[K[A
[32mTracking 252 paths...  77%|ΓûêΓûêΓûêΓûêΓûêΓûêΓûêΓûêΓûêΓûêΓûêΓûêΓûêΓûêΓûêΓûêΓûêΓûêΓûêΓûêΓûêΓûêΓûê      |  ETA: 0:00:00[39m[K
[34m                   # paths tracked: 195[39m[K
[34m   # non-singular solutions (real): 195 (8)[39m[K
[34m       # singular endpoints (real): 0 (0)[39m[K
[34m          # total solutions (real): 195 (8)[39m[K
[A
[A
[A
[A




[K[A
[K[A
[K[A
[K[A
[32mTracking 252 paths...  92%|ΓûêΓûêΓûêΓûêΓûêΓûêΓûêΓûêΓûêΓûêΓûêΓûêΓûêΓûêΓûêΓûêΓûêΓûêΓûêΓûêΓûêΓûêΓûêΓûêΓûêΓûêΓûê  |  ETA: 0:00:00[39m[K
[34m                   # paths tracked: 233[39m[K
[34m   # non-singular solutions (real): 233 (11)[39m[K
[34m       # singular endpoints (real): 0 (0)[39m[K
[34m          # total solutions (real): 233 (11)[39m[K
[A
[A
[A
[A




[K[A
[K[A
[K[A
[K[A
[32mTracking 252 paths... 100%|ΓûêΓûêΓûêΓûêΓûêΓûêΓûêΓûêΓûêΓûêΓûêΓûêΓûêΓûêΓûêΓûêΓûêΓûêΓûêΓûêΓûêΓûêΓûêΓûêΓûêΓûêΓûêΓûêΓûê| Time: 0:00:01[39m[K
[34m                   # paths tracked: 252[39m[K
[34m   # non-singular solutions (real): 252 (12)[39m[K
[34m       # singular endpoints (real): 0 (0)[39m[K
[34m          # total solutions (real): 252 (12)[39m[K

[32mTracking 252 paths...  41%|ΓûêΓûêΓûêΓûêΓûêΓûêΓûêΓûêΓûêΓûêΓûêΓûê                 |  ETA: 0:00:01[39m[K
[34m                   # paths tracked: 104[39m[K
[34m   # non-singular solutions (real): 104 (5)[39m[K
[34m       # singular endpoints (real): 0 (0)[39m[K
[34m          # total solutions (real): 104 (5)[39m[K
[A
[A
[A
[A




[K[A
[K[A
[K[A
[K[A
[32mTracking 252 paths...  58%|ΓûêΓûêΓûêΓûêΓûêΓûêΓûêΓûêΓûêΓûêΓûêΓûêΓûêΓûêΓûêΓûêΓûê            |  ETA: 0:00:01[39m[K
[34m                   # paths tracked: 146[39m[K
[34m   # non-singular solutions (real): 146 (6)[39m[K
[34m       # singular endpoints (real): 0 (0)[39m[K
[34m          # total solutions (real): 146 (6)[39m[K
[A
[A
[A
[A




[K[A
[K[A
[K[A
[K[A
[32mTracking 252 paths...  75%|ΓûêΓûêΓûêΓûêΓûêΓûêΓûêΓûêΓûêΓûêΓûêΓûêΓûêΓûêΓûêΓûêΓûêΓûêΓûêΓûêΓûêΓûê       |  ETA: 0:00:00[39m[K
[34m                   # paths tracked: 189[39m[K
[34m   # non-singular solutions (real): 189 (7)[39m[K
[34m       # singular endpoints (real): 0 (0)[39m[K
[34m          # total solutions (real): 189 (7)[39m[K
[A
[A
[A
[A




[K[A
[K[A
[K[A
[K[A
[32mTracking 252 paths...  91%|ΓûêΓûêΓûêΓûêΓûêΓûêΓûêΓûêΓûêΓûêΓûêΓûêΓûêΓûêΓûêΓûêΓûêΓûêΓûêΓûêΓûêΓûêΓûêΓûêΓûêΓûêΓûê  |  ETA: 0:00:00[39m[K
[34m                   # paths tracked: 230[39m[K
[34m   # non-singular solutions (real): 230 (11)[39m[K
[34m       # singular endpoints (real): 0 (0)[39m[K
[34m          # total solutions (real): 230 (11)[39m[K
[A
[A
[A
[A




[K[A
[K[A
[K[A
[K[A
[32mTracking 252 paths... 100%|ΓûêΓûêΓûêΓûêΓûêΓûêΓûêΓûêΓûêΓûêΓûêΓûêΓûêΓûêΓûêΓûêΓûêΓûêΓûêΓûêΓûêΓûêΓûêΓûêΓûêΓûêΓûêΓûêΓûê| Time: 0:00:01[39m[K
[34m                   # paths tracked: 252[39m[K
[34m   # non-singular solutions (real): 252 (12)[39m[K
[34m       # singular endpoints (real): 0 (0)[39m[K
[34m          # total solutions (real): 252 (12)[39m[K

[32mTracking 252 paths...  38%|ΓûêΓûêΓûêΓûêΓûêΓûêΓûêΓûêΓûêΓûêΓûê                  |  ETA: 0:00:01[39m[K
[34m                   # paths tracked: 95[39m[K
[34m   # non-singular solutions (real): 95 (3)[39m[K
[34m       # singular endpoints (real): 0 (0)[39m[K
[34m          # total solutions (real): 95 (3)[39m[K
[A
[A
[A
[A




[K[A
[K[A
[K[A
[K[A
[32mTracking 252 paths...  54%|ΓûêΓûêΓûêΓûêΓûêΓûêΓûêΓûêΓûêΓûêΓûêΓûêΓûêΓûêΓûêΓûê             |  ETA: 0:00:01[39m[K
[34m                   # paths tracked: 137[39m[K
[34m   # non-singular solutions (real): 137 (5)[39m[K
[34m       # singular endpoints (real): 0 (0)[39m[K
[34m          # total solutions (real): 137 (5)[39m[K
[A
[A
[A
[A




[K[A
[K[A
[K[A
[K[A
[32mTracking 252 paths...  70%|ΓûêΓûêΓûêΓûêΓûêΓûêΓûêΓûêΓûêΓûêΓûêΓûêΓûêΓûêΓûêΓûêΓûêΓûêΓûêΓûêΓûê        |  ETA: 0:00:00[39m[K
[34m                   # paths tracked: 177[39m[K
[34m   # non-singular solutions (real): 177 (8)[39m[K
[34m       # singular endpoints (real): 0 (0)[39m[K
[34m          # total solutions (real): 177 (8)[39m[K
[A
[A
[A
[A




[K[A
[K[A
[K[A
[K[A
[32mTracking 252 paths...  87%|ΓûêΓûêΓûêΓûêΓûêΓûêΓûêΓûêΓûêΓûêΓûêΓûêΓûêΓûêΓûêΓûêΓûêΓûêΓûêΓûêΓûêΓûêΓûêΓûêΓûêΓûê   |  ETA: 0:00:00[39m[K
[34m                   # paths tracked: 218[39m[K
[34m   # non-singular solutions (real): 218 (10)[39m[K
[34m       # singular endpoints (real): 0 (0)[39m[K
[34m          # total solutions (real): 218 (10)[39m[K
[A
[A
[A
[A




[K[A
[K[A
[K[A
[K[A
[32mTracking 252 paths...  96%|ΓûêΓûêΓûêΓûêΓûêΓûêΓûêΓûêΓûêΓûêΓûêΓûêΓûêΓûêΓûêΓûêΓûêΓûêΓûêΓûêΓûêΓûêΓûêΓûêΓûêΓûêΓûêΓûê |  ETA: 0:00:00[39m[K
[34m                   # paths tracked: 242[39m[K
[34m   # non-singular solutions (real): 242 (12)[39m[K
[34m       # singular endpoints (real): 0 (0)[39m[K
[34m          # total solutions (real): 242 (12)[39m[K
[A
[A
[A
[A




[K[A
[K[A
[K[A
[K[A
[32mTracking 252 paths... 100%|ΓûêΓûêΓûêΓûêΓûêΓûêΓûêΓûêΓûêΓûêΓûêΓûêΓûêΓûêΓûêΓûêΓûêΓûêΓûêΓûêΓûêΓûêΓûêΓûêΓûêΓûêΓûêΓûêΓûê| Time: 0:00:01[39m[K
[34m                   # paths tracked: 252[39m[K
[34m   # non-singular solutions (real): 252 (12)[39m[K
[34m       # singular endpoints (real): 0 (0)[39m[K
[34m          # total solutions (real): 252 (12)[39m[K

[32mTracking 252 paths...  41%|ΓûêΓûêΓûêΓûêΓûêΓûêΓûêΓûêΓûêΓûêΓûêΓûê                 |  ETA: 0:00:01[39m[K
[34m                   # paths tracked: 103[39m[K
[34m   # non-singular solutions (real): 103 (3)[39m[K
[34m       # singular endpoints (real): 0 (0)[39m[K
[34m          # total solutions (real): 103 (3)[39m[K
[A
[A
[A
[A




[K[A
[K[A
[K[A
[K[A
[32mTracking 252 paths...  57%|ΓûêΓûêΓûêΓûêΓûêΓûêΓûêΓûêΓûêΓûêΓûêΓûêΓûêΓûêΓûêΓûêΓûê            |  ETA: 0:00:01[39m[K
[34m                   # paths tracked: 144[39m[K
[34m   # non-singular solutions (real): 144 (4)[39m[K
[34m       # singular endpoints (real): 0 (0)[39m[K
[34m          # total solutions (real): 144 (4)[39m[K
[A
[A
[A
[A




[K[A
[K[A
[K[A
[K[A
[32mTracking 252 paths...  75%|ΓûêΓûêΓûêΓûêΓûêΓûêΓûêΓûêΓûêΓûêΓûêΓûêΓûêΓûêΓûêΓûêΓûêΓûêΓûêΓûêΓûêΓûê       |  ETA: 0:00:00[39m[K
[34m                   # paths tracked: 188[39m[K
[34m   # non-singular solutions (real): 188 (6)[39m[K
[34m       # singular endpoints (real): 0 (0)[39m[K
[34m          # total solutions (real): 188 (6)[39m[K
[A
[A
[A
[A




[K[A
[K[A
[K[A
[K[A
[32mTracking 252 paths...  92%|ΓûêΓûêΓûêΓûêΓûêΓûêΓûêΓûêΓûêΓûêΓûêΓûêΓûêΓûêΓûêΓûêΓûêΓûêΓûêΓûêΓûêΓûêΓûêΓûêΓûêΓûêΓûê  |  ETA: 0:00:00[39m[K
[34m                   # paths tracked: 232[39m[K
[34m   # non-singular solutions (real): 232 (11)[39m[K
[34m       # singular endpoints (real): 0 (0)[39m[K
[34m          # total solutions (real): 232 (11)[39m[K
[A
[A
[A
[A




[K[A
[K[A
[K[A
[K[A
[32mTracking 252 paths... 100%|ΓûêΓûêΓûêΓûêΓûêΓûêΓûêΓûêΓûêΓûêΓûêΓûêΓûêΓûêΓûêΓûêΓûêΓûêΓûêΓûêΓûêΓûêΓûêΓûêΓûêΓûêΓûêΓûêΓûê| Time: 0:00:01[39m[K
[34m                   # paths tracked: 252[39m[K
[34m   # non-singular solutions (real): 252 (12)[39m[K
[34m       # singular endpoints (real): 0 (0)[39m[K
[34m          # total solutions (real): 252 (12)[39m[K

[32mTracking 252 paths...  37%|ΓûêΓûêΓûêΓûêΓûêΓûêΓûêΓûêΓûêΓûêΓûê                  |  ETA: 0:00:01[39m[K
[34m                   # paths tracked: 93[39m[K
[34m   # non-singular solutions (real): 93 (3)[39m[K
[34m       # singular endpoints (real): 0 (0)[39m[K
[34m          # total solutions (real): 93 (3)[39m[K
[A
[A
[A
[A




[K[A
[K[A
[K[A
[K[A
[32mTracking 252 paths...  53%|ΓûêΓûêΓûêΓûêΓûêΓûêΓûêΓûêΓûêΓûêΓûêΓûêΓûêΓûêΓûêΓûê             |  ETA: 0:00:01[39m[K
[34m                   # paths tracked: 134[39m[K
[34m   # non-singular solutions (real): 134 (4)[39m[K
[34m       # singular endpoints (real): 0 (0)[39m[K
[34m          # total solutions (real): 134 (4)[39m[K
[A
[A
[A
[A




[K[A
[K[A
[K[A
[K[A
[32mTracking 252 paths...  69%|ΓûêΓûêΓûêΓûêΓûêΓûêΓûêΓûêΓûêΓûêΓûêΓûêΓûêΓûêΓûêΓûêΓûêΓûêΓûêΓûêΓûê        |  ETA: 0:00:00[39m[K
[34m                   # paths tracked: 175[39m[K
[34m   # non-singular solutions (real): 175 (7)[39m[K
[34m       # singular endpoints (real): 0 (0)[39m[K
[34m          # total solutions (real): 175 (7)[39m[K
[A
[A
[A
[A




[K[A
[K[A
[K[A
[K[A
[32mTracking 252 paths...  83%|ΓûêΓûêΓûêΓûêΓûêΓûêΓûêΓûêΓûêΓûêΓûêΓûêΓûêΓûêΓûêΓûêΓûêΓûêΓûêΓûêΓûêΓûêΓûêΓûêΓûê    |  ETA: 0:00:00[39m[K
[34m                   # paths tracked: 210[39m[K
[34m   # non-singular solutions (real): 210 (10)[39m[K
[34m       # singular endpoints (real): 0 (0)[39m[K
[34m          # total solutions (real): 210 (10)[39m[K
[A
[A
[A
[A




[K[A
[K[A
[K[A
[K[A
[32mTracking 252 paths...  96%|ΓûêΓûêΓûêΓûêΓûêΓûêΓûêΓûêΓûêΓûêΓûêΓûêΓûêΓûêΓûêΓûêΓûêΓûêΓûêΓûêΓûêΓûêΓûêΓûêΓûêΓûêΓûêΓûê |  ETA: 0:00:00[39m[K
[34m                   # paths tracked: 243[39m[K
[34m   # non-singular solutions (real): 243 (11)[39m[K
[34m       # singular endpoints (real): 0 (0)[39m[K
[34m          # total solutions (real): 243 (11)[39m[K
[A
[A
[A
[A




[K[A
[K[A
[K[A
[K[A
[32mTracking 252 paths... 100%|ΓûêΓûêΓûêΓûêΓûêΓûêΓûêΓûêΓûêΓûêΓûêΓûêΓûêΓûêΓûêΓûêΓûêΓûêΓûêΓûêΓûêΓûêΓûêΓûêΓûêΓûêΓûêΓûêΓûê| Time: 0:00:01[39m[K
[34m                   # paths tracked: 252[39m[K
[34m   # non-singular solutions (real): 252 (12)[39m[K
[34m       # singular endpoints (real): 0 (0)[39m[K
[34m          # total solutions (real): 252 (12)[39m[K

[32mTracking 252 paths...  35%|ΓûêΓûêΓûêΓûêΓûêΓûêΓûêΓûêΓûêΓûêΓûê                  |  ETA: 0:00:01[39m[K
[34m                   # paths tracked: 87[39m[K
[34m   # non-singular solutions (real): 87 (3)[39m[K
[34m       # singular endpoints (real): 0 (0)[39m[K
[34m          # total solutions (real): 87 (3)[39m[K
[A
[A
[A
[A




[K[A
[K[A
[K[A
[K[A
[32mTracking 252 paths...  48%|ΓûêΓûêΓûêΓûêΓûêΓûêΓûêΓûêΓûêΓûêΓûêΓûêΓûêΓûêΓûê              |  ETA: 0:00:01[39m[K
[34m                   # paths tracked: 122[39m[K
[34m   # non-singular solutions (real): 122 (5)[39m[K
[34m       # singular endpoints (real): 0 (0)[39m[K
[34m          # total solutions (real): 122 (5)[39m[K
[A
[A
[A
[A




[K[A
[K[A
[K[A
[K[A
[32mTracking 252 paths...  62%|ΓûêΓûêΓûêΓûêΓûêΓûêΓûêΓûêΓûêΓûêΓûêΓûêΓûêΓûêΓûêΓûêΓûêΓûêΓûê          |  ETA: 0:00:01[39m[K
[34m                   # paths tracked: 157[39m[K
[34m   # non-singular solutions (real): 157 (8)[39m[K
[34m       # singular endpoints (real): 0 (0)[39m[K
[34m          # total solutions (real): 157 (8)[39m[K
[A
[A
[A
[A




[K[A
[K[A
[K[A
[K[A
[32mTracking 252 paths...  77%|ΓûêΓûêΓûêΓûêΓûêΓûêΓûêΓûêΓûêΓûêΓûêΓûêΓûêΓûêΓûêΓûêΓûêΓûêΓûêΓûêΓûêΓûêΓûê      |  ETA: 0:00:00[39m[K
[34m                   # paths tracked: 193[39m[K
[34m   # non-singular solutions (real): 193 (8)[39m[K
[34m       # singular endpoints (real): 0 (0)[39m[K
[34m          # total solutions (real): 193 (8)[39m[K
[A
[A
[A
[A




[K[A
[K[A
[K[A
[K[A
[32mTracking 252 paths...  92%|ΓûêΓûêΓûêΓûêΓûêΓûêΓûêΓûêΓûêΓûêΓûêΓûêΓûêΓûêΓûêΓûêΓûêΓûêΓûêΓûêΓûêΓûêΓûêΓûêΓûêΓûêΓûê  |  ETA: 0:00:00[39m[K
[34m                   # paths tracked: 231[39m[K
[34m   # non-singular solutions (real): 231 (11)[39m[K
[34m       # singular endpoints (real): 0 (0)[39m[K
[34m          # total solutions (real): 231 (11)[39m[K
[A
[A
[A
[A




[K[A
[K[A
[K[A
[K[A
[32mTracking 252 paths... 100%|ΓûêΓûêΓûêΓûêΓûêΓûêΓûêΓûêΓûêΓûêΓûêΓûêΓûêΓûêΓûêΓûêΓûêΓûêΓûêΓûêΓûêΓûêΓûêΓûêΓûêΓûêΓûêΓûêΓûê| Time: 0:00:01[39m[K
[34m                   # paths tracked: 252[39m[K
[34m   # non-singular solutions (real): 252 (12)[39m[K
[34m       # singular endpoints (real): 0 (0)[39m[K
[34m          # total solutions (real): 252 (12)[39m[K

[32mTracking 252 paths...  39%|ΓûêΓûêΓûêΓûêΓûêΓûêΓûêΓûêΓûêΓûêΓûêΓûê                 |  ETA: 0:00:01[39m[K
[34m                   # paths tracked: 99[39m[K
[34m   # non-singular solutions (real): 99 (5)[39m[K
[34m       # singular endpoints (real): 0 (0)[39m[K
[34m          # total solutions (real): 99 (5)[39m[K
[A
[A
[A
[A




[K[A
[K[A
[K[A
[K[A
[32mTracking 252 paths...  56%|ΓûêΓûêΓûêΓûêΓûêΓûêΓûêΓûêΓûêΓûêΓûêΓûêΓûêΓûêΓûêΓûêΓûê            |  ETA: 0:00:01[39m[K
[34m                   # paths tracked: 141[39m[K
[34m   # non-singular solutions (real): 141 (7)[39m[K
[34m       # singular endpoints (real): 0 (0)[39m[K
[34m          # total solutions (real): 141 (7)[39m[K
[A
[A
[A
[A




[K[A
[K[A
[K[A
[K[A
[32mTracking 252 paths...  72%|ΓûêΓûêΓûêΓûêΓûêΓûêΓûêΓûêΓûêΓûêΓûêΓûêΓûêΓûêΓûêΓûêΓûêΓûêΓûêΓûêΓûê        |  ETA: 0:00:00[39m[K
[34m                   # paths tracked: 182[39m[K
[34m   # non-singular solutions (real): 182 (7)[39m[K
[34m       # singular endpoints (real): 0 (0)[39m[K
[34m          # total solutions (real): 182 (7)[39m[K
[A
[A
[A
[A




[K[A
[K[A
[K[A
[K[A
[32mTracking 252 paths...  88%|ΓûêΓûêΓûêΓûêΓûêΓûêΓûêΓûêΓûêΓûêΓûêΓûêΓûêΓûêΓûêΓûêΓûêΓûêΓûêΓûêΓûêΓûêΓûêΓûêΓûêΓûê   |  ETA: 0:00:00[39m[K
[34m                   # paths tracked: 222[39m[K
[34m   # non-singular solutions (real): 222 (9)[39m[K
[34m       # singular endpoints (real): 0 (0)[39m[K
[34m          # total solutions (real): 222 (9)[39m[K
[A
[A
[A
[A




[K[A
[K[A
[K[A
[K[A
[32mTracking 252 paths... 100%|ΓûêΓûêΓûêΓûêΓûêΓûêΓûêΓûêΓûêΓûêΓûêΓûêΓûêΓûêΓûêΓûêΓûêΓûêΓûêΓûêΓûêΓûêΓûêΓûêΓûêΓûêΓûêΓûêΓûê| Time: 0:00:01[39m[K
[34m                   # paths tracked: 252[39m[K
[34m   # non-singular solutions (real): 252 (12)[39m[K
[34m       # singular endpoints (real): 0 (0)[39m[K
[34m          # total solutions (real): 252 (12)[39m[K

[32mTracking 252 paths...  37%|ΓûêΓûêΓûêΓûêΓûêΓûêΓûêΓûêΓûêΓûêΓûê                  |  ETA: 0:00:01[39m[K
[34m                   # paths tracked: 92[39m[K
[34m   # non-singular solutions (real): 92 (8)[39m[K
[34m       # singular endpoints (real): 0 (0)[39m[K
[34m          # total solutions (real): 92 (8)[39m[K
[A
[A
[A
[A




[K[A
[K[A
[K[A
[K[A
[32mTracking 252 paths...  50%|ΓûêΓûêΓûêΓûêΓûêΓûêΓûêΓûêΓûêΓûêΓûêΓûêΓûêΓûêΓûê              |  ETA: 0:00:01[39m[K
[34m                   # paths tracked: 125[39m[K
[34m   # non-singular solutions (real): 125 (9)[39m[K
[34m       # singular endpoints (real): 0 (0)[39m[K
[34m          # total solutions (real): 125 (9)[39m[K
[A
[A
[A
[A




[K[A
[K[A
[K[A
[K[A
[32mTracking 252 paths...  65%|ΓûêΓûêΓûêΓûêΓûêΓûêΓûêΓûêΓûêΓûêΓûêΓûêΓûêΓûêΓûêΓûêΓûêΓûêΓûê          |  ETA: 0:00:00[39m[K
[34m                   # paths tracked: 164[39m[K
[34m   # non-singular solutions (real): 164 (10)[39m[K
[34m       # singular endpoints (real): 0 (0)[39m[K
[34m          # total solutions (real): 164 (10)[39m[K
[A
[A
[A
[A




[K[A
[K[A
[K[A
[K[A
[32mTracking 252 paths...  81%|ΓûêΓûêΓûêΓûêΓûêΓûêΓûêΓûêΓûêΓûêΓûêΓûêΓûêΓûêΓûêΓûêΓûêΓûêΓûêΓûêΓûêΓûêΓûêΓûê     |  ETA: 0:00:00[39m[K
[34m                   # paths tracked: 203[39m[K
[34m   # non-singular solutions (real): 203 (11)[39m[K
[34m       # singular endpoints (real): 0 (0)[39m[K
[34m          # total solutions (real): 203 (11)[39m[K
[A
[A
[A
[A




[K[A
[K[A
[K[A
[K[A
[32mTracking 252 paths...  98%|ΓûêΓûêΓûêΓûêΓûêΓûêΓûêΓûêΓûêΓûêΓûêΓûêΓûêΓûêΓûêΓûêΓûêΓûêΓûêΓûêΓûêΓûêΓûêΓûêΓûêΓûêΓûêΓûêΓûê|  ETA: 0:00:00[39m[K
[34m                   # paths tracked: 246[39m[K
[34m   # non-singular solutions (real): 246 (12)[39m[K
[34m       # singular endpoints (real): 0 (0)[39m[K
[34m          # total solutions (real): 246 (12)[39m[K
[A
[A
[A
[A




[K[A
[K[A
[K[A
[K[A
[32mTracking 252 paths... 100%|ΓûêΓûêΓûêΓûêΓûêΓûêΓûêΓûêΓûêΓûêΓûêΓûêΓûêΓûêΓûêΓûêΓûêΓûêΓûêΓûêΓûêΓûêΓûêΓûêΓûêΓûêΓûêΓûêΓûê| Time: 0:00:01[39m[K
[34m                   # paths tracked: 252[39m[K
[34m   # non-singular solutions (real): 252 (12)[39m[K
[34m       # singular endpoints (real): 0 (0)[39m[K
[34m          # total solutions (real): 252 (12)[39m[K

[32mTracking 252 paths...  41%|ΓûêΓûêΓûêΓûêΓûêΓûêΓûêΓûêΓûêΓûêΓûêΓûê                 |  ETA: 0:00:01[39m[K
[34m                   # paths tracked: 103[39m[K
[34m   # non-singular solutions (real): 103 (7)[39m[K
[34m       # singular endpoints (real): 0 (0)[39m[K
[34m          # total solutions (real): 103 (7)[39m[K
[A
[A
[A
[A




[K[A
[K[A
[K[A
[K[A
[32mTracking 252 paths...  57%|ΓûêΓûêΓûêΓûêΓûêΓûêΓûêΓûêΓûêΓûêΓûêΓûêΓûêΓûêΓûêΓûêΓûê            |  ETA: 0:00:01[39m[K
[34m                   # paths tracked: 143[39m[K
[34m   # non-singular solutions (real): 143 (8)[39m[K
[34m       # singular endpoints (real): 0 (0)[39m[K
[34m          # total solutions (real): 143 (8)[39m[K
[A
[A
[A
[A




[K[A
[K[A
[K[A
[K[A
[32mTracking 252 paths...  73%|ΓûêΓûêΓûêΓûêΓûêΓûêΓûêΓûêΓûêΓûêΓûêΓûêΓûêΓûêΓûêΓûêΓûêΓûêΓûêΓûêΓûêΓûê       |  ETA: 0:00:00[39m[K
[34m                   # paths tracked: 183[39m[K
[34m   # non-singular solutions (real): 183 (8)[39m[K
[34m       # singular endpoints (real): 0 (0)[39m[K
[34m          # total solutions (real): 183 (8)[39m[K
[A
[A
[A
[A




[K[A
[K[A
[K[A
[K[A
[32mTracking 252 paths...  88%|ΓûêΓûêΓûêΓûêΓûêΓûêΓûêΓûêΓûêΓûêΓûêΓûêΓûêΓûêΓûêΓûêΓûêΓûêΓûêΓûêΓûêΓûêΓûêΓûêΓûêΓûê   |  ETA: 0:00:00[39m[K
[34m                   # paths tracked: 222[39m[K
[34m   # non-singular solutions (real): 222 (12)[39m[K
[34m       # singular endpoints (real): 0 (0)[39m[K
[34m          # total solutions (real): 222 (12)[39m[K
[A
[A
[A
[A




[K[A
[K[A
[K[A
[K[A
[32mTracking 252 paths... 100%|ΓûêΓûêΓûêΓûêΓûêΓûêΓûêΓûêΓûêΓûêΓûêΓûêΓûêΓûêΓûêΓûêΓûêΓûêΓûêΓûêΓûêΓûêΓûêΓûêΓûêΓûêΓûêΓûêΓûê| Time: 0:00:01[39m[K
[34m                   # paths tracked: 252[39m[K
[34m   # non-singular solutions (real): 252 (12)[39m[K
[34m       # singular endpoints (real): 0 (0)[39m[K
[34m          # total solutions (real): 252 (12)[39m[K

[32mTracking 252 paths...  42%|ΓûêΓûêΓûêΓûêΓûêΓûêΓûêΓûêΓûêΓûêΓûêΓûêΓûê                |  ETA: 0:00:01[39m[K
[34m                   # paths tracked: 107[39m[K
[34m   # non-singular solutions (real): 107 (5)[39m[K
[34m       # singular endpoints (real): 0 (0)[39m[K
[34m          # total solutions (real): 107 (5)[39m[K
[A
[A
[A
[A




[K[A
[K[A
[K[A
[K[A
[32mTracking 252 paths...  61%|ΓûêΓûêΓûêΓûêΓûêΓûêΓûêΓûêΓûêΓûêΓûêΓûêΓûêΓûêΓûêΓûêΓûêΓûê           |  ETA: 0:00:00[39m[K
[34m                   # paths tracked: 153[39m[K
[34m   # non-singular solutions (real): 153 (6)[39m[K
[34m       # singular endpoints (real): 0 (0)[39m[K
[34m          # total solutions (real): 153 (6)[39m[K
[A
[A
[A
[A




[K[A
[K[A
[K[A
[K[A
[32mTracking 252 paths...  79%|ΓûêΓûêΓûêΓûêΓûêΓûêΓûêΓûêΓûêΓûêΓûêΓûêΓûêΓûêΓûêΓûêΓûêΓûêΓûêΓûêΓûêΓûêΓûê      |  ETA: 0:00:00[39m[K
[34m                   # paths tracked: 198[39m[K
[34m   # non-singular solutions (real): 198 (9)[39m[K
[34m       # singular endpoints (real): 0 (0)[39m[K
[34m          # total solutions (real): 198 (9)[39m[K
[A
[A
[A
[A




[K[A
[K[A
[K[A
[K[A
[32mTracking 252 paths...  96%|ΓûêΓûêΓûêΓûêΓûêΓûêΓûêΓûêΓûêΓûêΓûêΓûêΓûêΓûêΓûêΓûêΓûêΓûêΓûêΓûêΓûêΓûêΓûêΓûêΓûêΓûêΓûêΓûê |  ETA: 0:00:00[39m[K
[34m                   # paths tracked: 243[39m[K
[34m   # non-singular solutions (real): 243 (12)[39m[K
[34m       # singular endpoints (real): 0 (0)[39m[K
[34m          # total solutions (real): 243 (12)[39m[K
[A
[A
[A
[A




[K[A
[K[A
[K[A
[K[A
[32mTracking 252 paths... 100%|ΓûêΓûêΓûêΓûêΓûêΓûêΓûêΓûêΓûêΓûêΓûêΓûêΓûêΓûêΓûêΓûêΓûêΓûêΓûêΓûêΓûêΓûêΓûêΓûêΓûêΓûêΓûêΓûêΓûê| Time: 0:00:01[39m[K
[34m                   # paths tracked: 252[39m[K
[34m   # non-singular solutions (real): 252 (12)[39m[K
[34m       # singular endpoints (real): 0 (0)[39m[K
[34m          # total solutions (real): 252 (12)[39m[K

[32mTracking 252 paths...  40%|ΓûêΓûêΓûêΓûêΓûêΓûêΓûêΓûêΓûêΓûêΓûêΓûê                 |  ETA: 0:00:01[39m[K
[34m                   # paths tracked: 100[39m[K
[34m   # non-singular solutions (real): 100 (3)[39m[K
[34m       # singular endpoints (real): 0 (0)[39m[K
[34m          # total solutions (real): 100 (3)[39m[K
[A
[A
[A
[A




[K[A
[K[A
[K[A
[K[A
[32mTracking 252 paths...  56%|ΓûêΓûêΓûêΓûêΓûêΓûêΓûêΓûêΓûêΓûêΓûêΓûêΓûêΓûêΓûêΓûêΓûê            |  ETA: 0:00:01[39m[K
[34m                   # paths tracked: 140[39m[K
[34m   # non-singular solutions (real): 140 (6)[39m[K
[34m       # singular endpoints (real): 0 (0)[39m[K
[34m          # total solutions (real): 140 (6)[39m[K
[A
[A
[A
[A




[K[A
[K[A
[K[A
[K[A
[32mTracking 252 paths...  71%|ΓûêΓûêΓûêΓûêΓûêΓûêΓûêΓûêΓûêΓûêΓûêΓûêΓûêΓûêΓûêΓûêΓûêΓûêΓûêΓûêΓûê        |  ETA: 0:00:00[39m[K
[34m                   # paths tracked: 178[39m[K
[34m   # non-singular solutions (real): 178 (8)[39m[K
[34m       # singular endpoints (real): 0 (0)[39m[K
[34m          # total solutions (real): 178 (8)[39m[K
[A
[A
[A
[A




[K[A
[K[A
[K[A
[K[A
[32mTracking 252 paths...  87%|ΓûêΓûêΓûêΓûêΓûêΓûêΓûêΓûêΓûêΓûêΓûêΓûêΓûêΓûêΓûêΓûêΓûêΓûêΓûêΓûêΓûêΓûêΓûêΓûêΓûêΓûê   |  ETA: 0:00:00[39m[K
[34m                   # paths tracked: 218[39m[K
[34m   # non-singular solutions (real): 218 (10)[39m[K
[34m       # singular endpoints (real): 0 (0)[39m[K
[34m          # total solutions (real): 218 (10)[39m[K
[A
[A
[A
[A




[K[A
[K[A
[K[A
[K[A
[32mTracking 252 paths... 100%|ΓûêΓûêΓûêΓûêΓûêΓûêΓûêΓûêΓûêΓûêΓûêΓûêΓûêΓûêΓûêΓûêΓûêΓûêΓûêΓûêΓûêΓûêΓûêΓûêΓûêΓûêΓûêΓûêΓûê| Time: 0:00:01[39m[K
[34m                   # paths tracked: 252[39m[K
[34m   # non-singular solutions (real): 252 (12)[39m[K
[34m       # singular endpoints (real): 0 (0)[39m[K
[34m          # total solutions (real): 252 (12)[39m[K

[32mTracking 252 paths...  38%|ΓûêΓûêΓûêΓûêΓûêΓûêΓûêΓûêΓûêΓûêΓûê                  |  ETA: 0:00:01[39m[K
[34m                   # paths tracked: 95[39m[K
[34m   # non-singular solutions (real): 95 (6)[39m[K
[34m       # singular endpoints (real): 0 (0)[39m[K
[34m          # total solutions (real): 95 (6)[39m[K
[A
[A
[A
[A




[K[A
[K[A
[K[A
[K[A
[32mTracking 252 paths...  53%|ΓûêΓûêΓûêΓûêΓûêΓûêΓûêΓûêΓûêΓûêΓûêΓûêΓûêΓûêΓûêΓûê             |  ETA: 0:00:01[39m[K
[34m                   # paths tracked: 134[39m[K
[34m   # non-singular solutions (real): 134 (8)[39m[K
[34m       # singular endpoints (real): 0 (0)[39m[K
[34m          # total solutions (real): 134 (8)[39m[K
[A
[A
[A
[A




[K[A
[K[A
[K[A
[K[A
[32mTracking 252 paths...  68%|ΓûêΓûêΓûêΓûêΓûêΓûêΓûêΓûêΓûêΓûêΓûêΓûêΓûêΓûêΓûêΓûêΓûêΓûêΓûêΓûê         |  ETA: 0:00:00[39m[K
[34m                   # paths tracked: 172[39m[K
[34m   # non-singular solutions (real): 172 (9)[39m[K
[34m       # singular endpoints (real): 0 (0)[39m[K
[34m          # total solutions (real): 172 (9)[39m[K
[A
[A
[A
[A




[K[A
[K[A
[K[A
[K[A
[32mTracking 252 paths...  85%|ΓûêΓûêΓûêΓûêΓûêΓûêΓûêΓûêΓûêΓûêΓûêΓûêΓûêΓûêΓûêΓûêΓûêΓûêΓûêΓûêΓûêΓûêΓûêΓûêΓûê    |  ETA: 0:00:00[39m[K
[34m                   # paths tracked: 215[39m[K
[34m   # non-singular solutions (real): 215 (11)[39m[K
[34m       # singular endpoints (real): 0 (0)[39m[K
[34m          # total solutions (real): 215 (11)[39m[K
[A
[A
[A
[A




[K[A
[K[A
[K[A
[K[A
[32mTracking 252 paths...  99%|ΓûêΓûêΓûêΓûêΓûêΓûêΓûêΓûêΓûêΓûêΓûêΓûêΓûêΓûêΓûêΓûêΓûêΓûêΓûêΓûêΓûêΓûêΓûêΓûêΓûêΓûêΓûêΓûêΓûê|  ETA: 0:00:00[39m[K
[34m                   # paths tracked: 251[39m[K
[34m   # non-singular solutions (real): 251 (12)[39m[K
[34m       # singular endpoints (real): 0 (0)[39m[K
[34m          # total solutions (real): 251 (12)[39m[K
[A
[A
[A
[A




[K[A
[K[A
[K[A
[K[A
[32mTracking 252 paths... 100%|ΓûêΓûêΓûêΓûêΓûêΓûêΓûêΓûêΓûêΓûêΓûêΓûêΓûêΓûêΓûêΓûêΓûêΓûêΓûêΓûêΓûêΓûêΓûêΓûêΓûêΓûêΓûêΓûêΓûê| Time: 0:00:01[39m[K
[34m                   # paths tracked: 252[39m[K
[34m   # non-singular solutions (real): 252 (12)[39m[K
[34m       # singular endpoints (real): 0 (0)[39m[K
[34m          # total solutions (real): 252 (12)[39m[K

[32mTracking 252 paths...  25%|ΓûêΓûêΓûêΓûêΓûêΓûêΓûêΓûê                     |  ETA: 0:00:01[39m[K
[34m                   # paths tracked: 64[39m[K
[34m   # non-singular solutions (real): 64 (5)[39m[K
[34m       # singular endpoints (real): 0 (0)[39m[K
[34m          # total solutions (real): 64 (5)[39m[K
[A
[A
[A
[A




[K[A
[K[A
[K[A
[K[A
[32mTracking 252 paths...  43%|ΓûêΓûêΓûêΓûêΓûêΓûêΓûêΓûêΓûêΓûêΓûêΓûêΓûê                |  ETA: 0:00:01[39m[K
[34m                   # paths tracked: 108[39m[K
[34m   # non-singular solutions (real): 108 (9)[39m[K
[34m       # singular endpoints (real): 0 (0)[39m[K
[34m          # total solutions (real): 108 (9)[39m[K
[A
[A
[A
[A




[K[A
[K[A
[K[A
[K[A
[32mTracking 252 paths...  56%|ΓûêΓûêΓûêΓûêΓûêΓûêΓûêΓûêΓûêΓûêΓûêΓûêΓûêΓûêΓûêΓûêΓûê            |  ETA: 0:00:01[39m[K
[34m                   # paths tracked: 140[39m[K
[34m   # non-singular solutions (real): 140 (10)[39m[K
[34m       # singular endpoints (real): 0 (0)[39m[K
[34m          # total solutions (real): 140 (10)[39m[K
[A
[A
[A
[A




[K[A
[K[A
[K[A
[K[A
[32mTracking 252 paths...  69%|ΓûêΓûêΓûêΓûêΓûêΓûêΓûêΓûêΓûêΓûêΓûêΓûêΓûêΓûêΓûêΓûêΓûêΓûêΓûêΓûê         |  ETA: 0:00:01[39m[K
[34m                   # paths tracked: 173[39m[K
[34m   # non-singular solutions (real): 173 (10)[39m[K
[34m       # singular endpoints (real): 0 (0)[39m[K
[34m          # total solutions (real): 173 (10)[39m[K
[A
[A
[A
[A




[K[A
[K[A
[K[A
[K[A
[32mTracking 252 paths...  82%|ΓûêΓûêΓûêΓûêΓûêΓûêΓûêΓûêΓûêΓûêΓûêΓûêΓûêΓûêΓûêΓûêΓûêΓûêΓûêΓûêΓûêΓûêΓûêΓûê     |  ETA: 0:00:00[39m[K
[34m                   # paths tracked: 207[39m[K
[34m   # non-singular solutions (real): 207 (11)[39m[K
[34m       # singular endpoints (real): 0 (0)[39m[K
[34m          # total solutions (real): 207 (11)[39m[K
[A
[A
[A
[A




[K[A
[K[A
[K[A
[K[A
[32mTracking 252 paths...  96%|ΓûêΓûêΓûêΓûêΓûêΓûêΓûêΓûêΓûêΓûêΓûêΓûêΓûêΓûêΓûêΓûêΓûêΓûêΓûêΓûêΓûêΓûêΓûêΓûêΓûêΓûêΓûêΓûê |  ETA: 0:00:00[39m[K
[34m                   # paths tracked: 242[39m[K
[34m   # non-singular solutions (real): 242 (12)[39m[K
[34m       # singular endpoints (real): 0 (0)[39m[K
[34m          # total solutions (real): 242 (12)[39m[K
[A
[A
[A
[A




[K[A
[K[A
[K[A
[K[A
[32mTracking 252 paths... 100%|ΓûêΓûêΓûêΓûêΓûêΓûêΓûêΓûêΓûêΓûêΓûêΓûêΓûêΓûêΓûêΓûêΓûêΓûêΓûêΓûêΓûêΓûêΓûêΓûêΓûêΓûêΓûêΓûêΓûê| Time: 0:00:01[39m[K
[34m                   # paths tracked: 252[39m[K
[34m   # non-singular solutions (real): 252 (12)[39m[K
[34m       # singular endpoints (real): 0 (0)[39m[K
[34m          # total solutions (real): 252 (12)[39m[K

[32mTracking 252 paths...  40%|ΓûêΓûêΓûêΓûêΓûêΓûêΓûêΓûêΓûêΓûêΓûêΓûê                 |  ETA: 0:00:01[39m[K
[34m                   # paths tracked: 100[39m[K
[34m   # non-singular solutions (real): 100 (2)[39m[K
[34m       # singular endpoints (real): 0 (0)[39m[K
[34m          # total solutions (real): 100 (2)[39m[K
[A
[A
[A
[A




[K[A
[K[A
[K[A
[K[A
[32mTracking 252 paths...  57%|ΓûêΓûêΓûêΓûêΓûêΓûêΓûêΓûêΓûêΓûêΓûêΓûêΓûêΓûêΓûêΓûêΓûê            |  ETA: 0:00:01[39m[K
[34m                   # paths tracked: 143[39m[K
[34m   # non-singular solutions (real): 143 (5)[39m[K
[34m       # singular endpoints (real): 0 (0)[39m[K
[34m          # total solutions (real): 143 (5)[39m[K
[A
[A
[A
[A




[K[A
[K[A
[K[A
[K[A
[32mTracking 252 paths...  73%|ΓûêΓûêΓûêΓûêΓûêΓûêΓûêΓûêΓûêΓûêΓûêΓûêΓûêΓûêΓûêΓûêΓûêΓûêΓûêΓûêΓûêΓûê       |  ETA: 0:00:00[39m[K
[34m                   # paths tracked: 185[39m[K
[34m   # non-singular solutions (real): 185 (6)[39m[K
[34m       # singular endpoints (real): 0 (0)[39m[K
[34m          # total solutions (real): 185 (6)[39m[K
[A
[A
[A
[A




[K[A
[K[A
[K[A
[K[A
[32mTracking 252 paths...  88%|ΓûêΓûêΓûêΓûêΓûêΓûêΓûêΓûêΓûêΓûêΓûêΓûêΓûêΓûêΓûêΓûêΓûêΓûêΓûêΓûêΓûêΓûêΓûêΓûêΓûêΓûê   |  ETA: 0:00:00[39m[K
[34m                   # paths tracked: 223[39m[K
[34m   # non-singular solutions (real): 223 (9)[39m[K
[34m       # singular endpoints (real): 0 (0)[39m[K
[34m          # total solutions (real): 223 (9)[39m[K
[A
[A
[A
[A




[K[A
[K[A
[K[A
[K[A
[32mTracking 252 paths... 100%|ΓûêΓûêΓûêΓûêΓûêΓûêΓûêΓûêΓûêΓûêΓûêΓûêΓûêΓûêΓûêΓûêΓûêΓûêΓûêΓûêΓûêΓûêΓûêΓûêΓûêΓûêΓûêΓûêΓûê| Time: 0:00:01[39m[K
[34m                   # paths tracked: 252[39m[K
[34m   # non-singular solutions (real): 252 (12)[39m[K
[34m       # singular endpoints (real): 0 (0)[39m[K
[34m          # total solutions (real): 252 (12)[39m[K

[32mTracking 252 paths...  35%|ΓûêΓûêΓûêΓûêΓûêΓûêΓûêΓûêΓûêΓûêΓûê                  |  ETA: 0:00:01[39m[K
[34m                   # paths tracked: 87[39m[K
[34m   # non-singular solutions (real): 87 (1)[39m[K
[34m       # singular endpoints (real): 0 (0)[39m[K
[34m          # total solutions (real): 87 (1)[39m[K
[A
[A
[A
[A




[K[A
[K[A
[K[A
[K[A
[32mTracking 252 paths...  49%|ΓûêΓûêΓûêΓûêΓûêΓûêΓûêΓûêΓûêΓûêΓûêΓûêΓûêΓûêΓûê              |  ETA: 0:00:01[39m[K
[34m                   # paths tracked: 123[39m[K
[34m   # non-singular solutions (real): 123 (4)[39m[K
[34m       # singular endpoints (real): 0 (0)[39m[K
[34m          # total solutions (real): 123 (4)[39m[K
[A
[A
[A
[A




[K[A
[K[A
[K[A
[K[A
[32mTracking 252 paths...  62%|ΓûêΓûêΓûêΓûêΓûêΓûêΓûêΓûêΓûêΓûêΓûêΓûêΓûêΓûêΓûêΓûêΓûêΓûê           |  ETA: 0:00:01[39m[K
[34m                   # paths tracked: 155[39m[K
[34m   # non-singular solutions (real): 155 (5)[39m[K
[34m       # singular endpoints (real): 0 (0)[39m[K
[34m          # total solutions (real): 155 (5)[39m[K
[A
[A
[A
[A




[K[A
[K[A
[K[A
[K[A
[32mTracking 252 paths...  74%|ΓûêΓûêΓûêΓûêΓûêΓûêΓûêΓûêΓûêΓûêΓûêΓûêΓûêΓûêΓûêΓûêΓûêΓûêΓûêΓûêΓûêΓûê       |  ETA: 0:00:00[39m[K
[34m                   # paths tracked: 186[39m[K
[34m   # non-singular solutions (real): 186 (7)[39m[K
[34m       # singular endpoints (real): 0 (0)[39m[K
[34m          # total solutions (real): 186 (7)[39m[K
[A
[A
[A
[A




[K[A
[K[A
[K[A
[K[A
[32mTracking 252 paths...  88%|ΓûêΓûêΓûêΓûêΓûêΓûêΓûêΓûêΓûêΓûêΓûêΓûêΓûêΓûêΓûêΓûêΓûêΓûêΓûêΓûêΓûêΓûêΓûêΓûêΓûêΓûê   |  ETA: 0:00:00[39m[K
[34m                   # paths tracked: 222[39m[K
[34m   # non-singular solutions (real): 222 (10)[39m[K
[34m       # singular endpoints (real): 0 (0)[39m[K
[34m          # total solutions (real): 222 (10)[39m[K
[A
[A
[A
[A




[K[A
[K[A
[K[A
[K[A
[32mTracking 252 paths... 100%|ΓûêΓûêΓûêΓûêΓûêΓûêΓûêΓûêΓûêΓûêΓûêΓûêΓûêΓûêΓûêΓûêΓûêΓûêΓûêΓûêΓûêΓûêΓûêΓûêΓûêΓûêΓûêΓûêΓûê| Time: 0:00:01[39m[K
[34m                   # paths tracked: 252[39m[K
[34m   # non-singular solutions (real): 252 (12)[39m[K
[34m       # singular endpoints (real): 0 (0)[39m[K
[34m          # total solutions (real): 252 (12)[39m[K

=== 2D grid (Dita theta fixed): 1 / 400 clique>=6 ===
Wrote d:\IBM-Quantum\MUBs in 6-dimension\results\locus_2d_grid.csv
