theta,phi,lambda,n_valid,max_clique,found,mu_defect_min,ortho_defect,fourier_defect,hadamard_defect
0.02,0.02,0.0,0.0,0.0,0.0,0.1443035352442556,0.0,0.8333333333333334,4.6015993459653194e-15
0.02,0.02,0.6283185307179586,0.0,0.0,0.0,0.06748681129705172,0.0,0.8333333333333334,1.6525263154695122e-15
0.02,0.02,1.2566370614359172,0.0,0.0,0.0,0.04662986113789755,0.0,0.8333333333333334,3.548526962219197e-15
0.02,0.02,1.8849555921538759,0.0,0.0,0.0,0.05020949357616361,0.0,0.8333333333333334,1.222188381841153e-14
0.02,0.02,2.5132741228718345,0.0,0.0,0.0,0.06791833196587531,0.0,0.8333333333333334,8.151358772398058e-15
0.02,0.02,3.141592653589793,0.0,0.0,0.0,0.14430353524425557,0.0,0.8333333333333334,4.8107897581605415e-15
0.02,0.02,3.7699111843077517,0.0,0.0,0.0,0.0674868112970517,0.0,0.8333333333333334,2.064359670332395e-15
0.02,0.02,4.39822971502571,0.0,0.0,0.0,0.046629861137897605,0.0,0.8333333333333334,3.3359029119682548e-15
0.02,0.02,5.026548245743669,0.0,0.0,0.0,0.05020949357616361,0.0,0.8333333333333334,2.932111590537848e-14
0.02,0.02,5.654866776461628,0.0,0.0,0.0,0.06791833196587527,0.0,0.8333333333333334,3.1973941338327278e-15
0.02,0.301962968508163,0.0,0.0,0.0,0.0,0.13834545321068734,0.0,0.8333333333333334,4.298973841450793e-15
0.02,0.301962968508163,0.6283185307179586,0.0,0.0,0.0,0.06850423662290123,0.0,0.8333333333333334,2.308074696497616e-15
0.02,0.301962968508163,1.2566370614359172,0.0,0.0,0.0,0.06664454169984002,0.0,0.8333333333333334,8.234013951034282e-15
0.02,0.301962968508163,1.8849555921538759,0.0,0.0,0.0,0.04129027914659417,0.0,0.8333333333333334,3.3921468212928354e-14
0.02,0.301962968508163,2.5132741228718345,0.0,0.0,0.0,0.06776226451183352,0.0,0.8333333333333334,1.7514091523597103e-14
0.02,0.301962968508163,3.141592653589793,0.0,0.0,0.0,0.1383454532106873,0.0,0.8333333333333334,4.86235209322654e-15
0.02,0.301962968508163,3.7699111843077517,0.0,0.0,0.0,0.0685042366229012,0.0,0.8333333333333334,2.766532938959076e-15
0.02,0.301962968508163,4.39822971502571,0.0,0.0,0.0,0.06664454169984005,0.0,0.8333333333333334,4.851906958717353e-15
0.02,0.301962968508163,5.026548245743669,0.0,0.0,0.0,0.04129027914659397,0.0,0.8333333333333334,1.1185012140023474e-14
0.02,0.301962968508163,5.654866776461628,0.0,0.0,0.0,0.06776226451183352,0.0,0.8333333333333334,1.1801255520884604e-14
0.02,0.583925937016326,0.0,0.0,0.0,0.0,0.13840420077554583,0.0,0.8333333333333334,2.4457085634506116e-15
0.02,0.583925937016326,0.6283185307179586,0.0,0.0,0.0,0.07980607323566984,0.0,0.8333333333333334,9.518089439518868e-15
0.02,0.583925937016326,1.2566370614359172,0.0,0.0,0.0,0.10218239529035203,0.0,0.8333333333333334,4.441645413401759e-15
0.02,0.583925937016326,1.8849555921538759,0.0,0.0,0.0,0.03471680619809825,0.0,0.8333333333333334,1.5327272155394998e-14
0.02,0.583925937016326,2.5132741228718345,0.0,0.0,0.0,0.06727068539403323,0.0,0.8333333333333334,2.3619102857465837e-14
0.02,0.583925937016326,3.141592653589793,0.0,0.0,0.0,0.13840420077554583,0.0,0.8333333333333334,2.37191569671918e-15
0.02,0.583925937016326,3.7699111843077517,0.0,0.0,0.0,0.07980607323566975,0.0,0.8333333333333334,3.501443683407762e-15
0.02,0.583925937016326,4.39822971502571,0.0,0.0,0.0,0.10218239529035164,0.0,0.8333333333333334,1.1995416636555344e-14
0.02,0.583925937016326,5.026548245743669,0.0,0.0,0.0,0.03471680619809822,0.0,0.8333333333333334,2.405833973860724e-14
0.02,0.583925937016326,5.654866776461628,0.0,0.0,0.0,0.0672706853940332,0.0,0.8333333333333334,9.753083821806466e-15
0.02,0.865888905524489,0.0,0.0,0.0,0.0,0.13845108466813333,0.0,0.8333333333333334,4.8300257945745784e-15
0.02,0.865888905524489,0.6283185307179586,0.0,0.0,0.0,0.11118599114983935,0.0,0.8333333333333334,1.3877834206879797e-14
0.02,0.865888905524489,1.2566370614359172,0.0,0.0,0.0,0.12402418500530779,0.0,0.8333333333333334,1.2196224005945373e-14
0.02,0.865888905524489,1.8849555921538759,0.0,0.0,0.0,0.03445580658957295,0.0,0.8333333333333334,5.4292679141427665e-15
0.02,0.865888905524489,2.5132741228718345,0.0,0.0,0.0,0.06667524495579868,0.0,0.8333333333333334,1.1962977879960627e-14
0.02,0.865888905524489,3.141592653589793,0.0,0.0,0.0,0.13845108466813336,0.0,0.8333333333333334,4.25140469915411e-15
0.02,0.865888905524489,3.7699111843077517,0.0,0.0,0.0,0.11118599114983935,0.0,0.8333333333333334,1.8026594470892627e-14
0.02,0.865888905524489,4.39822971502571,0.0,0.0,0.0,0.12402418500530751,0.0,0.8333333333333334,3.234849729153059e-14
0.02,0.865888905524489,5.026548245743669,0.0,0.0,0.0,0.034455806589572896,0.0,0.8333333333333334,9.69449299554776e-15
0.02,0.865888905524489,5.654866776461628,0.0,0.0,0.0,0.06667524495579862,0.0,0.8333333333333334,8.085552026954555e-15
0.02,1.147851874032652,0.0,0.0,0.0,0.0,0.12906893718711332,0.0,0.8333333333333334,4.162237290779648e-14
0.02,1.147851874032652,0.6283185307179586,0.0,0.0,0.0,0.11324808622794572,0.0,0.8333333333333334,1.7544166617496056e-14
0.02,1.147851874032652,1.2566370614359172,0.0,0.0,0.0,0.11062489751643306,0.0,0.8333333333333334,1.4704899406372786e-14
0.02,1.147851874032652,1.8849555921538759,0.0,0.0,0.0,0.03419056019140257,0.0,0.8333333333333334,2.103400694010041e-14
0.02,1.147851874032652,2.5132741228718345,0.0,0.0,0.0,0.06616603427036309,0.0,0.8333333333333334,1.4047812422989818e-14
0.02,1.147851874032652,3.141592653589793,0.0,0.0,0.0,0.12906893718711332,0.0,0.8333333333333334,4.206060324170719e-14
0.02,1.147851874032652,3.7699111843077517,0.0,0.0,0.0,0.11324808622794572,0.0,0.8333333333333334,1.7168588881338955e-14
0.02,1.147851874032652,4.39822971502571,0.0,0.0,0.0,0.11062489751643305,0.0,0.8333333333333334,1.3678304793438546e-14
0.02,1.147851874032652,5.026548245743669,0.0,0.0,0.0,0.03419056019140257,0.0,0.8333333333333334,1.3200434832913046e-14
0.02,1.147851874032652,5.654866776461628,0.0,0.0,0.0,0.06616603427036302,0.0,0.8333333333333334,2.6793076833691186e-15
0.02,1.429814842540815,0.0,0.0,0.0,0.0,0.06504644448537614,0.0,0.8333333333333334,1.6012869644000453e-14
0.02,1.429814842540815,0.6283185307179586,0.0,0.0,0.0,0.09649613549959933,0.0,0.8333333333333334,5.359900117096787e-15
0.02,1.429814842540815,1.2566370614359172,0.0,0.0,0.0,0.0486244125065764,0.0,0.8333333333333334,5.271232659945029e-15
0.02,1.429814842540815,1.8849555921538759,0.0,0.0,0.0,0.03394916902771125,0.0,0.8333333333333334,3.467022681774583e-14
0.02,1.429814842540815,2.5132741228718345,0.0,0.0,0.0,0.06578897715585105,0.0,0.8333333333333334,4.904212708424414e-15
0.02,1.429814842540815,3.141592653589793,0.0,0.0,0.0,0.06504644448537614,0.0,0.8333333333333334,1.614851672856609e-14
0.02,1.429814842540815,3.7699111843077517,0.0,0.0,0.0,0.09649613549959932,0.0,0.8333333333333334,1.1599154203072312e-14
0.02,1.429814842540815,4.39822971502571,0.0,0.0,0.0,0.04862441250657634,0.0,0.8333333333333334,1.898832502056775e-15
0.02,1.429814842540815,5.026548245743669,0.0,0.0,0.0,0.03394916902771131,0.0,0.8333333333333334,2.863465002711221e-14
0.02,1.429814842540815,5.654866776461628,0.0,0.0,0.0,0.06578897715585101,0.0,0.8333333333333334,3.4154247946549225e-14
0.02,1.711777811048978,0.0,0.0,0.0,0.0,0.06504644448537628,0.0,0.8333333333333334,4.085268487349148e-14
0.02,1.711777811048978,0.6283185307179586,0.0,0.0,0.0,0.06578897715585108,0.0,0.8333333333333334,4.120804072986851e-15
0.02,1.711777811048978,1.2566370614359172,0.0,0.0,0.0,0.033949169027711334,0.0,0.8333333333333334,1.904479617043931e-15
0.02,1.711777811048978,1.8849555921538759,0.0,0.0,0.0,0.04862441250657648,0.0,0.8333333333333334,1.5605298706031526e-14
0.02,1.711777811048978,2.5132741228718345,0.0,0.0,0.0,0.09649613549959907,0.0,0.8333333333333334,1.193517350102877e-13
0.02,1.711777811048978,3.141592653589793,0.0,0.0,0.0,0.06504644448537628,0.0,0.8333333333333334,4.119456740241506e-14
0.02,1.711777811048978,3.7699111843077517,0.0,0.0,0.0,0.06578897715585114,0.0,0.8333333333333334,3.033595671927605e-15
0.02,1.711777811048978,4.39822971502571,0.0,0.0,0.0,0.03394916902771139,0.0,0.8333333333333334,4.6814900820029244e-15
0.02,1.711777811048978,5.026548245743669,0.0,0.0,0.0,0.04862441250657615,0.0,0.8333333333333334,6.223116391637433e-15
0.02,1.711777811048978,5.654866776461628,0.0,0.0,0.0,0.0964961354995991,0.0,0.8333333333333334,4.7895466211309046e-14
0.02,1.9937407795571411,0.0,0.0,0.0,0.0,0.1290689371871131,0.0,0.8333333333333334,3.1912819262630268e-15
0.02,1.9937407795571411,0.6283185307179586,0.0,0.0,0.0,0.0661660342703631,0.0,0.8333333333333334,2.6251906815482045e-15
0.02,1.9937407795571411,1.2566370614359172,0.0,0.0,0.0,0.034190560191402736,0.0,0.8333333333333334,3.72735716433508e-15
0.02,1.9937407795571411,1.8849555921538759,0.0,0.0,0.0,0.11062489751643392,0.0,0.8333333333333334,1.2199966622807169e-14
0.02,1.9937407795571411,2.5132741228718345,0.0,0.0,0.0,0.11324808622794577,0.0,0.8333333333333334,1.8209098357483048e-14
0.02,1.9937407795571411,3.141592653589793,0.0,0.0,0.0,0.1290689371871131,0.0,0.8333333333333334,3.406158750010471e-15
0.02,1.9937407795571411,3.7699111843077517,0.0,0.0,0.0,0.06616603427036313,0.0,0.8333333333333334,4.863502423587473e-15
0.02,1.9937407795571411,4.39822971502571,0.0,0.0,0.0,0.03419056019140268,0.0,0.8333333333333334,4.017429972009321e-15
0.02,1.9937407795571411,5.026548245743669,0.0,0.0,0.0,0.11062489751643408,0.0,0.8333333333333334,3.0780792991128065e-14
0.02,1.9937407795571411,5.654866776461628,0.0,0.0,0.0,0.11324808622794633,0.0,0.8333333333333334,4.811261708823618e-14
0.02,2.275703748065304,0.0,0.0,0.0,0.0,0.13845108466813344,0.0,0.8333333333333334,3.2064128615083335e-15
0.02,2.275703748065304,0.6283185307179586,0.0,0.0,0.0,0.06667524495579874,0.0,0.8333333333333334,1.9483320318914907e-15
0.02,2.275703748065304,1.2566370614359172,0.0,0.0,0.0,0.03445580658957306,0.0,0.8333333333333334,2.1154495033088094e-15
0.02,2.275703748065304,1.8849555921538759,0.0,0.0,0.0,0.12402418500530796,0.0,0.8333333333333334,2.606415796698193e-14
0.02,2.275703748065304,2.5132741228718345,0.0,0.0,0.0,0.11118599114983914,0.0,0.8333333333333334,9.84995640512937e-15
0.02,2.275703748065304,3.141592653589793,0.0,0.0,0.0,0.13845108466813344,0.0,0.8333333333333334,2.9214308316430206e-15
0.02,2.275703748065304,3.7699111843077517,0.0,0.0,0.0,0.06667524495579875,0.0,0.8333333333333334,2.6764243016091956e-15
0.02,2.275703748065304,4.39822971502571,0.0,0.0,0.0,0.034455806589573035,0.0,0.8333333333333334,2.136791909511241e-15
0.02,2.275703748065304,5.026548245743669,0.0,0.0,0.0,0.12402418500530796,0.0,0.8333333333333334,1.2373682732430328e-13
0.02,2.275703748065304,5.654866776461628,0.0,0.0,0.0,0.11118599114983906,0.0,0.8333333333333334,1.1153436067779532e-14
0.02,2.557666716573467,0.0,0.0,0.0,0.0,0.13840420077554597,0.0,0.8333333333333334,2.969534885893138e-15
0.02,2.557666716573467,0.6283185307179586,0.0,0.0,0.0,0.06727068539403332,0.0,0.8333333333333334,1.6503868496937565e-15
0.02,2.557666716573467,1.2566370614359172,0.0,0.0,0.0,0.03471680619809844,0.0,0.8333333333333334,2.410033308584106e-15
0.02,2.557666716573467,1.8849555921538759,0.0,0.0,0.0,0.1021823952903543,0.0,0.8333333333333334,8.438178060437099e-14
0.02,2.557666716573467,2.5132741228718345,0.0,0.0,0.0,0.07980607323566985,0.0,0.8333333333333334,3.192919948886061e-15
0.02,2.557666716573467,3.141592653589793,0.0,0.0,0.0,0.13840420077554597,0.0,0.8333333333333334,2.0307688189564213e-15
0.02,2.557666716573467,3.7699111843077517,0.0,0.0,0.0,0.06727068539403333,0.0,0.8333333333333334,2.3713057045443846e-15
0.02,2.557666716573467,4.39822971502571,0.0,0.0,0.0,0.03471680619809844,0.0,0.8333333333333334,2.1636275617384984e-15
0.02,2.557666716573467,5.026548245743669,0.0,0.0,0.0,0.10218239529035192,0.0,0.8333333333333334,8.27367538372977e-15
0.02,2.557666716573467,5.654866776461628,0.0,0.0,0.0,0.07980607323566949,0.0,0.8333333333333334,2.3910385253231704e-15
0.02,2.83962968508163,0.0,0.0,0.0,0.0,0.13834545321068745,0.0,0.8333333333333334,2.9946760583623357e-15
0.02,2.83962968508163,0.6283185307179586,0.0,0.0,0.0,0.0677622645118333,0.0,0.8333333333333334,1.9213938545874876e-15
0.02,2.83962968508163,1.2566370614359172,0.0,0.0,0.0,0.04129027914659336,0.0,0.8333333333333334,3.310594327973126e-15
0.02,2.83962968508163,1.8849555921538759,0.0,0.0,0.0,0.06664454169984074,0.0,0.8333333333333334,5.323304380413741e-15
0.02,2.83962968508163,2.5132741228718345,0.0,0.0,0.0,0.06850423662290114,0.0,0.8333333333333334,2.6107329411593727e-15
0.02,2.83962968508163,3.141592653589793,0.0,0.0,0.0,0.13834545321068745,0.0,0.8333333333333334,2.469441294784828e-15
0.02,2.83962968508163,3.7699111843077517,0.0,0.0,0.0,0.06776226451183333,0.0,0.8333333333333334,3.070518876694854e-15
0.02,2.83962968508163,4.39822971502571,0.0,0.0,0.0,0.041290279146593334,0.0,0.8333333333333334,2.901554503091131e-15
0.02,2.83962968508163,5.026548245743669,0.0,0.0,0.0,0.06664454169984069,0.0,0.8333333333333334,5.2391727490271284e-15
0.02,2.83962968508163,5.654866776461628,0.0,0.0,0.0,0.0685042366229012,0.0,0.8333333333333334,2.4064653701854414e-15
0.02,3.121592653589793,0.0,0.0,0.0,0.0,0.14430353524425543,0.0,0.8333333333333334,7.889133244009097e-15
0.02,3.121592653589793,0.6283185307179586,0.0,0.0,0.0,0.06791833196587506,0.0,0.8333333333333334,4.591054792318031e-15
0.02,3.121592653589793,1.2566370614359172,0.0,0.0,0.0,0.050209493576163694,0.0,0.8333333333333334,3.272993151681477e-15
0.02,3.121592653589793,1.8849555921538759,0.0,0.0,0.0,0.046629861137898465,0.0,0.8333333333333334,2.6856422546473578e-14
0.02,3.121592653589793,2.5132741228718345,0.0,0.0,0.0,0.06748681129705172,0.0,0.8333333333333334,5.745614938547609e-15
0.02,3.121592653589793,3.141592653589793,0.0,0.0,0.0,0.14430353524425543,0.0,0.8333333333333334,7.927309909702677e-15
0.02,3.121592653589793,3.7699111843077517,0.0,0.0,0.0,0.06791833196587509,0.0,0.8333333333333334,6.979246341017186e-15
0.02,3.121592653589793,4.39822971502571,0.0,0.0,0.0,0.050209493576163805,0.0,0.8333333333333334,5.0527850000581895e-15
0.02,3.121592653589793,5.026548245743669,0.0,0.0,0.0,0.046629861137898104,0.0,0.8333333333333334,8.870206110892001e-15
0.02,3.121592653589793,5.654866776461628,0.0,0.0,0.0,0.06748681129705172,0.0,0.8333333333333334,6.332771506119379e-15
0.301962968508163,0.02,0.0,0.0,0.0,0.0,0.13861467071689645,0.0,0.8333333333333334,2.728113617021225e-15
0.301962968508163,0.02,0.6283185307179586,0.0,0.0,0.0,0.10740557827878541,0.0,0.8333333333333334,2.488667273183775e-15
0.301962968508163,0.02,1.2566370614359172,0.0,0.0,0.0,0.10061537181621535,0.0,0.8333333333333334,3.871211535647037e-15
0.301962968508163,0.02,1.8849555921538759,0.0,0.0,0.0,0.10206813406441925,0.0,0.8333333333333334,2.4765920471967223e-15
0.301962968508163,0.02,2.5132741228718345,0.0,0.0,0.0,0.10438790124214567,0.0,0.8333333333333334,2.193611738762495e-15
0.301962968508163,0.02,3.141592653589793,0.0,0.0,0.0,0.1386146707168965,0.0,0.8333333333333334,2.912455338542974e-15
0.301962968508163,0.02,3.7699111843077517,0.0,0.0,0.0,0.10740557827878544,0.0,0.8333333333333334,2.157868737530606e-15
0.301962968508163,0.02,4.39822971502571,0.0,0.0,0.0,0.10061537181621547,0.0,0.8333333333333334,4.1611773252268164e-15
0.301962968508163,0.02,5.026548245743669,0.0,0.0,0.0,0.10206813406441925,0.0,0.8333333333333334,3.4859529740740718e-15
0.301962968508163,0.02,5.654866776461628,0.0,0.0,0.0,0.10438790124214556,0.0,0.8333333333333334,3.803184037248098e-15
0.301962968508163,0.301962968508163,0.0,0.0,0.0,0.0,0.1365325788288962,0.0,0.8333333333333334,1.8062135836948103e-15
0.301962968508163,0.301962968508163,0.6283185307179586,0.0,0.0,0.0,0.10509413158286376,0.0,0.8333333333333334,2.71372799660712e-15
0.301962968508163,0.301962968508163,1.2566370614359172,0.0,0.0,0.0,0.10055427086514049,0.0,0.8333333333333334,2.4405994100688876e-15
0.301962968508163,0.301962968508163,1.8849555921538759,0.0,0.0,0.0,0.09686465833156208,0.0,0.8333333333333334,2.7584835926162942e-15
0.301962968508163,0.301962968508163,2.5132741228718345,0.0,0.0,0.0,0.09190145081141046,0.0,0.8333333333333334,3.7971931586936376e-15
0.301962968508163,0.301962968508163,3.141592653589793,0.0,0.0,0.0,0.1365325788288962,0.0,0.8333333333333334,2.2087279662534474e-15
0.301962968508163,0.301962968508163,3.7699111843077517,0.0,0.0,0.0,0.10509413158286371,0.0,0.8333333333333334,1.940542665732895e-15
0.301962968508163,0.301962968508163,4.39822971502571,0.0,0.0,0.0,0.1005542708651405,0.0,0.8333333333333334,2.0307647507162705e-15
0.301962968508163,0.301962968508163,5.026548245743669,0.0,0.0,0.0,0.09686465833156208,0.0,0.8333333333333334,2.9155090687916995e-15
0.301962968508163,0.301962968508163,5.654866776461628,0.0,0.0,0.0,0.09190145081141035,0.0,0.8333333333333334,4.14499518497495e-15
0.301962968508163,0.583925937016326,0.0,0.0,0.0,0.0,0.09947925582322317,0.0,0.8333333333333334,3.320512637666981e-15
0.301962968508163,0.583925937016326,0.6283185307179586,0.0,0.0,0.0,0.10437407956241762,0.0,0.8333333333333334,2.438772745738513e-15
0.301962968508163,0.583925937016326,1.2566370614359172,0.0,0.0,0.0,0.09433370408076013,0.0,0.8333333333333334,3.4356504649546524e-15
0.301962968508163,0.583925937016326,1.8849555921538759,0.0,0.0,0.0,0.08827566530422334,0.0,0.8333333333333334,1.6844574616362813e-15
0.301962968508163,0.583925937016326,2.5132741228718345,0.0,0.0,0.0,0.09030177556213799,0.0,0.8333333333333334,3.690471929819187e-15
0.301962968508163,0.583925937016326,3.141592653589793,0.0,0.0,0.0,0.09947925582322323,0.0,0.8333333333333334,3.0859936475820447e-15
0.301962968508163,0.583925937016326,3.7699111843077517,0.0,0.0,0.0,0.10437407956241762,0.0,0.8333333333333334,3.112204702897347e-15
0.301962968508163,0.583925937016326,4.39822971502571,0.0,0.0,0.0,0.0943337040807602,0.0,0.8333333333333334,1.3789711200994694e-15
0.301962968508163,0.583925937016326,5.026548245743669,0.0,0.0,0.0,0.08827566530422334,0.0,0.8333333333333334,2.4399705669432997e-15
0.301962968508163,0.583925937016326,5.654866776461628,0.0,0.0,0.0,0.09030177556213798,0.0,0.8333333333333334,5.2860229013362224e-15
0.301962968508163,0.865888905524489,0.0,0.0,0.0,0.0,0.07900207459935502,0.0,0.8333333333333334,2.4204437142305905e-15
0.301962968508163,0.865888905524489,0.6283185307179586,0.0,0.0,0.0,0.12557867924648844,0.0,0.8333333333333334,2.301479991751744e-15
0.301962968508163,0.865888905524489,1.2566370614359172,0.0,0.0,0.0,0.09073778885887882,0.0,0.8333333333333334,1.7607909310776041e-15
0.301962968508163,0.865888905524489,1.8849555921538759,0.0,0.0,0.0,0.08349611551205896,0.0,0.8333333333333334,3.012402507218306e-15
0.301962968508163,0.865888905524489,2.5132741228718345,0.0,0.0,0.0,0.0977944795741156,0.0,0.8333333333333334,2.4747472231773786e-15
0.301962968508163,0.865888905524489,3.141592653589793,0.0,0.0,0.0,0.07900207459935502,0.0,0.8333333333333334,2.5242619310418267e-15
0.301962968508163,0.865888905524489,3.7699111843077517,0.0,0.0,0.0,0.12557867924648838,0.0,0.8333333333333334,3.0074842743859764e-15
0.301962968508163,0.865888905524489,4.39822971502571,0.0,0.0,0.0,0.09073778885887882,0.0,0.8333333333333334,4.620476290103824e-15
0.301962968508163,0.865888905524489,5.026548245743669,0.0,0.0,0.0,0.0834961155120589,0.0,0.8333333333333334,1.7584285536973174e-15
0.301962968508163,0.865888905524489,5.654866776461628,0.0,0.0,0.0,0.0977944795741155,0.0,0.8333333333333334,2.0715962949995664e-15
0.301962968508163,1.147851874032652,0.0,0.0,0.0,0.0,0.06769118861597906,0.0,0.8333333333333334,2.239164009797179e-15
0.301962968508163,1.147851874032652,0.6283185307179586,0.0,0.0,0.0,0.11713087266834046,0.0,0.8333333333333334,1.5809130834714358e-15
0.301962968508163,1.147851874032652,1.2566370614359172,0.0,0.0,0.0,0.06908746924856125,0.0,0.8333333333333334,3.762439692672912e-15
0.301962968508163,1.147851874032652,1.8849555921538759,0.0,0.0,0.0,0.09039282841926741,0.0,0.8333333333333334,1.82593034478549e-15
0.301962968508163,1.147851874032652,2.5132741228718345,0.0,0.0,0.0,0.08735535003756914,0.0,0.8333333333333334,1.3462206925975175e-15
0.301962968508163,1.147851874032652,3.141592653589793,0.0,0.0,0.0,0.06769118861597906,0.0,0.8333333333333334,2.4939620333968907e-15
0.301962968508163,1.147851874032652,3.7699111843077517,0.0,0.0,0.0,0.11713087266834041,0.0,0.8333333333333334,2.7982241326707197e-15
0.301962968508163,1.147851874032652,4.39822971502571,0.0,0.0,0.0,0.06908746924856125,0.0,0.8333333333333334,3.1249538586800583e-15
0.301962968508163,1.147851874032652,5.026548245743669,0.0,0.0,0.0,0.09039282841926735,0.0,0.8333333333333334,1.8637926849169268e-15
0.301962968508163,1.147851874032652,5.654866776461628,0.0,0.0,0.0,0.08735535003756909,0.0,0.8333333333333334,3.382770851259643e-15
0.301962968508163,1.429814842540815,0.0,0.0,0.0,0.0,0.05431104293443034,0.0,0.8333333333333334,1.6605638657308475e-15
0.301962968508163,1.429814842540815,0.6283185307179586,0.0,0.0,0.0,0.07270966481911637,0.0,0.8333333333333334,2.5809657285651012e-15
0.301962968508163,1.429814842540815,1.2566370614359172,0.0,0.0,0.0,0.10450409959819026,0.0,0.8333333333333334,1.873596429625647e-15
0.301962968508163,1.429814842540815,1.8849555921538759,0.0,0.0,0.0,0.08701980690847158,0.0,0.8333333333333334,2.628601755451835e-15
0.301962968508163,1.429814842540815,2.5132741228718345,0.0,0.0,0.0,0.04164989759053628,0.0,0.8333333333333334,2.6753300106225923e-15
0.301962968508163,1.429814842540815,3.141592653589793,0.0,0.0,0.0,0.05431104293443029,0.0,0.8333333333333334,3.745385680535702e-15
0.301962968508163,1.429814842540815,3.7699111843077517,0.0,0.0,0.0,0.07270966481911637,0.0,0.8333333333333334,4.6019011268254635e-15
0.301962968508163,1.429814842540815,4.39822971502571,0.0,0.0,0.0,0.10450409959819028,0.0,0.8333333333333334,1.8465629617745714e-15
0.301962968508163,1.429814842540815,5.026548245743669,0.0,0.0,0.0,0.08701980690847161,0.0,0.8333333333333334,4.558568221718288e-15
0.301962968508163,1.429814842540815,5.654866776461628,0.0,0.0,0.0,0.04164989759053622,0.0,0.8333333333333334,3.1031719021646193e-15
0.301962968508163,1.711777811048978,0.0,0.0,0.0,0.0,0.054311042934429815,0.0,0.8333333333333334,3.586192195901893e-15
0.301962968508163,1.711777811048978,0.6283185307179586,0.0,0.0,0.0,0.04164989759053647,0.0,0.8333333333333334,3.115149042515466e-15
0.301962968508163,1.711777811048978,1.2566370614359172,0.0,0.0,0.0,0.0870198069084719,0.0,0.8333333333333334,1.9003017338731018e-15
0.301962968508163,1.711777811048978,1.8849555921538759,0.0,0.0,0.0,0.10450409959819018,0.0,0.8333333333333334,2.8917346202663267e-15
0.301962968508163,1.711777811048978,2.5132741228718345,0.0,0.0,0.0,0.07270966481911602,0.0,0.8333333333333334,2.6366167619748534e-15
0.301962968508163,1.711777811048978,3.141592653589793,0.0,0.0,0.0,0.05431104293442998,0.0,0.8333333333333334,3.791198318675622e-15
0.301962968508163,1.711777811048978,3.7699111843077517,0.0,0.0,0.0,0.04164989759053647,0.0,0.8333333333333334,3.3457147822198763e-15
0.301962968508163,1.711777811048978,4.39822971502571,0.0,0.0,0.0,0.08701980690847191,0.0,0.8333333333333334,2.11692606225617e-15
0.301962968508163,1.711777811048978,5.026548245743669,0.0,0.0,0.0,0.10450409959819013,0.0,0.8333333333333334,3.736666377559192e-15
0.301962968508163,1.711777811048978,5.654866776461628,0.0,0.0,0.0,0.07270966481911602,0.0,0.8333333333333334,3.784192154320717e-15
0.301962968508163,1.9937407795571411,0.0,0.0,0.0,0.0,0.06769118861597927,0.0,0.8333333333333334,2.5630541102598237e-15
0.301962968508163,1.9937407795571411,0.6283185307179586,0.0,0.0,0.0,0.08735535003756945,0.0,0.8333333333333334,1.4325883752947805e-15
0.301962968508163,1.9937407795571411,1.2566370614359172,0.0,0.0,0.0,0.09039282841926696,0.0,0.8333333333333334,2.0499647146322388e-15
0.301962968508163,1.9937407795571411,1.8849555921538759,0.0,0.0,0.0,0.06908746924856111,0.0,0.8333333333333334,3.0651808696398594e-15
0.301962968508163,1.9937407795571411,2.5132741228718345,0.0,0.0,0.0,0.11713087266834052,0.0,0.8333333333333334,3.591861898405361e-15
0.301962968508163,1.9937407795571411,3.141592653589793,0.0,0.0,0.0,0.06769118861597927,0.0,0.8333333333333334,3.0238616721102517e-15
0.301962968508163,1.9937407795571411,3.7699111843077517,0.0,0.0,0.0,0.0873553500375694,0.0,0.8333333333333334,3.2106363944102234e-15
0.301962968508163,1.9937407795571411,4.39822971502571,0.0,0.0,0.0,0.09039282841926696,0.0,0.8333333333333334,3.2961661049889792e-15
0.301962968508163,1.9937407795571411,5.026548245743669,0.0,0.0,0.0,0.06908746924856117,0.0,0.8333333333333334,2.2885935616012426e-15
0.301962968508163,1.9937407795571411,5.654866776461628,0.0,0.0,0.0,0.11713087266834052,0.0,0.8333333333333334,3.722661362373025e-15
0.301962968508163,2.275703748065304,0.0,0.0,0.0,0.0,0.07900207459935524,0.0,0.8333333333333334,2.0345902088909935e-15
0.301962968508163,2.275703748065304,0.6283185307179586,0.0,0.0,0.0,0.097794479574116,0.0,0.8333333333333334,2.467371630125265e-15
0.301962968508163,2.275703748065304,1.2566370614359172,0.0,0.0,0.0,0.08349611551205852,0.0,0.8333333333333334,2.2765705011617493e-15
0.301962968508163,2.275703748065304,1.8849555921538759,0.0,0.0,0.0,0.0907377888588787,0.0,0.8333333333333334,5.6486745049546534e-15
0.301962968508163,2.275703748065304,2.5132741228718345,0.0,0.0,0.0,0.12557867924648877,0.0,0.8333333333333334,2.7144498172310353e-15
0.301962968508163,2.275703748065304,3.141592653589793,0.0,0.0,0.0,0.07900207459935525,0.0,0.8333333333333334,3.2906056195808494e-15
0.301962968508163,2.275703748065304,3.7699111843077517,0.0,0.0,0.0,0.09779447957411605,0.0,0.8333333333333334,3.0494049824255095e-15
0.301962968508163,2.275703748065304,4.39822971502571,0.0,0.0,0.0,0.08349611551205852,0.0,0.8333333333333334,2.4959767613441702e-15
0.301962968508163,2.275703748065304,5.026548245743669,0.0,0.0,0.0,0.09073778885887865,0.0,0.8333333333333334,1.3063884517688322e-14
0.301962968508163,2.275703748065304,5.654866776461628,0.0,0.0,0.0,0.12557867924648877,0.0,0.8333333333333334,3.2733125138454743e-15
0.301962968508163,2.557666716573467,0.0,0.0,0.0,0.0,0.09947925582322295,0.0,0.8333333333333334,3.4335204283567485e-15
0.301962968508163,2.557666716573467,0.6283185307179586,0.0,0.0,0.0,0.09030177556213802,0.0,0.8333333333333334,2.0401654991125798e-15
0.301962968508163,2.557666716573467,1.2566370614359172,0.0,0.0,0.0,0.08827566530422296,0.0,0.8333333333333334,1.9732980417011706e-15
0.301962968508163,2.557666716573467,1.8849555921538759,0.0,0.0,0.0,0.09433370408076039,0.0,0.8333333333333334,4.4497790198257206e-15
0.301962968508163,2.557666716573467,2.5132741228718345,0.0,0.0,0.0,0.1043740795624176,0.0,0.8333333333333334,3.446132030470639e-15
0.301962968508163,2.557666716573467,3.141592653589793,0.0,0.0,0.0,0.09947925582322295,0.0,0.8333333333333334,2.626101055768095e-15
0.301962968508163,2.557666716573467,3.7699111843077517,0.0,0.0,0.0,0.09030177556213802,0.0,0.8333333333333334,1.895826225919993e-15
0.301962968508163,2.557666716573467,4.39822971502571,0.0,0.0,0.0,0.08827566530422301,0.0,0.8333333333333334,2.0533202629290732e-15
0.301962968508163,2.557666716573467,5.026548245743669,0.0,0.0,0.0,0.09433370408076042,0.0,0.8333333333333334,2.032425198960466e-15
0.301962968508163,2.557666716573467,5.654866776461628,0.0,0.0,0.0,0.1043740795624176,0.0,0.8333333333333334,3.639398949065879e-15
0.301962968508163,2.83962968508163,0.0,0.0,0.0,0.0,0.1365325788288959,0.0,0.8333333333333334,2.4180185785868528e-15
0.301962968508163,2.83962968508163,0.6283185307179586,0.0,0.0,0.0,0.0919014508114104,0.0,0.8333333333333334,3.0823374027527514e-15
0.301962968508163,2.83962968508163,1.2566370614359172,0.0,0.0,0.0,0.09686465833156169,0.0,0.8333333333333334,3.295862502086619e-15
0.301962968508163,2.83962968508163,1.8849555921538759,0.0,0.0,0.0,0.10055427086514035,0.0,0.8333333333333334,4.996515829313335e-15
0.301962968508163,2.83962968508163,2.5132741228718345,0.0,0.0,0.0,0.10509413158286374,0.0,0.8333333333333334,2.806225619331612e-15
0.301962968508163,2.83962968508163,3.141592653589793,0.0,0.0,0.0,0.13653257882889594,0.0,0.8333333333333334,3.193206835421038e-15
0.301962968508163,2.83962968508163,3.7699111843077517,0.0,0.0,0.0,0.0919014508114103,0.0,0.8333333333333334,2.738480156484253e-15
0.301962968508163,2.83962968508163,4.39822971502571,0.0,0.0,0.0,0.09686465833156163,0.0,0.8333333333333334,3.0390647547671054e-15
0.301962968508163,2.83962968508163,5.026548245743669,0.0,0.0,0.0,0.10055427086514038,0.0,0.8333333333333334,1.958417255003687e-15
0.301962968508163,2.83962968508163,5.654866776461628,0.0,0.0,0.0,0.10509413158286374,0.0,0.8333333333333334,3.9188744244982495e-15
0.301962968508163,3.121592653589793,0.0,0.0,0.0,0.0,0.1386146707168964,0.0,0.8333333333333334,2.6197746046257087e-15
0.301962968508163,3.121592653589793,0.6283185307179586,0.0,0.0,0.0,0.10438790124214539,0.0,0.8333333333333334,3.4687701976861413e-15
0.301962968508163,3.121592653589793,1.2566370614359172,0.0,0.0,0.0,0.10206813406441892,0.0,0.8333333333333334,3.02333498837472e-15
0.301962968508163,3.121592653589793,1.8849555921538759,0.0,0.0,0.0,0.10061537181621541,0.0,0.8333333333333334,4.7370361975310666e-15
0.301962968508163,3.121592653589793,2.5132741228718345,0.0,0.0,0.0,0.10740557827878536,0.0,0.8333333333333334,3.70783257003264e-15
0.301962968508163,3.121592653589793,3.141592653589793,0.0,0.0,0.0,0.1386146707168963,0.0,0.8333333333333334,2.4604764093166516e-15
0.301962968508163,3.121592653589793,3.7699111843077517,0.0,0.0,0.0,0.10438790124214539,0.0,0.8333333333333334,2.6268791122918606e-15
0.301962968508163,3.121592653589793,4.39822971502571,0.0,0.0,0.0,0.10206813406441903,0.0,0.8333333333333334,2.949323783271992e-15
0.301962968508163,3.121592653589793,5.026548245743669,0.0,0.0,0.0,0.1006153718162153,0.0,0.8333333333333334,2.753792347377092e-15
0.301962968508163,3.121592653589793,5.654866776461628,0.0,0.0,0.0,0.10740557827878539,0.0,0.8333333333333334,3.99548310884846e-15
0.583925937016326,0.02,0.0,0.0,0.0,0.0,0.1113269413931319,0.0,0.8333333333333334,3.663928857582055e-15
0.583925937016326,0.02,0.6283185307179586,0.0,0.0,0.0,0.08046918465363537,0.0,0.8333333333333334,1.8478776143713386e-15
0.583925937016326,0.02,1.2566370614359172,0.0,0.0,0.0,0.07741671757785903,0.0,0.8333333333333334,1.7352737115032468e-15
0.583925937016326,0.02,1.8849555921538759,0.0,0.0,0.0,0.07295173717166224,0.0,0.8333333333333334,2.4267874497258793e-15
0.583925937016326,0.02,2.5132741228718345,0.0,0.0,0.0,0.06822723043188558,0.0,0.8333333333333334,2.1355229563929456e-15
0.583925937016326,0.02,3.141592653589793,0.0,0.0,0.0,0.11132694139313196,0.0,0.8333333333333334,3.1543273306120084e-15
0.583925937016326,0.02,3.7699111843077517,0.0,0.0,0.0,0.08046918465363537,0.0,0.8333333333333334,2.4569457215166985e-15
0.583925937016326,0.02,4.39822971502571,0.0,0.0,0.0,0.07741671757785898,0.0,0.8333333333333334,2.118346363477819e-15
0.583925937016326,0.02,5.026548245743669,0.0,0.0,0.0,0.0729517371716622,0.0,0.8333333333333334,3.010433387450428e-15
0.583925937016326,0.02,5.654866776461628,0.0,0.0,0.0,0.06822723043188555,0.0,0.8333333333333334,3.199775425050373e-15
0.583925937016326,0.301962968508163,0.0,0.0,0.0,0.0,0.11204157456794933,0.0,0.8333333333333334,2.8402552682232176e-15
0.583925937016326,0.301962968508163,0.6283185307179586,0.0,0.0,0.0,0.08885136224008991,0.0,0.8333333333333334,3.5715857144307344e-15
0.583925937016326,0.301962968508163,1.2566370614359172,0.0,0.0,0.0,0.09180784019776042,0.0,0.8333333333333334,2.4916611302271944e-15
0.583925937016326,0.301962968508163,1.8849555921538759,0.0,0.0,0.0,0.0819999591789938,0.0,0.8333333333333334,2.2600562455695688e-15
0.583925937016326,0.301962968508163,2.5132741228718345,0.0,0.0,0.0,0.07262466483532751,0.0,0.8333333333333334,4.322677850520464e-15
0.583925937016326,0.301962968508163,3.141592653589793,0.0,0.0,0.0,0.11204157456794937,0.0,0.8333333333333334,3.2224707133955208e-15
0.583925937016326,0.301962968508163,3.7699111843077517,0.0,0.0,0.0,0.08885136224008991,0.0,0.8333333333333334,2.8011393942005156e-15
0.583925937016326,0.301962968508163,4.39822971502571,0.0,0.0,0.0,0.09180784019776037,0.0,0.8333333333333334,3.5440430053352893e-15
0.583925937016326,0.301962968508163,5.026548245743669,0.0,0.0,0.0,0.08199995917899386,0.0,0.8333333333333334,2.1528295900177892e-15
0.583925937016326,0.301962968508163,5.654866776461628,0.0,0.0,0.0,0.07262466483532745,0.0,0.8333333333333334,3.762807551195148e-15
0.583925937016326,0.583925937016326,0.0,0.0,0.0,0.0,0.11616371360513962,0.0,0.8333333333333334,1.696547111295711e-15
0.583925937016326,0.583925937016326,0.6283185307179586,0.0,0.0,0.0,0.11002081761765797,0.0,0.8333333333333334,1.9008453720270173e-15
0.583925937016326,0.583925937016326,1.2566370614359172,0.0,0.0,0.0,0.0871426603533769,0.0,0.8333333333333334,1.6386605453231143e-15
0.583925937016326,0.583925937016326,1.8849555921538759,0.0,0.0,0.0,0.08776148538652728,0.0,0.8333333333333334,1.903760795536615e-15
0.583925937016326,0.583925937016326,2.5132741228718345,0.0,0.0,0.0,0.08111803877053303,0.0,0.8333333333333334,2.0289163817855343e-15
0.583925937016326,0.583925937016326,3.141592653589793,0.0,0.0,0.0,0.11616371360513965,0.0,0.8333333333333334,2.0239132428148194e-15
0.583925937016326,0.583925937016326,3.7699111843077517,0.0,0.0,0.0,0.11002081761765803,0.0,0.8333333333333334,2.2602439199532773e-15
0.583925937016326,0.583925937016326,4.39822971502571,0.0,0.0,0.0,0.0871426603533769,0.0,0.8333333333333334,2.3979870883997024e-15
0.583925937016326,0.583925937016326,5.026548245743669,0.0,0.0,0.0,0.08776148538652723,0.0,0.8333333333333334,2.435754877162754e-15
0.583925937016326,0.583925937016326,5.654866776461628,0.0,0.0,0.0,0.08111803877053303,0.0,0.8333333333333334,2.2129329680557885e-15
0.583925937016326,0.865888905524489,0.0,0.0,0.0,0.0,0.11781175802460009,0.0,0.8333333333333334,3.922044476836574e-15
0.583925937016326,0.865888905524489,0.6283185307179586,0.0,0.0,0.0,0.1226115094709787,0.0,0.8333333333333334,4.1662410604973494e-15
0.583925937016326,0.865888905524489,1.2566370614359172,0.0,0.0,0.0,0.09543737139348711,0.0,0.8333333333333334,5.398461054611971e-15
0.583925937016326,0.865888905524489,1.8849555921538759,0.0,0.0,0.0,0.08899519603533802,0.0,0.8333333333333334,4.467707168651626e-15
0.583925937016326,0.865888905524489,2.5132741228718345,0.0,0.0,0.0,0.08407900558200618,0.0,0.8333333333333334,3.7077514401346894e-15
0.583925937016326,0.865888905524489,3.141592653589793,0.0,0.0,0.0,0.11781175802460009,0.0,0.8333333333333334,3.888506005093487e-15
0.583925937016326,0.865888905524489,3.7699111843077517,0.0,0.0,0.0,0.12261150947097872,0.0,0.8333333333333334,3.607046043482457e-15
0.583925937016326,0.865888905524489,4.39822971502571,0.0,0.0,0.0,0.09543737139348704,0.0,0.8333333333333334,2.7882322847247407e-15
0.583925937016326,0.865888905524489,5.026548245743669,0.0,0.0,0.0,0.08899519603533798,0.0,0.8333333333333334,3.5036879792846975e-15
0.583925937016326,0.865888905524489,5.654866776461628,0.0,0.0,0.0,0.08407900558200612,0.0,0.8333333333333334,4.666277635016774e-15
0.583925937016326,1.147851874032652,0.0,0.0,0.0,0.0,0.06537657865349707,0.0,0.8333333333333334,2.0471969996065232e-15
0.583925937016326,1.147851874032652,0.6283185307179586,0.0,0.0,0.0,0.10597826057900031,0.0,0.8333333333333334,1.2827377783435436e-15
0.583925937016326,1.147851874032652,1.2566370614359172,0.0,0.0,0.0,0.09833546848803157,0.0,0.8333333333333334,3.8942550101236354e-15
0.583925937016326,1.147851874032652,1.8849555921538759,0.0,0.0,0.0,0.11700651162753448,0.0,0.8333333333333334,2.4994966738085e-15
0.583925937016326,1.147851874032652,2.5132741228718345,0.0,0.0,0.0,0.10321761695707161,0.0,0.8333333333333334,2.3589234046614874e-15
0.583925937016326,1.147851874032652,3.141592653589793,0.0,0.0,0.0,0.06537657865349707,0.0,0.8333333333333334,1.7026050551367954e-15
0.583925937016326,1.147851874032652,3.7699111843077517,0.0,0.0,0.0,0.10597826057900037,0.0,0.8333333333333334,3.944144756799607e-15
0.583925937016326,1.147851874032652,4.39822971502571,0.0,0.0,0.0,0.09833546848803157,0.0,0.8333333333333334,2.1797230452710574e-15
0.583925937016326,1.147851874032652,5.026548245743669,0.0,0.0,0.0,0.11700651162753448,0.0,0.8333333333333334,2.7324497799763177e-15
0.583925937016326,1.147851874032652,5.654866776461628,0.0,0.0,0.0,0.10321761695707161,0.0,0.8333333333333334,2.547160241945626e-15
0.583925937016326,1.429814842540815,0.0,0.0,0.0,0.0,0.06268534734072673,0.0,0.8333333333333334,2.8440253392982394e-15
0.583925937016326,1.429814842540815,0.6283185307179586,0.0,0.0,0.0,0.050754835527888176,0.0,0.8333333333333334,1.6466451290867769e-15
0.583925937016326,1.429814842540815,1.2566370614359172,0.0,0.0,0.0,0.11136872618973989,0.0,0.8333333333333334,1.2502466650298059e-15
0.583925937016326,1.429814842540815,1.8849555921538759,0.0,0.0,0.0,0.12451802313442131,0.0,0.8333333333333334,2.781234677055979e-15
0.583925937016326,1.429814842540815,2.5132741228718345,0.0,0.0,0.0,0.07664847559392143,0.0,0.8333333333333334,2.342137660838753e-15
0.583925937016326,1.429814842540815,3.141592653589793,0.0,0.0,0.0,0.06268534734072673,0.0,0.8333333333333334,2.7185761905086855e-15
0.583925937016326,1.429814842540815,3.7699111843077517,0.0,0.0,0.0,0.050754835527888176,0.0,0.8333333333333334,2.1884313024538797e-15
0.583925937016326,1.429814842540815,4.39822971502571,0.0,0.0,0.0,0.11136872618973984,0.0,0.8333333333333334,2.6232024038902503e-15
0.583925937016326,1.429814842540815,5.026548245743669,0.0,0.0,0.0,0.12451802313442133,0.0,0.8333333333333334,2.0192361995635295e-15
0.583925937016326,1.429814842540815,5.654866776461628,0.0,0.0,0.0,0.07664847559392146,0.0,0.8333333333333334,2.103940506654043e-15
0.583925937016326,1.711777811048978,0.0,0.0,0.0,0.0,0.06268534734072666,0.0,0.8333333333333334,2.3838624156075917e-15
0.583925937016326,1.711777811048978,0.6283185307179586,0.0,0.0,0.0,0.0766484755939209,0.0,0.8333333333333334,2.1348959784879276e-15
0.583925937016326,1.711777811048978,1.2566370614359172,0.0,0.0,0.0,0.1245180231344214,0.0,0.8333333333333334,1.839333766118354e-15
0.583925937016326,1.711777811048978,1.8849555921538759,0.0,0.0,0.0,0.11136872618973911,0.0,0.8333333333333334,1.77218992184592e-15
0.583925937016326,1.711777811048978,2.5132741228718345,0.0,0.0,0.0,0.0507548355278874,0.0,0.8333333333333334,2.4284235926382493e-15
0.583925937016326,1.711777811048978,3.141592653589793,0.0,0.0,0.0,0.0626853473407267,0.0,0.8333333333333334,2.243443718183054e-15
0.583925937016326,1.711777811048978,3.7699111843077517,0.0,0.0,0.0,0.0766484755939209,0.0,0.8333333333333334,2.466007218570693e-15
0.583925937016326,1.711777811048978,4.39822971502571,0.0,0.0,0.0,0.12451802313442142,0.0,0.8333333333333334,1.3910911025711435e-15
0.583925937016326,1.711777811048978,5.026548245743669,0.0,0.0,0.0,0.11136872618973917,0.0,0.8333333333333334,2.975679258665832e-15
0.583925937016326,1.711777811048978,5.654866776461628,0.0,0.0,0.0,0.050754835527887315,0.0,0.8333333333333334,2.8426571486207623e-15
0.583925937016326,1.9937407795571411,0.0,0.0,0.0,0.0,0.06537657865349657,0.0,0.8333333333333334,1.7950823609531956e-15
0.583925937016326,1.9937407795571411,0.6283185307179586,0.0,0.0,0.0,0.10321761695707168,0.0,0.8333333333333334,2.6375127355380955e-15
0.583925937016326,1.9937407795571411,1.2566370614359172,0.0,0.0,0.0,0.11700651162753409,0.0,0.8333333333333334,2.1156242166535935e-15
0.583925937016326,1.9937407795571411,1.8849555921538759,0.0,0.0,0.0,0.09833546848803196,0.0,0.8333333333333334,3.1691130155474156e-15
0.583925937016326,1.9937407795571411,2.5132741228718345,0.0,0.0,0.0,0.10597826057900026,0.0,0.8333333333333334,2.3524904003460043e-15
0.583925937016326,1.9937407795571411,3.141592653589793,0.0,0.0,0.0,0.06537657865349657,0.0,0.8333333333333334,1.775121991983083e-15
0.583925937016326,1.9937407795571411,3.7699111843077517,0.0,0.0,0.0,0.10321761695707173,0.0,0.8333333333333334,3.2468156947338093e-15
0.583925937016326,1.9937407795571411,4.39822971502571,0.0,0.0,0.0,0.11700651162753392,0.0,0.8333333333333334,3.161380327157249e-15
0.583925937016326,1.9937407795571411,5.026548245743669,0.0,0.0,0.0,0.09833546848803185,0.0,0.8333333333333334,3.993079222524303e-15
0.583925937016326,1.9937407795571411,5.654866776461628,0.0,0.0,0.0,0.10597826057900026,0.0,0.8333333333333334,2.663542102461689e-15
0.583925937016326,2.275703748065304,0.0,0.0,0.0,0.0,0.11781175802459969,0.0,0.8333333333333334,2.923998608336564e-15
0.583925937016326,2.275703748065304,0.6283185307179586,0.0,0.0,0.0,0.0840790055820061,0.0,0.8333333333333334,2.8311213943557987e-15
0.583925937016326,2.275703748065304,1.2566370614359172,0.0,0.0,0.0,0.08899519603533788,0.0,0.8333333333333334,3.801719824517249e-15
0.583925937016326,2.275703748065304,1.8849555921538759,0.0,0.0,0.0,0.09543737139348718,0.0,0.8333333333333334,1.9819611175889752e-14
0.583925937016326,2.275703748065304,2.5132741228718345,0.0,0.0,0.0,0.1226115094709791,0.0,0.8333333333333334,2.8259689099521685e-15
0.583925937016326,2.275703748065304,3.141592653589793,0.0,0.0,0.0,0.1178117580245997,0.0,0.8333333333333334,3.884428036350913e-15
0.583925937016326,2.275703748065304,3.7699111843077517,0.0,0.0,0.0,0.0840790055820061,0.0,0.8333333333333334,2.5306308284461323e-15
0.583925937016326,2.275703748065304,4.39822971502571,0.0,0.0,0.0,0.0889951960353379,0.0,0.8333333333333334,3.9474394936492045e-15
0.583925937016326,2.275703748065304,5.026548245743669,0.0,0.0,0.0,0.09543737139348736,0.0,0.8333333333333334,3.1462118248255134e-15
0.583925937016326,2.275703748065304,5.654866776461628,0.0,0.0,0.0,0.12261150947097908,0.0,0.8333333333333334,2.5877846634716514e-15
0.583925937016326,2.557666716573467,0.0,0.0,0.0,0.0,0.11616371360513972,0.0,0.8333333333333334,3.290764483306573e-15
0.583925937016326,2.557666716573467,0.6283185307179586,0.0,0.0,0.0,0.08111803877053325,0.0,0.8333333333333334,4.049156739252991e-15
0.583925937016326,2.557666716573467,1.2566370614359172,0.0,0.0,0.0,0.0877614853865274,0.0,0.8333333333333334,3.4619178284396517e-15
0.583925937016326,2.557666716573467,1.8849555921538759,0.0,0.0,0.0,0.08714266035337623,0.0,0.8333333333333334,3.92314488022411e-15
0.583925937016326,2.557666716573467,2.5132741228718345,0.0,0.0,0.0,0.1100208176176582,0.0,0.8333333333333334,2.8454474996675127e-15
0.583925937016326,2.557666716573467,3.141592653589793,0.0,0.0,0.0,0.11616371360513972,0.0,0.8333333333333334,2.6237200588611637e-15
0.583925937016326,2.557666716573467,3.7699111843077517,0.0,0.0,0.0,0.08111803877053325,0.0,0.8333333333333334,5.090662540685873e-15
0.583925937016326,2.557666716573467,4.39822971502571,0.0,0.0,0.0,0.0877614853865274,0.0,0.8333333333333334,3.0333861694661964e-15
0.583925937016326,2.557666716573467,5.026548245743669,0.0,0.0,0.0,0.08714266035337617,0.0,0.8333333333333334,4.296687940194886e-15
0.583925937016326,2.557666716573467,5.654866776461628,0.0,0.0,0.0,0.11002081761765817,0.0,0.8333333333333334,3.7710652394935245e-15
0.583925937016326,2.83962968508163,0.0,0.0,0.0,0.0,0.11204157456794894,0.0,0.8333333333333334,1.8324190271123885e-15
0.583925937016326,2.83962968508163,0.6283185307179586,0.0,0.0,0.0,0.07262466483532778,0.0,0.8333333333333334,1.7864967291394687e-15
0.583925937016326,2.83962968508163,1.2566370614359172,0.0,0.0,0.0,0.08199995917899339,0.0,0.8333333333333334,4.010653558961087e-15
0.583925937016326,2.83962968508163,1.8849555921538759,0.0,0.0,0.0,0.09180784019776009,0.0,0.8333333333333334,1.942006316453848e-15
0.583925937016326,2.83962968508163,2.5132741228718345,0.0,0.0,0.0,0.08885136224009013,0.0,0.8333333333333334,3.109576959266574e-15
0.583925937016326,2.83962968508163,3.141592653589793,0.0,0.0,0.0,0.11204157456794894,0.0,0.8333333333333334,3.0389251237362937e-15
0.583925937016326,2.83962968508163,3.7699111843077517,0.0,0.0,0.0,0.07262466483532784,0.0,0.8333333333333334,3.3646280771837795e-15
0.583925937016326,2.83962968508163,4.39822971502571,0.0,0.0,0.0,0.08199995917899341,0.0,0.8333333333333334,3.708317170104041e-15
0.583925937016326,2.83962968508163,5.026548245743669,0.0,0.0,0.0,0.09180784019776009,0.0,0.8333333333333334,3.7376086451144375e-15
0.583925937016326,2.83962968508163,5.654866776461628,0.0,0.0,0.0,0.08885136224009019,0.0,0.8333333333333334,1.652911899233042e-15
0.583925937016326,3.121592653589793,0.0,0.0,0.0,0.0,0.11132694139313201,0.0,0.8333333333333334,2.27116387910918e-15
0.583925937016326,3.121592653589793,0.6283185307179586,0.0,0.0,0.0,0.06822723043188549,0.0,0.8333333333333334,1.5954482441806402e-15
0.583925937016326,3.121592653589793,1.2566370614359172,0.0,0.0,0.0,0.07295173717166238,0.0,0.8333333333333334,3.778501381787086e-15
0.583925937016326,3.121592653589793,1.8849555921538759,0.0,0.0,0.0,0.077416717577859,0.0,0.8333333333333334,1.6271228051520255e-15
0.583925937016326,3.121592653589793,2.5132741228718345,0.0,0.0,0.0,0.0804691846536352,0.0,0.8333333333333334,2.1083509171688696e-15
0.583925937016326,3.121592653589793,3.141592653589793,0.0,0.0,0.0,0.11132694139313201,0.0,0.8333333333333334,2.3120143319788172e-15
0.583925937016326,3.121592653589793,3.7699111843077517,0.0,0.0,0.0,0.0682272304318855,0.0,0.8333333333333334,3.0853810387543246e-15
0.583925937016326,3.121592653589793,4.39822971502571,0.0,0.0,0.0,0.07295173717166234,0.0,0.8333333333333334,2.9787648071069826e-15
0.583925937016326,3.121592653589793,5.026548245743669,0.0,0.0,0.0,0.07741671757785903,0.0,0.8333333333333334,2.5346585319088674e-15
0.583925937016326,3.121592653589793,5.654866776461628,0.0,0.0,0.0,0.08046918465363523,0.0,0.8333333333333334,2.3781468180391048e-15
0.865888905524489,0.02,0.0,0.0,0.0,0.0,0.08727625231714625,0.0,0.8333333333333334,4.511509731195403e-15
0.865888905524489,0.02,0.6283185307179586,0.0,0.0,0.0,0.059461748282056665,0.0,0.8333333333333334,6.675426767630125e-15
0.865888905524489,0.02,1.2566370614359172,0.0,0.0,0.0,0.07097152087911143,0.0,0.8333333333333334,3.5975278654535756e-15
0.865888905524489,0.02,1.8849555921538759,0.0,0.0,0.0,0.07075262402396629,0.0,0.8333333333333334,3.5874734326937755e-15
0.865888905524489,0.02,2.5132741228718345,0.0,0.0,0.0,0.06450280013330179,0.0,0.8333333333333334,4.527112330498335e-15
0.865888905524489,0.02,3.141592653589793,0.0,0.0,0.0,0.08727625231714625,0.0,0.8333333333333334,4.653800246902008e-15
0.865888905524489,0.02,3.7699111843077517,0.0,0.0,0.0,0.059461748282056776,0.0,0.8333333333333334,3.816213589733235e-15
0.865888905524489,0.02,4.39822971502571,0.0,0.0,0.0,0.07097152087911143,0.0,0.8333333333333334,3.357938253015103e-15
0.865888905524489,0.02,5.026548245743669,0.0,0.0,0.0,0.07075262402396629,0.0,0.8333333333333334,4.4215718519365126e-15
0.865888905524489,0.02,5.654866776461628,0.0,0.0,0.0,0.06450280013330181,0.0,0.8333333333333334,4.185149576834398e-15
0.865888905524489,0.301962968508163,0.0,0.0,0.0,0.0,0.06655191334088023,0.0,0.8333333333333334,2.534197227764698e-15
0.865888905524489,0.301962968508163,0.6283185307179586,0.0,0.0,0.0,0.0767671132645901,0.0,0.8333333333333334,2.4608448877591967e-15
0.865888905524489,0.301962968508163,1.2566370614359172,0.0,0.0,0.0,0.08344031329651645,0.0,0.8333333333333334,3.873830884560588e-15
0.865888905524489,0.301962968508163,1.8849555921538759,0.0,0.0,0.0,0.07854369684190834,0.0,0.8333333333333334,1.8597955623996095e-15
0.865888905524489,0.301962968508163,2.5132741228718345,0.0,0.0,0.0,0.08516558440417568,0.0,0.8333333333333334,3.0300280384944503e-15
0.865888905524489,0.301962968508163,3.141592653589793,0.0,0.0,0.0,0.06655191334088034,0.0,0.8333333333333334,3.865455633440718e-15
0.865888905524489,0.301962968508163,3.7699111843077517,0.0,0.0,0.0,0.07676711326459015,0.0,0.8333333333333334,3.0179865738743994e-15
0.865888905524489,0.301962968508163,4.39822971502571,0.0,0.0,0.0,0.08344031329651641,0.0,0.8333333333333334,2.8037025802729022e-15
0.865888905524489,0.301962968508163,5.026548245743669,0.0,0.0,0.0,0.07854369684190837,0.0,0.8333333333333334,1.8957915474517948e-15
0.865888905524489,0.301962968508163,5.654866776461628,0.0,0.0,0.0,0.08516558440417568,0.0,0.8333333333333334,3.0346533310792504e-15
0.865888905524489,0.583925937016326,0.0,0.0,0.0,0.0,0.0762412784943986,0.0,0.8333333333333334,2.6659167988421123e-15
0.865888905524489,0.583925937016326,0.6283185307179586,0.0,0.0,0.0,0.06537833240253774,0.0,0.8333333333333334,2.0820911095826426e-15
0.865888905524489,0.583925937016326,1.2566370614359172,0.0,0.0,0.0,0.08011215125899862,0.0,0.8333333333333334,2.34237437593616e-15
0.865888905524489,0.583925937016326,1.8849555921538759,0.0,0.0,0.0,0.09551040705969441,0.0,0.8333333333333334,2.424426654409383e-15
0.865888905524489,0.583925937016326,2.5132741228718345,0.0,0.0,0.0,0.10204353997158674,0.0,0.8333333333333334,1.2736142064758708e-15
0.865888905524489,0.583925937016326,3.141592653589793,0.0,0.0,0.0,0.0762412784943986,0.0,0.8333333333333334,2.6281632382616932e-15
0.865888905524489,0.583925937016326,3.7699111843077517,0.0,0.0,0.0,0.06537833240253774,0.0,0.8333333333333334,3.79320687713078e-15
0.865888905524489,0.583925937016326,4.39822971502571,0.0,0.0,0.0,0.08011215125899857,0.0,0.8333333333333334,2.4627126651680507e-15
0.865888905524489,0.583925937016326,5.026548245743669,0.0,0.0,0.0,0.09551040705969457,0.0,0.8333333333333334,2.643803569491531e-15
0.865888905524489,0.583925937016326,5.654866776461628,0.0,0.0,0.0,0.1020435399715868,0.0,0.8333333333333334,2.2098112242383565e-15
0.865888905524489,0.865888905524489,0.0,0.0,0.0,0.0,0.09309270075000943,0.0,0.8333333333333334,1.4379026791548046e-15
0.865888905524489,0.865888905524489,0.6283185307179586,0.0,0.0,0.0,0.12022455947237812,0.0,0.8333333333333334,3.1854906057290936e-15
0.865888905524489,0.865888905524489,1.2566370614359172,0.0,0.0,0.0,0.10279133036159138,0.0,0.8333333333333334,2.735188685646385e-15
0.865888905524489,0.865888905524489,1.8849555921538759,0.0,0.0,0.0,0.09785533957662548,0.0,0.8333333333333334,1.0638711296870398e-15
0.865888905524489,0.865888905524489,2.5132741228718345,0.0,0.0,0.0,0.10970565921869299,0.0,0.8333333333333334,2.9422963926152462e-15
0.865888905524489,0.865888905524489,3.141592653589793,0.0,0.0,0.0,0.09309270075000943,0.0,0.8333333333333334,2.196715829494693e-15
0.865888905524489,0.865888905524489,3.7699111843077517,0.0,0.0,0.0,0.12022455947237817,0.0,0.8333333333333334,1.7430499952489576e-15
0.865888905524489,0.865888905524489,4.39822971502571,0.0,0.0,0.0,0.10279133036159138,0.0,0.8333333333333334,2.3091228945210693e-15
0.865888905524489,0.865888905524489,5.026548245743669,0.0,0.0,0.0,0.09785533957662554,0.0,0.8333333333333334,1.6099850339552088e-15
0.865888905524489,0.865888905524489,5.654866776461628,0.0,0.0,0.0,0.10970565921869288,0.0,0.8333333333333334,2.559365240163563e-15
0.865888905524489,1.147851874032652,0.0,0.0,0.0,0.0,0.09817811399185186,0.0,0.8333333333333334,3.5941901359735775e-15
0.865888905524489,1.147851874032652,0.6283185307179586,0.0,0.0,0.0,0.10634843615131118,0.0,0.8333333333333334,3.986817251981111e-15
0.865888905524489,1.147851874032652,1.2566370614359172,0.0,0.0,0.0,0.09824749098597925,0.0,0.8333333333333334,4.0329178282473014e-15
0.865888905524489,1.147851874032652,1.8849555921538759,0.0,0.0,0.0,0.03349806251333193,0.0,0.8333333333333334,2.8081026362230676e-15
0.865888905524489,1.147851874032652,2.5132741228718345,0.0,0.0,0.0,0.101291786443276,0.0,0.8333333333333334,3.219319010037422e-15
0.865888905524489,1.147851874032652,3.141592653589793,0.0,0.0,0.0,0.09817811399185189,0.0,0.8333333333333334,2.3021329960741947e-15
0.865888905524489,1.147851874032652,3.7699111843077517,0.0,0.0,0.0,0.10634843615131115,0.0,0.8333333333333334,3.528850265803147e-15
0.865888905524489,1.147851874032652,4.39822971502571,0.0,0.0,0.0,0.09824749098597925,0.0,0.8333333333333334,5.984786706706862e-15
0.865888905524489,1.147851874032652,5.026548245743669,0.0,0.0,0.0,0.03349806251333193,0.0,0.8333333333333334,3.019482858416914e-15
0.865888905524489,1.147851874032652,5.654866776461628,0.0,0.0,0.0,0.101291786443276,0.0,0.8333333333333334,4.306167061774682e-15
0.865888905524489,1.429814842540815,0.0,0.0,0.0,0.0,0.07279059183931216,0.0,0.8333333333333334,2.3964784103892703e-15
0.865888905524489,1.429814842540815,0.6283185307179586,0.0,0.0,0.0,0.09999371659605678,0.0,0.8333333333333334,3.371316238222173e-15
0.865888905524489,1.429814842540815,1.2566370614359172,0.0,0.0,0.0,0.05174247878763559,0.0,0.8333333333333334,1.8500283136620624e-15
0.865888905524489,1.429814842540815,1.8849555921538759,0.0,0.0,0.0,0.022258418399584867,0.0,0.8333333333333334,2.222882897896872e-15
0.865888905524489,1.429814842540815,2.5132741228718345,0.0,0.0,0.0,0.09568152124259795,0.0,0.8333333333333334,2.6304398261620957e-15
0.865888905524489,1.429814842540815,3.141592653589793,0.0,0.0,0.0,0.07279059183931216,0.0,0.8333333333333334,3.2011964951315117e-15
0.865888905524489,1.429814842540815,3.7699111843077517,0.0,0.0,0.0,0.09999371659605681,0.0,0.8333333333333334,1.9562007306126613e-15
0.865888905524489,1.429814842540815,4.39822971502571,0.0,0.0,0.0,0.051742478787635604,0.0,0.8333333333333334,1.6506974686278929e-15
0.865888905524489,1.429814842540815,5.026548245743669,0.0,0.0,0.0,0.022258418399584867,0.0,0.8333333333333334,2.45998036401197e-15
0.865888905524489,1.429814842540815,5.654866776461628,0.0,0.0,0.0,0.09568152124259795,0.0,0.8333333333333334,2.4308968440951244e-15
0.865888905524489,1.711777811048978,0.0,0.0,0.0,0.0,0.0727905918393125,0.0,0.8333333333333334,1.877401130984555e-15
0.865888905524489,1.711777811048978,0.6283185307179586,0.0,0.0,0.0,0.09568152124259807,0.0,0.8333333333333334,2.719158923991283e-15
0.865888905524489,1.711777811048978,1.2566370614359172,0.0,0.0,0.0,0.022258418399584867,0.0,0.8333333333333334,2.3049373957341672e-15
0.865888905524489,1.711777811048978,1.8849555921538759,0.0,0.0,0.0,0.05174247878763552,0.0,0.8333333333333334,2.920694863688984e-15
0.865888905524489,1.711777811048978,2.5132741228718345,0.0,0.0,0.0,0.09999371659605695,0.0,0.8333333333333334,2.572108432443391e-15
0.865888905524489,1.711777811048978,3.141592653589793,0.0,0.0,0.0,0.0727905918393125,0.0,0.8333333333333334,1.5847437643655855e-15
0.865888905524489,1.711777811048978,3.7699111843077517,0.0,0.0,0.0,0.09568152124259809,0.0,0.8333333333333334,3.469268119499402e-15
0.865888905524489,1.711777811048978,4.39822971502571,0.0,0.0,0.0,0.02225841839958484,0.0,0.8333333333333334,2.303432308459542e-15
0.865888905524489,1.711777811048978,5.026548245743669,0.0,0.0,0.0,0.05174247878763556,0.0,0.8333333333333334,1.822859127728332e-15
0.865888905524489,1.711777811048978,5.654866776461628,0.0,0.0,0.0,0.09999371659605694,0.0,0.8333333333333334,2.282933761904902e-15
0.865888905524489,1.9937407795571411,0.0,0.0,0.0,0.0,0.09817811399185183,0.0,0.8333333333333334,1.9759764314288843e-15
0.865888905524489,1.9937407795571411,0.6283185307179586,0.0,0.0,0.0,0.10129178644327609,0.0,0.8333333333333334,3.579677253426066e-15
0.865888905524489,1.9937407795571411,1.2566370614359172,0.0,0.0,0.0,0.03349806251333168,0.0,0.8333333333333334,2.5038559835448024e-15
0.865888905524489,1.9937407795571411,1.8849555921538759,0.0,0.0,0.0,0.09824749098597921,0.0,0.8333333333333334,1.8840596554976073e-15
0.865888905524489,1.9937407795571411,2.5132741228718345,0.0,0.0,0.0,0.1063484361513111,0.0,0.8333333333333334,2.4741230159664997e-15
0.865888905524489,1.9937407795571411,3.141592653589793,0.0,0.0,0.0,0.0981781139918518,0.0,0.8333333333333334,2.8646011597801167e-15
0.865888905524489,1.9937407795571411,3.7699111843077517,0.0,0.0,0.0,0.10129178644327615,0.0,0.8333333333333334,3.5383037917790928e-15
0.865888905524489,1.9937407795571411,4.39822971502571,0.0,0.0,0.0,0.033498062513331706,0.0,0.8333333333333334,2.6230436033104235e-15
0.865888905524489,1.9937407795571411,5.026548245743669,0.0,0.0,0.0,0.09824749098597918,0.0,0.8333333333333334,2.8367741989367214e-15
0.865888905524489,1.9937407795571411,5.654866776461628,0.0,0.0,0.0,0.10634843615131108,0.0,0.8333333333333334,1.8704296628098302e-15
0.865888905524489,2.275703748065304,0.0,0.0,0.0,0.0,0.0930927007500096,0.0,0.8333333333333334,1.1927966232329597e-15
0.865888905524489,2.275703748065304,0.6283185307179586,0.0,0.0,0.0,0.10970565921869299,0.0,0.8333333333333334,3.567507400094382e-15
0.865888905524489,2.275703748065304,1.2566370614359172,0.0,0.0,0.0,0.0978553395766257,0.0,0.8333333333333334,3.542929841225517e-15
0.865888905524489,2.275703748065304,1.8849555921538759,0.0,0.0,0.0,0.1027913303615913,0.0,0.8333333333333334,2.306726411272976e-15
0.865888905524489,2.275703748065304,2.5132741228718345,0.0,0.0,0.0,0.12022455947237795,0.0,0.8333333333333334,2.690681359235228e-15
0.865888905524489,2.275703748065304,3.141592653589793,0.0,0.0,0.0,0.0930927007500096,0.0,0.8333333333333334,1.795030362346872e-15
0.865888905524489,2.275703748065304,3.7699111843077517,0.0,0.0,0.0,0.10970565921869288,0.0,0.8333333333333334,3.4717732637231503e-15
0.865888905524489,2.275703748065304,4.39822971502571,0.0,0.0,0.0,0.09785533957662576,0.0,0.8333333333333334,2.456364218211369e-15
0.865888905524489,2.275703748065304,5.026548245743669,0.0,0.0,0.0,0.10279133036159128,0.0,0.8333333333333334,3.0434665793019547e-15
0.865888905524489,2.275703748065304,5.654866776461628,0.0,0.0,0.0,0.12022455947237812,0.0,0.8333333333333334,3.96578659372456e-15
0.865888905524489,2.557666716573467,0.0,0.0,0.0,0.0,0.07624127849439871,0.0,0.8333333333333334,2.2279181521730468e-15
0.865888905524489,2.557666716573467,0.6283185307179586,0.0,0.0,0.0,0.10204353997158663,0.0,0.8333333333333334,3.685266073689184e-15
0.865888905524489,2.557666716573467,1.2566370614359172,0.0,0.0,0.0,0.09551040705969457,0.0,0.8333333333333334,2.351656218578658e-15
0.865888905524489,2.557666716573467,1.8849555921538759,0.0,0.0,0.0,0.08011215125899826,0.0,0.8333333333333334,2.3574802190096137e-15
0.865888905524489,2.557666716573467,2.5132741228718345,0.0,0.0,0.0,0.0653783324025384,0.0,0.8333333333333334,1.2564451243102254e-15
0.865888905524489,2.557666716573467,3.141592653589793,0.0,0.0,0.0,0.07624127849439881,0.0,0.8333333333333334,2.3726697167160115e-15
0.865888905524489,2.557666716573467,3.7699111843077517,0.0,0.0,0.0,0.10204353997158658,0.0,0.8333333333333334,2.3005878676969748e-15
0.865888905524489,2.557666716573467,4.39822971502571,0.0,0.0,0.0,0.09551040705969457,0.0,0.8333333333333334,2.1086705973940097e-15
0.865888905524489,2.557666716573467,5.026548245743669,0.0,0.0,0.0,0.08011215125899826,0.0,0.8333333333333334,1.885733942341239e-15
0.865888905524489,2.557666716573467,5.654866776461628,0.0,0.0,0.0,0.06537833240253846,0.0,0.8333333333333334,2.1765407512745645e-15
0.865888905524489,2.83962968508163,0.0,0.0,0.0,0.0,0.0665519133408807,0.0,0.8333333333333334,2.4047045711913194e-15
0.865888905524489,2.83962968508163,0.6283185307179586,0.0,0.0,0.0,0.08516558440417585,0.0,0.8333333333333334,2.0952251525564237e-15
0.865888905524489,2.83962968508163,1.2566370614359172,0.0,0.0,0.0,0.07854369684190843,0.0,0.8333333333333334,5.161440554986378e-15
0.865888905524489,2.83962968508163,1.8849555921538759,0.0,0.0,0.0,0.0834403132965165,0.0,0.8333333333333334,3.898172416118708e-15
0.865888905524489,2.83962968508163,2.5132741228718345,0.0,0.0,0.0,0.07676711326458988,0.0,0.8333333333333334,1.529342511186042e-15
0.865888905524489,2.83962968508163,3.141592653589793,0.0,0.0,0.0,0.06655191334088065,0.0,0.8333333333333334,2.5218782660236348e-15
0.865888905524489,2.83962968508163,3.7699111843077517,0.0,0.0,0.0,0.08516558440417585,0.0,0.8333333333333334,3.795692842664045e-15
0.865888905524489,2.83962968508163,4.39822971502571,0.0,0.0,0.0,0.07854369684190843,0.0,0.8333333333333334,2.746553387219159e-15
0.865888905524489,2.83962968508163,5.026548245743669,0.0,0.0,0.0,0.08344031329651647,0.0,0.8333333333333334,3.479401470124958e-15
0.865888905524489,2.83962968508163,5.654866776461628,0.0,0.0,0.0,0.0767671132645899,0.0,0.8333333333333334,2.9544474211240856e-15
0.865888905524489,3.121592653589793,0.0,0.0,0.0,0.0,0.08727625231714632,0.0,0.8333333333333334,4.438330781510112e-15
0.865888905524489,3.121592653589793,0.6283185307179586,0.0,0.0,0.0,0.06450280013330184,0.0,0.8333333333333334,3.9438246102562136e-15
0.865888905524489,3.121592653589793,1.2566370614359172,0.0,0.0,0.0,0.07075262402396612,0.0,0.8333333333333334,4.685908261918071e-15
0.865888905524489,3.121592653589793,1.8849555921538759,0.0,0.0,0.0,0.07097152087911104,0.0,0.8333333333333334,4.999460375764267e-15
0.865888905524489,3.121592653589793,2.5132741228718345,0.0,0.0,0.0,0.059461748282057,0.0,0.8333333333333334,3.886084019357948e-15
0.865888905524489,3.121592653589793,3.141592653589793,0.0,0.0,0.0,0.08727625231714632,0.0,0.8333333333333334,4.849079832111095e-15
0.865888905524489,3.121592653589793,3.7699111843077517,0.0,0.0,0.0,0.06450280013330184,0.0,0.8333333333333334,4.10634356403839e-15
0.865888905524489,3.121592653589793,4.39822971502571,0.0,0.0,0.0,0.07075262402396615,0.0,0.8333333333333334,3.112146781978875e-15
0.865888905524489,3.121592653589793,5.026548245743669,0.0,0.0,0.0,0.07097152087911102,0.0,0.8333333333333334,4.072416764789931e-15
0.865888905524489,3.121592653589793,5.654866776461628,0.0,0.0,0.0,0.059461748282057025,0.0,0.8333333333333334,3.4331418994098386e-15
1.147851874032652,0.02,0.0,0.0,0.0,0.0,0.07740805163737327,0.0,0.8333333333333334,2.1956263558160884e-15
1.147851874032652,0.02,0.6283185307179586,0.0,0.0,0.0,0.05338550727491376,0.0,0.8333333333333334,3.293953376065853e-15
1.147851874032652,0.02,1.2566370614359172,0.0,0.0,0.0,0.05878747081474589,0.0,0.8333333333333334,3.376953476983107e-15
1.147851874032652,0.02,1.8849555921538759,0.0,0.0,0.0,0.09252986363987482,0.0,0.8333333333333334,3.815892206819926e-15
1.147851874032652,0.02,2.5132741228718345,0.0,0.0,0.0,0.05620189541677263,0.0,0.8333333333333334,2.773412591558489e-15
1.147851874032652,0.02,3.141592653589793,0.0,0.0,0.0,0.0774080516373733,0.0,0.8333333333333334,2.692817278609942e-15
1.147851874032652,0.02,3.7699111843077517,0.0,0.0,0.0,0.053385507274913785,0.0,0.8333333333333334,2.3791674628767198e-15
1.147851874032652,0.02,4.39822971502571,0.0,0.0,0.0,0.05878747081474589,0.0,0.8333333333333334,2.4033438758655017e-15
1.147851874032652,0.02,5.026548245743669,0.0,0.0,0.0,0.09252986363987488,0.0,0.8333333333333334,2.546498203076505e-15
1.147851874032652,0.02,5.654866776461628,0.0,0.0,0.0,0.05620189541677266,0.0,0.8333333333333334,3.93309420752149e-15
1.147851874032652,0.301962968508163,0.0,0.0,0.0,0.0,0.06729836868897576,0.0,0.8333333333333334,1.9537094199756436e-15
1.147851874032652,0.301962968508163,0.6283185307179586,0.0,0.0,0.0,0.054747389740489955,0.0,0.8333333333333334,2.7229064588648676e-15
1.147851874032652,0.301962968508163,1.2566370614359172,0.0,0.0,0.0,0.06406115236127849,0.0,0.8333333333333334,1.4364384510774306e-15
1.147851874032652,0.301962968508163,1.8849555921538759,0.0,0.0,0.0,0.0794473919881235,0.0,0.8333333333333334,3.585552231040646e-15
1.147851874032652,0.301962968508163,2.5132741228718345,0.0,0.0,0.0,0.0931772586268603,0.0,0.8333333333333334,1.088474952336561e-15
1.147851874032652,0.301962968508163,3.141592653589793,0.0,0.0,0.0,0.06729836868897576,0.0,0.8333333333333334,2.370951167687239e-15
1.147851874032652,0.301962968508163,3.7699111843077517,0.0,0.0,0.0,0.0547473897404899,0.0,0.8333333333333334,1.6201504497701615e-15
1.147851874032652,0.301962968508163,4.39822971502571,0.0,0.0,0.0,0.06406115236127854,0.0,0.8333333333333334,1.80441427214419e-15
1.147851874032652,0.301962968508163,5.026548245743669,0.0,0.0,0.0,0.0794473919881235,0.0,0.8333333333333334,2.7068590208828767e-15
1.147851874032652,0.301962968508163,5.654866776461628,0.0,0.0,0.0,0.0931772586268603,0.0,0.8333333333333334,5.332528461256959e-15
1.147851874032652,0.583925937016326,0.0,0.0,0.0,0.0,0.051735853991534395,0.0,0.8333333333333334,2.2311406702454064e-15
1.147851874032652,0.583925937016326,0.6283185307179586,0.0,0.0,0.0,0.07537093613453832,0.0,0.8333333333333334,2.510852927078659e-15
1.147851874032652,0.583925937016326,1.2566370614359172,0.0,0.0,0.0,0.05878490286667555,0.0,0.8333333333333334,1.8839065369856936e-15
1.147851874032652,0.583925937016326,1.8849555921538759,0.0,0.0,0.0,0.1249835522049387,0.0,0.8333333333333334,5.736596684132796e-15
1.147851874032652,0.583925937016326,2.5132741228718345,0.0,0.0,0.0,0.10736398413722445,0.0,0.8333333333333334,1.788757266307036e-15
1.147851874032652,0.583925937016326,3.141592653589793,0.0,0.0,0.0,0.05173585399153437,0.0,0.8333333333333334,2.9745712437245392e-15
1.147851874032652,0.583925937016326,3.7699111843077517,0.0,0.0,0.0,0.07537093613453832,0.0,0.8333333333333334,2.3038589092108746e-15
1.147851874032652,0.583925937016326,4.39822971502571,0.0,0.0,0.0,0.058784902866675565,0.0,0.8333333333333334,1.5175145782823617e-15
1.147851874032652,0.583925937016326,5.026548245743669,0.0,0.0,0.0,0.12498355220493837,0.0,0.8333333333333334,4.3239441622077076e-15
1.147851874032652,0.583925937016326,5.654866776461628,0.0,0.0,0.0,0.10736398413722445,0.0,0.8333333333333334,3.0999210442621424e-15
1.147851874032652,0.865888905524489,0.0,0.0,0.0,0.0,0.08039013548545348,0.0,0.8333333333333334,3.1570454483269766e-15
1.147851874032652,0.865888905524489,0.6283185307179586,0.0,0.0,0.0,0.08965697459443892,0.0,0.8333333333333334,2.433775858312278e-15
1.147851874032652,0.865888905524489,1.2566370614359172,0.0,0.0,0.0,0.08661647124732197,0.0,0.8333333333333334,2.7298182207379275e-15
1.147851874032652,0.865888905524489,1.8849555921538759,0.0,0.0,0.0,0.10513177856006325,0.0,0.8333333333333334,2.7478746154765037e-15
1.147851874032652,0.865888905524489,2.5132741228718345,0.0,0.0,0.0,0.0615618707863793,0.0,0.8333333333333334,3.9918261657302485e-15
1.147851874032652,0.865888905524489,3.141592653589793,0.0,0.0,0.0,0.0803901354854535,0.0,0.8333333333333334,3.591690402316914e-15
1.147851874032652,0.865888905524489,3.7699111843077517,0.0,0.0,0.0,0.08965697459443892,0.0,0.8333333333333334,2.94042752123267e-15
1.147851874032652,0.865888905524489,4.39822971502571,0.0,0.0,0.0,0.086616471247322,0.0,0.8333333333333334,4.6310838247787e-15
1.147851874032652,0.865888905524489,5.026548245743669,0.0,0.0,0.0,0.10513177856006325,0.0,0.8333333333333334,2.420629683611212e-15
1.147851874032652,0.865888905524489,5.654866776461628,0.0,0.0,0.0,0.06156187078637937,0.0,0.8333333333333334,3.2042280702226548e-15
1.147851874032652,1.147851874032652,0.0,0.0,0.0,0.0,0.09012599532532388,0.0,0.8333333333333334,4.7879358865696236e-15
1.147851874032652,1.147851874032652,0.6283185307179586,0.0,0.0,0.0,0.0958414009567333,0.0,0.8333333333333334,5.0722664322017594e-15
1.147851874032652,1.147851874032652,1.2566370614359172,0.0,0.0,0.0,0.03795328225276026,0.0,0.8333333333333334,5.177111618000978e-15
1.147851874032652,1.147851874032652,1.8849555921538759,0.0,0.0,0.0,0.08214500973580482,0.0,0.8333333333333334,3.754756840700545e-15
1.147851874032652,1.147851874032652,2.5132741228718345,0.0,0.0,0.0,0.06561955160703878,0.0,0.8333333333333334,4.875965763177152e-15
1.147851874032652,1.147851874032652,3.141592653589793,0.0,0.0,0.0,0.09012599532532388,0.0,0.8333333333333334,4.279030595951344e-15
1.147851874032652,1.147851874032652,3.7699111843077517,0.0,0.0,0.0,0.0958414009567333,0.0,0.8333333333333334,4.705833212870297e-15
1.147851874032652,1.147851874032652,4.39822971502571,0.0,0.0,0.0,0.037953282252760234,0.0,0.8333333333333334,4.772076788090344e-15
1.147851874032652,1.147851874032652,5.026548245743669,0.0,0.0,0.0,0.08214500973580481,0.0,0.8333333333333334,3.686638561603966e-15
1.147851874032652,1.147851874032652,5.654866776461628,0.0,0.0,0.0,0.06561955160703878,0.0,0.8333333333333334,4.5594630461423396e-15
1.147851874032652,1.429814842540815,0.0,0.0,0.0,0.0,0.09183568379947657,0.0,0.8333333333333334,2.2653558178296237e-15
1.147851874032652,1.429814842540815,0.6283185307179586,0.0,0.0,0.0,0.09600113488148251,0.0,0.8333333333333334,1.919209742985176e-15
1.147851874032652,1.429814842540815,1.2566370614359172,0.0,0.0,0.0,0.04162364821178208,0.0,0.8333333333333334,1.685200400543213e-15
1.147851874032652,1.429814842540815,1.8849555921538759,0.0,0.0,0.0,0.03495116548668303,0.0,0.8333333333333334,2.473368039258734e-15
1.147851874032652,1.429814842540815,2.5132741228718345,0.0,0.0,0.0,0.0635245808130537,0.0,0.8333333333333334,2.8689096394832436e-15
1.147851874032652,1.429814842540815,3.141592653589793,0.0,0.0,0.0,0.09183568379947657,0.0,0.8333333333333334,1.564559178855796e-15
1.147851874032652,1.429814842540815,3.7699111843077517,0.0,0.0,0.0,0.09600113488148249,0.0,0.8333333333333334,2.5720089417360323e-15
1.147851874032652,1.429814842540815,4.39822971502571,0.0,0.0,0.0,0.04162364821178202,0.0,0.8333333333333334,1.5051556963187614e-15
1.147851874032652,1.429814842540815,5.026548245743669,0.0,0.0,0.0,0.03495116548668298,0.0,0.8333333333333334,1.7784962663405227e-15
1.147851874032652,1.429814842540815,5.654866776461628,0.0,0.0,0.0,0.06352458081305369,0.0,0.8333333333333334,4.128343240069096e-15
1.147851874032652,1.711777811048978,0.0,0.0,0.0,0.0,0.09183568379947657,0.0,0.8333333333333334,1.6552174662971604e-15
1.147851874032652,1.711777811048978,0.6283185307179586,0.0,0.0,0.0,0.06352458081305368,0.0,0.8333333333333334,1.9508448143815456e-15
1.147851874032652,1.711777811048978,1.2566370614359172,0.0,0.0,0.0,0.034951165486683006,0.0,0.8333333333333334,1.8964327074539244e-15
1.147851874032652,1.711777811048978,1.8849555921538759,0.0,0.0,0.0,0.04162364821178188,0.0,0.8333333333333334,3.5989669797060735e-15
1.147851874032652,1.711777811048978,2.5132741228718345,0.0,0.0,0.0,0.09600113488148261,0.0,0.8333333333333334,1.6870411726174388e-15
1.147851874032652,1.711777811048978,3.141592653589793,0.0,0.0,0.0,0.09183568379947657,0.0,0.8333333333333334,1.830207146344484e-15
1.147851874032652,1.711777811048978,3.7699111843077517,0.0,0.0,0.0,0.06352458081305365,0.0,0.8333333333333334,1.851225368046095e-15
1.147851874032652,1.711777811048978,4.39822971502571,0.0,0.0,0.0,0.034951165486683006,0.0,0.8333333333333334,2.298405099405471e-15
1.147851874032652,1.711777811048978,5.026548245743669,0.0,0.0,0.0,0.04162364821178183,0.0,0.8333333333333334,1.7262070854462009e-15
1.147851874032652,1.711777811048978,5.654866776461628,0.0,0.0,0.0,0.0960011348814827,0.0,0.8333333333333334,3.9593292179386265e-15
1.147851874032652,1.9937407795571411,0.0,0.0,0.0,0.0,0.09012599532532403,0.0,0.8333333333333334,4.38638131885588e-15
1.147851874032652,1.9937407795571411,0.6283185307179586,0.0,0.0,0.0,0.06561955160703885,0.0,0.8333333333333334,4.786525345884423e-15
1.147851874032652,1.9937407795571411,1.2566370614359172,0.0,0.0,0.0,0.08214500973580463,0.0,0.8333333333333334,3.147686895578723e-15
1.147851874032652,1.9937407795571411,1.8849555921538759,0.0,0.0,0.0,0.037953282252760456,0.0,0.8333333333333334,4.394792356481181e-15
1.147851874032652,1.9937407795571411,2.5132741228718345,0.0,0.0,0.0,0.09584140095673302,0.0,0.8333333333333334,4.729866779697715e-15
1.147851874032652,1.9937407795571411,3.141592653589793,0.0,0.0,0.0,0.09012599532532403,0.0,0.8333333333333334,4.484595789876934e-15
1.147851874032652,1.9937407795571411,3.7699111843077517,0.0,0.0,0.0,0.06561955160703885,0.0,0.8333333333333334,3.650492196972988e-15
1.147851874032652,1.9937407795571411,4.39822971502571,0.0,0.0,0.0,0.08214500973580463,0.0,0.8333333333333334,3.234311368650562e-15
1.147851874032652,1.9937407795571411,5.026548245743669,0.0,0.0,0.0,0.03795328225276054,0.0,0.8333333333333334,3.463678130158709e-15
1.147851874032652,1.9937407795571411,5.654866776461628,0.0,0.0,0.0,0.09584140095673291,0.0,0.8333333333333334,4.002744097212098e-15
1.147851874032652,2.275703748065304,0.0,0.0,0.0,0.0,0.08039013548545347,0.0,0.8333333333333334,2.1738008405809576e-15
1.147851874032652,2.275703748065304,0.6283185307179586,0.0,0.0,0.0,0.06156187078637909,0.0,0.8333333333333334,2.6251514598340803e-15
1.147851874032652,2.275703748065304,1.2566370614359172,0.0,0.0,0.0,0.10513177856006303,0.0,0.8333333333333334,3.222097560740524e-15
1.147851874032652,2.275703748065304,1.8849555921538759,0.0,0.0,0.0,0.08661647124732193,0.0,0.8333333333333334,2.7232602719437027e-15
1.147851874032652,2.275703748065304,2.5132741228718345,0.0,0.0,0.0,0.0896569745944387,0.0,0.8333333333333334,1.885844142031068e-15
1.147851874032652,2.275703748065304,3.141592653589793,0.0,0.0,0.0,0.08039013548545354,0.0,0.8333333333333334,1.881469159499662e-15
1.147851874032652,2.275703748065304,3.7699111843077517,0.0,0.0,0.0,0.06156187078637909,0.0,0.8333333333333334,1.9508567145723807e-15
1.147851874032652,2.275703748065304,4.39822971502571,0.0,0.0,0.0,0.10513177856006309,0.0,0.8333333333333334,2.7491742936414333e-15
1.147851874032652,2.275703748065304,5.026548245743669,0.0,0.0,0.0,0.08661647124732193,0.0,0.8333333333333334,2.1988246230108056e-15
1.147851874032652,2.275703748065304,5.654866776461628,0.0,0.0,0.0,0.0896569745944387,0.0,0.8333333333333334,1.843315987635221e-15
1.147851874032652,2.557666716573467,0.0,0.0,0.0,0.0,0.05173585399153449,0.0,0.8333333333333334,2.196264688639658e-15
1.147851874032652,2.557666716573467,0.6283185307179586,0.0,0.0,0.0,0.10736398413722459,0.0,0.8333333333333334,2.670101235565045e-15
1.147851874032652,2.557666716573467,1.2566370614359172,0.0,0.0,0.0,0.12498355220493693,0.0,0.8333333333333334,4.2499005101528045e-15
1.147851874032652,2.557666716573467,1.8849555921538759,0.0,0.0,0.0,0.05878490286667579,0.0,0.8333333333333334,3.0951854174557912e-15
1.147851874032652,2.557666716573467,2.5132741228718345,0.0,0.0,0.0,0.07537093613453924,0.0,0.8333333333333334,1.58005299244306e-15
1.147851874032652,2.557666716573467,3.141592653589793,0.0,0.0,0.0,0.05173585399153449,0.0,0.8333333333333334,2.1737912535801193e-15
1.147851874032652,2.557666716573467,3.7699111843077517,0.0,0.0,0.0,0.10736398413722457,0.0,0.8333333333333334,2.352029846421572e-15
1.147851874032652,2.557666716573467,4.39822971502571,0.0,0.0,0.0,0.12498355220493726,0.0,0.8333333333333334,2.1476000796359936e-15
1.147851874032652,2.557666716573467,5.026548245743669,0.0,0.0,0.0,0.058784902866675745,0.0,0.8333333333333334,3.452930216877736e-15
1.147851874032652,2.557666716573467,5.654866776461628,0.0,0.0,0.0,0.07537093613453927,0.0,0.8333333333333334,2.5154874199842333e-15
1.147851874032652,2.83962968508163,0.0,0.0,0.0,0.0,0.06729836868897615,0.0,0.8333333333333334,2.76446956286462e-15
1.147851874032652,2.83962968508163,0.6283185307179586,0.0,0.0,0.0,0.09317725862686069,0.0,0.8333333333333334,2.8193163680987625e-15
1.147851874032652,2.83962968508163,1.2566370614359172,0.0,0.0,0.0,0.07944739198812346,0.0,0.8333333333333334,2.5648756335433095e-15
1.147851874032652,2.83962968508163,1.8849555921538759,0.0,0.0,0.0,0.06406115236127885,0.0,0.8333333333333334,3.4291958451493126e-15
1.147851874032652,2.83962968508163,2.5132741228718345,0.0,0.0,0.0,0.054747389740489566,0.0,0.8333333333333334,2.247884472377536e-15
1.147851874032652,2.83962968508163,3.141592653589793,0.0,0.0,0.0,0.06729836868897604,0.0,0.8333333333333334,2.7146772945291363e-15
1.147851874032652,2.83962968508163,3.7699111843077517,0.0,0.0,0.0,0.09317725862686069,0.0,0.8333333333333334,4.262603170551605e-15
1.147851874032652,2.83962968508163,4.39822971502571,0.0,0.0,0.0,0.0794473919881235,0.0,0.8333333333333334,2.556365746514549e-15
1.147851874032652,2.83962968508163,5.026548245743669,0.0,0.0,0.0,0.06406115236127874,0.0,0.8333333333333334,2.5986032083820055e-15
1.147851874032652,2.83962968508163,5.654866776461628,0.0,0.0,0.0,0.054747389740489566,0.0,0.8333333333333334,3.4169771411916678e-15
1.147851874032652,3.121592653589793,0.0,0.0,0.0,0.0,0.07740805163737369,0.0,0.8333333333333334,2.266238692781663e-15
1.147851874032652,3.121592653589793,0.6283185307179586,0.0,0.0,0.0,0.05620189541677248,0.0,0.8333333333333334,3.8152572650874595e-15
1.147851874032652,3.121592653589793,1.2566370614359172,0.0,0.0,0.0,0.09252986363987478,0.0,0.8333333333333334,2.7199859216233422e-15
1.147851874032652,3.121592653589793,1.8849555921538759,0.0,0.0,0.0,0.05878747081474585,0.0,0.8333333333333334,4.749536482067087e-15
1.147851874032652,3.121592653589793,2.5132741228718345,0.0,0.0,0.0,0.05338550727491334,0.0,0.8333333333333334,2.7489421346444573e-15
1.147851874032652,3.121592653589793,3.141592653589793,0.0,0.0,0.0,0.07740805163737365,0.0,0.8333333333333334,3.2583758135553668e-15
1.147851874032652,3.121592653589793,3.7699111843077517,0.0,0.0,0.0,0.05620189541677251,0.0,0.8333333333333334,4.213438624859973e-15
1.147851874032652,3.121592653589793,4.39822971502571,0.0,0.0,0.0,0.09252986363987481,0.0,0.8333333333333334,2.999715409027071e-15
1.147851874032652,3.121592653589793,5.026548245743669,0.0,0.0,0.0,0.05878747081474585,0.0,0.8333333333333334,3.1021422644018438e-15
1.147851874032652,3.121592653589793,5.654866776461628,0.0,0.0,0.0,0.053385507274913396,0.0,0.8333333333333334,4.114163074751012e-15
1.429814842540815,0.02,0.0,0.0,0.0,0.0,0.10106701892145722,0.0,0.8333333333333334,3.912361851478493e-15
1.429814842540815,0.02,0.6283185307179586,0.0,0.0,0.0,0.11194605447136383,0.0,0.8333333333333334,3.1159854940409755e-15
1.429814842540815,0.02,1.2566370614359172,0.0,0.0,0.0,0.09874074204240743,0.0,0.8333333333333334,3.4541569136403283e-15
1.429814842540815,0.02,1.8849555921538759,0.0,0.0,0.0,0.10009240215889867,0.0,0.8333333333333334,3.258679478205431e-15
1.429814842540815,0.02,2.5132741228718345,0.0,0.0,0.0,0.10183183121292425,0.0,0.8333333333333334,2.269928540586782e-15
1.429814842540815,0.02,3.141592653589793,0.0,0.0,0.0,0.10106701892145702,0.0,0.8333333333333334,2.7745596331101614e-15
1.429814842540815,0.02,3.7699111843077517,0.0,0.0,0.0,0.11194605447136372,0.0,0.8333333333333334,3.58304046116279e-15
1.429814842540815,0.02,4.39822971502571,0.0,0.0,0.0,0.09874074204240743,0.0,0.8333333333333334,3.5905526140581966e-15
1.429814842540815,0.02,5.026548245743669,0.0,0.0,0.0,0.10009240215889867,0.0,0.8333333333333334,4.530276138441985e-15
1.429814842540815,0.02,5.654866776461628,0.0,0.0,0.0,0.10183183121292425,0.0,0.8333333333333334,3.0554848452511303e-15
1.429814842540815,0.301962968508163,0.0,0.0,0.0,0.0,0.10950489959429299,0.0,0.8333333333333334,2.3334362847730378e-15
1.429814842540815,0.301962968508163,0.6283185307179586,0.0,0.0,0.0,0.11071199238901525,0.0,0.8333333333333334,3.3061005806587495e-15
1.429814842540815,0.301962968508163,1.2566370614359172,0.0,0.0,0.0,0.07185605119770386,0.0,0.8333333333333334,2.7617260681967175e-15
1.429814842540815,0.301962968508163,1.8849555921538759,0.0,0.0,0.0,0.09222522698759009,0.0,0.8333333333333334,2.9799920060720996e-15
1.429814842540815,0.301962968508163,2.5132741228718345,0.0,0.0,0.0,0.12706020682641267,0.0,0.8333333333333334,6.887822980596724e-15
1.429814842540815,0.301962968508163,3.141592653589793,0.0,0.0,0.0,0.109504899594293,0.0,0.8333333333333334,3.277309939917109e-15
1.429814842540815,0.301962968508163,3.7699111843077517,0.0,0.0,0.0,0.11071199238901527,0.0,0.8333333333333334,1.8951436926120226e-15
1.429814842540815,0.301962968508163,4.39822971502571,0.0,0.0,0.0,0.07185605119770386,0.0,0.8333333333333334,1.69940036979079e-15
1.429814842540815,0.301962968508163,5.026548245743669,0.0,0.0,0.0,0.09222522698759003,0.0,0.8333333333333334,2.8264765820766775e-15
1.429814842540815,0.301962968508163,5.654866776461628,0.0,0.0,0.0,0.12706020682641261,0.0,0.8333333333333334,1.5862071375305537e-14
1.429814842540815,0.583925937016326,0.0,0.0,0.0,0.0,0.12320695667492304,0.0,0.8333333333333334,3.3653288984582187e-15
1.429814842540815,0.583925937016326,0.6283185307179586,0.0,0.0,0.0,0.09316140068416337,0.0,0.8333333333333334,2.060030928557092e-15
1.429814842540815,0.583925937016326,1.2566370614359172,0.0,0.0,0.0,0.07379478371845641,0.0,0.8333333333333334,2.780264597758473e-15
1.429814842540815,0.583925937016326,1.8849555921538759,0.0,0.0,0.0,0.11114841526368886,0.0,0.8333333333333334,3.2489003149748727e-15
1.429814842540815,0.583925937016326,2.5132741228718345,0.0,0.0,0.0,0.11119235195626695,0.0,0.8333333333333334,3.3192405642249096e-15
1.429814842540815,0.583925937016326,3.141592653589793,0.0,0.0,0.0,0.12320695667492305,0.0,0.8333333333333334,3.1795755906321654e-15
1.429814842540815,0.583925937016326,3.7699111843077517,0.0,0.0,0.0,0.09316140068416337,0.0,0.8333333333333334,2.3803012619303736e-15
1.429814842540815,0.583925937016326,4.39822971502571,0.0,0.0,0.0,0.07379478371845649,0.0,0.8333333333333334,3.8806085860106815e-15
1.429814842540815,0.583925937016326,5.026548245743669,0.0,0.0,0.0,0.11114841526368886,0.0,0.8333333333333334,3.961687357347024e-15
1.429814842540815,0.583925937016326,5.654866776461628,0.0,0.0,0.0,0.11119235195626695,0.0,0.8333333333333334,3.992629750112523e-15
1.429814842540815,0.865888905524489,0.0,0.0,0.0,0.0,0.10568112771399112,0.0,0.8333333333333334,2.2997737901985378e-15
1.429814842540815,0.865888905524489,0.6283185307179586,0.0,0.0,0.0,0.09000230581792554,0.0,0.8333333333333334,3.125066727279308e-15
1.429814842540815,0.865888905524489,1.2566370614359172,0.0,0.0,0.0,0.06359578077044382,0.0,0.8333333333333334,2.101577977345925e-15
1.429814842540815,0.865888905524489,1.8849555921538759,0.0,0.0,0.0,0.06290025111945996,0.0,0.8333333333333334,2.3514273957241204e-15
1.429814842540815,0.865888905524489,2.5132741228718345,0.0,0.0,0.0,0.08225835531745469,0.0,0.8333333333333334,3.335646240086979e-15
1.429814842540815,0.865888905524489,3.141592653589793,0.0,0.0,0.0,0.1056811277139911,0.0,0.8333333333333334,3.721463614188486e-15
1.429814842540815,0.865888905524489,3.7699111843077517,0.0,0.0,0.0,0.09000230581792548,0.0,0.8333333333333334,3.668220566543002e-15
1.429814842540815,0.865888905524489,4.39822971502571,0.0,0.0,0.0,0.06359578077044381,0.0,0.8333333333333334,3.0711013031721185e-15
1.429814842540815,0.865888905524489,5.026548245743669,0.0,0.0,0.0,0.06290025111945996,0.0,0.8333333333333334,3.346880459461944e-15
1.429814842540815,0.865888905524489,5.654866776461628,0.0,0.0,0.0,0.08225835531745468,0.0,0.8333333333333334,4.3953162254102815e-15
1.429814842540815,1.147851874032652,0.0,0.0,0.0,0.0,0.0824408067987626,0.0,0.8333333333333334,2.2949158109593884e-15
1.429814842540815,1.147851874032652,0.6283185307179586,0.0,0.0,0.0,0.07057773608423866,0.0,0.8333333333333334,1.9762025439270186e-15
1.429814842540815,1.147851874032652,1.2566370614359172,0.0,0.0,0.0,0.0741919099447649,0.0,0.8333333333333334,3.7334866683232766e-15
1.429814842540815,1.147851874032652,1.8849555921538759,0.0,0.0,0.0,0.08681793052181938,0.0,0.8333333333333334,2.4163563763269535e-15
1.429814842540815,1.147851874032652,2.5132741228718345,0.0,0.0,0.0,0.09051755514778281,0.0,0.8333333333333334,1.966381817706415e-15
1.429814842540815,1.147851874032652,3.141592653589793,0.0,0.0,0.0,0.08244080679876256,0.0,0.8333333333333334,2.7378851414697142e-15
1.429814842540815,1.147851874032652,3.7699111843077517,0.0,0.0,0.0,0.07057773608423866,0.0,0.8333333333333334,2.0572537055322624e-15
1.429814842540815,1.147851874032652,4.39822971502571,0.0,0.0,0.0,0.07419190994476489,0.0,0.8333333333333334,2.566459504209796e-15
1.429814842540815,1.147851874032652,5.026548245743669,0.0,0.0,0.0,0.08681793052181944,0.0,0.8333333333333334,2.4562560251717103e-15
1.429814842540815,1.147851874032652,5.654866776461628,0.0,0.0,0.0,0.09051755514778281,0.0,0.8333333333333334,2.958092116149509e-15
1.429814842540815,1.429814842540815,0.0,0.0,0.0,0.0,0.11455551340462355,0.0,0.8333333333333334,1.4874001190808949e-15
1.429814842540815,1.429814842540815,0.6283185307179586,0.0,0.0,0.0,0.06670763972052302,0.0,0.8333333333333334,3.325247772825732e-15
1.429814842540815,1.429814842540815,1.2566370614359172,0.0,0.0,0.0,0.04377960494580145,0.0,0.8333333333333334,2.928339831426745e-15
1.429814842540815,1.429814842540815,1.8849555921538759,0.0,0.0,0.0,0.05945037974437113,0.0,0.8333333333333334,4.05403824214825e-15
1.429814842540815,1.429814842540815,2.5132741228718345,0.0,0.0,0.0,0.05777836765954322,0.0,0.8333333333333334,2.0946963577746e-15
1.429814842540815,1.429814842540815,3.141592653589793,0.0,0.0,0.0,0.11455551340462355,0.0,0.8333333333333334,2.6892800269670256e-15
1.429814842540815,1.429814842540815,3.7699111843077517,0.0,0.0,0.0,0.06670763972052304,0.0,0.8333333333333334,4.7216081849329415e-15
1.429814842540815,1.429814842540815,4.39822971502571,0.0,0.0,0.0,0.04377960494580145,0.0,0.8333333333333334,2.4500840937071826e-15
1.429814842540815,1.429814842540815,5.026548245743669,0.0,0.0,0.0,0.05945037974437113,0.0,0.8333333333333334,2.8989335436533483e-15
1.429814842540815,1.429814842540815,5.654866776461628,0.0,0.0,0.0,0.05777836765954328,0.0,0.8333333333333334,3.4756004831966476e-15
1.429814842540815,1.711777811048978,0.0,0.0,0.0,0.0,0.11455551340462355,0.0,0.8333333333333334,1.4224265625346223e-15
1.429814842540815,1.711777811048978,0.6283185307179586,0.0,0.0,0.0,0.05777836765954318,0.0,0.8333333333333334,2.0701644428770803e-15
1.429814842540815,1.711777811048978,1.2566370614359172,0.0,0.0,0.0,0.05945037974437124,0.0,0.8333333333333334,3.112610776747914e-15
1.429814842540815,1.711777811048978,1.8849555921538759,0.0,0.0,0.0,0.04377960494580191,0.0,0.8333333333333334,2.2741148775636533e-15
1.429814842540815,1.711777811048978,2.5132741228718345,0.0,0.0,0.0,0.0667076397205229,0.0,0.8333333333333334,2.3067416949468444e-15
1.429814842540815,1.711777811048978,3.141592653589793,0.0,0.0,0.0,0.11455551340462355,0.0,0.8333333333333334,1.3630853168701156e-15
1.429814842540815,1.711777811048978,3.7699111843077517,0.0,0.0,0.0,0.05777836765954314,0.0,0.8333333333333334,2.6094412538046953e-15
1.429814842540815,1.711777811048978,4.39822971502571,0.0,0.0,0.0,0.05945037974437126,0.0,0.8333333333333334,3.2104870517152893e-15
1.429814842540815,1.711777811048978,5.026548245743669,0.0,0.0,0.0,0.04377960494580198,0.0,0.8333333333333334,2.6537094677129396e-15
1.429814842540815,1.711777811048978,5.654866776461628,0.0,0.0,0.0,0.06670763972052293,0.0,0.8333333333333334,2.0470333105722017e-15
1.429814842540815,1.9937407795571411,0.0,0.0,0.0,0.0,0.08244080679876234,0.0,0.8333333333333334,2.11468426937759e-15
1.429814842540815,1.9937407795571411,0.6283185307179586,0.0,0.0,0.0,0.09051755514778256,0.0,0.8333333333333334,2.4709839291003888e-15
1.429814842540815,1.9937407795571411,1.2566370614359172,0.0,0.0,0.0,0.08681793052181994,0.0,0.8333333333333334,2.5451250119187867e-15
1.429814842540815,1.9937407795571411,1.8849555921538759,0.0,0.0,0.0,0.07419190994476457,0.0,0.8333333333333334,1.845895149957297e-15
1.429814842540815,1.9937407795571411,2.5132741228718345,0.0,0.0,0.0,0.07057773608423859,0.0,0.8333333333333334,4.3936347157879264e-15
1.429814842540815,1.9937407795571411,3.141592653589793,0.0,0.0,0.0,0.08244080679876234,0.0,0.8333333333333334,2.005542842447873e-15
1.429814842540815,1.9937407795571411,3.7699111843077517,0.0,0.0,0.0,0.09051755514778256,0.0,0.8333333333333334,3.715997563984792e-15
1.429814842540815,1.9937407795571411,4.39822971502571,0.0,0.0,0.0,0.08681793052181994,0.0,0.8333333333333334,1.7323038520877573e-15
1.429814842540815,1.9937407795571411,5.026548245743669,0.0,0.0,0.0,0.07419190994476452,0.0,0.8333333333333334,3.891815341211092e-15
1.429814842540815,1.9937407795571411,5.654866776461628,0.0,0.0,0.0,0.07057773608423859,0.0,0.8333333333333334,2.9554288511172765e-15
1.429814842540815,2.275703748065304,0.0,0.0,0.0,0.0,0.10568112771399107,0.0,0.8333333333333334,4.626030378186103e-15
1.429814842540815,2.275703748065304,0.6283185307179586,0.0,0.0,0.0,0.08225835531745443,0.0,0.8333333333333334,4.527365546422288e-15
1.429814842540815,2.275703748065304,1.2566370614359172,0.0,0.0,0.0,0.06290025111946015,0.0,0.8333333333333334,4.00434075798765e-15
1.429814842540815,2.275703748065304,1.8849555921538759,0.0,0.0,0.0,0.06359578077044392,0.0,0.8333333333333334,4.261149810027948e-15
1.429814842540815,2.275703748065304,2.5132741228718345,0.0,0.0,0.0,0.0900023058179251,0.0,0.8333333333333334,4.835925199758071e-15
1.429814842540815,2.275703748065304,3.141592653589793,0.0,0.0,0.0,0.10568112771399109,0.0,0.8333333333333334,4.5576946093237325e-15
1.429814842540815,2.275703748065304,3.7699111843077517,0.0,0.0,0.0,0.08225835531745447,0.0,0.8333333333333334,5.5319654884486094e-15
1.429814842540815,2.275703748065304,4.39822971502571,0.0,0.0,0.0,0.06290025111946022,0.0,0.8333333333333334,5.770644959720859e-15
1.429814842540815,2.275703748065304,5.026548245743669,0.0,0.0,0.0,0.06359578077044392,0.0,0.8333333333333334,4.6971301906499644e-15
1.429814842540815,2.275703748065304,5.654866776461628,0.0,0.0,0.0,0.0900023058179251,0.0,0.8333333333333334,5.244884539406691e-15
1.429814842540815,2.557666716573467,0.0,0.0,0.0,0.0,0.12320695667492304,0.0,0.8333333333333334,2.555685448923721e-15
1.429814842540815,2.557666716573467,0.6283185307179586,0.0,0.0,0.0,0.11119235195626717,0.0,0.8333333333333334,3.2733100313121194e-15
1.429814842540815,2.557666716573467,1.2566370614359172,0.0,0.0,0.0,0.11114841526368885,0.0,0.8333333333333334,1.7542579599854998e-15
1.429814842540815,2.557666716573467,1.8849555921538759,0.0,0.0,0.0,0.07379478371845617,0.0,0.8333333333333334,1.9454548701872776e-15
1.429814842540815,2.557666716573467,2.5132741228718345,0.0,0.0,0.0,0.09316140068416431,0.0,0.8333333333333334,2.8734507649631342e-15
1.429814842540815,2.557666716573467,3.141592653589793,0.0,0.0,0.0,0.12320695667492304,0.0,0.8333333333333334,4.205477889136733e-15
1.429814842540815,2.557666716573467,3.7699111843077517,0.0,0.0,0.0,0.1111923519562669,0.0,0.8333333333333334,4.348667043759589e-15
1.429814842540815,2.557666716573467,4.39822971502571,0.0,0.0,0.0,0.11114841526368884,0.0,0.8333333333333334,1.8873097583568674e-15
1.429814842540815,2.557666716573467,5.026548245743669,0.0,0.0,0.0,0.07379478371845621,0.0,0.8333333333333334,3.91313953033612e-15
1.429814842540815,2.557666716573467,5.654866776461628,0.0,0.0,0.0,0.09316140068416437,0.0,0.8333333333333334,2.8139842235138875e-15
1.429814842540815,2.83962968508163,0.0,0.0,0.0,0.0,0.10950489959429327,0.0,0.8333333333333334,2.7162509779800453e-15
1.429814842540815,2.83962968508163,0.6283185307179586,0.0,0.0,0.0,0.12706020682641272,0.0,0.8333333333333334,2.113688095873713e-14
1.429814842540815,2.83962968508163,1.2566370614359172,0.0,0.0,0.0,0.0922252269875897,0.0,0.8333333333333334,4.0370070890941915e-15
1.429814842540815,2.83962968508163,1.8849555921538759,0.0,0.0,0.0,0.071856051197704,0.0,0.8333333333333334,1.7219233582733213e-15
1.429814842540815,2.83962968508163,2.5132741228718345,0.0,0.0,0.0,0.11071199238901505,0.0,0.8333333333333334,2.7341514341566937e-15
1.429814842540815,2.83962968508163,3.141592653589793,0.0,0.0,0.0,0.10950489959429333,0.0,0.8333333333333334,3.4505119806874017e-15
1.429814842540815,2.83962968508163,3.7699111843077517,0.0,0.0,0.0,0.12706020682641272,0.0,0.8333333333333334,1.013411202036548e-14
1.429814842540815,2.83962968508163,4.39822971502571,0.0,0.0,0.0,0.09222522698758975,0.0,0.8333333333333334,2.824205284059442e-15
1.429814842540815,2.83962968508163,5.026548245743669,0.0,0.0,0.0,0.071856051197704,0.0,0.8333333333333334,1.9734313017358533e-15
1.429814842540815,2.83962968508163,5.654866776461628,0.0,0.0,0.0,0.11071199238901498,0.0,0.8333333333333334,2.583990577543267e-15
1.429814842540815,3.121592653589793,0.0,0.0,0.0,0.0,0.10106701892145781,0.0,0.8333333333333334,2.4194036902505647e-15
1.429814842540815,3.121592653589793,0.6283185307179586,0.0,0.0,0.0,0.10183183121292425,0.0,0.8333333333333334,2.305280424014125e-15
1.429814842540815,3.121592653589793,1.2566370614359172,0.0,0.0,0.0,0.10009240215889872,0.0,0.8333333333333334,3.161088581949014e-15
1.429814842540815,3.121592653589793,1.8849555921538759,0.0,0.0,0.0,0.09874074204240749,0.0,0.8333333333333334,3.967150123490499e-15
1.429814842540815,3.121592653589793,2.5132741228718345,0.0,0.0,0.0,0.11194605447136377,0.0,0.8333333333333334,2.742983587066286e-15
1.429814842540815,3.121592653589793,3.141592653589793,0.0,0.0,0.0,0.10106701892145799,0.0,0.8333333333333334,3.610592115424962e-15
1.429814842540815,3.121592653589793,3.7699111843077517,0.0,0.0,0.0,0.10183183121292425,0.0,0.8333333333333334,3.1813206304951184e-15
1.429814842540815,3.121592653589793,4.39822971502571,0.0,0.0,0.0,0.10009240215889884,0.0,0.8333333333333334,2.6491967323122506e-15
1.429814842540815,3.121592653589793,5.026548245743669,0.0,0.0,0.0,0.09874074204240738,0.0,0.8333333333333334,3.2121485622269234e-15
1.429814842540815,3.121592653589793,5.654866776461628,0.0,0.0,0.0,0.11194605447136377,0.0,0.8333333333333334,2.4752391808138162e-15
1.711777811048978,0.02,0.0,0.0,0.0,0.0,0.10106701892145767,0.0,0.8333333333333334,4.108726317855441e-15
1.711777811048978,0.02,0.6283185307179586,0.0,0.0,0.0,0.11194605447136372,0.0,0.8333333333333334,4.207823525115387e-15
1.711777811048978,0.02,1.2566370614359172,0.0,0.0,0.0,0.09874074204240799,0.0,0.8333333333333334,4.76952055694293e-15
1.711777811048978,0.02,1.8849555921538759,0.0,0.0,0.0,0.10009240215889928,0.0,0.8333333333333334,4.347885840697995e-15
1.711777811048978,0.02,2.5132741228718345,0.0,0.0,0.0,0.1018318312129248,0.0,0.8333333333333334,5.1500860654785585e-15
1.711777811048978,0.02,3.141592653589793,0.0,0.0,0.0,0.10106701892145752,0.0,0.8333333333333334,5.218421090734916e-15
1.711777811048978,0.02,3.7699111843077517,0.0,0.0,0.0,0.11194605447136372,0.0,0.8333333333333334,3.644221296399982e-15
1.711777811048978,0.02,4.39822971502571,0.0,0.0,0.0,0.09874074204240799,0.0,0.8333333333333334,4.320681476725074e-15
1.711777811048978,0.02,5.026548245743669,0.0,0.0,0.0,0.10009240215889928,0.0,0.8333333333333334,4.435418039777689e-15
1.711777811048978,0.02,5.654866776461628,0.0,0.0,0.0,0.10183183121292469,0.0,0.8333333333333334,3.995439984259981e-15
1.711777811048978,0.301962968508163,0.0,0.0,0.0,0.0,0.10950489959429349,0.0,0.8333333333333334,2.3880221164913744e-15
1.711777811048978,0.301962968508163,0.6283185307179586,0.0,0.0,0.0,0.11071199238901527,0.0,0.8333333333333334,1.5916209017922348e-15
1.711777811048978,0.301962968508163,1.2566370614359172,0.0,0.0,0.0,0.07185605119770455,0.0,0.8333333333333334,1.8510733422532373e-15
1.711777811048978,0.301962968508163,1.8849555921538759,0.0,0.0,0.0,0.09222522698759003,0.0,0.8333333333333334,1.9909788379973915e-15
1.711777811048978,0.301962968508163,2.5132741228718345,0.0,0.0,0.0,0.12706020682641278,0.0,0.8333333333333334,7.47949301449949e-15
1.711777811048978,0.301962968508163,3.141592653589793,0.0,0.0,0.0,0.10950489959429352,0.0,0.8333333333333334,2.9528134057598976e-15
1.711777811048978,0.301962968508163,3.7699111843077517,0.0,0.0,0.0,0.1107119923890153,0.0,0.8333333333333334,2.282976311613939e-15
1.711777811048978,0.301962968508163,4.39822971502571,0.0,0.0,0.0,0.0718560511977045,0.0,0.8333333333333334,1.2222455219587995e-15
1.711777811048978,0.301962968508163,5.026548245743669,0.0,0.0,0.0,0.09222522698758998,0.0,0.8333333333333334,2.6076093250517385e-15
1.711777811048978,0.301962968508163,5.654866776461628,0.0,0.0,0.0,0.12706020682641278,0.0,0.8333333333333334,1.1686047520696527e-14
1.711777811048978,0.583925937016326,0.0,0.0,0.0,0.0,0.12320695667492301,0.0,0.8333333333333334,2.4060907251004743e-15
1.711777811048978,0.583925937016326,0.6283185307179586,0.0,0.0,0.0,0.09316140068416387,0.0,0.8333333333333334,3.964944448841065e-15
1.711777811048978,0.583925937016326,1.2566370614359172,0.0,0.0,0.0,0.07379478371845631,0.0,0.8333333333333334,3.9627417711044935e-15
1.711777811048978,0.583925937016326,1.8849555921538759,0.0,0.0,0.0,0.11114841526368925,0.0,0.8333333333333334,1.9293210332023416e-15
1.711777811048978,0.583925937016326,2.5132741228718345,0.0,0.0,0.0,0.11119235195626628,0.0,0.8333333333333334,2.4499253351110807e-15
1.711777811048978,0.583925937016326,3.141592653589793,0.0,0.0,0.0,0.12320695667492301,0.0,0.8333333333333334,2.9234664452709276e-15
1.711777811048978,0.583925937016326,3.7699111843077517,0.0,0.0,0.0,0.09316140068416398,0.0,0.8333333333333334,3.3249930432328402e-15
1.711777811048978,0.583925937016326,4.39822971502571,0.0,0.0,0.0,0.07379478371845634,0.0,0.8333333333333334,2.7142697762449498e-15
1.711777811048978,0.583925937016326,5.026548245743669,0.0,0.0,0.0,0.11114841526368928,0.0,0.8333333333333334,3.561536807599572e-15
1.711777811048978,0.583925937016326,5.654866776461628,0.0,0.0,0.0,0.11119235195626628,0.0,0.8333333333333334,3.1142227348820837e-15
1.711777811048978,0.865888905524489,0.0,0.0,0.0,0.0,0.10568112771399146,0.0,0.8333333333333334,2.673226823966003e-15
1.711777811048978,0.865888905524489,0.6283185307179586,0.0,0.0,0.0,0.0900023058179247,0.0,0.8333333333333334,3.867679796629309e-15
1.711777811048978,0.865888905524489,1.2566370614359172,0.0,0.0,0.0,0.0635957807704444,0.0,0.8333333333333334,3.5509142541470433e-15
1.711777811048978,0.865888905524489,1.8849555921538759,0.0,0.0,0.0,0.06290025111945985,0.0,0.8333333333333334,2.374699479901749e-15
1.711777811048978,0.865888905524489,2.5132741228718345,0.0,0.0,0.0,0.08225835531745478,0.0,0.8333333333333334,3.372997175007087e-15
1.711777811048978,0.865888905524489,3.141592653589793,0.0,0.0,0.0,0.10568112771399148,0.0,0.8333333333333334,2.775023844979549e-15
1.711777811048978,0.865888905524489,3.7699111843077517,0.0,0.0,0.0,0.09000230581792476,0.0,0.8333333333333334,3.279765294808297e-15
1.711777811048978,0.865888905524489,4.39822971502571,0.0,0.0,0.0,0.0635957807704444,0.0,0.8333333333333334,2.5455424147207976e-15
1.711777811048978,0.865888905524489,5.026548245743669,0.0,0.0,0.0,0.06290025111945988,0.0,0.8333333333333334,2.8178083607847176e-15
1.711777811048978,0.865888905524489,5.654866776461628,0.0,0.0,0.0,0.08225835531745479,0.0,0.8333333333333334,3.980962474904979e-15
1.711777811048978,1.147851874032652,0.0,0.0,0.0,0.0,0.08244080679876249,0.0,0.8333333333333334,1.9226234420336572e-15
1.711777811048978,1.147851874032652,0.6283185307179586,0.0,0.0,0.0,0.07057773608423852,0.0,0.8333333333333334,2.6555219281927594e-15
1.711777811048978,1.147851874032652,1.2566370614359172,0.0,0.0,0.0,0.07419190994476522,0.0,0.8333333333333334,4.1936068088761545e-15
1.711777811048978,1.147851874032652,1.8849555921538759,0.0,0.0,0.0,0.08681793052182027,0.0,0.8333333333333334,1.5254506289898818e-15
1.711777811048978,1.147851874032652,2.5132741228718345,0.0,0.0,0.0,0.09051755514778298,0.0,0.8333333333333334,2.905861863687595e-15
1.711777811048978,1.147851874032652,3.141592653589793,0.0,0.0,0.0,0.08244080679876255,0.0,0.8333333333333334,2.2676864671735333e-15
1.711777811048978,1.147851874032652,3.7699111843077517,0.0,0.0,0.0,0.07057773608423852,0.0,0.8333333333333334,1.982503062548601e-15
1.711777811048978,1.147851874032652,4.39822971502571,0.0,0.0,0.0,0.07419190994476522,0.0,0.8333333333333334,2.6475172972758347e-15
1.711777811048978,1.147851874032652,5.026548245743669,0.0,0.0,0.0,0.08681793052182027,0.0,0.8333333333333334,1.2252083464648178e-15
1.711777811048978,1.147851874032652,5.654866776461628,0.0,0.0,0.0,0.09051755514778298,0.0,0.8333333333333334,1.8823159192272395e-15
1.711777811048978,1.429814842540815,0.0,0.0,0.0,0.0,0.11455551340462383,0.0,0.8333333333333334,1.1246246417236872e-15
1.711777811048978,1.429814842540815,0.6283185307179586,0.0,0.0,0.0,0.06670763972052327,0.0,0.8333333333333334,1.8082691288612874e-15
1.711777811048978,1.429814842540815,1.2566370614359172,0.0,0.0,0.0,0.04377960494580159,0.0,0.8333333333333334,2.072330490080222e-15
1.711777811048978,1.429814842540815,1.8849555921538759,0.0,0.0,0.0,0.059450379744371146,0.0,0.8333333333333334,2.8964490991501212e-15
1.711777811048978,1.429814842540815,2.5132741228718345,0.0,0.0,0.0,0.057778367659543195,0.0,0.8333333333333334,3.204869303577276e-15
1.711777811048978,1.429814842540815,3.141592653589793,0.0,0.0,0.0,0.11455551340462385,0.0,0.8333333333333334,1.927839158983126e-15
1.711777811048978,1.429814842540815,3.7699111843077517,0.0,0.0,0.0,0.06670763972052327,0.0,0.8333333333333334,3.879135517548015e-15
1.711777811048978,1.429814842540815,4.39822971502571,0.0,0.0,0.0,0.04377960494580159,0.0,0.8333333333333334,2.028546640228755e-15
1.711777811048978,1.429814842540815,5.026548245743669,0.0,0.0,0.0,0.059450379744371146,0.0,0.8333333333333334,2.4485058326641935e-15
1.711777811048978,1.429814842540815,5.654866776461628,0.0,0.0,0.0,0.05777836765954315,0.0,0.8333333333333334,2.0896291495957156e-15
1.711777811048978,1.711777811048978,0.0,0.0,0.0,0.0,0.11455551340462386,0.0,0.8333333333333334,3.2067003232020647e-15
1.711777811048978,1.711777811048978,0.6283185307179586,0.0,0.0,0.0,0.05777836765954303,0.0,0.8333333333333334,1.8917426016281152e-15
1.711777811048978,1.711777811048978,1.2566370614359172,0.0,0.0,0.0,0.059450379744371284,0.0,0.8333333333333334,2.730300484597603e-15
1.711777811048978,1.711777811048978,1.8849555921538759,0.0,0.0,0.0,0.04377960494580195,0.0,0.8333333333333334,2.2602377164737273e-15
1.711777811048978,1.711777811048978,2.5132741228718345,0.0,0.0,0.0,0.06670763972052254,0.0,0.8333333333333334,2.0812167383607436e-15
1.711777811048978,1.711777811048978,3.141592653589793,0.0,0.0,0.0,0.11455551340462386,0.0,0.8333333333333334,3.4409689801001113e-15
1.711777811048978,1.711777811048978,3.7699111843077517,0.0,0.0,0.0,0.05777836765954304,0.0,0.8333333333333334,2.1059329137493176e-15
1.711777811048978,1.711777811048978,4.39822971502571,0.0,0.0,0.0,0.05945037974437123,0.0,0.8333333333333334,1.72165276796422e-15
1.711777811048978,1.711777811048978,5.026548245743669,0.0,0.0,0.0,0.04377960494580195,0.0,0.8333333333333334,2.522612552563919e-15
1.711777811048978,1.711777811048978,5.654866776461628,0.0,0.0,0.0,0.06670763972052254,0.0,0.8333333333333334,2.7127900562149713e-15
1.711777811048978,1.9937407795571411,0.0,0.0,0.0,0.0,0.08244080679876221,0.0,0.8333333333333334,2.030482327416678e-15
1.711777811048978,1.9937407795571411,0.6283185307179586,0.0,0.0,0.0,0.09051755514778277,0.0,0.8333333333333334,3.1227562986897562e-15
1.711777811048978,1.9937407795571411,1.2566370614359172,0.0,0.0,0.0,0.08681793052182027,0.0,0.8333333333333334,2.875878635949953e-15
1.711777811048978,1.9937407795571411,1.8849555921538759,0.0,0.0,0.0,0.07419190994476516,0.0,0.8333333333333334,1.6892824409315766e-15
1.711777811048978,1.9937407795571411,2.5132741228718345,0.0,0.0,0.0,0.07057773608423829,0.0,0.8333333333333334,2.4299738260309063e-15
1.711777811048978,1.9937407795571411,3.141592653589793,0.0,0.0,0.0,0.08244080679876221,0.0,0.8333333333333334,3.8539702473623755e-15
1.711777811048978,1.9937407795571411,3.7699111843077517,0.0,0.0,0.0,0.09051755514778277,0.0,0.8333333333333334,3.558251278648572e-15
1.711777811048978,1.9937407795571411,4.39822971502571,0.0,0.0,0.0,0.08681793052182027,0.0,0.8333333333333334,2.048209645899568e-15
1.711777811048978,1.9937407795571411,5.026548245743669,0.0,0.0,0.0,0.07419190994476516,0.0,0.8333333333333334,1.6401093076258307e-15
1.711777811048978,1.9937407795571411,5.654866776461628,0.0,0.0,0.0,0.07057773608423826,0.0,0.8333333333333334,2.9080479097566593e-15
1.711777811048978,2.275703748065304,0.0,0.0,0.0,0.0,0.10568112771399107,0.0,0.8333333333333334,4.659377863474021e-15
1.711777811048978,2.275703748065304,0.6283185307179586,0.0,0.0,0.0,0.0822583553174546,0.0,0.8333333333333334,5.3554543056906516e-15
1.711777811048978,2.275703748065304,1.2566370614359172,0.0,0.0,0.0,0.06290025111945968,0.0,0.8333333333333334,3.8956753379873755e-15
1.711777811048978,2.275703748065304,1.8849555921538759,0.0,0.0,0.0,0.06359578077044437,0.0,0.8333333333333334,5.332877863686268e-15
1.711777811048978,2.275703748065304,2.5132741228718345,0.0,0.0,0.0,0.09000230581792476,0.0,0.8333333333333334,4.5327342086566454e-15
1.711777811048978,2.275703748065304,3.141592653589793,0.0,0.0,0.0,0.10568112771399112,0.0,0.8333333333333334,5.201930666225572e-15
1.711777811048978,2.275703748065304,3.7699111843077517,0.0,0.0,0.0,0.08225835531745457,0.0,0.8333333333333334,4.80146313978534e-15
1.711777811048978,2.275703748065304,4.39822971502571,0.0,0.0,0.0,0.06290025111945977,0.0,0.8333333333333334,4.781505633794413e-15
1.711777811048978,2.275703748065304,5.026548245743669,0.0,0.0,0.0,0.06359578077044437,0.0,0.8333333333333334,4.227549817983213e-15
1.711777811048978,2.275703748065304,5.654866776461628,0.0,0.0,0.0,0.09000230581792476,0.0,0.8333333333333334,6.52264220337645e-15
1.711777811048978,2.557666716573467,0.0,0.0,0.0,0.0,0.12320695667492304,0.0,0.8333333333333334,2.3764762111672966e-15
1.711777811048978,2.557666716573467,0.6283185307179586,0.0,0.0,0.0,0.11119235195626695,0.0,0.8333333333333334,4.156039282501615e-15
1.711777811048978,2.557666716573467,1.2566370614359172,0.0,0.0,0.0,0.11114841526368915,0.0,0.8333333333333334,3.810266677737639e-15
1.711777811048978,2.557666716573467,1.8849555921538759,0.0,0.0,0.0,0.07379478371845681,0.0,0.8333333333333334,2.6079152587968775e-15
1.711777811048978,2.557666716573467,2.5132741228718345,0.0,0.0,0.0,0.0931614006841642,0.0,0.8333333333333334,2.7592532779107565e-15
1.711777811048978,2.557666716573467,3.141592653589793,0.0,0.0,0.0,0.12320695667492301,0.0,0.8333333333333334,2.7380391031883233e-15
1.711777811048978,2.557666716573467,3.7699111843077517,0.0,0.0,0.0,0.11119235195626695,0.0,0.8333333333333334,3.332821483446415e-15
1.711777811048978,2.557666716573467,4.39822971502571,0.0,0.0,0.0,0.11114841526368918,0.0,0.8333333333333334,3.998163029969454e-15
1.711777811048978,2.557666716573467,5.026548245743669,0.0,0.0,0.0,0.07379478371845684,0.0,0.8333333333333334,3.763293472067018e-15
1.711777811048978,2.557666716573467,5.654866776461628,0.0,0.0,0.0,0.0931614006841642,0.0,0.8333333333333334,2.8222025788497244e-15
1.711777811048978,2.83962968508163,0.0,0.0,0.0,0.0,0.10950489959429321,0.0,0.8333333333333334,3.0148979011160557e-15
1.711777811048978,2.83962968508163,0.6283185307179586,0.0,0.0,0.0,0.1270602068264129,0.0,0.8333333333333334,3.691175016524147e-15
1.711777811048978,2.83962968508163,1.2566370614359172,0.0,0.0,0.0,0.09222522698758959,0.0,0.8333333333333334,3.061756456402426e-15
1.711777811048978,2.83962968508163,1.8849555921538759,0.0,0.0,0.0,0.071856051197704,0.0,0.8333333333333334,3.3157214204438304e-15
1.711777811048978,2.83962968508163,2.5132741228718345,0.0,0.0,0.0,0.11071199238901497,0.0,0.8333333333333334,2.850722296069288e-15
1.711777811048978,2.83962968508163,3.141592653589793,0.0,0.0,0.0,0.10950489959429321,0.0,0.8333333333333334,2.610806338310178e-15
1.711777811048978,2.83962968508163,3.7699111843077517,0.0,0.0,0.0,0.1270602068264129,0.0,0.8333333333333334,1.1894040746095377e-14
1.711777811048978,2.83962968508163,4.39822971502571,0.0,0.0,0.0,0.09222522698758953,0.0,0.8333333333333334,4.126487769574533e-15
1.711777811048978,2.83962968508163,5.026548245743669,0.0,0.0,0.0,0.071856051197704,0.0,0.8333333333333334,3.3339177634674448e-15
1.711777811048978,2.83962968508163,5.654866776461628,0.0,0.0,0.0,0.110711992389015,0.0,0.8333333333333334,2.524723419104101e-15
1.711777811048978,3.121592653589793,0.0,0.0,0.0,0.0,0.10106701892145792,0.0,0.8333333333333334,4.47659883611778e-15
1.711777811048978,3.121592653589793,0.6283185307179586,0.0,0.0,0.0,0.1018318312129243,0.0,0.8333333333333334,4.231859067479113e-15
1.711777811048978,3.121592653589793,1.2566370614359172,0.0,0.0,0.0,0.10009240215889872,0.0,0.8333333333333334,5.452631452012112e-15
1.711777811048978,3.121592653589793,1.8849555921538759,0.0,0.0,0.0,0.09874074204240749,0.0,0.8333333333333334,4.091911770484145e-15
1.711777811048978,3.121592653589793,2.5132741228718345,0.0,0.0,0.0,0.11194605447136333,0.0,0.8333333333333334,3.484130505949978e-15
1.711777811048978,3.121592653589793,3.141592653589793,0.0,0.0,0.0,0.10106701892145806,0.0,0.8333333333333334,5.26180827195776e-15
1.711777811048978,3.121592653589793,3.7699111843077517,0.0,0.0,0.0,0.10183183121292436,0.0,0.8333333333333334,4.620564643904548e-15
1.711777811048978,3.121592653589793,4.39822971502571,0.0,0.0,0.0,0.10009240215889872,0.0,0.8333333333333334,4.085874823516573e-15
1.711777811048978,3.121592653589793,5.026548245743669,0.0,0.0,0.0,0.09874074204240749,0.0,0.8333333333333334,4.411851517977809e-15
1.711777811048978,3.121592653589793,5.654866776461628,0.0,0.0,0.0,0.11194605447136333,0.0,0.8333333333333334,3.986425589943811e-15
1.9937407795571411,0.02,0.0,0.0,0.0,0.0,0.07740805163737316,0.0,0.8333333333333334,1.6693201001003593e-15
1.9937407795571411,0.02,0.6283185307179586,0.0,0.0,0.0,0.05338550727491395,0.0,0.8333333333333334,3.588526367270491e-15
1.9937407795571411,0.02,1.2566370614359172,0.0,0.0,0.0,0.0587874708147465,0.0,0.8333333333333334,1.5616300575634064e-15
1.9937407795571411,0.02,1.8849555921538759,0.0,0.0,0.0,0.09252986363987481,0.0,0.8333333333333334,2.093417120508677e-15
1.9937407795571411,0.02,2.5132741228718345,0.0,0.0,0.0,0.056201895416772646,0.0,0.8333333333333334,2.7326034417836765e-15
1.9937407795571411,0.02,3.141592653589793,0.0,0.0,0.0,0.0774080516373732,0.0,0.8333333333333334,1.7700687663958586e-15
1.9937407795571411,0.02,3.7699111843077517,0.0,0.0,0.0,0.05338550727491401,0.0,0.8333333333333334,3.733398227240712e-15
1.9937407795571411,0.02,4.39822971502571,0.0,0.0,0.0,0.05878747081474649,0.0,0.8333333333333334,2.2933732439828004e-15
1.9937407795571411,0.02,5.026548245743669,0.0,0.0,0.0,0.09252986363987477,0.0,0.8333333333333334,2.046589574426667e-15
1.9937407795571411,0.02,5.654866776461628,0.0,0.0,0.0,0.05620189541677262,0.0,0.8333333333333334,4.127109952762385e-15
1.9937407795571411,0.301962968508163,0.0,0.0,0.0,0.0,0.06729836868897529,0.0,0.8333333333333334,2.8465257443418365e-15
1.9937407795571411,0.301962968508163,0.6283185307179586,0.0,0.0,0.0,0.054747389740489816,0.0,0.8333333333333334,2.124122735986282e-15
1.9937407795571411,0.301962968508163,1.2566370614359172,0.0,0.0,0.0,0.06406115236127902,0.0,0.8333333333333334,1.7690336155549646e-15
1.9937407795571411,0.301962968508163,1.8849555921538759,0.0,0.0,0.0,0.07944739198812366,0.0,0.8333333333333334,3.893648413582304e-15
1.9937407795571411,0.301962968508163,2.5132741228718345,0.0,0.0,0.0,0.09317725862686063,0.0,0.8333333333333334,2.637972095207543e-15
1.9937407795571411,0.301962968508163,3.141592653589793,0.0,0.0,0.0,0.06729836868897535,0.0,0.8333333333333334,1.855064347034478e-15
1.9937407795571411,0.301962968508163,3.7699111843077517,0.0,0.0,0.0,0.054747389740489844,0.0,0.8333333333333334,3.2190247797292226e-15
1.9937407795571411,0.301962968508163,4.39822971502571,0.0,0.0,0.0,0.0640611523612789,0.0,0.8333333333333334,1.803357627194824e-15
1.9937407795571411,0.301962968508163,5.026548245743669,0.0,0.0,0.0,0.07944739198812373,0.0,0.8333333333333334,1.4286834222161431e-15
1.9937407795571411,0.301962968508163,5.654866776461628,0.0,0.0,0.0,0.09317725862686052,0.0,0.8333333333333334,3.0199216142675664e-15
1.9937407795571411,0.583925937016326,0.0,0.0,0.0,0.0,0.05173585399153452,0.0,0.8333333333333334,3.4089528242775744e-15
1.9937407795571411,0.583925937016326,0.6283185307179586,0.0,0.0,0.0,0.0753709361345388,0.0,0.8333333333333334,3.785670387534144e-15
1.9937407795571411,0.583925937016326,1.2566370614359172,0.0,0.0,0.0,0.058784902866675634,0.0,0.8333333333333334,3.717859772536021e-15
1.9937407795571411,0.583925937016326,1.8849555921538759,0.0,0.0,0.0,0.12498355220493737,0.0,0.8333333333333334,4.166907848776449e-15
1.9937407795571411,0.583925937016326,2.5132741228718345,0.0,0.0,0.0,0.10736398413722446,0.0,0.8333333333333334,2.4536041038875013e-15
1.9937407795571411,0.583925937016326,3.141592653589793,0.0,0.0,0.0,0.05173585399153453,0.0,0.8333333333333334,4.163061054157324e-15
1.9937407795571411,0.583925937016326,3.7699111843077517,0.0,0.0,0.0,0.07537093613453877,0.0,0.8333333333333334,4.319851292979727e-15
1.9937407795571411,0.583925937016326,4.39822971502571,0.0,0.0,0.0,0.058784902866675634,0.0,0.8333333333333334,3.0937620388037848e-15
1.9937407795571411,0.583925937016326,5.026548245743669,0.0,0.0,0.0,0.12498355220493715,0.0,0.8333333333333334,7.084437328381717e-15
1.9937407795571411,0.583925937016326,5.654866776461628,0.0,0.0,0.0,0.10736398413722446,0.0,0.8333333333333334,2.0352220706684413e-15
1.9937407795571411,0.865888905524489,0.0,0.0,0.0,0.0,0.08039013548545339,0.0,0.8333333333333334,3.0764536135586425e-15
1.9937407795571411,0.865888905524489,0.6283185307179586,0.0,0.0,0.0,0.08965697459443925,0.0,0.8333333333333334,2.51566337455247e-15
1.9937407795571411,0.865888905524489,1.2566370614359172,0.0,0.0,0.0,0.0866164712473219,0.0,0.8333333333333334,1.5928121407287256e-15
1.9937407795571411,0.865888905524489,1.8849555921538759,0.0,0.0,0.0,0.10513177856006392,0.0,0.8333333333333334,2.6592100760045426e-15
1.9937407795571411,0.865888905524489,2.5132741228718345,0.0,0.0,0.0,0.061561870786379036,0.0,0.8333333333333334,2.7922703537822858e-15
1.9937407795571411,0.865888905524489,3.141592653589793,0.0,0.0,0.0,0.08039013548545346,0.0,0.8333333333333334,2.326644935516194e-15
1.9937407795571411,0.865888905524489,3.7699111843077517,0.0,0.0,0.0,0.08965697459443925,0.0,0.8333333333333334,2.1770026187799564e-15
1.9937407795571411,0.865888905524489,4.39822971502571,0.0,0.0,0.0,0.0866164712473219,0.0,0.8333333333333334,2.2439594978170873e-15
1.9937407795571411,0.865888905524489,5.026548245743669,0.0,0.0,0.0,0.10513177856006403,0.0,0.8333333333333334,3.286514092911989e-15
1.9937407795571411,0.865888905524489,5.654866776461628,0.0,0.0,0.0,0.061561870786379064,0.0,0.8333333333333334,2.5417004613459862e-15
1.9937407795571411,1.147851874032652,0.0,0.0,0.0,0.0,0.0901259953253244,0.0,0.8333333333333334,3.680801367118551e-15
1.9937407795571411,1.147851874032652,0.6283185307179586,0.0,0.0,0.0,0.09584140095673357,0.0,0.8333333333333334,4.643883228306813e-15
1.9937407795571411,1.147851874032652,1.2566370614359172,0.0,0.0,0.0,0.03795328225276015,0.0,0.8333333333333334,5.438112693025908e-15
1.9937407795571411,1.147851874032652,1.8849555921538759,0.0,0.0,0.0,0.0821450097358046,0.0,0.8333333333333334,3.7909827588728765e-15
1.9937407795571411,1.147851874032652,2.5132741228718345,0.0,0.0,0.0,0.06561955160703895,0.0,0.8333333333333334,4.559215991745625e-15
1.9937407795571411,1.147851874032652,3.141592653589793,0.0,0.0,0.0,0.0901259953253244,0.0,0.8333333333333334,4.552163172079547e-15
1.9937407795571411,1.147851874032652,3.7699111843077517,0.0,0.0,0.0,0.09584140095673341,0.0,0.8333333333333334,4.545312114220337e-15
1.9937407795571411,1.147851874032652,4.39822971502571,0.0,0.0,0.0,0.03795328225276012,0.0,0.8333333333333334,4.861940996119282e-15
1.9937407795571411,1.147851874032652,5.026548245743669,0.0,0.0,0.0,0.08214500973580457,0.0,0.8333333333333334,5.935871714308395e-15
1.9937407795571411,1.147851874032652,5.654866776461628,0.0,0.0,0.0,0.06561955160703892,0.0,0.8333333333333334,6.1209755740612385e-15
1.9937407795571411,1.429814842540815,0.0,0.0,0.0,0.0,0.09183568379947624,0.0,0.8333333333333334,1.6695685382924943e-15
1.9937407795571411,1.429814842540815,0.6283185307179586,0.0,0.0,0.0,0.09600113488148265,0.0,0.8333333333333334,3.396613767708868e-15
1.9937407795571411,1.429814842540815,1.2566370614359172,0.0,0.0,0.0,0.04162364821178208,0.0,0.8333333333333334,2.642406782373414e-15
1.9937407795571411,1.429814842540815,1.8849555921538759,0.0,0.0,0.0,0.03495116548668292,0.0,0.8333333333333334,4.0920700485942264e-15
1.9937407795571411,1.429814842540815,2.5132741228718345,0.0,0.0,0.0,0.0635245808130532,0.0,0.8333333333333334,1.6996524275798505e-15
1.9937407795571411,1.429814842540815,3.141592653589793,0.0,0.0,0.0,0.09183568379947629,0.0,0.8333333333333334,1.8782876896007504e-15
1.9937407795571411,1.429814842540815,3.7699111843077517,0.0,0.0,0.0,0.09600113488148262,0.0,0.8333333333333334,1.8226082468526574e-15
1.9937407795571411,1.429814842540815,4.39822971502571,0.0,0.0,0.0,0.04162364821178213,0.0,0.8333333333333334,3.7339033725310125e-15
1.9937407795571411,1.429814842540815,5.026548245743669,0.0,0.0,0.0,0.03495116548668292,0.0,0.8333333333333334,1.8142792152407565e-15
1.9937407795571411,1.429814842540815,5.654866776461628,0.0,0.0,0.0,0.0635245808130532,0.0,0.8333333333333334,3.9066713590184075e-15
1.9937407795571411,1.711777811048978,0.0,0.0,0.0,0.0,0.09183568379947629,0.0,0.8333333333333334,1.7258702522688536e-15
1.9937407795571411,1.711777811048978,0.6283185307179586,0.0,0.0,0.0,0.06352458081305347,0.0,0.8333333333333334,2.225826709153084e-15
1.9937407795571411,1.711777811048978,1.2566370614359172,0.0,0.0,0.0,0.034951165486683006,0.0,0.8333333333333334,3.8731236022048886e-15
1.9937407795571411,1.711777811048978,1.8849555921538759,0.0,0.0,0.0,0.04162364821178169,0.0,0.8333333333333334,3.163570180799254e-15
1.9937407795571411,1.711777811048978,2.5132741228718345,0.0,0.0,0.0,0.0960011348814827,0.0,0.8333333333333334,2.038267452045762e-15
1.9937407795571411,1.711777811048978,3.141592653589793,0.0,0.0,0.0,0.09183568379947624,0.0,0.8333333333333334,2.8741394890153007e-15
1.9937407795571411,1.711777811048978,3.7699111843077517,0.0,0.0,0.0,0.06352458081305346,0.0,0.8333333333333334,2.889151527783191e-15
1.9937407795571411,1.711777811048978,4.39822971502571,0.0,0.0,0.0,0.03495116548668306,0.0,0.8333333333333334,2.2660010675539908e-15
1.9937407795571411,1.711777811048978,5.026548245743669,0.0,0.0,0.0,0.04162364821178166,0.0,0.8333333333333334,2.4951820008734336e-15
1.9937407795571411,1.711777811048978,5.654866776461628,0.0,0.0,0.0,0.0960011348814827,0.0,0.8333333333333334,3.092617999407918e-15
1.9937407795571411,1.9937407795571411,0.0,0.0,0.0,0.0,0.09012599532532434,0.0,0.8333333333333334,4.849488726319407e-15
1.9937407795571411,1.9937407795571411,0.6283185307179586,0.0,0.0,0.0,0.065619551607039,0.0,0.8333333333333334,3.1955321961877982e-15
1.9937407795571411,1.9937407795571411,1.2566370614359172,0.0,0.0,0.0,0.08214500973580423,0.0,0.8333333333333334,3.903491798042699e-15
1.9937407795571411,1.9937407795571411,1.8849555921538759,0.0,0.0,0.0,0.03795328225276001,0.0,0.8333333333333334,4.040139238284384e-15
1.9937407795571411,1.9937407795571411,2.5132741228718345,0.0,0.0,0.0,0.09584140095673285,0.0,0.8333333333333334,3.986745548042176e-15
1.9937407795571411,1.9937407795571411,3.141592653589793,0.0,0.0,0.0,0.09012599532532431,0.0,0.8333333333333334,3.5241813411825638e-15
1.9937407795571411,1.9937407795571411,3.7699111843077517,0.0,0.0,0.0,0.065619551607039,0.0,0.8333333333333334,3.29530561559941e-15
1.9937407795571411,1.9937407795571411,4.39822971502571,0.0,0.0,0.0,0.0821450097358042,0.0,0.8333333333333334,4.414213368209852e-15
1.9937407795571411,1.9937407795571411,5.026548245743669,0.0,0.0,0.0,0.03795328225276004,0.0,0.8333333333333334,3.0147609379679763e-15
1.9937407795571411,1.9937407795571411,5.654866776461628,0.0,0.0,0.0,0.09584140095673285,0.0,0.8333333333333334,4.044418695109945e-15
1.9937407795571411,2.275703748065304,0.0,0.0,0.0,0.0,0.08039013548545357,0.0,0.8333333333333334,2.749536157873436e-15
1.9937407795571411,2.275703748065304,0.6283185307179586,0.0,0.0,0.0,0.061561870786378564,0.0,0.8333333333333334,2.1879623653797534e-15
1.9937407795571411,2.275703748065304,1.2566370614359172,0.0,0.0,0.0,0.10513177856006348,0.0,0.8333333333333334,2.625126120080272e-15
1.9937407795571411,2.275703748065304,1.8849555921538759,0.0,0.0,0.0,0.08661647124732166,0.0,0.8333333333333334,2.65174837398676e-15
1.9937407795571411,2.275703748065304,2.5132741228718345,0.0,0.0,0.0,0.08965697459443914,0.0,0.8333333333333334,1.947353204562172e-15
1.9937407795571411,2.275703748065304,3.141592653589793,0.0,0.0,0.0,0.08039013548545357,0.0,0.8333333333333334,2.4919999728995244e-15
1.9937407795571411,2.275703748065304,3.7699111843077517,0.0,0.0,0.0,0.06156187078637858,0.0,0.8333333333333334,3.1053163062543946e-15
1.9937407795571411,2.275703748065304,4.39822971502571,0.0,0.0,0.0,0.10513177856006337,0.0,0.8333333333333334,2.094990851942982e-15
1.9937407795571411,2.275703748065304,5.026548245743669,0.0,0.0,0.0,0.08661647124732169,0.0,0.8333333333333334,3.559041874525359e-15
1.9937407795571411,2.275703748065304,5.654866776461628,0.0,0.0,0.0,0.08965697459443914,0.0,0.8333333333333334,2.5619541021719417e-15
1.9937407795571411,2.557666716573467,0.0,0.0,0.0,0.0,0.051735853991534464,0.0,0.8333333333333334,1.7627747112124835e-15
1.9937407795571411,2.557666716573467,0.6283185307179586,0.0,0.0,0.0,0.10736398413722487,0.0,0.8333333333333334,1.93494334642901e-15
1.9937407795571411,2.557666716573467,1.2566370614359172,0.0,0.0,0.0,0.12498355220493654,0.0,0.8333333333333334,3.57813009207217e-15
1.9937407795571411,2.557666716573467,1.8849555921538759,0.0,0.0,0.0,0.0587849028666758,0.0,0.8333333333333334,2.669889129532982e-15
1.9937407795571411,2.557666716573467,2.5132741228718345,0.0,0.0,0.0,0.07537093613453902,0.0,0.8333333333333334,2.3416082231298338e-15
1.9937407795571411,2.557666716573467,3.141592653589793,0.0,0.0,0.0,0.051735853991534436,0.0,0.8333333333333334,2.0466655131396386e-15
1.9937407795571411,2.557666716573467,3.7699111843077517,0.0,0.0,0.0,0.10736398413722487,0.0,0.8333333333333334,2.879832658024577e-15
1.9937407795571411,2.557666716573467,4.39822971502571,0.0,0.0,0.0,0.12498355220493687,0.0,0.8333333333333334,6.260269235172147e-15
1.9937407795571411,2.557666716573467,5.026548245743669,0.0,0.0,0.0,0.0587849028666758,0.0,0.8333333333333334,2.620160156498464e-15
1.9937407795571411,2.557666716573467,5.654866776461628,0.0,0.0,0.0,0.07537093613453902,0.0,0.8333333333333334,2.18615367932613e-15
1.9937407795571411,2.83962968508163,0.0,0.0,0.0,0.0,0.06729836868897579,0.0,0.8333333333333334,2.658255045981711e-15
1.9937407795571411,2.83962968508163,0.6283185307179586,0.0,0.0,0.0,0.09317725862686074,0.0,0.8333333333333334,3.661935793938335e-15
1.9937407795571411,2.83962968508163,1.2566370614359172,0.0,0.0,0.0,0.07944739198812359,0.0,0.8333333333333334,1.5791902686671014e-15
1.9937407795571411,2.83962968508163,1.8849555921538759,0.0,0.0,0.0,0.06406115236127913,0.0,0.8333333333333334,1.939842432060481e-15
1.9937407795571411,2.83962968508163,2.5132741228718345,0.0,0.0,0.0,0.05474738974048979,0.0,0.8333333333333334,2.714508066269499e-15
1.9937407795571411,2.83962968508163,3.141592653589793,0.0,0.0,0.0,0.06729836868897585,0.0,0.8333333333333334,2.9526651352963435e-15
1.9937407795571411,2.83962968508163,3.7699111843077517,0.0,0.0,0.0,0.09317725862686074,0.0,0.8333333333333334,3.84648270223083e-15
1.9937407795571411,2.83962968508163,4.39822971502571,0.0,0.0,0.0,0.07944739198812359,0.0,0.8333333333333334,3.2775697475963296e-15
1.9937407795571411,2.83962968508163,5.026548245743669,0.0,0.0,0.0,0.06406115236127916,0.0,0.8333333333333334,1.7811415855468803e-15
1.9937407795571411,2.83962968508163,5.654866776461628,0.0,0.0,0.0,0.05474738974048968,0.0,0.8333333333333334,2.501012848153029e-15
1.9937407795571411,3.121592653589793,0.0,0.0,0.0,0.0,0.07740805163737316,0.0,0.8333333333333334,2.0383099358129624e-15
1.9937407795571411,3.121592653589793,0.6283185307179586,0.0,0.0,0.0,0.05620189541677248,0.0,0.8333333333333334,2.9472606367784313e-15
1.9937407795571411,3.121592653589793,1.2566370614359172,0.0,0.0,0.0,0.09252986363987474,0.0,0.8333333333333334,2.1398757456054337e-15
1.9937407795571411,3.121592653589793,1.8849555921538759,0.0,0.0,0.0,0.05878747081474589,0.0,0.8333333333333334,1.7679814659216575e-15
1.9937407795571411,3.121592653589793,2.5132741228718345,0.0,0.0,0.0,0.05338550727491373,0.0,0.8333333333333334,2.8881580354766427e-15
1.9937407795571411,3.121592653589793,3.141592653589793,0.0,0.0,0.0,0.07740805163737312,0.0,0.8333333333333334,3.616161729940615e-15
1.9937407795571411,3.121592653589793,3.7699111843077517,0.0,0.0,0.0,0.05620189541677252,0.0,0.8333333333333334,1.470785467082946e-15
1.9937407795571411,3.121592653589793,4.39822971502571,0.0,0.0,0.0,0.09252986363987477,0.0,0.8333333333333334,1.952074580587091e-15
1.9937407795571411,3.121592653589793,5.026548245743669,0.0,0.0,0.0,0.058787470814745946,0.0,0.8333333333333334,1.5172223654083824e-15
1.9937407795571411,3.121592653589793,5.654866776461628,0.0,0.0,0.0,0.05338550727491373,0.0,0.8333333333333334,2.2062830464650696e-15
2.275703748065304,0.02,0.0,0.0,0.0,0.0,0.08727625231714609,0.0,0.8333333333333334,2.7869336744901567e-15
2.275703748065304,0.02,0.6283185307179586,0.0,0.0,0.0,0.05946174828205622,0.0,0.8333333333333334,3.577306667550171e-15
2.275703748065304,0.02,1.2566370614359172,0.0,0.0,0.0,0.07097152087911174,0.0,0.8333333333333334,4.0209297058963405e-15
2.275703748065304,0.02,1.8849555921538759,0.0,0.0,0.0,0.07075262402396623,0.0,0.8333333333333334,2.6386295780718442e-15
2.275703748065304,0.02,2.5132741228718345,0.0,0.0,0.0,0.06450280013330184,0.0,0.8333333333333334,5.5962782858487116e-15
2.275703748065304,0.02,3.141592653589793,0.0,0.0,0.0,0.08727625231714609,0.0,0.8333333333333334,3.1038970755371113e-15
2.275703748065304,0.02,3.7699111843077517,0.0,0.0,0.0,0.05946174828205622,0.0,0.8333333333333334,4.945913144531829e-15
2.275703748065304,0.02,4.39822971502571,0.0,0.0,0.0,0.07097152087911165,0.0,0.8333333333333334,3.469337953249971e-15
2.275703748065304,0.02,5.026548245743669,0.0,0.0,0.0,0.07075262402396623,0.0,0.8333333333333334,3.0225020502875703e-15
2.275703748065304,0.02,5.654866776461628,0.0,0.0,0.0,0.06450280013330183,0.0,0.8333333333333334,3.795559528310203e-15
2.275703748065304,0.301962968508163,0.0,0.0,0.0,0.0,0.06655191334087998,0.0,0.8333333333333334,4.4636594606400554e-15
2.275703748065304,0.301962968508163,0.6283185307179586,0.0,0.0,0.0,0.07676711326458932,0.0,0.8333333333333334,4.290798447302667e-15
2.275703748065304,0.301962968508163,1.2566370614359172,0.0,0.0,0.0,0.08344031329651665,0.0,0.8333333333333334,4.903570352453911e-15
2.275703748065304,0.301962968508163,1.8849555921538759,0.0,0.0,0.0,0.07854369684190851,0.0,0.8333333333333334,4.485935853410321e-15
2.275703748065304,0.301962968508163,2.5132741228718345,0.0,0.0,0.0,0.0851655844041759,0.0,0.8333333333333334,5.15436796012798e-15
2.275703748065304,0.301962968508163,3.141592653589793,0.0,0.0,0.0,0.06655191334087995,0.0,0.8333333333333334,4.338926053289373e-15
2.275703748065304,0.301962968508163,3.7699111843077517,0.0,0.0,0.0,0.07676711326458927,0.0,0.8333333333333334,4.9413246580941e-15
2.275703748065304,0.301962968508163,4.39822971502571,0.0,0.0,0.0,0.08344031329651665,0.0,0.8333333333333334,5.0336444328501405e-15
2.275703748065304,0.301962968508163,5.026548245743669,0.0,0.0,0.0,0.0785436968419085,0.0,0.8333333333333334,4.971822786398469e-15
2.275703748065304,0.301962968508163,5.654866776461628,0.0,0.0,0.0,0.08516558440417596,0.0,0.8333333333333334,5.123262810781574e-15
2.275703748065304,0.583925937016326,0.0,0.0,0.0,0.0,0.07624127849439846,0.0,0.8333333333333334,3.300839903637001e-15
2.275703748065304,0.583925937016326,0.6283185307179586,0.0,0.0,0.0,0.06537833240253801,0.0,0.8333333333333334,2.7953205117928664e-15
2.275703748065304,0.583925937016326,1.2566370614359172,0.0,0.0,0.0,0.08011215125899865,0.0,0.8333333333333334,2.969525492646132e-15
2.275703748065304,0.583925937016326,1.8849555921538759,0.0,0.0,0.0,0.09551040705969402,0.0,0.8333333333333334,3.734680136443143e-15
2.275703748065304,0.583925937016326,2.5132741228718345,0.0,0.0,0.0,0.10204353997158686,0.0,0.8333333333333334,2.58803184466097e-15
2.275703748065304,0.583925937016326,3.141592653589793,0.0,0.0,0.0,0.07624127849439846,0.0,0.8333333333333334,3.1774048000648375e-15
2.275703748065304,0.583925937016326,3.7699111843077517,0.0,0.0,0.0,0.06537833240253788,0.0,0.8333333333333334,3.724193914760488e-15
2.275703748065304,0.583925937016326,4.39822971502571,0.0,0.0,0.0,0.08011215125899865,0.0,0.8333333333333334,3.1426668828731963e-15
2.275703748065304,0.583925937016326,5.026548245743669,0.0,0.0,0.0,0.09551040705969407,0.0,0.8333333333333334,1.655182161126858e-15
2.275703748065304,0.583925937016326,5.654866776461628,0.0,0.0,0.0,0.10204353997158686,0.0,0.8333333333333334,4.482485755350187e-15
2.275703748065304,0.865888905524489,0.0,0.0,0.0,0.0,0.09309270075000932,0.0,0.8333333333333334,1.7101498353627045e-15
2.275703748065304,0.865888905524489,0.6283185307179586,0.0,0.0,0.0,0.12022455947237762,0.0,0.8333333333333334,1.2286329887811299e-15
2.275703748065304,0.865888905524489,1.2566370614359172,0.0,0.0,0.0,0.1027913303615913,0.0,0.8333333333333334,2.6667009129304155e-15
2.275703748065304,0.865888905524489,1.8849555921538759,0.0,0.0,0.0,0.09785533957662515,0.0,0.8333333333333334,2.0034782897485998e-15
2.275703748065304,0.865888905524489,2.5132741228718345,0.0,0.0,0.0,0.10970565921869316,0.0,0.8333333333333334,1.9329636795948153e-15
2.275703748065304,0.865888905524489,3.141592653589793,0.0,0.0,0.0,0.09309270075000929,0.0,0.8333333333333334,2.059290699607512e-15
2.275703748065304,0.865888905524489,3.7699111843077517,0.0,0.0,0.0,0.12022455947237762,0.0,0.8333333333333334,1.6656080166670177e-15
2.275703748065304,0.865888905524489,4.39822971502571,0.0,0.0,0.0,0.10279133036159133,0.0,0.8333333333333334,3.0610189087762132e-15
2.275703748065304,0.865888905524489,5.026548245743669,0.0,0.0,0.0,0.0978553395766251,0.0,0.8333333333333334,2.306693737345031e-15
2.275703748065304,0.865888905524489,5.654866776461628,0.0,0.0,0.0,0.10970565921869316,0.0,0.8333333333333334,3.82634818493226e-15
2.275703748065304,1.147851874032652,0.0,0.0,0.0,0.0,0.09817811399185196,0.0,0.8333333333333334,3.4803959846699274e-15
2.275703748065304,1.147851874032652,0.6283185307179586,0.0,0.0,0.0,0.1063484361513112,0.0,0.8333333333333334,2.1455872789188215e-15
2.275703748065304,1.147851874032652,1.2566370614359172,0.0,0.0,0.0,0.09824749098597926,0.0,0.8333333333333334,2.489290284566496e-15
2.275703748065304,1.147851874032652,1.8849555921538759,0.0,0.0,0.0,0.03349806251333201,0.0,0.8333333333333334,3.408469329226179e-15
2.275703748065304,1.147851874032652,2.5132741228718345,0.0,0.0,0.0,0.10129178644327595,0.0,0.8333333333333334,2.0831205045771304e-15
2.275703748065304,1.147851874032652,3.141592653589793,0.0,0.0,0.0,0.09817811399185196,0.0,0.8333333333333334,1.9003804255306406e-15
2.275703748065304,1.147851874032652,3.7699111843077517,0.0,0.0,0.0,0.1063484361513112,0.0,0.8333333333333334,3.442400547042908e-15
2.275703748065304,1.147851874032652,4.39822971502571,0.0,0.0,0.0,0.09824749098597925,0.0,0.8333333333333334,3.895740274951108e-15
2.275703748065304,1.147851874032652,5.026548245743669,0.0,0.0,0.0,0.03349806251333198,0.0,0.8333333333333334,2.0209479731095424e-15
2.275703748065304,1.147851874032652,5.654866776461628,0.0,0.0,0.0,0.10129178644327595,0.0,0.8333333333333334,2.6249438906418816e-15
2.275703748065304,1.429814842540815,0.0,0.0,0.0,0.0,0.07279059183931164,0.0,0.8333333333333334,4.700811043147892e-15
2.275703748065304,1.429814842540815,0.6283185307179586,0.0,0.0,0.0,0.09999371659605681,0.0,0.8333333333333334,4.935193139530862e-15
2.275703748065304,1.429814842540815,1.2566370614359172,0.0,0.0,0.0,0.05174247878763551,0.0,0.8333333333333334,5.155858698991251e-15
2.275703748065304,1.429814842540815,1.8849555921538759,0.0,0.0,0.0,0.022258418399584784,0.0,0.8333333333333334,4.089206842394957e-15
2.275703748065304,1.429814842540815,2.5132741228718345,0.0,0.0,0.0,0.09568152124259786,0.0,0.8333333333333334,5.543901868892465e-15
2.275703748065304,1.429814842540815,3.141592653589793,0.0,0.0,0.0,0.07279059183931166,0.0,0.8333333333333334,4.959864864770549e-15
2.275703748065304,1.429814842540815,3.7699111843077517,0.0,0.0,0.0,0.09999371659605684,0.0,0.8333333333333334,3.693149043981265e-15
2.275703748065304,1.429814842540815,4.39822971502571,0.0,0.0,0.0,0.051742478787635424,0.0,0.8333333333333334,5.234188609006094e-15
2.275703748065304,1.429814842540815,5.026548245743669,0.0,0.0,0.0,0.02225841839958484,0.0,0.8333333333333334,4.328150378722519e-15
2.275703748065304,1.429814842540815,5.654866776461628,0.0,0.0,0.0,0.09568152124259789,0.0,0.8333333333333334,5.406488708208676e-15
2.275703748065304,1.711777811048978,0.0,0.0,0.0,0.0,0.07279059183931208,0.0,0.8333333333333334,4.936223069360321e-15
2.275703748065304,1.711777811048978,0.6283185307179586,0.0,0.0,0.0,0.09568152124259806,0.0,0.8333333333333334,5.420063305308417e-15
2.275703748065304,1.711777811048978,1.2566370614359172,0.0,0.0,0.0,0.022258418399584978,0.0,0.8333333333333334,5.165017327412064e-15
2.275703748065304,1.711777811048978,1.8849555921538759,0.0,0.0,0.0,0.051742478787635396,0.0,0.8333333333333334,4.181844063123705e-15
2.275703748065304,1.711777811048978,2.5132741228718345,0.0,0.0,0.0,0.09999371659605702,0.0,0.8333333333333334,4.088925509548228e-15
2.275703748065304,1.711777811048978,3.141592653589793,0.0,0.0,0.0,0.07279059183931205,0.0,0.8333333333333334,4.146556066480491e-15
2.275703748065304,1.711777811048978,3.7699111843077517,0.0,0.0,0.0,0.09568152124259806,0.0,0.8333333333333334,6.774348093646336e-15
2.275703748065304,1.711777811048978,4.39822971502571,0.0,0.0,0.0,0.022258418399585034,0.0,0.8333333333333334,4.4982182801519065e-15
2.275703748065304,1.711777811048978,5.026548245743669,0.0,0.0,0.0,0.05174247878763538,0.0,0.8333333333333334,4.580340803431172e-15
2.275703748065304,1.711777811048978,5.654866776461628,0.0,0.0,0.0,0.09999371659605705,0.0,0.8333333333333334,5.374432031119078e-15
2.275703748065304,1.9937407795571411,0.0,0.0,0.0,0.0,0.09817811399185196,0.0,0.8333333333333334,2.045948116388929e-15
2.275703748065304,1.9937407795571411,0.6283185307179586,0.0,0.0,0.0,0.10129178644327609,0.0,0.8333333333333334,2.527801455906882e-15
2.275703748065304,1.9937407795571411,1.2566370614359172,0.0,0.0,0.0,0.03349806251333162,0.0,0.8333333333333334,2.9521125385800927e-15
2.275703748065304,1.9937407795571411,1.8849555921538759,0.0,0.0,0.0,0.09824749098597926,0.0,0.8333333333333334,2.617690146101496e-15
2.275703748065304,1.9937407795571411,2.5132741228718345,0.0,0.0,0.0,0.10634843615131118,0.0,0.8333333333333334,3.0848248512682862e-15
2.275703748065304,1.9937407795571411,3.141592653589793,0.0,0.0,0.0,0.09817811399185199,0.0,0.8333333333333334,2.464944533880386e-15
2.275703748065304,1.9937407795571411,3.7699111843077517,0.0,0.0,0.0,0.10129178644327609,0.0,0.8333333333333334,1.645148050267827e-15
2.275703748065304,1.9937407795571411,4.39822971502571,0.0,0.0,0.0,0.03349806251333162,0.0,0.8333333333333334,3.673060167292634e-15
2.275703748065304,1.9937407795571411,5.026548245743669,0.0,0.0,0.0,0.09824749098597926,0.0,0.8333333333333334,2.242872243573446e-15
2.275703748065304,1.9937407795571411,5.654866776461628,0.0,0.0,0.0,0.1063484361513112,0.0,0.8333333333333334,3.0792006161750425e-15
2.275703748065304,2.275703748065304,0.0,0.0,0.0,0.0,0.09309270075000936,0.0,0.8333333333333334,1.9563719652570096e-15
2.275703748065304,2.275703748065304,0.6283185307179586,0.0,0.0,0.0,0.10970565921869299,0.0,0.8333333333333334,1.8927823313793453e-15
2.275703748065304,2.275703748065304,1.2566370614359172,0.0,0.0,0.0,0.09785533957662548,0.0,0.8333333333333334,1.5805132531805427e-15
2.275703748065304,2.275703748065304,1.8849555921538759,0.0,0.0,0.0,0.10279133036159124,0.0,0.8333333333333334,1.7657449818020783e-15
2.275703748065304,2.275703748065304,2.5132741228718345,0.0,0.0,0.0,0.12022455947237717,0.0,0.8333333333333334,3.027557900780236e-15
2.275703748065304,2.275703748065304,3.141592653589793,0.0,0.0,0.0,0.09309270075000933,0.0,0.8333333333333334,2.7188941736721064e-15
2.275703748065304,2.275703748065304,3.7699111843077517,0.0,0.0,0.0,0.10970565921869299,0.0,0.8333333333333334,2.3110240495220133e-15
2.275703748065304,2.275703748065304,4.39822971502571,0.0,0.0,0.0,0.09785533957662548,0.0,0.8333333333333334,1.474394935772011e-15
2.275703748065304,2.275703748065304,5.026548245743669,0.0,0.0,0.0,0.10279133036159122,0.0,0.8333333333333334,2.2512884104758336e-15
2.275703748065304,2.275703748065304,5.654866776461628,0.0,0.0,0.0,0.12022455947237717,0.0,0.8333333333333334,2.5762266505102217e-15
2.275703748065304,2.557666716573467,0.0,0.0,0.0,0.0,0.07624127849439855,0.0,0.8333333333333334,3.5338433725144997e-15
2.275703748065304,2.557666716573467,0.6283185307179586,0.0,0.0,0.0,0.10204353997158686,0.0,0.8333333333333334,2.2107405074247936e-15
2.275703748065304,2.557666716573467,1.2566370614359172,0.0,0.0,0.0,0.0955104070596943,0.0,0.8333333333333334,2.3404725439579738e-15
2.275703748065304,2.557666716573467,1.8849555921538759,0.0,0.0,0.0,0.08011215125899834,0.0,0.8333333333333334,3.30678658487682e-15
2.275703748065304,2.557666716573467,2.5132741228718345,0.0,0.0,0.0,0.06537833240253835,0.0,0.8333333333333334,2.321363379598496e-15
2.275703748065304,2.557666716573467,3.141592653589793,0.0,0.0,0.0,0.07624127849439852,0.0,0.8333333333333334,3.678972063508079e-15
2.275703748065304,2.557666716573467,3.7699111843077517,0.0,0.0,0.0,0.1020435399715868,0.0,0.8333333333333334,2.71931067645128e-15
2.275703748065304,2.557666716573467,4.39822971502571,0.0,0.0,0.0,0.09551040705969441,0.0,0.8333333333333334,3.4107097744133243e-15
2.275703748065304,2.557666716573467,5.026548245743669,0.0,0.0,0.0,0.08011215125899834,0.0,0.8333333333333334,2.7320414262286125e-15
2.275703748065304,2.557666716573467,5.654866776461628,0.0,0.0,0.0,0.06537833240253829,0.0,0.8333333333333334,3.598469000854795e-15
2.275703748065304,2.83962968508163,0.0,0.0,0.0,0.0,0.06655191334088029,0.0,0.8333333333333334,4.4455274253409196e-15
2.275703748065304,2.83962968508163,0.6283185307179586,0.0,0.0,0.0,0.08516558440417596,0.0,0.8333333333333334,5.527715291069017e-15
2.275703748065304,2.83962968508163,1.2566370614359172,0.0,0.0,0.0,0.07854369684190869,0.0,0.8333333333333334,4.464990581412167e-15
2.275703748065304,2.83962968508163,1.8849555921538759,0.0,0.0,0.0,0.0834403132965167,0.0,0.8333333333333334,3.700310314208018e-15
2.275703748065304,2.83962968508163,2.5132741228718345,0.0,0.0,0.0,0.07676711326458985,0.0,0.8333333333333334,4.8682234314870646e-15
2.275703748065304,2.83962968508163,3.141592653589793,0.0,0.0,0.0,0.06655191334088029,0.0,0.8333333333333334,4.4274389897105285e-15
2.275703748065304,2.83962968508163,3.7699111843077517,0.0,0.0,0.0,0.08516558440417601,0.0,0.8333333333333334,4.9585048847089185e-15
2.275703748065304,2.83962968508163,4.39822971502571,0.0,0.0,0.0,0.07854369684190865,0.0,0.8333333333333334,5.670230710917298e-15
2.275703748065304,2.83962968508163,5.026548245743669,0.0,0.0,0.0,0.08344031329651667,0.0,0.8333333333333334,4.217659017695536e-15
2.275703748065304,2.83962968508163,5.654866776461628,0.0,0.0,0.0,0.07676711326458985,0.0,0.8333333333333334,4.988443907528705e-15
2.275703748065304,3.121592653589793,0.0,0.0,0.0,0.0,0.08727625231714597,0.0,0.8333333333333334,3.3698107598643e-15
2.275703748065304,3.121592653589793,0.6283185307179586,0.0,0.0,0.0,0.06450280013330195,0.0,0.8333333333333334,4.540514152018725e-15
2.275703748065304,3.121592653589793,1.2566370614359172,0.0,0.0,0.0,0.07075262402396587,0.0,0.8333333333333334,3.1066717500410406e-15
2.275703748065304,3.121592653589793,1.8849555921538759,0.0,0.0,0.0,0.07097152087911132,0.0,0.8333333333333334,2.858613451935798e-15
2.275703748065304,3.121592653589793,2.5132741228718345,0.0,0.0,0.0,0.059461748282056665,0.0,0.8333333333333334,3.7381471452733166e-15
2.275703748065304,3.121592653589793,3.141592653589793,0.0,0.0,0.0,0.08727625231714599,0.0,0.8333333333333334,3.596501668658366e-15
2.275703748065304,3.121592653589793,3.7699111843077517,0.0,0.0,0.0,0.06450280013330202,0.0,0.8333333333333334,5.78567410087605e-15
2.275703748065304,3.121592653589793,4.39822971502571,0.0,0.0,0.0,0.07075262402396582,0.0,0.8333333333333334,2.98530815994128e-15
2.275703748065304,3.121592653589793,5.026548245743669,0.0,0.0,0.0,0.07097152087911138,0.0,0.8333333333333334,2.902797324500394e-15
2.275703748065304,3.121592653589793,5.654866776461628,0.0,0.0,0.0,0.05946174828205664,0.0,0.8333333333333334,3.722943537652948e-15
2.557666716573467,0.02,0.0,0.0,0.0,0.0,0.11132694139313162,0.0,0.8333333333333334,2.5651948662804468e-15
2.557666716573467,0.02,0.6283185307179586,0.0,0.0,0.0,0.08046918465363587,0.0,0.8333333333333334,2.564113933340481e-15
2.557666716573467,0.02,1.2566370614359172,0.0,0.0,0.0,0.07741671757785829,0.0,0.8333333333333334,4.6487891458231074e-15
2.557666716573467,0.02,1.8849555921538759,0.0,0.0,0.0,0.07295173717166206,0.0,0.8333333333333334,2.267335784281791e-15
2.557666716573467,0.02,2.5132741228718345,0.0,0.0,0.0,0.06822723043188576,0.0,0.8333333333333334,3.2246060069752715e-15
2.557666716573467,0.02,3.141592653589793,0.0,0.0,0.0,0.11132694139313168,0.0,0.8333333333333334,2.7437506989707538e-15
2.557666716573467,0.02,3.7699111843077517,0.0,0.0,0.0,0.0804691846536359,0.0,0.8333333333333334,3.634379031923014e-15
2.557666716573467,0.02,4.39822971502571,0.0,0.0,0.0,0.07741671757785837,0.0,0.8333333333333334,2.137194448717305e-15
2.557666716573467,0.02,5.026548245743669,0.0,0.0,0.0,0.07295173717166206,0.0,0.8333333333333334,3.4010557497660314e-15
2.557666716573467,0.02,5.654866776461628,0.0,0.0,0.0,0.06822723043188574,0.0,0.8333333333333334,2.226709416927084e-15
2.557666716573467,0.301962968508163,0.0,0.0,0.0,0.0,0.11204157456794914,0.0,0.8333333333333334,3.7886131117364904e-15
2.557666716573467,0.301962968508163,0.6283185307179586,0.0,0.0,0.0,0.08885136224008952,0.0,0.8333333333333334,3.678145528121012e-15
2.557666716573467,0.301962968508163,1.2566370614359172,0.0,0.0,0.0,0.09180784019776053,0.0,0.8333333333333334,2.6747668885980037e-15
2.557666716573467,0.301962968508163,1.8849555921538759,0.0,0.0,0.0,0.08199995917899366,0.0,0.8333333333333334,3.2785959471862653e-15
2.557666716573467,0.301962968508163,2.5132741228718345,0.0,0.0,0.0,0.07262466483532784,0.0,0.8333333333333334,3.5360368094344857e-15
2.557666716573467,0.301962968508163,3.141592653589793,0.0,0.0,0.0,0.11204157456794914,0.0,0.8333333333333334,3.4353887771143032e-15
2.557666716573467,0.301962968508163,3.7699111843077517,0.0,0.0,0.0,0.08885136224008952,0.0,0.8333333333333334,3.213035319304742e-15
2.557666716573467,0.301962968508163,4.39822971502571,0.0,0.0,0.0,0.0918078401977607,0.0,0.8333333333333334,2.0694034753593244e-15
2.557666716573467,0.301962968508163,5.026548245743669,0.0,0.0,0.0,0.08199995917899366,0.0,0.8333333333333334,2.672435003284952e-15
2.557666716573467,0.301962968508163,5.654866776461628,0.0,0.0,0.0,0.07262466483532784,0.0,0.8333333333333334,3.319488596445693e-15
2.557666716573467,0.583925937016326,0.0,0.0,0.0,0.0,0.11616371360513958,0.0,0.8333333333333334,4.4142443359118756e-15
2.557666716573467,0.583925937016326,0.6283185307179586,0.0,0.0,0.0,0.11002081761765777,0.0,0.8333333333333334,3.915243177650336e-15
2.557666716573467,0.583925937016326,1.2566370614359172,0.0,0.0,0.0,0.08714266035337656,0.0,0.8333333333333334,8.652576918230032e-15
2.557666716573467,0.583925937016326,1.8849555921538759,0.0,0.0,0.0,0.08776148538652738,0.0,0.8333333333333334,5.250521988936366e-15
2.557666716573467,0.583925937016326,2.5132741228718345,0.0,0.0,0.0,0.08111803877053317,0.0,0.8333333333333334,3.986634402274444e-15
2.557666716573467,0.583925937016326,3.141592653589793,0.0,0.0,0.0,0.11616371360513952,0.0,0.8333333333333334,3.640956474341756e-15
2.557666716573467,0.583925937016326,3.7699111843077517,0.0,0.0,0.0,0.11002081761765779,0.0,0.8333333333333334,3.599026892650892e-15
2.557666716573467,0.583925937016326,4.39822971502571,0.0,0.0,0.0,0.08714266035337662,0.0,0.8333333333333334,8.423368388733913e-15
2.557666716573467,0.583925937016326,5.026548245743669,0.0,0.0,0.0,0.08776148538652735,0.0,0.8333333333333334,4.209030853371374e-15
2.557666716573467,0.583925937016326,5.654866776461628,0.0,0.0,0.0,0.0811180387705332,0.0,0.8333333333333334,4.04949120653072e-15
2.557666716573467,0.865888905524489,0.0,0.0,0.0,0.0,0.11781175802459995,0.0,0.8333333333333334,3.97003889090767e-15
2.557666716573467,0.865888905524489,0.6283185307179586,0.0,0.0,0.0,0.12261150947097847,0.0,0.8333333333333334,3.360684632932575e-15
2.557666716573467,0.865888905524489,1.2566370614359172,0.0,0.0,0.0,0.09543737139348739,0.0,0.8333333333333334,1.907629525411247e-14
2.557666716573467,0.865888905524489,1.8849555921538759,0.0,0.0,0.0,0.08899519603533797,0.0,0.8333333333333334,4.1763057590084415e-15
2.557666716573467,0.865888905524489,2.5132741228718345,0.0,0.0,0.0,0.08407900558200633,0.0,0.8333333333333334,3.733845557897274e-15
2.557666716573467,0.865888905524489,3.141592653589793,0.0,0.0,0.0,0.11781175802459995,0.0,0.8333333333333334,2.5398082642370087e-15
2.557666716573467,0.865888905524489,3.7699111843077517,0.0,0.0,0.0,0.12261150947097854,0.0,0.8333333333333334,3.639838895071549e-15
2.557666716573467,0.865888905524489,4.39822971502571,0.0,0.0,0.0,0.09543737139348726,0.0,0.8333333333333334,1.312430577214447e-14
2.557666716573467,0.865888905524489,5.026548245743669,0.0,0.0,0.0,0.08899519603533795,0.0,0.8333333333333334,3.2935790266592174e-15
2.557666716573467,0.865888905524489,5.654866776461628,0.0,0.0,0.0,0.08407900558200636,0.0,0.8333333333333334,2.9590436093560542e-15
2.557666716573467,1.147851874032652,0.0,0.0,0.0,0.0,0.06537657865349683,0.0,0.8333333333333334,1.2357717001635248e-15
2.557666716573467,1.147851874032652,0.6283185307179586,0.0,0.0,0.0,0.1059782605790007,0.0,0.8333333333333334,3.0724203250461814e-15
2.557666716573467,1.147851874032652,1.2566370614359172,0.0,0.0,0.0,0.09833546848803085,0.0,0.8333333333333334,3.45712658102879e-15
2.557666716573467,1.147851874032652,1.8849555921538759,0.0,0.0,0.0,0.11700651162753453,0.0,0.8333333333333334,2.1836531911712503e-15
2.557666716573467,1.147851874032652,2.5132741228718345,0.0,0.0,0.0,0.1032176169570716,0.0,0.8333333333333334,1.779463148453984e-15
2.557666716573467,1.147851874032652,3.141592653589793,0.0,0.0,0.0,0.06537657865349686,0.0,0.8333333333333334,2.0609533650066243e-15
2.557666716573467,1.147851874032652,3.7699111843077517,0.0,0.0,0.0,0.10597826057900081,0.0,0.8333333333333334,2.323945162215508e-15
2.557666716573467,1.147851874032652,4.39822971502571,0.0,0.0,0.0,0.09833546848803079,0.0,0.8333333333333334,4.402792969578098e-15
2.557666716573467,1.147851874032652,5.026548245743669,0.0,0.0,0.0,0.11700651162753459,0.0,0.8333333333333334,1.730674659716565e-15
2.557666716573467,1.147851874032652,5.654866776461628,0.0,0.0,0.0,0.10321761695707161,0.0,0.8333333333333334,2.4601086112344114e-15
2.557666716573467,1.429814842540815,0.0,0.0,0.0,0.0,0.06268534734072684,0.0,0.8333333333333334,2.958829074875374e-15
2.557666716573467,1.429814842540815,0.6283185307179586,0.0,0.0,0.0,0.05075483552788804,0.0,0.8333333333333334,2.4101959297181695e-15
2.557666716573467,1.429814842540815,1.2566370614359172,0.0,0.0,0.0,0.11136872618973861,0.0,0.8333333333333334,2.237274110864458e-15
2.557666716573467,1.429814842540815,1.8849555921538759,0.0,0.0,0.0,0.124518023134421,0.0,0.8333333333333334,1.8187322761717403e-15
2.557666716573467,1.429814842540815,2.5132741228718345,0.0,0.0,0.0,0.07664847559392134,0.0,0.8333333333333334,2.199954250938728e-15
2.557666716573467,1.429814842540815,3.141592653589793,0.0,0.0,0.0,0.06268534734072684,0.0,0.8333333333333334,3.891182463306655e-15
2.557666716573467,1.429814842540815,3.7699111843077517,0.0,0.0,0.0,0.05075483552788809,0.0,0.8333333333333334,2.8874881364979165e-15
2.557666716573467,1.429814842540815,4.39822971502571,0.0,0.0,0.0,0.11136872618973867,0.0,0.8333333333333334,2.333157543250944e-15
2.557666716573467,1.429814842540815,5.026548245743669,0.0,0.0,0.0,0.12451802313442101,0.0,0.8333333333333334,1.8266947387211808e-15
2.557666716573467,1.429814842540815,5.654866776461628,0.0,0.0,0.0,0.07664847559392138,0.0,0.8333333333333334,2.3628225500256533e-15
2.557666716573467,1.711777811048978,0.0,0.0,0.0,0.0,0.06268534734072691,0.0,0.8333333333333334,2.2767931276103067e-15
2.557666716573467,1.711777811048978,0.6283185307179586,0.0,0.0,0.0,0.07664847559392121,0.0,0.8333333333333334,2.4263566100411194e-15
2.557666716573467,1.711777811048978,1.2566370614359172,0.0,0.0,0.0,0.12451802313442123,0.0,0.8333333333333334,3.2323224665086215e-15
2.557666716573467,1.711777811048978,1.8849555921538759,0.0,0.0,0.0,0.11136872618973856,0.0,0.8333333333333334,2.3945104048391846e-15
2.557666716573467,1.711777811048978,2.5132741228718345,0.0,0.0,0.0,0.05075483552788762,0.0,0.8333333333333334,2.3682455346657614e-15
2.557666716573467,1.711777811048978,3.141592653589793,0.0,0.0,0.0,0.06268534734072691,0.0,0.8333333333333334,2.783884660421056e-15
2.557666716573467,1.711777811048978,3.7699111843077517,0.0,0.0,0.0,0.07664847559392116,0.0,0.8333333333333334,3.935309117945158e-15
2.557666716573467,1.711777811048978,4.39822971502571,0.0,0.0,0.0,0.12451802313442122,0.0,0.8333333333333334,2.7576775579496767e-15
2.557666716573467,1.711777811048978,5.026548245743669,0.0,0.0,0.0,0.11136872618973861,0.0,0.8333333333333334,2.4356566760082503e-15
2.557666716573467,1.711777811048978,5.654866776461628,0.0,0.0,0.0,0.05075483552788754,0.0,0.8333333333333334,2.808815470823005e-15
2.557666716573467,1.9937407795571411,0.0,0.0,0.0,0.0,0.06537657865349705,0.0,0.8333333333333334,3.1287058470908343e-15
2.557666716573467,1.9937407795571411,0.6283185307179586,0.0,0.0,0.0,0.10321761695707168,0.0,0.8333333333333334,2.3274796716276206e-15
2.557666716573467,1.9937407795571411,1.2566370614359172,0.0,0.0,0.0,0.11700651162753448,0.0,0.8333333333333334,3.5371320555714654e-15
2.557666716573467,1.9937407795571411,1.8849555921538759,0.0,0.0,0.0,0.09833546848803129,0.0,0.8333333333333334,3.646469197381693e-15
2.557666716573467,1.9937407795571411,2.5132741228718345,0.0,0.0,0.0,0.10597826057900064,0.0,0.8333333333333334,2.6026660526876752e-15
2.557666716573467,1.9937407795571411,3.141592653589793,0.0,0.0,0.0,0.06537657865349705,0.0,0.8333333333333334,3.0189621985192434e-15
2.557666716573467,1.9937407795571411,3.7699111843077517,0.0,0.0,0.0,0.10321761695707171,0.0,0.8333333333333334,3.4791716395903013e-15
2.557666716573467,1.9937407795571411,4.39822971502571,0.0,0.0,0.0,0.11700651162753437,0.0,0.8333333333333334,2.790515187396892e-15
2.557666716573467,1.9937407795571411,5.026548245743669,0.0,0.0,0.0,0.09833546848803118,0.0,0.8333333333333334,1.9230086315616708e-15
2.557666716573467,1.9937407795571411,5.654866776461628,0.0,0.0,0.0,0.10597826057900064,0.0,0.8333333333333334,2.5508686518558878e-15
2.557666716573467,2.275703748065304,0.0,0.0,0.0,0.0,0.11781175802460012,0.0,0.8333333333333334,1.9109531233433044e-15
2.557666716573467,2.275703748065304,0.6283185307179586,0.0,0.0,0.0,0.08407900558200618,0.0,0.8333333333333334,3.872556774390104e-15
2.557666716573467,2.275703748065304,1.2566370614359172,0.0,0.0,0.0,0.08899519603533822,0.0,0.8333333333333334,3.0499138406061e-15
2.557666716573467,2.275703748065304,1.8849555921538759,0.0,0.0,0.0,0.09543737139348712,0.0,0.8333333333333334,3.012721005333921e-15
2.557666716573467,2.275703748065304,2.5132741228718345,0.0,0.0,0.0,0.12261150947097887,0.0,0.8333333333333334,1.8673444829393707e-15
2.557666716573467,2.275703748065304,3.141592653589793,0.0,0.0,0.0,0.11781175802460009,0.0,0.8333333333333334,1.7158999939429105e-15
2.557666716573467,2.275703748065304,3.7699111843077517,0.0,0.0,0.0,0.08407900558200622,0.0,0.8333333333333334,1.8951011392137815e-15
2.557666716573467,2.275703748065304,4.39822971502571,0.0,0.0,0.0,0.08899519603533822,0.0,0.8333333333333334,3.074645112929819e-15
2.557666716573467,2.275703748065304,5.026548245743669,0.0,0.0,0.0,0.0954373713934872,0.0,0.8333333333333334,3.2958822345551608e-15
2.557666716573467,2.275703748065304,5.654866776461628,0.0,0.0,0.0,0.12261150947097887,0.0,0.8333333333333334,2.5439948088981803e-15
2.557666716573467,2.557666716573467,0.0,0.0,0.0,0.0,0.11616371360513951,0.0,0.8333333333333334,4.483338526906284e-15
2.557666716573467,2.557666716573467,0.6283185307179586,0.0,0.0,0.0,0.08111803877053331,0.0,0.8333333333333334,3.869192707192352e-15
2.557666716573467,2.557666716573467,1.2566370614359172,0.0,0.0,0.0,0.08776148538652738,0.0,0.8333333333333334,4.8388746858380066e-15
2.557666716573467,2.557666716573467,1.8849555921538759,0.0,0.0,0.0,0.08714266035337584,0.0,0.8333333333333334,2.4234323110610163e-15
2.557666716573467,2.557666716573467,2.5132741228718345,0.0,0.0,0.0,0.11002081761765836,0.0,0.8333333333333334,3.964455484318986e-15
2.557666716573467,2.557666716573467,3.141592653589793,0.0,0.0,0.0,0.11616371360513954,0.0,0.8333333333333334,3.215034115596745e-15
2.557666716573467,2.557666716573467,3.7699111843077517,0.0,0.0,0.0,0.08111803877053336,0.0,0.8333333333333334,3.0042770895677812e-15
2.557666716573467,2.557666716573467,4.39822971502571,0.0,0.0,0.0,0.08776148538652744,0.0,0.8333333333333334,3.56944167002197e-15
2.557666716573467,2.557666716573467,5.026548245743669,0.0,0.0,0.0,0.08714266035337578,0.0,0.8333333333333334,3.0575094285865896e-15
2.557666716573467,2.557666716573467,5.654866776461628,0.0,0.0,0.0,0.11002081761765836,0.0,0.8333333333333334,5.010383174119994e-15
2.557666716573467,2.83962968508163,0.0,0.0,0.0,0.0,0.1120415745679489,0.0,0.8333333333333334,3.264510285608403e-15
2.557666716573467,2.83962968508163,0.6283185307179586,0.0,0.0,0.0,0.07262466483532781,0.0,0.8333333333333334,2.9242969931795137e-15
2.557666716573467,2.83962968508163,1.2566370614359172,0.0,0.0,0.0,0.08199995917899383,0.0,0.8333333333333334,3.2615077326491764e-15
2.557666716573467,2.83962968508163,1.8849555921538759,0.0,0.0,0.0,0.09180784019776037,0.0,0.8333333333333334,2.2081292712919214e-15
2.557666716573467,2.83962968508163,2.5132741228718345,0.0,0.0,0.0,0.08885136224008958,0.0,0.8333333333333334,4.3990201791548186e-15
2.557666716573467,2.83962968508163,3.141592653589793,0.0,0.0,0.0,0.11204157456794892,0.0,0.8333333333333334,2.7194138623321113e-15
2.557666716573467,2.83962968508163,3.7699111843077517,0.0,0.0,0.0,0.07262466483532787,0.0,0.8333333333333334,2.499172029162372e-15
2.557666716573467,2.83962968508163,4.39822971502571,0.0,0.0,0.0,0.08199995917899378,0.0,0.8333333333333334,3.696221926725031e-15
2.557666716573467,2.83962968508163,5.026548245743669,0.0,0.0,0.0,0.09180784019776031,0.0,0.8333333333333334,2.2873851183706894e-15
2.557666716573467,2.83962968508163,5.654866776461628,0.0,0.0,0.0,0.08885136224008958,0.0,0.8333333333333334,4.1542858038703834e-15
2.557666716573467,3.121592653589793,0.0,0.0,0.0,0.0,0.11132694139313162,0.0,0.8333333333333334,3.807458951889729e-15
2.557666716573467,3.121592653589793,0.6283185307179586,0.0,0.0,0.0,0.06822723043188558,0.0,0.8333333333333334,3.981160088095805e-15
2.557666716573467,3.121592653589793,1.2566370614359172,0.0,0.0,0.0,0.0729517371716622,0.0,0.8333333333333334,4.145339033031516e-15
2.557666716573467,3.121592653589793,1.8849555921538759,0.0,0.0,0.0,0.07741671757785865,0.0,0.8333333333333334,2.432625010365663e-15
2.557666716573467,3.121592653589793,2.5132741228718345,0.0,0.0,0.0,0.0804691846536357,0.0,0.8333333333333334,2.7827818287234616e-15
2.557666716573467,3.121592653589793,3.141592653589793,0.0,0.0,0.0,0.11132694139313168,0.0,0.8333333333333334,2.373677411571597e-15
2.557666716573467,3.121592653589793,3.7699111843077517,0.0,0.0,0.0,0.06822723043188554,0.0,0.8333333333333334,4.53239362993622e-15
2.557666716573467,3.121592653589793,4.39822971502571,0.0,0.0,0.0,0.07295173717166215,0.0,0.8333333333333334,2.9019065729549125e-15
2.557666716573467,3.121592653589793,5.026548245743669,0.0,0.0,0.0,0.07741671757785865,0.0,0.8333333333333334,2.7746537237582765e-15
2.557666716573467,3.121592653589793,5.654866776461628,0.0,0.0,0.0,0.08046918465363578,0.0,0.8333333333333334,2.917060712455049e-15
2.83962968508163,0.02,0.0,0.0,0.0,0.0,0.13861467071689712,0.0,0.8333333333333334,2.3272683047077475e-15
2.83962968508163,0.02,0.6283185307179586,0.0,0.0,0.0,0.10740557827878533,0.0,0.8333333333333334,2.041078322993415e-15
2.83962968508163,0.02,1.2566370614359172,0.0,0.0,0.0,0.10061537181621558,0.0,0.8333333333333334,6.7482275762808285e-15
2.83962968508163,0.02,1.8849555921538759,0.0,0.0,0.0,0.10206813406441914,0.0,0.8333333333333334,2.5396581346279656e-15
2.83962968508163,0.02,2.5132741228718345,0.0,0.0,0.0,0.10438790124214523,0.0,0.8333333333333334,2.0649687886751786e-15
2.83962968508163,0.02,3.141592653589793,0.0,0.0,0.0,0.138614670716897,0.0,0.8333333333333334,3.782604604521481e-15
2.83962968508163,0.02,3.7699111843077517,0.0,0.0,0.0,0.10740557827878537,0.0,0.8333333333333334,2.26010965267499e-15
2.83962968508163,0.02,4.39822971502571,0.0,0.0,0.0,0.10061537181621569,0.0,0.8333333333333334,3.927353293094084e-15
2.83962968508163,0.02,5.026548245743669,0.0,0.0,0.0,0.10206813406441914,0.0,0.8333333333333334,2.5548121927665527e-15
2.83962968508163,0.02,5.654866776461628,0.0,0.0,0.0,0.10438790124214545,0.0,0.8333333333333334,3.0146074243592792e-15
2.83962968508163,0.301962968508163,0.0,0.0,0.0,0.0,0.13653257882889602,0.0,0.8333333333333334,4.026877686511651e-15
2.83962968508163,0.301962968508163,0.6283185307179586,0.0,0.0,0.0,0.10509413158286365,0.0,0.8333333333333334,3.067411880241214e-15
2.83962968508163,0.301962968508163,1.2566370614359172,0.0,0.0,0.0,0.10055427086514068,0.0,0.8333333333333334,4.5933783268917074e-15
2.83962968508163,0.301962968508163,1.8849555921538759,0.0,0.0,0.0,0.09686465833156196,0.0,0.8333333333333334,3.287834960468531e-15
2.83962968508163,0.301962968508163,2.5132741228718345,0.0,0.0,0.0,0.09190145081141024,0.0,0.8333333333333334,3.1840410813236843e-15
2.83962968508163,0.301962968508163,3.141592653589793,0.0,0.0,0.0,0.13653257882889602,0.0,0.8333333333333334,4.218952188312005e-15
2.83962968508163,0.301962968508163,3.7699111843077517,0.0,0.0,0.0,0.10509413158286365,0.0,0.8333333333333334,3.3685426066009325e-15
2.83962968508163,0.301962968508163,4.39822971502571,0.0,0.0,0.0,0.10055427086514068,0.0,0.8333333333333334,2.7138327339209835e-15
2.83962968508163,0.301962968508163,5.026548245743669,0.0,0.0,0.0,0.09686465833156196,0.0,0.8333333333333334,4.8612103736006506e-15
2.83962968508163,0.301962968508163,5.654866776461628,0.0,0.0,0.0,0.09190145081141035,0.0,0.8333333333333334,4.609362418908292e-15
2.83962968508163,0.583925937016326,0.0,0.0,0.0,0.0,0.09947925582322256,0.0,0.8333333333333334,4.673499758991713e-15
2.83962968508163,0.583925937016326,0.6283185307179586,0.0,0.0,0.0,0.10437407956241744,0.0,0.8333333333333334,3.563273690760317e-15
2.83962968508163,0.583925937016326,1.2566370614359172,0.0,0.0,0.0,0.09433370408076058,0.0,0.8333333333333334,4.367195385195397e-15
2.83962968508163,0.583925937016326,1.8849555921538759,0.0,0.0,0.0,0.08827566530422318,0.0,0.8333333333333334,2.2981717639963272e-15
2.83962968508163,0.583925937016326,2.5132741228718345,0.0,0.0,0.0,0.09030177556213799,0.0,0.8333333333333334,4.335494938724968e-15
2.83962968508163,0.583925937016326,3.141592653589793,0.0,0.0,0.0,0.09947925582322256,0.0,0.8333333333333334,3.628871252323756e-15
2.83962968508163,0.583925937016326,3.7699111843077517,0.0,0.0,0.0,0.10437407956241748,0.0,0.8333333333333334,3.461062239902331e-15
2.83962968508163,0.583925937016326,4.39822971502571,0.0,0.0,0.0,0.09433370408076058,0.0,0.8333333333333334,9.25411837333855e-15
2.83962968508163,0.583925937016326,5.026548245743669,0.0,0.0,0.0,0.08827566530422318,0.0,0.8333333333333334,4.4094654356695326e-15
2.83962968508163,0.583925937016326,5.654866776461628,0.0,0.0,0.0,0.09030177556213799,0.0,0.8333333333333334,3.047399336510249e-15
2.83962968508163,0.865888905524489,0.0,0.0,0.0,0.0,0.07900207459935474,0.0,0.8333333333333334,2.0701463859693122e-15
2.83962968508163,0.865888905524489,0.6283185307179586,0.0,0.0,0.0,0.12557867924648833,0.0,0.8333333333333334,3.48171434299945e-15
2.83962968508163,0.865888905524489,1.2566370614359172,0.0,0.0,0.0,0.09073778885887882,0.0,0.8333333333333334,1.990147863375593e-15
2.83962968508163,0.865888905524489,1.8849555921538759,0.0,0.0,0.0,0.08349611551205874,0.0,0.8333333333333334,2.1307371843447383e-15
2.83962968508163,0.865888905524489,2.5132741228718345,0.0,0.0,0.0,0.09779447957411627,0.0,0.8333333333333334,2.026970200652234e-15
2.83962968508163,0.865888905524489,3.141592653589793,0.0,0.0,0.0,0.07900207459935475,0.0,0.8333333333333334,1.934268016226909e-15
2.83962968508163,0.865888905524489,3.7699111843077517,0.0,0.0,0.0,0.12557867924648833,0.0,0.8333333333333334,4.014035826238269e-15
2.83962968508163,0.865888905524489,4.39822971502571,0.0,0.0,0.0,0.09073778885887882,0.0,0.8333333333333334,6.6692530843177634e-15
2.83962968508163,0.865888905524489,5.026548245743669,0.0,0.0,0.0,0.08349611551205874,0.0,0.8333333333333334,1.1773812238787013e-15
2.83962968508163,0.865888905524489,5.654866776461628,0.0,0.0,0.0,0.09779447957411633,0.0,0.8333333333333334,1.8640929915497363e-15
2.83962968508163,1.147851874032652,0.0,0.0,0.0,0.0,0.06769118861597875,0.0,0.8333333333333334,3.369593495362757e-15
2.83962968508163,1.147851874032652,0.6283185307179586,0.0,0.0,0.0,0.1171308726683408,0.0,0.8333333333333334,2.6261204437944415e-15
2.83962968508163,1.147851874032652,1.2566370614359172,0.0,0.0,0.0,0.06908746924856084,0.0,0.8333333333333334,1.5993714429401293e-15
2.83962968508163,1.147851874032652,1.8849555921538759,0.0,0.0,0.0,0.09039282841926718,0.0,0.8333333333333334,2.6042155619588315e-15
2.83962968508163,1.147851874032652,2.5132741228718345,0.0,0.0,0.0,0.08735535003756945,0.0,0.8333333333333334,3.110769858408725e-15
2.83962968508163,1.147851874032652,3.141592653589793,0.0,0.0,0.0,0.06769118861597875,0.0,0.8333333333333334,2.979535404816912e-15
2.83962968508163,1.147851874032652,3.7699111843077517,0.0,0.0,0.0,0.11713087266834074,0.0,0.8333333333333334,4.641789725981763e-15
2.83962968508163,1.147851874032652,4.39822971502571,0.0,0.0,0.0,0.06908746924856082,0.0,0.8333333333333334,3.4853863409483196e-15
2.83962968508163,1.147851874032652,5.026548245743669,0.0,0.0,0.0,0.09039282841926707,0.0,0.8333333333333334,2.5960164269613596e-15
2.83962968508163,1.147851874032652,5.654866776461628,0.0,0.0,0.0,0.08735535003756945,0.0,0.8333333333333334,2.0039392096749583e-15
2.83962968508163,1.429814842540815,0.0,0.0,0.0,0.0,0.054311042934429815,0.0,0.8333333333333334,3.10884866510841e-15
2.83962968508163,1.429814842540815,0.6283185307179586,0.0,0.0,0.0,0.07270966481911637,0.0,0.8333333333333334,4.3232535664814535e-15
2.83962968508163,1.429814842540815,1.2566370614359172,0.0,0.0,0.0,0.10450409959819026,0.0,0.8333333333333334,3.4871091551262826e-15
2.83962968508163,1.429814842540815,1.8849555921538759,0.0,0.0,0.0,0.08701980690847176,0.0,0.8333333333333334,3.298839375805231e-15
2.83962968508163,1.429814842540815,2.5132741228718345,0.0,0.0,0.0,0.041649897590536084,0.0,0.8333333333333334,2.9667247171613126e-15
2.83962968508163,1.429814842540815,3.141592653589793,0.0,0.0,0.0,0.05431104293442976,0.0,0.8333333333333334,3.131976546853546e-15
2.83962968508163,1.429814842540815,3.7699111843077517,0.0,0.0,0.0,0.07270966481911637,0.0,0.8333333333333334,5.9731607094468224e-15
2.83962968508163,1.429814842540815,4.39822971502571,0.0,0.0,0.0,0.10450409959819032,0.0,0.8333333333333334,4.0956599674275506e-15
2.83962968508163,1.429814842540815,5.026548245743669,0.0,0.0,0.0,0.08701980690847173,0.0,0.8333333333333334,3.3184699171709942e-15
2.83962968508163,1.429814842540815,5.654866776461628,0.0,0.0,0.0,0.04164989759053603,0.0,0.8333333333333334,4.071185130484575e-15
2.83962968508163,1.711777811048978,0.0,0.0,0.0,0.0,0.05431104293443001,0.0,0.8333333333333334,2.135231079625913e-15
2.83962968508163,1.711777811048978,0.6283185307179586,0.0,0.0,0.0,0.04164989759053597,0.0,0.8333333333333334,3.248279345227083e-15
2.83962968508163,1.711777811048978,1.2566370614359172,0.0,0.0,0.0,0.08701980690847191,0.0,0.8333333333333334,3.830557541747675e-15
2.83962968508163,1.711777811048978,1.8849555921538759,0.0,0.0,0.0,0.1045040995981902,0.0,0.8333333333333334,2.1901472531492952e-15
2.83962968508163,1.711777811048978,2.5132741228718345,0.0,0.0,0.0,0.07270966481911627,0.0,0.8333333333333334,2.2305042505371384e-15
2.83962968508163,1.711777811048978,3.141592653589793,0.0,0.0,0.0,0.05431104293443012,0.0,0.8333333333333334,2.542153989372642e-15
2.83962968508163,1.711777811048978,3.7699111843077517,0.0,0.0,0.0,0.041649897590536,0.0,0.8333333333333334,3.3527095358954e-15
2.83962968508163,1.711777811048978,4.39822971502571,0.0,0.0,0.0,0.08701980690847196,0.0,0.8333333333333334,3.6563408925756115e-15
2.83962968508163,1.711777811048978,5.026548245743669,0.0,0.0,0.0,0.10450409959819022,0.0,0.8333333333333334,3.617169861292346e-15
2.83962968508163,1.711777811048978,5.654866776461628,0.0,0.0,0.0,0.07270966481911628,0.0,0.8333333333333334,3.2096091253881435e-15
2.83962968508163,1.9937407795571411,0.0,0.0,0.0,0.0,0.06769118861597864,0.0,0.8333333333333334,3.998919495073291e-15
2.83962968508163,1.9937407795571411,0.6283185307179586,0.0,0.0,0.0,0.08735535003756939,0.0,0.8333333333333334,3.001753773458171e-15
2.83962968508163,1.9937407795571411,1.2566370614359172,0.0,0.0,0.0,0.09039282841926663,0.0,0.8333333333333334,4.292832682975657e-15
2.83962968508163,1.9937407795571411,1.8849555921538759,0.0,0.0,0.0,0.06908746924856071,0.0,0.8333333333333334,2.693582126404159e-15
2.83962968508163,1.9937407795571411,2.5132741228718345,0.0,0.0,0.0,0.11713087266834063,0.0,0.8333333333333334,5.357918869970361e-15
2.83962968508163,1.9937407795571411,3.141592653589793,0.0,0.0,0.0,0.06769118861597866,0.0,0.8333333333333334,4.087969714841583e-15
2.83962968508163,1.9937407795571411,3.7699111843077517,0.0,0.0,0.0,0.08735535003756943,0.0,0.8333333333333334,3.585641338485469e-15
2.83962968508163,1.9937407795571411,4.39822971502571,0.0,0.0,0.0,0.09039282841926663,0.0,0.8333333333333334,4.445698521563681e-15
2.83962968508163,1.9937407795571411,5.026548245743669,0.0,0.0,0.0,0.06908746924856073,0.0,0.8333333333333334,3.0228299053657284e-15
2.83962968508163,1.9937407795571411,5.654866776461628,0.0,0.0,0.0,0.11713087266834063,0.0,0.8333333333333334,6.3085535582986216e-15
2.83962968508163,2.275703748065304,0.0,0.0,0.0,0.0,0.07900207459935474,0.0,0.8333333333333334,1.91449416930514e-15
2.83962968508163,2.275703748065304,0.6283185307179586,0.0,0.0,0.0,0.09779447957411688,0.0,0.8333333333333334,3.9548405143100245e-15
2.83962968508163,2.275703748065304,1.2566370614359172,0.0,0.0,0.0,0.08349611551205835,0.0,0.8333333333333334,2.2495062875509064e-15
2.83962968508163,2.275703748065304,1.8849555921538759,0.0,0.0,0.0,0.0907377888588781,0.0,0.8333333333333334,5.8279977181488405e-15
2.83962968508163,2.275703748065304,2.5132741228718345,0.0,0.0,0.0,0.1255786792464886,0.0,0.8333333333333334,4.2050241804981884e-15
2.83962968508163,2.275703748065304,3.141592653589793,0.0,0.0,0.0,0.07900207459935472,0.0,0.8333333333333334,3.5453269353093105e-15
2.83962968508163,2.275703748065304,3.7699111843077517,0.0,0.0,0.0,0.097794479574117,0.0,0.8333333333333334,3.943125028632826e-15
2.83962968508163,2.275703748065304,4.39822971502571,0.0,0.0,0.0,0.08349611551205835,0.0,0.8333333333333334,3.6342443238731734e-15
2.83962968508163,2.275703748065304,5.026548245743669,0.0,0.0,0.0,0.0907377888588782,0.0,0.8333333333333334,5.100182141908071e-15
2.83962968508163,2.275703748065304,5.654866776461628,0.0,0.0,0.0,0.1255786792464886,0.0,0.8333333333333334,4.0605710556835096e-15
2.83962968508163,2.557666716573467,0.0,0.0,0.0,0.0,0.09947925582322234,0.0,0.8333333333333334,2.1288620553850734e-15
2.83962968508163,2.557666716573467,0.6283185307179586,0.0,0.0,0.0,0.09030177556213811,0.0,0.8333333333333334,3.4566574402402236e-15
2.83962968508163,2.557666716573467,1.2566370614359172,0.0,0.0,0.0,0.08827566530422329,0.0,0.8333333333333334,3.986319340129489e-15
2.83962968508163,2.557666716573467,1.8849555921538759,0.0,0.0,0.0,0.09433370408076054,0.0,0.8333333333333334,2.16574148427293e-15
2.83962968508163,2.557666716573467,2.5132741228718345,0.0,0.0,0.0,0.10437407956241726,0.0,0.8333333333333334,3.3842414664137678e-15
2.83962968508163,2.557666716573467,3.141592653589793,0.0,0.0,0.0,0.09947925582322234,0.0,0.8333333333333334,4.689259594588561e-15
2.83962968508163,2.557666716573467,3.7699111843077517,0.0,0.0,0.0,0.09030177556213817,0.0,0.8333333333333334,3.570991984739598e-15
2.83962968508163,2.557666716573467,4.39822971502571,0.0,0.0,0.0,0.08827566530422329,0.0,0.8333333333333334,1.9811129103009278e-15
2.83962968508163,2.557666716573467,5.026548245743669,0.0,0.0,0.0,0.09433370408076046,0.0,0.8333333333333334,3.343957095918939e-15
2.83962968508163,2.557666716573467,5.654866776461628,0.0,0.0,0.0,0.10437407956241726,0.0,0.8333333333333334,4.0900836945166954e-15
2.83962968508163,2.83962968508163,0.0,0.0,0.0,0.0,0.13653257882889586,0.0,0.8333333333333334,3.2868918971262283e-15
2.83962968508163,2.83962968508163,0.6283185307179586,0.0,0.0,0.0,0.0919014508114098,0.0,0.8333333333333334,3.4405856604882183e-15
2.83962968508163,2.83962968508163,1.2566370614359172,0.0,0.0,0.0,0.09686465833156196,0.0,0.8333333333333334,3.327974891773401e-15
2.83962968508163,2.83962968508163,1.8849555921538759,0.0,0.0,0.0,0.10055427086514038,0.0,0.8333333333333334,2.4724511548216365e-15
2.83962968508163,2.83962968508163,2.5132741228718345,0.0,0.0,0.0,0.10509413158286343,0.0,0.8333333333333334,3.4355796059715396e-15
2.83962968508163,2.83962968508163,3.141592653589793,0.0,0.0,0.0,0.13653257882889588,0.0,0.8333333333333334,3.921178653552052e-15
2.83962968508163,2.83962968508163,3.7699111843077517,0.0,0.0,0.0,0.09190145081140996,0.0,0.8333333333333334,2.7641002507618953e-15
2.83962968508163,2.83962968508163,4.39822971502571,0.0,0.0,0.0,0.09686465833156196,0.0,0.8333333333333334,2.949975779327155e-15
2.83962968508163,2.83962968508163,5.026548245743669,0.0,0.0,0.0,0.10055427086514035,0.0,0.8333333333333334,3.1887031577294265e-15
2.83962968508163,2.83962968508163,5.654866776461628,0.0,0.0,0.0,0.10509413158286343,0.0,0.8333333333333334,2.3934954628969248e-15
2.83962968508163,3.121592653589793,0.0,0.0,0.0,0.0,0.13861467071689645,0.0,0.8333333333333334,2.1940144902959048e-15
2.83962968508163,3.121592653589793,0.6283185307179586,0.0,0.0,0.0,0.104387901242145,0.0,0.8333333333333334,2.9902242852821108e-15
2.83962968508163,3.121592653589793,1.2566370614359172,0.0,0.0,0.0,0.10206813406441925,0.0,0.8333333333333334,3.5263768642831673e-15
2.83962968508163,3.121592653589793,1.8849555921538759,0.0,0.0,0.0,0.10061537181621558,0.0,0.8333333333333334,2.522046870513712e-15
2.83962968508163,3.121592653589793,2.5132741228718345,0.0,0.0,0.0,0.10740557827878516,0.0,0.8333333333333334,1.895885927479781e-15
2.83962968508163,3.121592653589793,3.141592653589793,0.0,0.0,0.0,0.13861467071689645,0.0,0.8333333333333334,3.226436303232368e-15
2.83962968508163,3.121592653589793,3.7699111843077517,0.0,0.0,0.0,0.104387901242145,0.0,0.8333333333333334,2.581037087123237e-15
2.83962968508163,3.121592653589793,4.39822971502571,0.0,0.0,0.0,0.1020681340644192,0.0,0.8333333333333334,2.7428978927906223e-15
2.83962968508163,3.121592653589793,5.026548245743669,0.0,0.0,0.0,0.10061537181621558,0.0,0.8333333333333334,1.824023645278092e-15
2.83962968508163,3.121592653589793,5.654866776461628,0.0,0.0,0.0,0.10740557827878516,0.0,0.8333333333333334,2.541738208629525e-15
3.121592653589793,0.02,0.0,0.0,0.0,0.0,0.1443035352442555,0.0,0.8333333333333334,1.4542264996727454e-15
3.121592653589793,0.02,0.6283185307179586,0.0,0.0,0.0,0.06748681129705136,0.0,0.8333333333333334,4.2580130334445645e-15
3.121592653589793,0.02,1.2566370614359172,0.0,0.0,0.0,0.04662986113789794,0.0,0.8333333333333334,9.750630544898952e-15
3.121592653589793,0.02,1.8849555921538759,0.0,0.0,0.0,0.05020949357616439,0.0,0.8333333333333334,4.920684063418513e-15
3.121592653589793,0.02,2.5132741228718345,0.0,0.0,0.0,0.06791833196587518,0.0,0.8333333333333334,3.2400098780381215e-15
3.121592653589793,0.02,3.141592653589793,0.0,0.0,0.0,0.1443035352442555,0.0,0.8333333333333334,1.5238652943399955e-15
3.121592653589793,0.02,3.7699111843077517,0.0,0.0,0.0,0.06748681129705134,0.0,0.8333333333333334,5.694478022914496e-15
3.121592653589793,0.02,4.39822971502571,0.0,0.0,0.0,0.04662986113789688,0.0,0.8333333333333334,2.934065778068296e-14
3.121592653589793,0.02,5.026548245743669,0.0,0.0,0.0,0.050209493576164416,0.0,0.8333333333333334,2.68224312899698e-15
3.121592653589793,0.02,5.654866776461628,0.0,0.0,0.0,0.0679183319658752,0.0,0.8333333333333334,1.9724060635966207e-15
3.121592653589793,0.301962968508163,0.0,0.0,0.0,0.0,0.1383454532106873,0.0,0.8333333333333334,1.0617603043425471e-14
3.121592653589793,0.301962968508163,0.6283185307179586,0.0,0.0,0.0,0.0685042366229017,0.0,0.8333333333333334,6.8116596025572125e-15
3.121592653589793,0.301962968508163,1.2566370614359172,0.0,0.0,0.0,0.0666445416998395,0.0,0.8333333333333334,9.260326345542391e-15
3.121592653589793,0.301962968508163,1.8849555921538759,0.0,0.0,0.0,0.04129027914659386,0.0,0.8333333333333334,3.572684208658324e-15
3.121592653589793,0.301962968508163,2.5132741228718345,0.0,0.0,0.0,0.06776226451183338,0.0,0.8333333333333334,3.039708159208244e-15
3.121592653589793,0.301962968508163,3.141592653589793,0.0,0.0,0.0,0.1383454532106873,0.0,0.8333333333333334,3.594527780630752e-15
3.121592653589793,0.301962968508163,3.7699111843077517,0.0,0.0,0.0,0.06850423662290164,0.0,0.8333333333333334,1.5639886397662544e-14
3.121592653589793,0.301962968508163,4.39822971502571,0.0,0.0,0.0,0.06664454169984071,0.0,0.8333333333333334,5.6351839036441074e-14
3.121592653589793,0.301962968508163,5.026548245743669,0.0,0.0,0.0,0.041290279146593833,0.0,0.8333333333333334,3.3107144765188457e-15
3.121592653589793,0.301962968508163,5.654866776461628,0.0,0.0,0.0,0.06776226451183338,0.0,0.8333333333333334,7.048883202400676e-15
3.121592653589793,0.583925937016326,0.0,0.0,0.0,0.0,0.1384042007755458,0.0,0.8333333333333334,5.074773804266226e-15
3.121592653589793,0.583925937016326,0.6283185307179586,0.0,0.0,0.0,0.07980607323567028,0.0,0.8333333333333334,6.863223520935155e-15
3.121592653589793,0.583925937016326,1.2566370614359172,0.0,0.0,0.0,0.10218239529035192,0.0,0.8333333333333334,6.83007130346884e-15
3.121592653589793,0.583925937016326,1.8849555921538759,0.0,0.0,0.0,0.03471680619809828,0.0,0.8333333333333334,3.05905106518085e-15
3.121592653589793,0.583925937016326,2.5132741228718345,0.0,0.0,0.0,0.067270685394033,0.0,0.8333333333333334,1.683413399064756e-15
3.121592653589793,0.583925937016326,3.141592653589793,0.0,0.0,0.0,0.1384042007755458,0.0,0.8333333333333334,4.8675365242435945e-15
3.121592653589793,0.583925937016326,3.7699111843077517,0.0,0.0,0.0,0.07980607323567006,0.0,0.8333333333333334,2.346788894365289e-14
3.121592653589793,0.583925937016326,4.39822971502571,0.0,0.0,0.0,0.10218239529035059,0.0,0.8333333333333334,4.7807518264054e-14
3.121592653589793,0.583925937016326,5.026548245743669,0.0,0.0,0.0,0.03471680619809828,0.0,0.8333333333333334,3.1347633157180467e-15
3.121592653589793,0.583925937016326,5.654866776461628,0.0,0.0,0.0,0.067270685394033,0.0,0.8333333333333334,2.5701909418630712e-15
3.121592653589793,0.865888905524489,0.0,0.0,0.0,0.0,0.1384510846681333,0.0,0.8333333333333334,5.611953115003908e-15
3.121592653589793,0.865888905524489,0.6283185307179586,0.0,0.0,0.0,0.11118599114983865,0.0,0.8333333333333334,1.9692853335822044e-14
3.121592653589793,0.865888905524489,1.2566370614359172,0.0,0.0,0.0,0.12402418500530785,0.0,0.8333333333333334,5.403091620194628e-14
3.121592653589793,0.865888905524489,1.8849555921538759,0.0,0.0,0.0,0.03445580658957295,0.0,0.8333333333333334,2.5130376805461863e-15
3.121592653589793,0.865888905524489,2.5132741228718345,0.0,0.0,0.0,0.06667524495579842,0.0,0.8333333333333334,3.180299118963272e-15
3.121592653589793,0.865888905524489,3.141592653589793,0.0,0.0,0.0,0.1384510846681333,0.0,0.8333333333333334,1.1197362985524162e-15
3.121592653589793,0.865888905524489,3.7699111843077517,0.0,0.0,0.0,0.11118599114983864,0.0,0.8333333333333334,2.278918239472967e-15
3.121592653589793,0.865888905524489,4.39822971502571,0.0,0.0,0.0,0.12402418500530796,0.0,0.8333333333333334,4.1798929822926916e-14
3.121592653589793,0.865888905524489,5.026548245743669,0.0,0.0,0.0,0.03445580658957284,0.0,0.8333333333333334,3.834257350958719e-15
3.121592653589793,0.865888905524489,5.654866776461628,0.0,0.0,0.0,0.06667524495579844,0.0,0.8333333333333334,2.7318883454689457e-15
3.121592653589793,1.147851874032652,0.0,0.0,0.0,0.0,0.12906893718711268,0.0,0.8333333333333334,3.765235374702422e-15
3.121592653589793,1.147851874032652,0.6283185307179586,0.0,0.0,0.0,0.11324808622794588,0.0,0.8333333333333334,6.791574672106497e-15
3.121592653589793,1.147851874032652,1.2566370614359172,0.0,0.0,0.0,0.11062489751643265,0.0,0.8333333333333334,3.963218946011351e-15
3.121592653589793,1.147851874032652,1.8849555921538759,0.0,0.0,0.0,0.034190560191402486,0.0,0.8333333333333334,1.95434499885935e-15
3.121592653589793,1.147851874032652,2.5132741228718345,0.0,0.0,0.0,0.06616603427036281,0.0,0.8333333333333334,3.4407755171771448e-15
3.121592653589793,1.147851874032652,3.141592653589793,0.0,0.0,0.0,0.12906893718711268,0.0,0.8333333333333334,3.5500987092458427e-15
3.121592653589793,1.147851874032652,3.7699111843077517,0.0,0.0,0.0,0.11324808622794544,0.0,0.8333333333333334,1.683187843017018e-14
3.121592653589793,1.147851874032652,4.39822971502571,0.0,0.0,0.0,0.11062489751643306,0.0,0.8333333333333334,1.3469862104777908e-14
3.121592653589793,1.147851874032652,5.026548245743669,0.0,0.0,0.0,0.0341905601914026,0.0,0.8333333333333334,2.4513747841025206e-15
3.121592653589793,1.147851874032652,5.654866776461628,0.0,0.0,0.0,0.06616603427036279,0.0,0.8333333333333334,4.235077748882596e-15
3.121592653589793,1.429814842540815,0.0,0.0,0.0,0.0,0.06504644448537561,0.0,0.8333333333333334,2.7622819015450214e-14
3.121592653589793,1.429814842540815,0.6283185307179586,0.0,0.0,0.0,0.09649613549959932,0.0,0.8333333333333334,4.12971420729177e-14
3.121592653589793,1.429814842540815,1.2566370614359172,0.0,0.0,0.0,0.04862441250657584,0.0,0.8333333333333334,5.548223687994164e-15
3.121592653589793,1.429814842540815,1.8849555921538759,0.0,0.0,0.0,0.03394916902771114,0.0,0.8333333333333334,4.606948564044474e-15
3.121592653589793,1.429814842540815,2.5132741228718345,0.0,0.0,0.0,0.06578897715585083,0.0,0.8333333333333334,4.653673758787979e-15
3.121592653589793,1.429814842540815,3.141592653589793,0.0,0.0,0.0,0.06504644448537561,0.0,0.8333333333333334,2.7849839804586513e-14
3.121592653589793,1.429814842540815,3.7699111843077517,0.0,0.0,0.0,0.09649613549959932,0.0,0.8333333333333334,2.4269337920748913e-14
3.121592653589793,1.429814842540815,4.39822971502571,0.0,0.0,0.0,0.04862441250657591,0.0,0.8333333333333334,1.911453418260531e-14
3.121592653589793,1.429814842540815,5.026548245743669,0.0,0.0,0.0,0.03394916902771128,0.0,0.8333333333333334,3.675179319108554e-15
3.121592653589793,1.429814842540815,5.654866776461628,0.0,0.0,0.0,0.06578897715585078,0.0,0.8333333333333334,2.8523455820333528e-15
3.121592653589793,1.711777811048978,0.0,0.0,0.0,0.0,0.0650464444853753,0.0,0.8333333333333334,4.6144607509020525e-15
3.121592653589793,1.711777811048978,0.6283185307179586,0.0,0.0,0.0,0.06578897715585072,0.0,0.8333333333333334,2.3786937407847413e-14
3.121592653589793,1.711777811048978,1.2566370614359172,0.0,0.0,0.0,0.03394916902771156,0.0,0.8333333333333334,2.275153272297362e-15
3.121592653589793,1.711777811048978,1.8849555921538759,0.0,0.0,0.0,0.04862441250657609,0.0,0.8333333333333334,2.7745882571066175e-15
3.121592653589793,1.711777811048978,2.5132741228718345,0.0,0.0,0.0,0.09649613549959912,0.0,0.8333333333333334,1.3175717387010395e-14
3.121592653589793,1.711777811048978,3.141592653589793,0.0,0.0,0.0,0.0650464444853753,0.0,0.8333333333333334,4.69700162716746e-15
3.121592653589793,1.711777811048978,3.7699111843077517,0.0,0.0,0.0,0.06578897715585072,0.0,0.8333333333333334,2.898631306230252e-15
3.121592653589793,1.711777811048978,4.39822971502571,0.0,0.0,0.0,0.03394916902771147,0.0,0.8333333333333334,2.6953245900233207e-14
3.121592653589793,1.711777811048978,5.026548245743669,0.0,0.0,0.0,0.04862441250657626,0.0,0.8333333333333334,4.19475804725646e-15
3.121592653589793,1.711777811048978,5.654866776461628,0.0,0.0,0.0,0.09649613549959918,0.0,0.8333333333333334,1.1931643498755405e-14
3.121592653589793,1.9937407795571411,0.0,0.0,0.0,0.0,0.1290689371871126,0.0,0.8333333333333334,7.634639891363556e-15
3.121592653589793,1.9937407795571411,0.6283185307179586,0.0,0.0,0.0,0.06616603427036283,0.0,0.8333333333333334,4.056144164787283e-15
3.121592653589793,1.9937407795571411,1.2566370614359172,0.0,0.0,0.0,0.034190560191402986,0.0,0.8333333333333334,2.932145891423509e-14
3.121592653589793,1.9937407795571411,1.8849555921538759,0.0,0.0,0.0,0.11062489751643372,0.0,0.8333333333333334,1.7300910383574246e-14
3.121592653589793,1.9937407795571411,2.5132741228718345,0.0,0.0,0.0,0.113248086227945,0.0,0.8333333333333334,1.7622218595155706e-14
3.121592653589793,1.9937407795571411,3.141592653589793,0.0,0.0,0.0,0.1290689371871126,0.0,0.8333333333333334,7.418579927765621e-15
3.121592653589793,1.9937407795571411,3.7699111843077517,0.0,0.0,0.0,0.06616603427036283,0.0,0.8333333333333334,7.77460478353932e-15
3.121592653589793,1.9937407795571411,4.39822971502571,0.0,0.0,0.0,0.03419056019140304,0.0,0.8333333333333334,2.3587469442457758e-14
3.121592653589793,1.9937407795571411,5.026548245743669,0.0,0.0,0.0,0.1106248975164337,0.0,0.8333333333333334,1.451567415179271e-14
3.121592653589793,1.9937407795571411,5.654866776461628,0.0,0.0,0.0,0.113248086227945,0.0,0.8333333333333334,1.6868575333438106e-14
3.121592653589793,2.275703748065304,0.0,0.0,0.0,0.0,0.13845108466813347,0.0,0.8333333333333334,4.822171714400946e-15
3.121592653589793,2.275703748065304,0.6283185307179586,0.0,0.0,0.0,0.06667524495579838,0.0,0.8333333333333334,4.257602524727554e-15
3.121592653589793,2.275703748065304,1.2566370614359172,0.0,0.0,0.0,0.03445580658957331,0.0,0.8333333333333334,2.325224252389172e-14
3.121592653589793,2.275703748065304,1.8849555921538759,0.0,0.0,0.0,0.12402418500530818,0.0,0.8333333333333334,3.114010236598309e-14
3.121592653589793,2.275703748065304,2.5132741228718345,0.0,0.0,0.0,0.11118599114983864,0.0,0.8333333333333334,4.044707662773521e-15
3.121592653589793,2.275703748065304,3.141592653589793,0.0,0.0,0.0,0.1384510846681335,0.0,0.8333333333333334,4.671922519722572e-15
3.121592653589793,2.275703748065304,3.7699111843077517,0.0,0.0,0.0,0.06667524495579838,0.0,0.8333333333333334,1.7600897611827144e-14
3.121592653589793,2.275703748065304,4.39822971502571,0.0,0.0,0.0,0.034455806589573285,0.0,0.8333333333333334,6.441760289890536e-15
3.121592653589793,2.275703748065304,5.026548245743669,0.0,0.0,0.0,0.12402418500530818,0.0,0.8333333333333334,4.013316037053575e-15
3.121592653589793,2.275703748065304,5.654866776461628,0.0,0.0,0.0,0.11118599114983874,0.0,0.8333333333333334,4.550113216275286e-15
3.121592653589793,2.557666716573467,0.0,0.0,0.0,0.0,0.13840420077554597,0.0,0.8333333333333334,1.9344365360489805e-15
3.121592653589793,2.557666716573467,0.6283185307179586,0.0,0.0,0.0,0.06727068539403289,0.0,0.8333333333333334,1.139174201279815e-15
3.121592653589793,2.557666716573467,1.2566370614359172,0.0,0.0,0.0,0.034716806198098665,0.0,0.8333333333333334,1.1599097822825192e-14
3.121592653589793,2.557666716573467,1.8849555921538759,0.0,0.0,0.0,0.10218239529035275,0.0,0.8333333333333334,4.061994889273636e-15
3.121592653589793,2.557666716573467,2.5132741228718345,0.0,0.0,0.0,0.07980607323567018,0.0,0.8333333333333334,5.6611543196964e-15
3.121592653589793,2.557666716573467,3.141592653589793,0.0,0.0,0.0,0.13840420077554597,0.0,0.8333333333333334,5.717168310850053e-15
3.121592653589793,2.557666716573467,3.7699111843077517,0.0,0.0,0.0,0.06727068539403289,0.0,0.8333333333333334,1.64110573564914e-14
3.121592653589793,2.557666716573467,4.39822971502571,0.0,0.0,0.0,0.034716806198098665,0.0,0.8333333333333334,1.0457345090759385e-14
3.121592653589793,2.557666716573467,5.026548245743669,0.0,0.0,0.0,0.10218239529035286,0.0,0.8333333333333334,2.6420629403186478e-15
3.121592653589793,2.557666716573467,5.654866776461628,0.0,0.0,0.0,0.07980607323567009,0.0,0.8333333333333334,3.086195116037822e-15
3.121592653589793,2.83962968508163,0.0,0.0,0.0,0.0,0.13834545321068747,0.0,0.8333333333333334,4.9510069073919246e-15
3.121592653589793,2.83962968508163,0.6283185307179586,0.0,0.0,0.0,0.06776226451183313,0.0,0.8333333333333334,2.2769536338562883e-14
3.121592653589793,2.83962968508163,1.2566370614359172,0.0,0.0,0.0,0.04129027914659411,0.0,0.8333333333333334,1.0122143501567878e-14
3.121592653589793,2.83962968508163,1.8849555921538759,0.0,0.0,0.0,0.06664454169984016,0.0,0.8333333333333334,2.8429385088826664e-15
3.121592653589793,2.83962968508163,2.5132741228718345,0.0,0.0,0.0,0.06850423662290117,0.0,0.8333333333333334,3.442354159037699e-15
3.121592653589793,2.83962968508163,3.141592653589793,0.0,0.0,0.0,0.13834545321068747,0.0,0.8333333333333334,3.871555115865662e-15
3.121592653589793,2.83962968508163,3.7699111843077517,0.0,0.0,0.0,0.06776226451183313,0.0,0.8333333333333334,4.163145540686996e-15
3.121592653589793,2.83962968508163,4.39822971502571,0.0,0.0,0.0,0.04129027914659458,0.0,0.8333333333333334,2.2305398106347696e-14
3.121592653589793,2.83962968508163,5.026548245743669,0.0,0.0,0.0,0.06664454169984022,0.0,0.8333333333333334,2.690736909761645e-15
3.121592653589793,2.83962968508163,5.654866776461628,0.0,0.0,0.0,0.0685042366229012,0.0,0.8333333333333334,2.902350880352926e-15
3.121592653589793,3.121592653589793,0.0,0.0,0.0,0.0,0.14430353524425532,0.0,0.8333333333333334,3.0640307953611674e-15
3.121592653589793,3.121592653589793,0.6283185307179586,0.0,0.0,0.0,0.06791833196587488,0.0,0.8333333333333334,1.1132621931869867e-14
3.121592653589793,3.121592653589793,1.2566370614359172,0.0,0.0,0.0,0.05020949357616378,0.0,0.8333333333333334,3.267318236978303e-14
3.121592653589793,3.121592653589793,1.8849555921538759,0.0,0.0,0.0,0.046629861137897716,0.0,0.8333333333333334,3.1508279163359213e-15
3.121592653589793,3.121592653589793,2.5132741228718345,0.0,0.0,0.0,0.06748681129705178,0.0,0.8333333333333334,2.0222450948543835e-15
3.121592653589793,3.121592653589793,3.141592653589793,0.0,0.0,0.0,0.14430353524425535,0.0,0.8333333333333334,3.3771479836966953e-15
3.121592653589793,3.121592653589793,3.7699111843077517,0.0,0.0,0.0,0.06791833196587495,0.0,0.8333333333333334,7.122294674189396e-15
3.121592653589793,3.121592653589793,4.39822971502571,0.0,0.0,0.0,0.050209493576163666,0.0,0.8333333333333334,5.971213534126746e-14
3.121592653589793,3.121592653589793,5.026548245743669,0.0,0.0,0.0,0.04662986113789763,0.0,0.8333333333333334,3.721619207283218e-15
3.121592653589793,3.121592653589793,5.654866776461628,0.0,0.0,0.0,0.06748681129705167,0.0,0.8333333333333334,3.0135682130795312e-15
