name,theta,phi,lambda,status,z4_dev,n_pool,n_raw,n_conjugate,n_verified,max_clique,found_third,found_fourth,found_fourth_1e6,found_fourth_1e8,found_fourth_1e10,n_tracked,n_certified,n_distinct,n_distinct_real,pool_complete_flag,n_dedup_certified
F6_cyclic,0.0,0.0,0.0,not_hadamard,NaN,,,,,,,,,,,,,,,,
F6_theta0,0.0,0.5,0.3,ok,NaN,48,204,48,48,6,true,false,false,false,false,204,204,204,,true,48
Dita,0.9553166181245092,0.7853981633974483,0.4,ok,1.84212198800577,72,240,72,72,6,true,false,false,false,false,240,240,240,,true,72
theta_0,0.0,0.7853981633974483,0.5235987755982988,not_hadamard,NaN,,,,,,,,,,,,,,,,
theta_pi2,1.5707963267948966,0.7853981633974483,0.5235987755982988,ok,1.1102230246251565e-16,56,252,56,56,2,false,false,false,false,false,252,252,252,,true,56
theta_pi3,1.0471975511965976,0.7853981633974483,0.5235987755982988,ok,3.608224830031759e-15,56,252,56,56,2,false,false,false,false,false,252,252,252,,true,56
theta_pi4,0.7853981633974483,0.7853981633974483,0.5235987755982988,ok,4.076197102228689e-15,56,252,56,56,2,false,false,false,false,false,252,252,252,,true,56
theta_pi6,0.5235987755982988,0.7853981633974483,0.5235987755982988,ok,4.965068306494546e-16,52,252,52,52,2,false,false,false,false,false,252,252,252,,true,52
lambda_kpi6_k=0,0.3,0.5,0.0,ok,7.850462293418876e-16,52,244,52,52,2,false,false,false,false,false,244,244,244,,true,52
lambda_kpi6_k=1,0.3,0.5,0.5235987755982988,ok,3.859759734048396e-17,48,252,48,48,2,false,false,false,false,false,252,252,252,,true,48
lambda_kpi6_k=2,0.3,0.5,1.0471975511965976,ok,0.0,48,252,48,48,2,false,false,false,false,false,252,252,252,,true,48
lambda_kpi6_k=3,0.3,0.5,1.5707963267948966,ok,4.002966042486721e-16,48,252,48,48,2,false,false,false,false,false,252,252,252,,true,48
lambda_kpi6_k=4,0.3,0.5,2.0943951023931953,ok,5.33167196845001e-16,48,252,48,48,2,false,false,false,false,false,252,252,252,,true,48
lambda_kpi6_k=5,0.3,0.5,2.6179938779914944,ok,5.095246377785861e-16,48,252,48,48,2,false,false,false,false,false,252,252,252,,true,48
lambda_kpi6_k=6,0.3,0.5,3.141592653589793,ok,1.1102230246251565e-16,52,244,52,52,2,false,false,false,false,false,244,244,244,,true,52
lambda_kpi6_k=7,0.3,0.5,3.665191429188092,ok,2.2224949237026596e-16,48,252,48,48,2,false,false,false,false,false,252,252,252,,true,48
lambda_kpi6_k=8,0.3,0.5,4.1887902047863905,ok,1.1102230246251565e-16,48,252,48,48,2,false,false,false,false,false,252,252,252,,true,48
lambda_kpi6_k=9,0.3,0.5,4.71238898038469,ok,2.482534153247273e-16,48,252,48,48,2,false,false,false,false,false,252,252,252,,true,48
lambda_kpi6_k=10,0.3,0.5,5.235987755982989,ok,1.0824674490095276e-15,48,252,48,48,2,false,false,false,false,false,252,252,252,,true,48
lambda_kpi6_k=11,0.3,0.5,5.759586531581287,ok,1.1443916996305594e-16,48,252,48,48,2,false,false,false,false,false,252,252,252,,true,48
ref_F6_theta0,-0.005,0.495,0.295,ok,3.602058373448744e-16,48,252,48,48,2,false,false,false,false,false,252,252,252,,true,48
ref_F6_theta0,-0.005,0.495,0.2975,ok,4.454364896433646e-16,48,252,48,48,2,false,false,false,false,false,252,252,252,,true,48
ref_F6_theta0,-0.005,0.495,0.3,ok,3.643177433780108e-16,48,252,48,48,2,false,false,false,false,false,252,252,252,,true,48
ref_F6_theta0,-0.005,0.495,0.3025,ok,3.420925715524491e-16,48,252,48,48,2,false,false,false,false,false,252,252,252,,true,48
ref_F6_theta0,-0.005,0.495,0.305,ok,4.742874840267547e-16,48,252,48,48,2,false,false,false,false,false,252,252,252,,true,48
ref_F6_theta0,-0.005,0.4975,0.295,ok,4.802842833929604e-16,48,252,48,48,2,false,false,false,false,false,252,252,252,,true,48
ref_F6_theta0,-0.005,0.4975,0.2975,ok,5.007863054547156e-16,48,252,48,48,2,false,false,false,false,false,252,252,252,,true,48
ref_F6_theta0,-0.005,0.4975,0.3,ok,2.6861340213612747e-16,48,252,48,48,2,false,false,false,false,false,252,252,252,,true,48
ref_F6_theta0,-0.005,0.4975,0.3025,ok,3.1998478078500002e-16,48,252,48,48,2,false,false,false,false,false,252,252,252,,true,48
ref_F6_theta0,-0.005,0.4975,0.305,ok,1.942890293094024e-16,48,252,48,48,2,false,false,false,false,false,252,252,252,,true,48
ref_F6_theta0,-0.005,0.5,0.295,ok,4.748993638164653e-16,48,252,48,48,2,false,false,false,false,false,252,252,252,,true,48
ref_F6_theta0,-0.005,0.5,0.2975,ok,4.553442605056512e-16,48,252,48,48,2,false,false,false,false,false,252,252,252,,true,48
ref_F6_theta0,-0.005,0.5,0.3,ok,1.179739509965479e-16,48,252,48,48,2,false,false,false,false,false,252,252,252,,true,48
ref_F6_theta0,-0.005,0.5,0.3025,ok,2.498242727604723e-16,48,252,48,48,2,false,false,false,false,false,252,252,252,,true,48
ref_F6_theta0,-0.005,0.5,0.305,ok,3.0458232109741235e-16,48,252,48,48,2,false,false,false,false,false,252,252,252,,true,48
ref_F6_theta0,-0.005,0.5025,0.295,ok,4.163336342344337e-16,48,252,48,48,2,false,false,false,false,false,252,252,252,,true,48
ref_F6_theta0,-0.005,0.5025,0.2975,ok,2.7336071744532853e-16,48,252,48,48,2,false,false,false,false,false,252,252,252,,true,48
ref_F6_theta0,-0.005,0.5025,0.3,ok,2.362426527663472e-16,48,252,48,48,2,false,false,false,false,false,252,252,252,,true,48
ref_F6_theta0,-0.005,0.5025,0.3025,ok,3.5917678924862097e-16,48,252,48,48,2,false,false,false,false,false,252,252,252,,true,48
ref_F6_theta0,-0.005,0.5025,0.305,ok,2.274820487634993e-16,48,252,48,48,2,false,false,false,false,false,252,252,252,,true,48
ref_F6_theta0,-0.005,0.505,0.295,ok,2.362426527663472e-16,48,252,48,48,2,false,false,false,false,false,252,252,252,,true,48
ref_F6_theta0,-0.005,0.505,0.2975,ok,4.496122486144364e-16,48,252,48,48,2,false,false,false,false,false,252,252,252,,true,48
ref_F6_theta0,-0.005,0.505,0.3,ok,3.3306690738754696e-16,48,252,48,48,2,false,false,false,false,false,252,252,252,,true,48
ref_F6_theta0,-0.005,0.505,0.3025,ok,1.2750217548429532e-16,48,252,48,48,2,false,false,false,false,false,252,252,252,,true,48
ref_F6_theta0,-0.005,0.505,0.305,ok,8.066464163292153e-17,48,252,48,48,2,false,false,false,false,false,252,252,252,,true,48
ref_F6_theta0,-0.0025,0.495,0.295,ok,1.114694823076339e-16,48,252,48,48,2,false,false,false,false,false,252,252,252,,true,48
ref_F6_theta0,-0.0025,0.495,0.2975,ok,1.0408340855860843e-16,48,252,48,48,2,false,false,false,false,false,252,252,252,,true,48
ref_F6_theta0,-0.0025,0.495,0.3,ok,2.970713952610282e-16,48,252,48,48,2,false,false,false,false,false,252,252,252,,true,48
ref_F6_theta0,-0.0025,0.495,0.3025,ok,3.9246561195588496e-16,48,252,48,48,2,false,false,false,false,false,252,252,252,,true,48
ref_F6_theta0,-0.0025,0.495,0.305,ok,3.438498603147524e-16,48,252,48,48,2,false,false,false,false,false,252,252,252,,true,48
ref_F6_theta0,-0.0025,0.4975,0.295,ok,1.2016325714715203e-16,48,252,48,48,2,false,false,false,false,false,252,252,252,,true,48
ref_F6_theta0,-0.0025,0.4975,0.2975,ok,2.7319588568493803e-16,48,252,48,48,2,false,false,false,false,false,252,252,252,,true,48
ref_F6_theta0,-0.0025,0.4975,0.3,ok,1.2716910427015165e-16,48,252,48,48,2,false,false,false,false,false,252,252,252,,true,48
ref_F6_theta0,-0.0025,0.4975,0.3025,ok,2.2898349882893854e-16,48,252,48,48,2,false,false,false,false,false,252,252,252,,true,48
ref_F6_theta0,-0.0025,0.4975,0.305,ok,2.6138691071574667e-16,48,252,48,48,2,false,false,false,false,false,252,252,252,,true,48
ref_F6_theta0,-0.0025,0.5,0.295,ok,5.095750210681871e-16,48,252,48,48,2,false,false,false,false,false,252,252,252,,true,48
ref_F6_theta0,-0.0025,0.5,0.2975,ok,1.9038590148845458e-16,48,252,48,48,2,false,false,false,false,false,252,252,252,,true,48
ref_F6_theta0,-0.0025,0.5,0.3,ok,3.064479364047678e-16,48,252,48,48,2,false,false,false,false,false,252,252,252,,true,48
ref_F6_theta0,-0.0025,0.5,0.3025,ok,5.499545385658448e-16,48,252,48,48,2,false,false,false,false,false,252,252,252,,true,48
ref_F6_theta0,-0.0025,0.5,0.305,ok,3.646884804887415e-16,48,252,48,48,2,false,false,false,false,false,252,252,252,,true,48
ref_F6_theta0,-0.0025,0.5025,0.295,ok,3.946495907847236e-16,48,252,48,48,2,false,false,false,false,false,252,252,252,,true,48
ref_F6_theta0,-0.0025,0.5025,0.2975,ok,4.3465490659472564e-16,48,252,48,48,2,false,false,false,false,false,252,252,252,,true,48
ref_F6_theta0,-0.0025,0.5025,0.3,ok,2.841006929054924e-16,48,252,48,48,2,false,false,false,false,false,252,252,252,,true,48
ref_F6_theta0,-0.0025,0.5025,0.3025,ok,4.3549355301756203e-16,48,252,48,48,2,false,false,false,false,false,252,252,252,,true,48
ref_F6_theta0,-0.0025,0.5025,0.305,ok,2.7885679876327174e-16,48,252,48,48,2,false,false,false,false,false,252,252,252,,true,48
ref_F6_theta0,-0.0025,0.505,0.295,ok,1.1443916996305594e-16,48,252,48,48,2,false,false,false,false,false,252,252,252,,true,48
ref_F6_theta0,-0.0025,0.505,0.2975,ok,8.283304597789254e-17,48,252,48,48,2,false,false,false,false,false,252,252,252,,true,48
ref_F6_theta0,-0.0025,0.505,0.3,ok,1.6010520344437088e-16,48,252,48,48,2,false,false,false,false,false,252,252,252,,true,48
ref_F6_theta0,-0.0025,0.505,0.3025,ok,4.451458968355501e-16,48,252,48,48,2,false,false,false,false,false,252,252,252,,true,48
ref_F6_theta0,-0.0025,0.505,0.305,ok,3.982928500778424e-16,48,252,48,48,2,false,false,false,false,false,252,252,252,,true,48
ref_F6_theta0,0.0,0.495,0.295,not_hadamard,NaN,,,,,,,,,,,,,,,,
ref_F6_theta0,0.0,0.495,0.2975,ok,0.0,48,204,48,48,6,true,false,false,false,false,204,204,204,,true,48
ref_F6_theta0,0.0,0.495,0.3,ok,NaN,48,204,48,48,6,true,false,false,false,false,204,204,204,,true,48
ref_F6_theta0,0.0,0.495,0.3025,not_hadamard,NaN,,,,,,,,,,,,,,,,
ref_F6_theta0,0.0,0.495,0.305,not_hadamard,NaN,,,,,,,,,,,,,,,,
ref_F6_theta0,0.0,0.4975,0.295,not_hadamard,NaN,,,,,,,,,,,,,,,,
ref_F6_theta0,0.0,0.4975,0.2975,ok,0.0,48,204,48,48,6,true,false,false,false,false,204,204,204,,true,48
ref_F6_theta0,0.0,0.4975,0.3,ok,NaN,48,204,48,48,6,true,false,false,false,false,204,204,204,,true,48
ref_F6_theta0,0.0,0.4975,0.3025,not_hadamard,NaN,,,,,,,,,,,,,,,,
ref_F6_theta0,0.0,0.4975,0.305,not_hadamard,NaN,,,,,,,,,,,,,,,,
ref_F6_theta0,0.0,0.5,0.295,not_hadamard,NaN,,,,,,,,,,,,,,,,
ref_F6_theta0,0.0,0.5,0.2975,ok,0.0,48,204,48,48,6,true,false,false,false,false,204,204,204,,true,48
ref_F6_theta0,0.0,0.5,0.3025,not_hadamard,NaN,,,,,,,,,,,,,,,,
ref_F6_theta0,0.0,0.5,0.305,not_hadamard,NaN,,,,,,,,,,,,,,,,
ref_F6_theta0,0.0,0.5025,0.295,not_hadamard,NaN,,,,,,,,,,,,,,,,
ref_F6_theta0,0.0,0.5025,0.2975,ok,0.0,48,204,48,48,6,true,false,false,false,false,204,204,204,,true,48
ref_F6_theta0,0.0,0.5025,0.3,ok,NaN,48,204,48,48,6,true,false,false,false,false,204,204,204,,true,48
ref_F6_theta0,0.0,0.5025,0.3025,not_hadamard,NaN,,,,,,,,,,,,,,,,
ref_F6_theta0,0.0,0.5025,0.305,not_hadamard,NaN,,,,,,,,,,,,,,,,
ref_F6_theta0,0.0,0.505,0.295,not_hadamard,NaN,,,,,,,,,,,,,,,,
ref_F6_theta0,0.0,0.505,0.2975,ok,0.0,48,204,48,48,6,true,false,false,false,false,204,204,204,,true,48
ref_F6_theta0,0.0,0.505,0.3,ok,NaN,48,204,48,48,6,true,false,false,false,false,204,204,204,,true,48
ref_F6_theta0,0.0,0.505,0.3025,not_hadamard,NaN,,,,,,,,,,,,,,,,
ref_F6_theta0,0.0,0.505,0.305,not_hadamard,NaN,,,,,,,,,,,,,,,,
ref_F6_theta0,0.0025,0.495,0.295,ok,1.1476166043854938e-16,48,252,48,48,2,false,false,false,false,false,252,252,252,,true,48
ref_F6_theta0,0.0025,0.495,0.2975,ok,1.40620311228444e-16,48,252,48,48,2,false,false,false,false,false,252,252,252,,true,48
ref_F6_theta0,0.0025,0.495,0.3,ok,3.6303648056182207e-16,48,252,48,48,2,false,false,false,false,false,252,252,252,,true,48
ref_F6_theta0,0.0025,0.495,0.3025,ok,2.962040335230398e-16,48,252,48,48,2,false,false,false,false,false,252,252,252,,true,48
ref_F6_theta0,0.0025,0.495,0.305,ok,3.5135859424753843e-16,48,252,48,48,2,false,false,false,false,false,252,252,252,,true,48
ref_F6_theta0,0.0025,0.4975,0.295,ok,5.204170427930421e-18,48,252,48,48,2,false,false,false,false,false,252,252,252,,true,48
ref_F6_theta0,0.0025,0.4975,0.2975,ok,3.976702226780677e-16,48,252,48,48,2,false,false,false,false,false,252,252,252,,true,48
ref_F6_theta0,0.0025,0.4975,0.3,ok,1.1606129787721124e-16,48,252,48,48,2,false,false,false,false,false,252,252,252,,true,48
ref_F6_theta0,0.0025,0.4975,0.3025,ok,2.9249033840775796e-16,48,252,48,48,2,false,false,false,false,false,252,252,252,,true,48
ref_F6_theta0,0.0025,0.4975,0.305,ok,5.551115123125783e-17,48,252,48,48,2,false,false,false,false,false,252,252,252,,true,48
ref_F6_theta0,0.0025,0.5,0.295,ok,4.0635897424756706e-16,48,252,48,48,2,false,false,false,false,false,252,252,252,,true,48
ref_F6_theta0,0.0025,0.5,0.2975,ok,5.004677228193088e-16,48,252,48,48,2,false,false,false,false,false,252,252,252,,true,48
ref_F6_theta0,0.0025,0.5,0.3,ok,2.3410131871968674e-16,48,252,48,48,2,false,false,false,false,false,252,252,252,,true,48
ref_F6_theta0,0.0025,0.5,0.3025,ok,4.374171977530407e-16,48,252,48,48,2,false,false,false,false,false,252,252,252,,true,48
ref_F6_theta0,0.0025,0.5,0.305,ok,2.5110122314764283e-16,48,252,48,48,2,false,false,false,false,false,252,252,252,,true,48
ref_F6_theta0,0.0025,0.5025,0.295,ok,5.200672700511352e-16,48,252,48,48,2,false,false,false,false,false,252,252,252,,true,48
ref_F6_theta0,0.0025,0.5025,0.2975,ok,3.9621085140699207e-16,48,252,48,48,2,false,false,false,false,false,252,252,252,,true,48
ref_F6_theta0,0.0025,0.5025,0.3,ok,4.58886824403168e-16,48,252,48,48,2,false,false,false,false,false,252,252,252,,true,48
ref_F6_theta0,0.0025,0.5025,0.3025,ok,4.451458968355501e-16,48,252,48,48,2,false,false,false,false,false,252,252,252,,true,48
ref_F6_theta0,0.0025,0.5025,0.305,ok,4.173767755102859e-16,48,252,48,48,2,false,false,false,false,false,252,252,252,,true,48
ref_F6_theta0,0.0025,0.505,0.295,ok,1.1275702593849246e-16,48,252,48,48,2,false,false,false,false,false,252,252,252,,true,48
ref_F6_theta0,0.0025,0.505,0.2975,ok,4.620303356474345e-16,48,252,48,48,2,false,false,false,false,false,252,252,252,,true,48
ref_F6_theta0,0.0025,0.505,0.3,ok,3.0579422069452627e-16,48,252,48,48,2,false,false,false,false,false,252,252,252,,true,48
ref_F6_theta0,0.0025,0.505,0.3025,ok,3.131175874138137e-16,48,252,48,48,2,false,false,false,false,false,252,252,252,,true,48
ref_F6_theta0,0.0025,0.505,0.305,ok,4.0621269054865794e-16,48,252,48,48,2,false,false,false,false,false,252,252,252,,true,48
ref_F6_theta0,0.005,0.495,0.295,ok,3.824937419959358e-16,48,252,48,48,2,false,false,false,false,false,252,252,252,,true,48
ref_F6_theta0,0.005,0.495,0.2975,ok,4.183247086752942e-16,48,252,48,48,2,false,false,false,false,false,252,252,252,,true,48
ref_F6_theta0,0.005,0.495,0.3,ok,2.4052677599400386e-16,48,252,48,48,2,false,false,false,false,false,252,252,252,,true,48
ref_F6_theta0,0.005,0.495,0.3025,ok,1.690643557859147e-16,48,252,48,48,2,false,false,false,false,false,252,252,252,,true,48
ref_F6_theta0,0.005,0.495,0.305,ok,4.4010809801917363e-16,48,252,48,48,2,false,false,false,false,false,252,252,252,,true,48
ref_F6_theta0,0.005,0.4975,0.295,ok,2.9330808976182685e-16,48,252,48,48,2,false,false,false,false,false,252,252,252,,true,48
ref_F6_theta0,0.005,0.4975,0.2975,ok,3.6592798287239617e-16,48,252,48,48,2,false,false,false,false,false,252,252,252,,true,48
ref_F6_theta0,0.005,0.4975,0.3,ok,5.372408077913202e-16,48,252,48,48,2,false,false,false,false,false,252,252,252,,true,48
ref_F6_theta0,0.005,0.4975,0.3025,ok,3.6285588749352064e-16,48,252,48,48,2,false,false,false,false,false,252,252,252,,true,48
ref_F6_theta0,0.005,0.4975,0.305,ok,4.2212723424310983e-16,48,252,48,48,2,false,false,false,false,false,252,252,252,,true,48
ref_F6_theta0,0.005,0.5,0.295,ok,3.5219586238439883e-16,48,252,48,48,2,false,false,false,false,false,252,252,252,,true,48
ref_F6_theta0,0.005,0.5,0.2975,ok,1.2374124362662212e-16,48,252,48,48,2,false,false,false,false,false,252,252,252,,true,48
ref_F6_theta0,0.005,0.5,0.3,ok,1.93421667571414e-16,48,252,48,48,2,false,false,false,false,false,252,252,252,,true,48
ref_F6_theta0,0.005,0.5,0.3025,ok,2.8370154810741227e-16,48,252,48,48,2,false,false,false,false,false,252,252,252,,true,48
ref_F6_theta0,0.005,0.5,0.305,ok,1.6971944417402975e-16,48,252,48,48,2,false,false,false,false,false,252,252,252,,true,48
ref_F6_theta0,0.005,0.5025,0.295,ok,1.1280038568858133e-16,48,252,48,48,2,false,false,false,false,false,252,252,252,,true,48
ref_F6_theta0,0.005,0.5025,0.2975,ok,2.3418766925686896e-16,48,252,48,48,2,false,false,false,false,false,252,252,252,,true,48
ref_F6_theta0,0.005,0.5025,0.3,ok,1.1827010838541083e-16,48,252,48,48,2,false,false,false,false,false,252,252,252,,true,48
ref_F6_theta0,0.005,0.5025,0.3025,ok,9.194034422677078e-17,48,252,48,48,2,false,false,false,false,false,252,252,252,,true,48
ref_F6_theta0,0.005,0.5025,0.305,ok,5.811323644522304e-17,48,252,48,48,2,false,false,false,false,false,252,252,252,,true,48
ref_F6_theta0,0.005,0.505,0.295,ok,1.3357370765021415e-16,48,252,48,48,2,false,false,false,false,false,252,252,252,,true,48
ref_F6_theta0,0.005,0.505,0.2975,ok,2.359479019930958e-16,48,252,48,48,2,false,false,false,false,false,252,252,252,,true,48
ref_F6_theta0,0.005,0.505,0.3,ok,2.301959097388395e-16,48,252,48,48,2,false,false,false,false,false,252,252,252,,true,48
ref_F6_theta0,0.005,0.505,0.3025,ok,1.5525775109992423e-16,48,252,48,48,2,false,false,false,false,false,252,252,252,,true,48
ref_F6_theta0,0.005,0.505,0.305,ok,3.7008202122742386e-16,48,252,48,48,2,false,false,false,false,false,252,252,252,,true,48
ref_Dita,0.9503166181245092,0.7803981633974483,0.395,ok,2.240478477256787e-14,72,252,72,72,2,false,false,false,false,false,252,252,252,,true,72
ref_Dita,0.9503166181245092,0.7803981633974483,0.3975,ok,1.4271872719387392e-14,72,252,72,72,2,false,false,false,false,false,252,252,252,,true,72
ref_Dita,0.9503166181245092,0.7803981633974483,0.4,ok,2.237505704858713e-14,72,252,72,72,2,false,false,false,false,false,252,252,252,,true,72
ref_Dita,0.9503166181245092,0.7803981633974483,0.4025,ok,2.2272081132311986e-14,72,252,72,72,2,false,false,false,false,false,252,252,252,,true,72
ref_Dita,0.9503166181245092,0.7803981633974483,0.405,ok,2.7737139790692837e-14,72,252,72,72,2,false,false,false,false,false,252,252,252,,true,72
ref_Dita,0.9503166181245092,0.7828981633974483,0.395,ok,4.9259133049110474e-14,72,252,72,72,2,false,false,false,false,false,252,252,252,,true,72
ref_Dita,0.9503166181245092,0.7828981633974483,0.3975,ok,3.988065752268887e-14,72,252,72,72,2,false,false,false,false,false,252,252,252,,true,72
ref_Dita,0.9503166181245092,0.7828981633974483,0.4,ok,6.645563554897603e-14,72,252,72,72,2,false,false,false,false,false,252,252,252,,true,72
ref_Dita,0.9503166181245092,0.7828981633974483,0.4025,ok,5.644236715469322e-14,72,252,72,72,2,false,false,false,false,false,252,252,252,,true,72
ref_Dita,0.9503166181245092,0.7828981633974483,0.405,ok,7.337725940075908e-14,72,252,72,72,2,false,false,false,false,false,252,252,252,,true,72
ref_Dita,0.9503166181245092,0.7853981633974483,0.395,ok,5.108015364035023e-14,72,252,72,72,2,false,false,false,false,false,252,252,252,,true,72
ref_Dita,0.9503166181245092,0.7853981633974483,0.3975,ok,2.783451125024807e-14,72,252,72,72,2,false,false,false,false,false,252,252,252,,true,72
ref_Dita,0.9503166181245092,0.7853981633974483,0.4,ok,5.45160204212049e-14,72,252,72,72,2,false,false,false,false,false,252,252,252,,true,72
ref_Dita,0.9503166181245092,0.7853981633974483,0.4025,ok,3.1359624550092875e-14,72,252,72,72,2,false,false,false,false,false,252,252,252,,true,72
ref_Dita,0.9503166181245092,0.7853981633974483,0.405,ok,2.3961277670048557e-14,72,252,72,72,2,false,false,false,false,false,252,252,252,,true,72
ref_Dita,0.9503166181245092,0.7878981633974482,0.395,ok,4.2947815021334933e-13,72,252,72,72,2,false,false,false,false,false,252,252,252,,true,72
ref_Dita,0.9503166181245092,0.7878981633974482,0.3975,ok,3.612472775637763e-13,72,252,72,72,2,false,false,false,false,false,252,252,252,,true,72
ref_Dita,0.9503166181245092,0.7878981633974482,0.4,ok,3.8454516537837244e-13,72,252,72,72,2,false,false,false,false,false,252,252,252,,true,72
ref_Dita,0.9503166181245092,0.7878981633974482,0.4025,ok,4.074077563693208e-13,72,252,72,72,2,false,false,false,false,false,252,252,252,,true,72
ref_Dita,0.9503166181245092,0.7878981633974482,0.405,ok,2.9847216054148387e-13,72,252,72,72,2,false,false,false,false,false,252,252,252,,true,72
ref_Dita,0.9503166181245092,0.7903981633974483,0.395,ok,6.104018406272663e-13,72,252,72,72,2,false,false,false,false,false,252,252,252,,true,72
ref_Dita,0.9503166181245092,0.7903981633974483,0.3975,ok,5.681364754651766e-13,72,252,72,72,2,false,false,false,false,false,252,252,252,,true,72
ref_Dita,0.9503166181245092,0.7903981633974483,0.4,ok,5.53511117001686e-13,72,252,72,72,2,false,false,false,false,false,252,252,252,,true,72
ref_Dita,0.9503166181245092,0.7903981633974483,0.4025,ok,5.061239373547294e-13,72,252,72,72,2,false,false,false,false,false,252,252,252,,true,72
ref_Dita,0.9503166181245092,0.7903981633974483,0.405,ok,4.92138462167421e-13,72,252,72,72,2,false,false,false,false,false,252,252,252,,true,72
ref_Dita,0.9528166181245092,0.7803981633974483,0.395,ok,6.731513925673993e-14,72,252,72,72,2,false,false,false,false,false,252,252,252,,true,72
ref_Dita,0.9528166181245092,0.7803981633974483,0.3975,ok,6.039705091564286e-14,72,252,72,72,2,false,false,false,false,false,252,252,252,,true,72
ref_Dita,0.9528166181245092,0.7803981633974483,0.4,ok,5.5980457087707756e-14,72,252,72,72,2,false,false,false,false,false,252,252,252,,true,72
ref_Dita,0.9528166181245092,0.7803981633974483,0.4025,ok,8.159263089600367e-14,72,252,72,72,2,false,false,false,false,false,252,252,252,,true,72
ref_Dita,0.9528166181245092,0.7803981633974483,0.405,ok,5.713281468985069e-14,72,252,72,72,2,false,false,false,false,false,252,252,252,,true,72
ref_Dita,0.9528166181245092,0.7828981633974483,0.395,ok,5.900811876289297e-14,72,252,72,72,2,false,false,false,false,false,252,252,252,,true,72
ref_Dita,0.9528166181245092,0.7828981633974483,0.3975,ok,5.703186608903486e-14,72,252,72,72,2,false,false,false,false,false,252,252,252,,true,72
ref_Dita,0.9528166181245092,0.7828981633974483,0.4,ok,6.94066115391413e-14,72,252,72,72,2,false,false,false,false,false,252,252,252,,true,72
ref_Dita,0.9528166181245092,0.7828981633974483,0.4025,ok,6.89133773878141e-14,72,252,72,72,2,false,false,false,false,false,252,252,252,,true,72
ref_Dita,0.9528166181245092,0.7828981633974483,0.405,ok,7.77270303217299e-14,72,252,72,72,2,false,false,false,false,false,252,252,252,,true,72
ref_Dita,0.9528166181245092,0.7853981633974483,0.395,ok,7.378098185908578e-14,72,252,72,72,2,false,false,false,false,false,252,252,252,,true,72
ref_Dita,0.9528166181245092,0.7853981633974483,0.3975,ok,2.0653839718085604e-13,72,252,72,72,2,false,false,false,false,false,252,252,252,,true,72
ref_Dita,0.9528166181245092,0.7853981633974483,0.4,ok,1.9082783214548202e-13,72,252,72,72,2,false,false,false,false,false,252,252,252,,true,72
ref_Dita,0.9528166181245092,0.7853981633974483,0.4025,ok,1.204900451200906e-13,72,252,72,72,2,false,false,false,false,false,252,252,252,,true,72
ref_Dita,0.9528166181245092,0.7853981633974483,0.405,ok,4.4371435136905685e-14,72,252,72,72,2,false,false,false,false,false,252,252,252,,true,72
ref_Dita,0.9528166181245092,0.7878981633974482,0.395,ok,5.756949063076461e-13,72,252,72,72,2,false,false,false,false,false,252,252,252,,true,72
ref_Dita,0.9528166181245092,0.7878981633974482,0.3975,ok,6.147776769163778e-13,72,252,72,72,2,false,false,false,false,false,252,252,252,,true,72
ref_Dita,0.9528166181245092,0.7878981633974482,0.4,ok,6.987376808106141e-13,72,252,72,72,2,false,false,false,false,false,252,252,252,,true,72
ref_Dita,0.9528166181245092,0.7878981633974482,0.4025,ok,5.286072978020344e-13,72,252,72,72,2,false,false,false,false,false,252,252,252,,true,72
ref_Dita,0.9528166181245092,0.7878981633974482,0.405,ok,6.267570351510085e-13,72,252,72,72,2,false,false,false,false,false,252,252,252,,true,72
ref_Dita,0.9528166181245092,0.7903981633974483,0.395,ok,1.15622412463556e-13,72,252,72,72,2,false,false,false,false,false,252,252,252,,true,72
ref_Dita,0.9528166181245092,0.7903981633974483,0.3975,ok,1.0642731334556176e-13,72,252,72,72,2,false,false,false,false,false,252,252,252,,true,72
ref_Dita,0.9528166181245092,0.7903981633974483,0.4,ok,1.1519434636957555e-13,72,252,72,72,2,false,false,false,false,false,252,252,252,,true,72
ref_Dita,0.9528166181245092,0.7903981633974483,0.4025,ok,7.909160568055224e-14,72,252,72,72,2,false,false,false,false,false,252,252,252,,true,72
ref_Dita,0.9528166181245092,0.7903981633974483,0.405,ok,8.328101049135604e-14,72,252,72,72,2,false,false,false,false,false,252,252,252,,true,72
ref_Dita,0.9553166181245092,0.7803981633974483,0.395,ok,2.743711301705117e-14,72,252,72,72,2,false,false,false,false,false,252,252,252,,true,72
ref_Dita,0.9553166181245092,0.7803981633974483,0.3975,ok,3.593557153916988e-14,72,252,72,72,2,false,false,false,false,false,252,252,252,,true,72
ref_Dita,0.9553166181245092,0.7803981633974483,0.4,ok,3.7937313343472334e-14,72,252,72,72,2,false,false,false,false,false,252,252,252,,true,72
ref_Dita,0.9553166181245092,0.7803981633974483,0.4025,ok,2.1172974786154356e-14,72,252,72,72,2,false,false,false,false,false,252,252,252,,true,72
ref_Dita,0.9553166181245092,0.7803981633974483,0.405,ok,7.090319201244595e-14,72,252,72,72,2,false,false,false,false,false,252,252,252,,true,72
ref_Dita,0.9553166181245092,0.7828981633974483,0.395,ok,3.2272943992214547e-14,72,252,72,72,2,false,false,false,false,false,252,252,252,,true,72
ref_Dita,0.9553166181245092,0.7828981633974483,0.3975,ok,4.885990497765102e-14,72,252,72,72,2,false,false,false,false,false,252,252,252,,true,72
ref_Dita,0.9553166181245092,0.7828981633974483,0.4,ok,5.030535564027029e-14,72,252,72,72,2,false,false,false,false,false,252,252,252,,true,72
ref_Dita,0.9553166181245092,0.7828981633974483,0.4025,ok,3.41981131627673e-14,72,252,72,72,2,false,false,false,false,false,252,252,252,,true,72
ref_Dita,0.9553166181245092,0.7828981633974483,0.405,ok,8.640887982266066e-14,72,252,72,72,2,false,false,false,false,false,252,252,252,,true,72
ref_Dita,0.9553166181245092,0.7853981633974483,0.395,ok,1.8459931287262346,72,240,72,72,6,true,false,false,false,false,240,240,240,,true,72
ref_Dita,0.9553166181245092,0.7853981633974483,0.3975,ok,1.8440633210608792,72,240,72,72,6,true,false,false,false,false,240,240,240,,true,72
ref_Dita,0.9553166181245092,0.7853981633974483,0.4025,ok,1.8401691416942323,72,240,72,72,6,true,false,false,false,false,240,240,240,,true,72
ref_Dita,0.9553166181245092,0.7853981633974483,0.405,ok,1.8382047943315494,72,240,72,72,6,true,false,false,false,false,240,240,240,,true,72
ref_Dita,0.9553166181245092,0.7878981633974482,0.395,ok,1.2619803103439326e-13,72,252,72,72,2,false,false,false,false,false,252,252,252,,true,72
ref_Dita,0.9553166181245092,0.7878981633974482,0.3975,ok,6.445272572083738e-14,72,252,72,72,2,false,false,false,false,false,252,252,252,,true,72
ref_Dita,0.9553166181245092,0.7878981633974482,0.4,ok,4.603584987571682e-14,72,252,72,72,2,false,false,false,false,false,252,252,252,,true,72
ref_Dita,0.9553166181245092,0.7878981633974482,0.4025,ok,6.642994210153217e-14,72,252,72,72,2,false,false,false,false,false,252,252,252,,true,72
ref_Dita,0.9553166181245092,0.7878981633974482,0.405,ok,6.38334794171476e-14,72,252,72,72,2,false,false,false,false,false,252,252,252,,true,72
ref_Dita,0.9553166181245092,0.7903981633974483,0.395,ok,2.9533184559716366e-14,72,252,72,72,2,false,false,false,false,false,252,252,252,,true,72
ref_Dita,0.9553166181245092,0.7903981633974483,0.3975,ok,2.0415126816682278e-14,72,252,72,72,2,false,false,false,false,false,252,252,252,,true,72
ref_Dita,0.9553166181245092,0.7903981633974483,0.4,ok,2.3713074747970842e-14,72,252,72,72,2,false,false,false,false,false,252,252,252,,true,72
ref_Dita,0.9553166181245092,0.7903981633974483,0.4025,ok,3.575538706997593e-14,72,252,72,72,2,false,false,false,false,false,252,252,252,,true,72
ref_Dita,0.9553166181245092,0.7903981633974483,0.405,ok,4.774694794679333e-14,72,252,72,72,2,false,false,false,false,false,252,252,252,,true,72
ref_Dita,0.9578166181245091,0.7803981633974483,0.395,ok,1.270502674150885e-13,72,252,72,72,2,false,false,false,false,false,252,252,252,,true,72
ref_Dita,0.9578166181245091,0.7803981633974483,0.3975,ok,1.3587397255100268e-13,72,252,72,72,2,false,false,false,false,false,252,252,252,,true,72
ref_Dita,0.9578166181245091,0.7803981633974483,0.4,ok,1.519334428889627e-13,72,252,72,72,2,false,false,false,false,false,252,252,252,,true,72
ref_Dita,0.9578166181245091,0.7803981633974483,0.4025,ok,1.0332174727239073e-13,72,252,72,72,2,false,false,false,false,false,252,252,252,,true,72
ref_Dita,0.9578166181245091,0.7803981633974483,0.405,ok,1.4359802454828445e-13,72,252,72,72,2,false,false,false,false,false,252,252,252,,true,72
ref_Dita,0.9578166181245091,0.7828981633974483,0.395,ok,5.701279644684624e-13,72,252,72,72,2,false,false,false,false,false,252,252,252,,true,72
ref_Dita,0.9578166181245091,0.7828981633974483,0.3975,ok,4.875169825966845e-13,72,252,72,72,2,false,false,false,false,false,252,252,252,,true,72
ref_Dita,0.9578166181245091,0.7828981633974483,0.4,ok,6.771727866551313e-13,72,252,72,72,2,false,false,false,false,false,252,252,252,,true,72
ref_Dita,0.9578166181245091,0.7828981633974483,0.4025,ok,6.104386415807057e-13,72,252,72,72,2,false,false,false,false,false,252,252,252,,true,72
ref_Dita,0.9578166181245091,0.7828981633974483,0.405,ok,4.815805162688986e-13,72,252,72,72,2,false,false,false,false,false,252,252,252,,true,72
ref_Dita,0.9578166181245091,0.7853981633974483,0.395,ok,3.575073291317833e-14,72,252,72,72,2,false,false,false,false,false,252,252,252,,true,72
ref_Dita,0.9578166181245091,0.7853981633974483,0.3975,ok,5.907325514783815e-14,72,252,72,72,2,false,false,false,false,false,252,252,252,,true,72
ref_Dita,0.9578166181245091,0.7853981633974483,0.4,ok,3.612509455030443e-14,72,252,72,72,2,false,false,false,false,false,252,252,252,,true,72
ref_Dita,0.9578166181245091,0.7853981633974483,0.4025,ok,5.494605801960651e-14,72,252,72,72,2,false,false,false,false,false,252,252,252,,true,72
ref_Dita,0.9578166181245091,0.7853981633974483,0.405,ok,1.0927945026566189e-13,72,252,72,72,2,false,false,false,false,false,252,252,252,,true,72
ref_Dita,0.9578166181245091,0.7878981633974482,0.395,ok,2.0577680521854865e-13,72,252,72,72,2,false,false,false,false,false,252,252,252,,true,72
ref_Dita,0.9578166181245091,0.7878981633974482,0.3975,ok,1.7698814573216845e-13,72,252,72,72,2,false,false,false,false,false,252,252,252,,true,72
ref_Dita,0.9578166181245091,0.7878981633974482,0.4,ok,1.8593401892273915e-13,72,252,72,72,2,false,false,false,false,false,252,252,252,,true,72
ref_Dita,0.9578166181245091,0.7878981633974482,0.4025,ok,2.1361066065841226e-13,72,252,72,72,2,false,false,false,false,false,252,252,252,,true,72
ref_Dita,0.9578166181245091,0.7878981633974482,0.405,ok,2.0528035734218008e-13,72,252,72,72,2,false,false,false,false,false,252,252,252,,true,72
ref_Dita,0.9578166181245091,0.7903981633974483,0.395,ok,1.3778207686883196e-13,72,252,72,72,2,false,false,false,false,false,252,252,252,,true,72
ref_Dita,0.9578166181245091,0.7903981633974483,0.3975,ok,1.40229035165607e-13,72,252,72,72,2,false,false,false,false,false,252,252,252,,true,72
ref_Dita,0.9578166181245091,0.7903981633974483,0.4,ok,1.3048370489580965e-13,72,252,72,72,2,false,false,false,false,false,252,252,252,,true,72
ref_Dita,0.9578166181245091,0.7903981633974483,0.4025,ok,1.4507709543246508e-13,72,252,72,72,2,false,false,false,false,false,252,252,252,,true,72
ref_Dita,0.9578166181245091,0.7903981633974483,0.405,ok,1.352673153134208e-13,72,252,72,72,2,false,false,false,false,false,252,252,252,,true,72
ref_Dita,0.9603166181245092,0.7803981633974483,0.395,ok,2.2476146377443943e-13,72,252,72,72,2,false,false,false,false,false,252,252,252,,true,72
ref_Dita,0.9603166181245092,0.7803981633974483,0.3975,ok,1.3303909560541846e-13,72,252,72,72,2,false,false,false,false,false,252,252,252,,true,72
ref_Dita,0.9603166181245092,0.7803981633974483,0.4,ok,7.211639937522858e-14,72,252,72,72,2,false,false,false,false,false,252,252,252,,true,72
ref_Dita,0.9603166181245092,0.7803981633974483,0.4025,ok,1.1997088703010512e-13,72,252,72,72,2,false,false,false,false,false,252,252,252,,true,72
ref_Dita,0.9603166181245092,0.7803981633974483,0.405,ok,1.3430326216304894e-13,72,252,72,72,2,false,false,false,false,false,252,252,252,,true,72
ref_Dita,0.9603166181245092,0.7828981633974483,0.395,ok,2.3825148128427005e-13,72,252,72,72,2,false,false,false,false,false,252,252,252,,true,72
ref_Dita,0.9603166181245092,0.7828981633974483,0.3975,ok,3.0413604839340103e-13,72,252,72,72,2,false,false,false,false,false,252,252,252,,true,72
ref_Dita,0.9603166181245092,0.7828981633974483,0.4,ok,2.5430973720587015e-13,72,252,72,72,2,false,false,false,false,false,252,252,252,,true,72
ref_Dita,0.9603166181245092,0.7828981633974483,0.4025,ok,3.072706844161799e-13,72,252,72,72,2,false,false,false,false,false,252,252,252,,true,72
ref_Dita,0.9603166181245092,0.7828981633974483,0.405,ok,3.002739741235482e-13,72,252,72,72,2,false,false,false,false,false,252,252,252,,true,72
ref_Dita,0.9603166181245092,0.7853981633974483,0.395,ok,7.367348308771929e-14,72,252,72,72,2,false,false,false,false,false,252,252,252,,true,72
ref_Dita,0.9603166181245092,0.7853981633974483,0.3975,ok,9.438365007757697e-14,72,252,72,72,2,false,false,false,false,false,252,252,252,,true,72
ref_Dita,0.9603166181245092,0.7853981633974483,0.4,ok,8.92721490656624e-14,72,252,72,72,2,false,false,false,false,false,252,252,252,,true,72
ref_Dita,0.9603166181245092,0.7853981633974483,0.4025,ok,7.80549164771072e-14,72,252,72,72,2,false,false,false,false,false,252,252,252,,true,72
ref_Dita,0.9603166181245092,0.7853981633974483,0.405,ok,1.2298069285898168e-13,72,252,72,72,2,false,false,false,false,false,252,252,252,,true,72
ref_Dita,0.9603166181245092,0.7878981633974482,0.395,ok,2.659210119228589e-14,72,252,72,72,2,false,false,false,false,false,252,252,252,,true,72
ref_Dita,0.9603166181245092,0.7878981633974482,0.3975,ok,3.0790229696328004e-14,72,252,72,72,2,false,false,false,false,false,252,252,252,,true,72
ref_Dita,0.9603166181245092,0.7878981633974482,0.4,ok,3.0198882599229825e-14,72,252,72,72,2,false,false,false,false,false,252,252,252,,true,72
ref_Dita,0.9603166181245092,0.7878981633974482,0.4025,ok,3.4476491916861314e-14,72,252,72,72,2,false,false,false,false,false,252,252,252,,true,72
ref_Dita,0.9603166181245092,0.7878981633974482,0.405,ok,1.901044192554124e-14,72,252,72,72,2,false,false,false,false,false,252,252,252,,true,72
ref_Dita,0.9603166181245092,0.7903981633974483,0.395,ok,6.472324100164062e-14,72,252,72,72,2,false,false,false,false,false,252,252,252,,true,72
ref_Dita,0.9603166181245092,0.7903981633974483,0.3975,ok,7.131901957782417e-14,72,252,72,72,2,false,false,false,false,false,252,252,252,,true,72
ref_Dita,0.9603166181245092,0.7903981633974483,0.4,ok,6.549835985557051e-14,72,252,72,72,2,false,false,false,false,false,252,252,252,,true,72
ref_Dita,0.9603166181245092,0.7903981633974483,0.4025,ok,6.257217360762893e-14,72,252,72,72,2,false,false,false,false,false,252,252,252,,true,72
ref_Dita,0.9603166181245092,0.7903981633974483,0.405,ok,6.173838338188165e-14,72,252,72,72,2,false,false,false,false,false,252,252,252,,true,72
ref_ref_F6_theta0,-0.005,0.49,0.2925,ok,2.543382085403033e-16,48,252,48,48,2,false,false,false,false,false,252,252,252,,true,48
ref_ref_F6_theta0,-0.005,0.49,0.295,ok,4.027183994145517e-16,48,252,48,48,2,false,false,false,false,false,252,252,252,,true,48
ref_ref_F6_theta0,-0.005,0.49,0.2975,ok,4.0079245804287273e-16,48,252,48,48,2,false,false,false,false,false,252,252,252,,true,48
ref_ref_F6_theta0,-0.005,0.49,0.3,ok,2.1684043449710089e-16,48,252,48,48,2,false,false,false,false,false,252,252,252,,true,48
ref_ref_F6_theta0,-0.005,0.49,0.3025,ok,4.0996859776161895e-16,48,252,48,48,2,false,false,false,false,false,252,252,252,,true,48
ref_ref_F6_theta0,-0.005,0.4925,0.2925,ok,1.4088688899021424e-16,48,252,48,48,2,false,false,false,false,false,252,252,252,,true,48
ref_ref_F6_theta0,-0.005,0.4925,0.295,ok,3.3408180067579024e-16,48,252,48,48,2,false,false,false,false,false,252,252,252,,true,48
ref_ref_F6_theta0,-0.005,0.4925,0.2975,ok,1.2049774363595733e-16,48,252,48,48,2,false,false,false,false,false,252,252,252,,true,48
ref_ref_F6_theta0,-0.005,0.4925,0.3,ok,1.1102569054260746e-16,48,252,48,48,2,false,false,false,false,false,252,252,252,,true,48
ref_ref_F6_theta0,-0.005,0.4925,0.3025,ok,2.280617143682994e-16,48,252,48,48,2,false,false,false,false,false,252,252,252,,true,48
ref_ref_F6_theta0,-0.005,0.495,0.2925,ok,4.918575854908408e-16,48,252,48,48,2,false,false,false,false,false,252,252,252,,true,48
ref_ref_F6_theta0,-0.005,0.4975,0.2925,ok,4.644914445067638e-16,48,252,48,48,2,false,false,false,false,false,252,252,252,,true,48
ref_ref_F6_theta0,-0.005,0.5,0.2925,ok,3.2786273695961654e-16,48,252,48,48,2,false,false,false,false,false,252,252,252,,true,48
ref_ref_F6_theta0,-0.0025,0.49,0.2925,ok,2.252804103781369e-16,48,252,48,48,2,false,false,false,false,false,252,252,252,,true,48
ref_ref_F6_theta0,-0.0025,0.49,0.295,ok,2.6237692574149207e-16,48,252,48,48,2,false,false,false,false,false,252,252,252,,true,48
ref_ref_F6_theta0,-0.0025,0.49,0.2975,ok,1.973247953923618e-16,48,252,48,48,2,false,false,false,false,false,252,252,252,,true,48
ref_ref_F6_theta0,-0.0025,0.49,0.3,ok,3.002437522678192e-16,48,252,48,48,2,false,false,false,false,false,252,252,252,,true,48
ref_ref_F6_theta0,-0.0025,0.49,0.3025,ok,3.544297861841223e-16,48,252,48,48,2,false,false,false,false,false,252,252,252,,true,48
ref_ref_F6_theta0,-0.0025,0.4925,0.2925,ok,4.336808689942018e-18,48,252,48,48,2,false,false,false,false,false,252,252,252,,true,48
ref_ref_F6_theta0,-0.0025,0.4925,0.295,ok,1.1476166043854938e-16,48,252,48,48,2,false,false,false,false,false,252,252,252,,true,48
ref_ref_F6_theta0,-0.0025,0.4925,0.2975,ok,1.6581815106213764e-16,48,252,48,48,2,false,false,false,false,false,252,252,252,,true,48
ref_ref_F6_theta0,-0.0025,0.4925,0.3,ok,1.1159342773238595e-16,48,252,48,48,2,false,false,false,false,false,252,252,252,,true,48
ref_ref_F6_theta0,-0.0025,0.4925,0.3025,ok,6.808789643208968e-17,48,252,48,48,2,false,false,false,false,false,252,252,252,,true,48
ref_ref_F6_theta0,-0.0025,0.495,0.2925,ok,1.753621185233336e-16,48,252,48,48,2,false,false,false,false,false,252,252,252,,true,48
ref_ref_F6_theta0,-0.0025,0.4975,0.2925,ok,2.549752159805297e-16,48,252,48,48,2,false,false,false,false,false,252,252,252,,true,48
ref_ref_F6_theta0,-0.0025,0.5,0.2925,ok,3.2731731393863163e-16,48,252,48,48,2,false,false,false,false,false,252,252,252,,true,48
ref_ref_F6_theta0,0.0,0.49,0.2925,ok,0.0,48,204,48,48,6,true,false,false,false,false,204,204,204,,true,48
ref_ref_F6_theta0,0.0,0.49,0.295,not_hadamard,NaN,,,,,,,,,,,,,,,,
ref_ref_F6_theta0,0.0,0.49,0.2975,ok,0.0,48,204,48,48,6,true,false,false,false,false,204,204,204,,true,48
ref_ref_F6_theta0,0.0,0.49,0.3,ok,NaN,48,204,48,48,6,true,false,false,false,false,204,204,204,,true,48
ref_ref_F6_theta0,0.0,0.49,0.3025,not_hadamard,NaN,,,,,,,,,,,,,,,,
ref_ref_F6_theta0,0.0,0.4925,0.2925,ok,0.0,48,204,48,48,6,true,false,false,false,false,204,204,204,,true,48
ref_ref_F6_theta0,0.0,0.4925,0.295,not_hadamard,NaN,,,,,,,,,,,,,,,,
ref_ref_F6_theta0,0.0,0.4925,0.2975,ok,0.0,48,204,48,48,6,true,false,false,false,false,204,204,204,,true,48
ref_ref_F6_theta0,0.0,0.4925,0.3,ok,NaN,48,204,48,48,6,true,false,false,false,false,204,204,204,,true,48
ref_ref_F6_theta0,0.0,0.4925,0.3025,not_hadamard,NaN,,,,,,,,,,,,,,,,
ref_ref_F6_theta0,0.0,0.495,0.2925,ok,0.0,48,204,48,48,6,true,false,false,false,false,204,204,204,,true,48
ref_ref_F6_theta0,0.0,0.4975,0.2925,ok,0.0,48,204,48,48,6,true,false,false,false,false,204,204,204,,true,48
ref_ref_F6_theta0,0.0,0.5,0.2925,ok,0.0,48,204,48,48,6,true,false,false,false,false,204,204,204,,true,48
ref_ref_F6_theta0,0.0025,0.49,0.2925,ok,2.3248571226851995e-16,48,252,48,48,2,false,false,false,false,false,252,252,252,,true,48
ref_ref_F6_theta0,0.0025,0.49,0.295,ok,5.124722620651178e-16,48,252,48,48,2,false,false,false,false,false,252,252,252,,true,48
ref_ref_F6_theta0,0.0025,0.49,0.2975,ok,2.9052345828309734e-16,48,252,48,48,2,false,false,false,false,false,252,252,252,,true,48
ref_ref_F6_theta0,0.0025,0.49,0.3,ok,2.6900836623918867e-16,48,252,48,48,2,false,false,false,false,false,252,252,252,,true,48
ref_ref_F6_theta0,0.0025,0.49,0.3025,ok,2.0122792321330962e-16,48,252,48,48,2,false,false,false,false,false,252,252,252,,true,48
ref_ref_F6_theta0,0.0025,0.4925,0.2925,ok,1.1346537043696617e-16,48,252,48,48,2,false,false,false,false,false,252,252,252,,true,48
ref_ref_F6_theta0,0.0025,0.4925,0.295,ok,2.2247786310271853e-16,48,252,48,48,2,false,false,false,false,false,252,252,252,,true,48
ref_ref_F6_theta0,0.0025,0.4925,0.2975,ok,1.6436504934880247e-16,48,252,48,48,2,false,false,false,false,false,252,252,252,,true,48
ref_ref_F6_theta0,0.0025,0.4925,0.3,ok,3.3307142486596306e-16,48,252,48,48,2,false,false,false,false,false,252,252,252,,true,48
ref_ref_F6_theta0,0.0025,0.4925,0.3025,ok,3.3315837438649417e-16,48,252,48,48,2,false,false,false,false,false,252,252,252,,true,48
ref_ref_F6_theta0,0.0025,0.495,0.2925,ok,2.3898924643848303e-16,48,252,48,48,2,false,false,false,false,false,252,252,252,,true,48
ref_ref_F6_theta0,0.0025,0.4975,0.2925,ok,1.7704593234888734e-16,48,252,48,48,2,false,false,false,false,false,252,252,252,,true,48
ref_ref_F6_theta0,0.0025,0.5,0.2925,ok,4.3746771706917264e-16,48,252,48,48,2,false,false,false,false,false,252,252,252,,true,48
ref_ref_F6_theta0,0.005,0.49,0.2925,ok,1.6711069443220838e-16,48,252,48,48,2,false,false,false,false,false,252,252,252,,true,48
ref_ref_F6_theta0,0.005,0.49,0.295,ok,3.23349152113171e-16,48,252,48,48,2,false,false,false,false,false,252,252,252,,true,48
ref_ref_F6_theta0,0.005,0.49,0.2975,ok,2.665440865769156e-16,48,252,48,48,2,false,false,false,false,false,252,252,252,,true,48
ref_ref_F6_theta0,0.005,0.49,0.3,ok,3.667545546255756e-16,48,252,48,48,2,false,false,false,false,false,252,252,252,,true,48
ref_ref_F6_theta0,0.005,0.49,0.3025,ok,4.3172053771445627e-16,48,252,48,48,2,false,false,false,false,false,252,252,252,,true,48
ref_ref_F6_theta0,0.005,0.4925,0.2925,ok,1.9168694409543718e-16,48,252,48,48,2,false,false,false,false,false,252,252,252,,true,48
ref_ref_F6_theta0,0.005,0.4925,0.295,ok,3.2524561712805145e-16,48,252,48,48,2,false,false,false,false,false,252,252,252,,true,48
ref_ref_F6_theta0,0.005,0.4925,0.2975,ok,7.28583859910259e-17,48,252,48,48,2,false,false,false,false,false,252,252,252,,true,48
ref_ref_F6_theta0,0.005,0.4925,0.3,ok,1.1110697347012682e-16,48,252,48,48,2,false,false,false,false,false,252,252,252,,true,48
ref_ref_F6_theta0,0.005,0.4925,0.3025,ok,1.1150912609939193e-16,48,252,48,48,2,false,false,false,false,false,252,252,252,,true,48
ref_ref_F6_theta0,0.005,0.495,0.2925,ok,5.746125861016489e-16,48,252,48,48,2,false,false,false,false,false,252,252,252,,true,48
ref_ref_F6_theta0,0.005,0.4975,0.2925,ok,4.501874806974133e-16,48,252,48,48,2,false,false,false,false,false,252,252,252,,true,48
ref_ref_F6_theta0,0.005,0.5,0.2925,ok,1.4304896245381993e-16,48,252,48,48,2,false,false,false,false,false,252,252,252,,true,48
ref_ref_F6_theta0,-0.005,0.49,0.305,ok,4.350742157313724e-16,48,252,48,48,2,false,false,false,false,false,252,252,252,,true,48
ref_ref_F6_theta0,-0.005,0.4925,0.305,ok,4.442111658486589e-16,48,252,48,48,2,false,false,false,false,false,252,252,252,,true,48
ref_ref_F6_theta0,-0.0025,0.49,0.305,ok,3.767436405390907e-16,48,252,48,48,2,false,false,false,false,false,252,252,252,,true,48
ref_ref_F6_theta0,-0.0025,0.4925,0.305,ok,3.467028338079354e-16,48,252,48,48,2,false,false,false,false,false,252,252,252,,true,48
ref_ref_F6_theta0,0.0,0.49,0.305,not_hadamard,NaN,,,,,,,,,,,,,,,,
ref_ref_F6_theta0,0.0,0.4925,0.305,not_hadamard,NaN,,,,,,,,,,,,,,,,
ref_ref_F6_theta0,0.0025,0.49,0.305,ok,2.2679146054755153e-16,48,252,48,48,2,false,false,false,false,false,251,251,251,,true,48
ref_ref_F6_theta0,0.0025,0.4925,0.305,ok,1.1709383462843448e-17,48,252,48,48,2,false,false,false,false,false,252,252,252,,true,48
ref_ref_F6_theta0,0.005,0.49,0.305,ok,1.6073128085295626e-16,48,252,48,48,2,false,false,false,false,false,252,252,252,,true,48
ref_ref_F6_theta0,0.005,0.4925,0.305,ok,3.4131758931625696e-16,48,252,48,48,2,false,false,false,false,false,252,252,252,,true,48
ref_ref_F6_theta0,-0.005,0.5025,0.2925,ok,3.3738030318740266e-16,48,252,48,48,2,false,false,false,false,false,252,252,252,,true,48
ref_ref_F6_theta0,-0.0025,0.5025,0.2925,ok,4.982493048981751e-16,48,252,48,48,2,false,false,false,false,false,252,252,252,,true,48
ref_ref_F6_theta0,0.0,0.5025,0.2925,ok,0.0,48,204,48,48,6,true,false,false,false,false,204,204,204,,true,48
ref_ref_F6_theta0,0.0025,0.5025,0.2925,ok,4.540638698369293e-16,48,252,48,48,2,false,false,false,false,false,252,252,252,,true,48
ref_ref_F6_theta0,0.005,0.5025,0.2925,ok,1.1159342773238595e-16,48,252,48,48,2,false,false,false,false,false,252,252,252,,true,48
ref_ref_F6_theta0,-0.005,0.505,0.2925,ok,1.594813855221478e-16,48,252,48,48,2,false,false,false,false,false,252,252,252,,true,48
ref_ref_F6_theta0,-0.0025,0.505,0.2925,ok,2.258344978494221e-16,48,252,48,48,2,false,false,false,false,false,252,252,252,,true,48
ref_ref_F6_theta0,0.0,0.505,0.2925,ok,0.0,48,204,48,48,6,true,false,false,false,false,204,204,204,,true,48
ref_ref_F6_theta0,0.0025,0.505,0.2925,ok,1.7637113671854577e-16,48,252,48,48,2,false,false,false,false,false,252,252,252,,true,48
ref_ref_F6_theta0,0.005,0.505,0.2925,ok,1.1768344115781112e-16,48,252,48,48,2,false,false,false,false,false,252,252,252,,true,48
ref_ref_F6_theta0,-0.005,0.5075,0.2925,ok,1.5612511283791264e-17,48,252,48,48,2,false,false,false,false,false,252,252,252,,true,48
ref_ref_F6_theta0,-0.005,0.5075,0.295,ok,1.1983411512519015e-16,48,252,48,48,2,false,false,false,false,false,252,252,252,,true,48
ref_ref_F6_theta0,-0.005,0.5075,0.2975,ok,3.8315011419927443e-16,48,252,48,48,2,false,false,false,false,false,252,252,252,,true,48
ref_ref_F6_theta0,-0.005,0.5075,0.3,ok,4.978656376053436e-16,48,252,48,48,2,false,false,false,false,false,252,252,252,,true,48
ref_ref_F6_theta0,-0.005,0.5075,0.3025,ok,4.1163876911195334e-16,48,252,48,48,2,false,false,false,false,false,252,252,252,,true,48
ref_ref_F6_theta0,-0.0025,0.5075,0.2925,ok,1.3834419720915037e-16,48,252,48,48,2,false,false,false,false,false,252,252,252,,true,48
ref_ref_F6_theta0,-0.0025,0.5075,0.295,ok,4.71653616246048e-16,48,252,48,48,2,false,false,false,false,false,252,252,252,,true,48
ref_ref_F6_theta0,-0.0025,0.5075,0.2975,ok,1.1443916996305594e-16,48,252,48,48,2,false,false,false,false,false,252,252,252,,true,48
ref_ref_F6_theta0,-0.0025,0.5075,0.3,ok,1.1739862079479962e-16,48,252,48,48,2,false,false,false,false,false,252,252,252,,true,48
ref_ref_F6_theta0,-0.0025,0.5075,0.3025,ok,1.0104764247564901e-16,48,252,48,48,2,false,false,false,false,false,252,252,252,,true,48
ref_ref_F6_theta0,0.0,0.5075,0.2925,ok,0.0,48,204,48,48,6,true,false,false,false,false,204,204,204,,true,48
ref_ref_F6_theta0,0.0,0.5075,0.295,not_hadamard,NaN,,,,,,,,,,,,,,,,
ref_ref_F6_theta0,0.0,0.5075,0.2975,ok,0.0,48,204,48,48,6,true,false,false,false,false,204,204,204,,true,48
ref_ref_F6_theta0,0.0,0.5075,0.3,ok,NaN,48,204,48,48,6,true,false,false,false,false,204,204,204,,true,48
ref_ref_F6_theta0,0.0,0.5075,0.3025,not_hadamard,NaN,,,,,,,,,,,,,,,,
ref_ref_F6_theta0,0.0025,0.5075,0.2925,ok,1.2188824373837152e-16,48,252,48,48,2,false,false,false,false,false,252,252,252,,true,48
ref_ref_F6_theta0,0.0025,0.5075,0.295,ok,3.09839107671957e-16,48,252,48,48,2,false,false,false,false,false,252,252,252,,true,48
ref_ref_F6_theta0,0.0025,0.5075,0.2975,ok,1.3423946647151723e-16,48,252,48,48,2,false,false,false,false,false,252,252,252,,true,48
ref_ref_F6_theta0,0.0025,0.5075,0.3,ok,2.06323189150251e-16,48,252,48,48,2,false,false,false,false,false,252,252,252,,true,48
ref_ref_F6_theta0,0.0025,0.5075,0.3025,ok,3.4718855498233325e-16,48,252,48,48,2,false,false,false,false,false,252,252,252,,true,48
ref_ref_F6_theta0,0.005,0.5075,0.2925,ok,1.6566609195578508e-16,48,252,48,48,2,false,false,false,false,false,252,252,252,,true,48
ref_ref_F6_theta0,0.005,0.5075,0.295,ok,1.845749039194856e-16,48,252,48,48,2,false,false,false,false,false,252,252,252,,true,48
ref_ref_F6_theta0,0.005,0.5075,0.2975,ok,2.1035981017731226e-16,48,252,48,48,2,false,false,false,false,false,252,252,252,,true,48
ref_ref_F6_theta0,0.005,0.5075,0.3,ok,2.679923201302601e-16,48,252,48,48,2,false,false,false,false,false,252,252,252,,true,48
ref_ref_F6_theta0,0.005,0.5075,0.3025,ok,3.8166380487792903e-16,48,252,48,48,2,false,false,false,false,false,252,252,252,,true,48
ref_ref_F6_theta0,-0.005,0.5075,0.305,ok,3.6510160036938497e-16,48,252,48,48,2,false,false,false,false,false,252,252,252,,true,48
ref_ref_F6_theta0,-0.0025,0.5075,0.305,ok,3.8173771582427813e-16,48,252,48,48,2,false,false,false,false,false,252,252,252,,true,48
ref_ref_F6_theta0,0.0,0.5075,0.305,not_hadamard,NaN,,,,,,,,,,,,,,,,
ref_ref_F6_theta0,0.0025,0.5075,0.305,ok,1.6176296413483726e-16,48,252,48,48,2,false,false,false,false,false,252,252,252,,true,48
ref_ref_F6_theta0,0.005,0.5075,0.305,ok,4.541796275770473e-16,48,252,48,48,2,false,false,false,false,false,252,252,252,,true,48
ref_ref_F6_theta0,-0.005,0.51,0.2925,ok,2.420187942083452e-16,48,252,48,48,2,false,false,false,false,false,252,252,252,,true,48
ref_ref_F6_theta0,-0.005,0.51,0.295,ok,1.492492406327019e-16,48,252,48,48,2,false,false,false,false,false,252,252,252,,true,48
ref_ref_F6_theta0,-0.005,0.51,0.2975,ok,8.066464163292153e-17,48,252,48,48,2,false,false,false,false,false,252,252,252,,true,48
ref_ref_F6_theta0,-0.005,0.51,0.3,ok,2.3134344078706536e-16,48,252,48,48,2,false,false,false,false,false,252,252,252,,true,48
ref_ref_F6_theta0,-0.005,0.51,0.3025,ok,1.1110697347012682e-16,48,252,48,48,2,false,false,false,false,false,252,252,252,,true,48
ref_ref_F6_theta0,-0.0025,0.51,0.2925,ok,2.47198095326695e-17,48,252,48,48,2,false,false,false,false,false,252,252,252,,true,48
ref_ref_F6_theta0,-0.0025,0.51,0.295,ok,2.530794494087341e-16,48,252,48,48,2,false,false,false,false,false,252,252,252,,true,48
ref_ref_F6_theta0,-0.0025,0.51,0.2975,ok,3.691498078389712e-16,48,252,48,48,2,false,false,false,false,false,252,252,252,,true,48
ref_ref_F6_theta0,-0.0025,0.51,0.3,ok,1.1796119636642288e-16,48,252,48,48,2,false,false,false,false,false,252,252,252,,true,48
ref_ref_F6_theta0,-0.0025,0.51,0.3025,ok,2.3852447794681098e-17,48,252,48,48,2,false,false,false,false,false,252,252,252,,true,48
ref_ref_F6_theta0,0.0,0.51,0.2925,ok,0.0,48,204,48,48,6,true,false,false,false,false,204,204,204,,true,48
ref_ref_F6_theta0,0.0,0.51,0.295,not_hadamard,NaN,,,,,,,,,,,,,,,,
ref_ref_F6_theta0,0.0,0.51,0.2975,ok,0.0,48,204,48,48,6,true,false,false,false,false,204,204,204,,true,48
ref_ref_F6_theta0,0.0,0.51,0.3,ok,NaN,48,204,48,48,6,true,false,false,false,false,204,204,204,,true,48
ref_ref_F6_theta0,0.0,0.51,0.3025,not_hadamard,NaN,,,,,,,,,,,,,,,,
ref_ref_F6_theta0,0.0025,0.51,0.2925,ok,2.3418766925686896e-17,48,252,48,48,2,false,false,false,false,false,252,252,252,,true,48
ref_ref_F6_theta0,0.0025,0.51,0.295,ok,3.5757612259286233e-16,48,252,48,48,2,false,false,false,false,false,252,252,252,,true,48
ref_ref_F6_theta0,0.0025,0.51,0.2975,ok,3.615733457458121e-16,48,252,48,48,2,false,false,false,false,false,252,252,252,,true,48
ref_ref_F6_theta0,0.0025,0.51,0.3,ok,3.473112329615445e-16,48,252,48,48,2,false,false,false,false,false,252,252,252,,true,48
ref_ref_F6_theta0,0.0025,0.51,0.3025,ok,1.8214596497756474e-17,48,252,48,48,2,false,false,false,false,false,252,252,252,,true,48
ref_ref_F6_theta0,0.005,0.51,0.2925,ok,2.543382085403033e-16,48,252,48,48,2,false,false,false,false,false,252,252,252,,true,48
ref_ref_F6_theta0,0.005,0.51,0.295,ok,5.204170427930421e-18,48,252,48,48,2,false,false,false,false,false,252,252,252,,true,48
ref_ref_F6_theta0,0.005,0.51,0.2975,ok,5.553824967135427e-16,48,252,48,48,2,false,false,false,false,false,252,252,252,,true,48
ref_ref_F6_theta0,0.005,0.51,0.3,ok,2.3999603062491533e-16,48,252,48,48,2,false,false,false,false,false,252,252,252,,true,48
ref_ref_F6_theta0,0.005,0.51,0.3025,ok,1.5612511283791264e-17,48,252,48,48,2,false,false,false,false,false,252,252,252,,true,48
ref_ref_F6_theta0,-0.005,0.51,0.305,ok,1.1275702593849246e-17,48,252,48,48,2,false,false,false,false,false,252,252,252,,true,48
ref_ref_F6_theta0,-0.0025,0.51,0.305,ok,6.245004513516506e-17,48,252,48,48,2,false,false,false,false,false,252,252,252,,true,48
ref_ref_F6_theta0,0.0,0.51,0.305,not_hadamard,NaN,,,,,,,,,,,,,,,,
ref_ref_F6_theta0,0.0025,0.51,0.305,ok,3.5274227343709154e-16,48,252,48,48,2,false,false,false,false,false,252,252,252,,true,48
ref_ref_F6_theta0,0.005,0.51,0.305,ok,2.237726045655905e-16,48,252,48,48,2,false,false,false,false,false,252,252,252,,true,48
ref_ref_Dita,0.9503166181245092,0.7803981633974483,0.39,ok,1.902405299018659e-14,72,252,72,72,2,false,false,false,false,false,252,252,252,,true,72
ref_ref_Dita,0.9503166181245092,0.7803981633974483,0.3925,ok,2.2536160088679762e-14,72,252,72,72,2,false,false,false,false,false,252,252,252,,true,72
ref_ref_Dita,0.9503166181245092,0.7828981633974483,0.39,ok,5.933038491635175e-14,72,252,72,72,2,false,false,false,false,false,252,252,252,,true,72
ref_ref_Dita,0.9503166181245092,0.7828981633974483,0.3925,ok,4.753582948840439e-14,72,252,72,72,2,false,false,false,false,false,252,252,252,,true,72
ref_ref_Dita,0.9503166181245092,0.7853981633974483,0.39,ok,2.959322328357903e-14,72,252,72,72,2,false,false,false,false,false,252,252,252,,true,72
ref_ref_Dita,0.9503166181245092,0.7853981633974483,0.3925,ok,3.2502241240501117e-14,72,252,72,72,2,false,false,false,false,false,252,252,252,,true,72
ref_ref_Dita,0.9503166181245092,0.7878981633974482,0.39,ok,2.721929285995455e-13,72,252,72,72,2,false,false,false,false,false,252,252,252,,true,72
ref_ref_Dita,0.9503166181245092,0.7878981633974482,0.3925,ok,3.7064075280525714e-13,72,252,72,72,2,false,false,false,false,false,252,252,252,,true,72
ref_ref_Dita,0.9503166181245092,0.7903981633974483,0.39,ok,4.772351364632402e-13,72,252,72,72,2,false,false,false,false,false,252,252,252,,true,72
ref_ref_Dita,0.9503166181245092,0.7903981633974483,0.3925,ok,5.185323943338501e-13,72,252,72,72,2,false,false,false,false,false,252,252,252,,true,72
ref_ref_Dita,0.9528166181245092,0.7803981633974483,0.39,ok,4.981723002963235e-14,72,252,72,72,2,false,false,false,false,false,252,252,252,,true,72
ref_ref_Dita,0.9528166181245092,0.7803981633974483,0.3925,ok,6.654719781059662e-14,72,252,72,72,2,false,false,false,false,false,252,252,252,,true,72
ref_ref_Dita,0.9528166181245092,0.7828981633974483,0.39,ok,5.929516065173546e-14,72,252,72,72,2,false,false,false,false,false,252,252,252,,true,72
ref_ref_Dita,0.9528166181245092,0.7828981633974483,0.3925,ok,7.643448114795408e-14,72,252,72,72,2,false,false,false,false,false,252,252,252,,true,72
ref_ref_Dita,0.9528166181245092,0.7853981633974483,0.39,ok,5.188211296762561e-14,72,252,72,72,2,false,false,false,false,false,252,252,252,,true,72
ref_ref_Dita,0.9528166181245092,0.7853981633974483,0.3925,ok,8.30820770581538e-14,72,252,72,72,2,false,false,false,false,false,252,252,252,,true,72
ref_ref_Dita,0.9528166181245092,0.7878981633974482,0.39,ok,7.484834131900867e-13,72,252,72,72,2,false,false,false,false,false,252,252,252,,true,72
ref_ref_Dita,0.9528166181245092,0.7878981633974482,0.3925,ok,6.684055467342412e-13,72,252,72,72,2,false,false,false,false,false,252,252,252,,true,72
ref_ref_Dita,0.9528166181245092,0.7903981633974483,0.39,ok,1.1321036237584811e-13,72,252,72,72,2,false,false,false,false,false,252,252,252,,true,72
ref_ref_Dita,0.9528166181245092,0.7903981633974483,0.3925,ok,1.0337505917865097e-13,72,252,72,72,2,false,false,false,false,false,252,252,252,,true,72
ref_ref_Dita,0.9553166181245092,0.7803981633974483,0.39,ok,1.0151713239455631e-14,72,252,72,72,2,false,false,false,false,false,252,252,252,,true,72
ref_ref_Dita,0.9553166181245092,0.7803981633974483,0.3925,ok,2.3037595922550683e-14,72,252,72,72,2,false,false,false,false,false,252,252,252,,true,72
ref_ref_Dita,0.9553166181245092,0.7828981633974483,0.39,ok,4.3300548292552643e-14,72,252,72,72,2,false,false,false,false,false,252,252,252,,true,72
ref_ref_Dita,0.9553166181245092,0.7828981633974483,0.3925,ok,6.257660567502234e-14,72,252,72,72,2,false,false,false,false,false,252,252,252,,true,72
ref_ref_Dita,0.9553166181245092,0.7853981633974483,0.39,ok,1.8498181197146262,72,240,72,72,6,true,false,false,false,false,240,240,240,,true,72
ref_ref_Dita,0.9553166181245092,0.7853981633974483,0.3925,ok,1.847911398940544,72,240,72,72,6,true,false,false,false,false,240,240,240,,true,72
ref_ref_Dita,0.9553166181245092,0.7878981633974482,0.39,ok,3.126652965704923e-14,72,252,72,72,2,false,false,false,false,false,252,252,252,,true,72
ref_ref_Dita,0.9553166181245092,0.7878981633974482,0.3925,ok,1.0419790579527778e-13,72,252,72,72,2,false,false,false,false,false,252,252,252,,true,72
ref_ref_Dita,0.9553166181245092,0.7903981633974483,0.39,ok,2.3080359142651494e-14,72,252,72,72,2,false,false,false,false,false,252,252,252,,true,72
ref_ref_Dita,0.9553166181245092,0.7903981633974483,0.3925,ok,2.0353752350794485e-14,72,252,72,72,2,false,false,false,false,false,252,252,252,,true,72
ref_ref_Dita,0.9578166181245091,0.7803981633974483,0.39,ok,1.548846671810059e-13,72,252,72,72,2,false,false,false,false,false,252,252,252,,true,72
ref_ref_Dita,0.9578166181245091,0.7803981633974483,0.3925,ok,1.3372897869760843e-13,72,252,72,72,2,false,false,false,false,false,252,252,252,,true,72
ref_ref_Dita,0.9578166181245091,0.7828981633974483,0.39,ok,5.077469272994046e-13,72,252,72,72,2,false,false,false,false,false,252,252,252,,true,72
ref_ref_Dita,0.9578166181245091,0.7828981633974483,0.3925,ok,5.200923863288228e-13,72,252,72,72,2,false,false,false,false,false,252,252,252,,true,72
ref_ref_Dita,0.9578166181245091,0.7853981633974483,0.39,ok,4.349807905152361e-14,72,252,72,72,2,false,false,false,false,false,252,252,252,,true,72
ref_ref_Dita,0.9578166181245091,0.7853981633974483,0.3925,ok,3.469531327877487e-14,72,252,72,72,2,false,false,false,false,false,252,252,252,,true,72
ref_ref_Dita,0.9578166181245091,0.7878981633974482,0.39,ok,1.8493596476859186e-13,72,252,72,72,2,false,false,false,false,false,252,252,252,,true,72
ref_ref_Dita,0.9578166181245091,0.7878981633974482,0.3925,ok,1.8553364778450316e-13,72,252,72,72,2,false,false,false,false,false,252,252,252,,true,72
ref_ref_Dita,0.9578166181245091,0.7903981633974483,0.39,ok,1.262851239643479e-13,72,252,72,72,2,false,false,false,false,false,252,252,252,,true,72
ref_ref_Dita,0.9578166181245091,0.7903981633974483,0.3925,ok,1.4447188503164453e-13,72,252,72,72,2,false,false,false,false,false,252,252,252,,true,72
ref_ref_Dita,0.9603166181245092,0.7803981633974483,0.39,ok,2.499088600692065e-13,72,252,72,72,2,false,false,false,false,false,252,252,252,,true,72
ref_ref_Dita,0.9603166181245092,0.7803981633974483,0.3925,ok,1.1758242015161122e-13,72,252,72,72,2,false,false,false,false,false,252,252,252,,true,72
ref_ref_Dita,0.9603166181245092,0.7828981633974483,0.39,ok,2.6088457574362493e-13,72,252,72,72,2,false,false,false,false,false,252,252,252,,true,72
ref_ref_Dita,0.9603166181245092,0.7828981633974483,0.3925,ok,2.0492473611749625e-13,72,252,72,72,2,false,false,false,false,false,252,252,252,,true,72
ref_ref_Dita,0.9603166181245092,0.7853981633974483,0.39,ok,1.099989565014572e-13,72,252,72,72,2,false,false,false,false,false,252,252,252,,true,72
ref_ref_Dita,0.9603166181245092,0.7853981633974483,0.3925,ok,1.1093189349687379e-13,72,252,72,72,2,false,false,false,false,false,252,252,252,,true,72
ref_ref_Dita,0.9603166181245092,0.7878981633974482,0.39,ok,3.1003064931662334e-14,72,252,72,72,2,false,false,false,false,false,252,252,252,,true,72
ref_ref_Dita,0.9603166181245092,0.7878981633974482,0.3925,ok,3.154323174015765e-14,72,252,72,72,2,false,false,false,false,false,252,252,252,,true,72
ref_ref_Dita,0.9603166181245092,0.7903981633974483,0.39,ok,6.616305162583394e-14,72,252,72,72,2,false,false,false,false,false,252,252,252,,true,72
ref_ref_Dita,0.9603166181245092,0.7903981633974483,0.3925,ok,7.800057519991153e-14,72,252,72,72,2,false,false,false,false,false,252,252,252,,true,72
ref_ref_Dita,0.9503166181245092,0.7803981633974483,0.40750000000000003,ok,9.980281320473729e-15,72,252,72,72,2,false,false,false,false,false,252,252,252,,true,72
ref_ref_Dita,0.9503166181245092,0.7828981633974483,0.40750000000000003,ok,4.966061220874334e-14,72,252,72,72,2,false,false,false,false,false,252,252,252,,true,72
ref_ref_Dita,0.9503166181245092,0.7853981633974483,0.40750000000000003,ok,1.7358222487901644e-14,72,252,72,72,2,false,false,false,false,false,252,252,252,,true,72
ref_ref_Dita,0.9503166181245092,0.7878981633974482,0.40750000000000003,ok,3.2250937417309585e-13,72,252,72,72,2,false,false,false,false,false,252,252,252,,true,72
ref_ref_Dita,0.9503166181245092,0.7903981633974483,0.40750000000000003,ok,5.23033832041456e-13,72,252,72,72,2,false,false,false,false,false,252,252,252,,true,72
ref_ref_Dita,0.9528166181245092,0.7803981633974483,0.40750000000000003,ok,4.7503146688786296e-14,72,252,72,72,2,false,false,false,false,false,252,252,252,,true,72
ref_ref_Dita,0.9528166181245092,0.7828981633974483,0.40750000000000003,ok,6.561906480346095e-14,72,252,72,72,2,false,false,false,false,false,252,252,252,,true,72
ref_ref_Dita,0.9528166181245092,0.7853981633974483,0.40750000000000003,ok,9.922667582578195e-14,72,252,72,72,2,false,false,false,false,false,252,252,252,,true,72
ref_ref_Dita,0.9528166181245092,0.7878981633974482,0.40750000000000003,ok,6.86867565671104e-13,72,252,72,72,2,false,false,false,false,false,252,252,252,,true,72
ref_ref_Dita,0.9528166181245092,0.7903981633974483,0.40750000000000003,ok,1.1400428260193532e-13,72,252,72,72,2,false,false,false,false,false,252,252,252,,true,72
ref_ref_Dita,0.9553166181245092,0.7803981633974483,0.40750000000000003,ok,3.2556805121652004e-14,72,252,72,72,2,false,false,false,false,false,252,252,252,,true,72
ref_ref_Dita,0.9553166181245092,0.7828981633974483,0.40750000000000003,ok,3.795761435702083e-14,72,252,72,72,2,false,false,false,false,false,252,252,252,,true,72
ref_ref_Dita,0.9553166181245092,0.7853981633974483,0.40750000000000003,ok,1.8362289581948856,72,240,72,72,6,true,false,false,false,false,240,240,240,,true,72
ref_ref_Dita,0.9553166181245092,0.7878981633974482,0.40750000000000003,ok,3.9080481270251204e-14,72,252,72,72,2,false,false,false,false,false,252,252,252,,true,72
ref_ref_Dita,0.9553166181245092,0.7903981633974483,0.40750000000000003,ok,2.8576114088871286e-14,72,252,72,72,2,false,false,false,false,false,252,252,252,,true,72
ref_ref_Dita,0.9578166181245091,0.7803981633974483,0.40750000000000003,ok,1.3992704160165786e-13,72,252,72,72,2,false,false,false,false,false,252,252,252,,true,72
ref_ref_Dita,0.9578166181245091,0.7828981633974483,0.40750000000000003,ok,5.186205766596563e-13,72,252,72,72,2,false,false,false,false,false,252,252,252,,true,72
ref_ref_Dita,0.9578166181245091,0.7853981633974483,0.40750000000000003,ok,1.1356127197722389e-13,72,252,72,72,2,false,false,false,false,false,252,252,252,,true,72
ref_ref_Dita,0.9578166181245091,0.7878981633974482,0.40750000000000003,ok,1.8223941491119852e-13,72,252,72,72,2,false,false,false,false,false,252,252,252,,true,72
ref_ref_Dita,0.9578166181245091,0.7903981633974483,0.40750000000000003,ok,1.3629433553875583e-13,72,252,72,72,2,false,false,false,false,false,252,252,252,,true,72
ref_ref_Dita,0.9603166181245092,0.7803981633974483,0.40750000000000003,ok,1.3900887866654931e-13,72,252,72,72,2,false,false,false,false,false,252,252,252,,true,72
ref_ref_Dita,0.9603166181245092,0.7828981633974483,0.40750000000000003,ok,3.5535228351564245e-13,72,252,72,72,2,false,false,false,false,false,252,252,252,,true,72
ref_ref_Dita,0.9603166181245092,0.7853981633974483,0.40750000000000003,ok,6.900596545878155e-14,72,252,72,72,2,false,false,false,false,false,252,252,252,,true,72
ref_ref_Dita,0.9603166181245092,0.7878981633974482,0.40750000000000003,ok,3.517515247990014e-14,72,252,72,72,2,false,false,false,false,false,252,252,252,,true,72
ref_ref_Dita,0.9603166181245092,0.7903981633974483,0.40750000000000003,ok,6.519287834107835e-14,72,252,72,72,2,false,false,false,false,false,252,252,252,,true,72
ref_ref_Dita,0.9503166181245092,0.7803981633974483,0.41000000000000003,ok,2.3762922730979778e-14,72,252,72,72,2,false,false,false,false,false,252,252,252,,true,72
ref_ref_Dita,0.9503166181245092,0.7828981633974483,0.41000000000000003,ok,3.967288423202038e-14,72,252,72,72,2,false,false,false,false,false,252,252,252,,true,72
ref_ref_Dita,0.9503166181245092,0.7853981633974483,0.41000000000000003,ok,1.505734221372339e-14,72,252,72,72,2,false,false,false,false,false,252,252,252,,true,72
ref_ref_Dita,0.9503166181245092,0.7878981633974482,0.41000000000000003,ok,3.1721840449814407e-13,72,252,72,72,2,false,false,false,false,false,252,252,252,,true,72
ref_ref_Dita,0.9503166181245092,0.7903981633974483,0.41000000000000003,ok,5.245188961980992e-13,72,252,72,72,2,false,false,false,false,false,252,252,252,,true,72
ref_ref_Dita,0.9528166181245092,0.7803981633974483,0.41000000000000003,ok,5.657879970034654e-14,72,252,72,72,2,false,false,false,false,false,252,252,252,,true,72
ref_ref_Dita,0.9528166181245092,0.7828981633974483,0.41000000000000003,ok,7.798042455544734e-14,72,252,72,72,2,false,false,false,false,false,252,252,252,,true,72
ref_ref_Dita,0.9528166181245092,0.7853981633974483,0.41000000000000003,ok,1.81301085588107e-13,72,252,72,72,2,false,false,false,false,false,252,252,252,,true,72
ref_ref_Dita,0.9528166181245092,0.7878981633974482,0.41000000000000003,ok,6.376931729004836e-13,72,252,72,72,2,false,false,false,false,false,252,252,252,,true,72
ref_ref_Dita,0.9528166181245092,0.7903981633974483,0.41000000000000003,ok,1.1440475225589466e-13,72,252,72,72,2,false,false,false,false,false,252,252,252,,true,72
ref_ref_Dita,0.9553166181245092,0.7803981633974483,0.41000000000000003,ok,3.336529596209542e-14,72,252,72,72,2,false,false,false,false,false,252,252,252,,true,72
ref_ref_Dita,0.9553166181245092,0.7828981633974483,0.41000000000000003,ok,4.476347092238928e-14,72,252,72,72,2,false,false,false,false,false,252,252,252,,true,72
ref_ref_Dita,0.9553166181245092,0.7853981633974483,0.41000000000000003,ok,1.8342416456332102,72,240,72,72,6,true,false,false,false,false,240,240,240,,true,72
ref_ref_Dita,0.9553166181245092,0.7878981633974482,0.41000000000000003,ok,3.457288690261786e-14,72,252,72,72,2,false,false,false,false,false,252,252,252,,true,72
ref_ref_Dita,0.9553166181245092,0.7903981633974483,0.41000000000000003,ok,2.483030610437167e-14,72,252,72,72,2,false,false,false,false,false,252,252,252,,true,72
ref_ref_Dita,0.9578166181245091,0.7803981633974483,0.41000000000000003,ok,1.2644197402436454e-13,72,252,72,72,2,false,false,false,false,false,252,252,252,,true,72
ref_ref_Dita,0.9578166181245091,0.7828981633974483,0.41000000000000003,ok,5.188309889919945e-13,72,252,72,72,2,false,false,false,false,false,252,252,252,,true,72
ref_ref_Dita,0.9578166181245091,0.7853981633974483,0.41000000000000003,ok,6.98380584900418e-14,72,252,72,72,2,false,false,false,false,false,252,252,252,,true,72
ref_ref_Dita,0.9578166181245091,0.7878981633974482,0.41000000000000003,ok,2.0545888201015737e-13,72,252,72,72,2,false,false,false,false,false,252,252,252,,true,72
ref_ref_Dita,0.9578166181245091,0.7903981633974483,0.41000000000000003,ok,1.4942133639483248e-13,72,252,72,72,2,false,false,false,false,false,252,252,252,,true,72
ref_ref_Dita,0.9603166181245092,0.7803981633974483,0.41000000000000003,ok,1.102438605810045e-13,72,252,72,72,2,false,false,false,false,false,252,252,252,,true,72
ref_ref_Dita,0.9603166181245092,0.7828981633974483,0.41000000000000003,ok,2.521554068390859e-13,72,252,72,72,2,false,false,false,false,false,252,252,252,,true,72
ref_ref_Dita,0.9603166181245092,0.7853981633974483,0.41000000000000003,ok,9.519798288991515e-14,72,252,72,72,2,false,false,false,false,false,252,252,252,,true,72
ref_ref_Dita,0.9603166181245092,0.7878981633974482,0.41000000000000003,ok,4.036954729155508e-14,72,252,72,72,2,false,false,false,false,false,252,252,252,,true,72
ref_ref_Dita,0.9603166181245092,0.7903981633974483,0.41000000000000003,ok,6.873571775236974e-14,72,252,72,72,2,false,false,false,false,false,252,252,252,,true,72
ref_ref_ref_F6_theta0,-0.005,0.485,0.2875,ok,1.1188630228279524e-16,48,252,48,48,2,false,false,false,false,false,252,252,252,,true,48
ref_ref_ref_F6_theta0,-0.005,0.485,0.29,ok,1.6711069443220838e-16,48,252,48,48,2,false,false,false,false,false,252,252,252,,true,48
ref_ref_ref_F6_theta0,-0.005,0.485,0.2925,ok,1.9655458095546192e-16,48,252,48,48,2,false,false,false,false,false,252,252,252,,true,48
ref_ref_ref_F6_theta0,-0.005,0.485,0.295,ok,1.5277635887115304e-16,48,252,48,48,2,false,false,false,false,false,252,252,252,,true,48
ref_ref_ref_F6_theta0,-0.005,0.485,0.2975,ok,1.1919204086428744e-16,48,252,48,48,2,false,false,false,false,false,252,252,252,,true,48
ref_ref_ref_F6_theta0,-0.005,0.4875,0.2875,ok,6.99698622773188e-16,48,252,48,48,2,false,false,false,false,false,252,252,252,,true,48
ref_ref_ref_F6_theta0,-0.005,0.4875,0.29,ok,4.601204824850824e-16,48,252,48,48,2,false,false,false,false,false,252,252,252,,true,48
ref_ref_ref_F6_theta0,-0.005,0.4875,0.2925,ok,3.6363048241908453e-16,48,252,48,48,2,false,false,false,false,false,252,252,252,,true,48
ref_ref_ref_F6_theta0,-0.005,0.4875,0.295,ok,2.781243798321004e-16,48,252,48,48,2,false,false,false,false,false,252,252,252,,true,48
ref_ref_ref_F6_theta0,-0.005,0.4875,0.2975,ok,5.291134101556373e-16,48,252,48,48,2,false,false,false,false,false,252,252,252,,true,48
ref_ref_ref_F6_theta0,-0.005,0.49,0.2875,ok,4.685808902658081e-16,48,252,48,48,2,false,false,false,false,false,252,252,252,,true,48
ref_ref_ref_F6_theta0,-0.005,0.49,0.29,ok,2.436097815707937e-16,48,252,48,48,2,false,false,false,false,false,252,252,252,,true,48
ref_ref_ref_F6_theta0,-0.005,0.4925,0.2875,ok,1.1535911115245767e-16,48,252,48,48,2,false,false,false,false,false,252,252,252,,true,48
ref_ref_ref_F6_theta0,-0.005,0.4925,0.29,ok,1.131200662323322e-16,48,252,48,48,2,false,false,false,false,false,252,252,252,,true,48
ref_ref_ref_F6_theta0,-0.005,0.495,0.2875,ok,1.465841337200402e-16,48,252,48,48,2,false,false,false,false,false,252,252,252,,true,48
ref_ref_ref_F6_theta0,-0.005,0.495,0.29,ok,4.0996859776161895e-16,48,252,48,48,2,false,false,false,false,false,252,252,252,,true,48
ref_ref_ref_F6_theta0,-0.0025,0.485,0.2875,ok,2.47198095326695e-16,48,252,48,48,2,false,false,false,false,false,252,252,252,,true,48
ref_ref_ref_F6_theta0,-0.0025,0.485,0.29,ok,3.5348396251074005e-16,48,252,48,48,2,false,false,false,false,false,252,252,252,,true,48
ref_ref_ref_F6_theta0,-0.0025,0.485,0.2925,ok,1.403545671819062e-16,48,252,48,48,2,false,false,false,false,false,252,252,252,,true,48
ref_ref_ref_F6_theta0,-0.0025,0.485,0.295,ok,2.254489903614095e-16,48,252,48,48,2,false,false,false,false,false,252,252,252,,true,48
ref_ref_ref_F6_theta0,-0.0025,0.485,0.2975,ok,2.6774973574846507e-16,48,252,48,48,2,false,false,false,false,false,252,252,252,,true,48
ref_ref_ref_F6_theta0,-0.0025,0.4875,0.2875,ok,2.47477927395351e-16,48,252,48,48,2,false,false,false,false,false,252,252,252,,true,48
ref_ref_ref_F6_theta0,-0.0025,0.4875,0.29,ok,4.557985933129061e-16,48,252,48,48,2,false,false,false,false,false,252,252,252,,true,48
ref_ref_ref_F6_theta0,-0.0025,0.4875,0.2925,ok,2.5890747878953846e-16,48,252,48,48,2,false,false,false,false,false,252,252,252,,true,48
ref_ref_ref_F6_theta0,-0.0025,0.4875,0.295,ok,2.7912476976779477e-16,48,252,48,48,2,false,false,false,false,false,252,252,252,,true,48
ref_ref_ref_F6_theta0,-0.0025,0.4875,0.2975,ok,1.7806125291194321e-16,48,252,48,48,2,false,false,false,false,false,252,252,252,,true,48
ref_ref_ref_F6_theta0,-0.0025,0.49,0.2875,ok,3.269093754645009e-16,48,252,48,48,2,false,false,false,false,false,252,252,252,,true,48
ref_ref_ref_F6_theta0,-0.0025,0.49,0.29,ok,2.6535067955382785e-16,48,252,48,48,2,false,false,false,false,false,252,252,252,,true,48
ref_ref_ref_F6_theta0,-0.0025,0.4925,0.2875,ok,1.6393136847980827e-16,48,252,48,48,2,false,false,false,false,false,252,252,252,,true,48
ref_ref_ref_F6_theta0,-0.0025,0.4925,0.29,ok,1.2188824373837152e-16,48,252,48,48,2,false,false,false,false,false,252,252,252,,true,48
ref_ref_ref_F6_theta0,-0.0025,0.495,0.2875,ok,1.7670832446504393e-16,48,252,48,48,2,false,false,false,false,false,252,252,252,,true,48
ref_ref_ref_F6_theta0,-0.0025,0.495,0.29,ok,1.431146867680866e-17,48,252,48,48,2,false,false,false,false,false,252,252,252,,true,48
ref_ref_ref_F6_theta0,0.0,0.485,0.2875,ok,NaN,48,204,48,48,6,true,false,false,false,false,204,204,204,,true,48
ref_ref_ref_F6_theta0,0.0,0.485,0.29,not_hadamard,0.0,,,,,,,,,,,,,,,,
ref_ref_ref_F6_theta0,0.0,0.485,0.2925,ok,0.0,48,204,48,48,6,true,false,false,false,false,204,204,204,,true,48
ref_ref_ref_F6_theta0,0.0,0.485,0.295,not_hadamard,NaN,,,,,,,,,,,,,,,,
ref_ref_ref_F6_theta0,0.0,0.485,0.2975,ok,0.0,48,204,48,48,6,true,false,false,false,false,204,204,204,,true,48
ref_ref_ref_F6_theta0,0.0,0.4875,0.2875,ok,NaN,48,204,48,48,6,true,false,false,false,false,204,204,204,,true,48
ref_ref_ref_F6_theta0,0.0,0.4875,0.29,not_hadamard,0.0,,,,,,,,,,,,,,,,
ref_ref_ref_F6_theta0,0.0,0.4875,0.2925,ok,0.0,48,204,48,48,6,true,false,false,false,false,204,204,204,,true,48
ref_ref_ref_F6_theta0,0.0,0.4875,0.295,not_hadamard,NaN,,,,,,,,,,,,,,,,
ref_ref_ref_F6_theta0,0.0,0.4875,0.2975,ok,0.0,48,204,48,48,6,true,false,false,false,false,204,204,204,,true,48
ref_ref_ref_F6_theta0,0.0,0.49,0.2875,ok,NaN,48,204,48,48,6,true,false,false,false,false,204,204,204,,true,48
ref_ref_ref_F6_theta0,0.0,0.49,0.29,not_hadamard,0.0,,,,,,,,,,,,,,,,
ref_ref_ref_F6_theta0,0.0,0.4925,0.2875,ok,NaN,48,204,48,48,6,true,false,false,false,false,204,204,204,,true,48
ref_ref_ref_F6_theta0,0.0,0.4925,0.29,not_hadamard,0.0,,,,,,,,,,,,,,,,
ref_ref_ref_F6_theta0,0.0,0.495,0.2875,ok,NaN,48,204,48,48,6,true,false,false,false,false,204,204,204,,true,48
ref_ref_ref_F6_theta0,0.0,0.495,0.29,not_hadamard,0.0,,,,,,,,,,,,,,,,
ref_ref_ref_F6_theta0,0.0025,0.485,0.2875,ok,1.196959198423997e-16,48,252,48,48,2,false,false,false,false,false,252,252,252,,true,48
ref_ref_ref_F6_theta0,0.0025,0.485,0.29,ok,1.3697794971885496e-16,48,252,48,48,2,false,false,false,false,false,252,252,252,,true,48
ref_ref_ref_F6_theta0,0.0025,0.485,0.2925,ok,2.5691629498570315e-16,48,252,48,48,2,false,false,false,false,false,252,252,252,,true,48
ref_ref_ref_F6_theta0,0.0025,0.485,0.295,ok,1.1393267739201204e-16,48,252,48,48,2,false,false,false,false,false,252,252,252,,true,48
ref_ref_ref_F6_theta0,0.0025,0.485,0.2975,ok,1.8561591856535613e-16,48,252,48,48,2,false,false,false,false,false,252,252,252,,true,48
ref_ref_ref_F6_theta0,0.0025,0.4875,0.2875,ok,4.2250756322926343e-16,48,252,48,48,2,false,false,false,false,false,252,252,252,,true,48
ref_ref_ref_F6_theta0,0.0025,0.4875,0.29,ok,4.845193610556216e-16,48,252,48,48,2,false,false,false,false,false,252,252,252,,true,48
ref_ref_ref_F6_theta0,0.0025,0.4875,0.2925,ok,4.12719297871184e-16,48,252,48,48,2,false,false,false,false,false,252,252,252,,true,48
ref_ref_ref_F6_theta0,0.0025,0.4875,0.295,ok,2.864976699668771e-16,48,252,48,48,2,false,false,false,false,false,252,252,252,,true,48
ref_ref_ref_F6_theta0,0.0025,0.4875,0.2975,ok,4.2514883810999673e-16,48,252,48,48,2,false,false,false,false,false,252,252,252,,true,48
ref_ref_ref_F6_theta0,0.0025,0.49,0.2875,ok,2.8319360745321376e-16,48,252,48,48,2,false,false,false,false,false,252,252,252,,true,48
ref_ref_ref_F6_theta0,0.0025,0.49,0.29,ok,1.1521309980934256e-16,48,252,48,48,2,false,false,false,false,false,252,252,252,,true,48
ref_ref_ref_F6_theta0,0.0025,0.4925,0.2875,ok,1.3530843112619095e-16,48,252,48,48,2,false,false,false,false,false,252,252,252,,true,48
ref_ref_ref_F6_theta0,0.0025,0.4925,0.29,ok,3.4363537714721336e-16,48,252,48,48,2,false,false,false,false,false,252,252,252,,true,48
ref_ref_ref_F6_theta0,0.0025,0.495,0.2875,ok,2.654580401980812e-16,48,252,48,48,2,false,false,false,false,false,252,252,252,,true,48
ref_ref_ref_F6_theta0,0.0025,0.495,0.29,ok,3.086248091325473e-16,48,252,48,48,2,false,false,false,false,false,252,252,252,,true,48
ref_ref_ref_F6_theta0,0.005,0.485,0.2875,ok,1.1102230246251565e-16,48,252,48,48,2,false,false,false,false,false,252,252,252,,true,48
ref_ref_ref_F6_theta0,0.005,0.485,0.29,ok,3.1673314516136174e-16,48,252,48,48,2,false,false,false,false,false,252,252,252,,true,48
ref_ref_ref_F6_theta0,0.005,0.485,0.2925,ok,3.959769953708977e-16,48,252,48,48,2,false,false,false,false,false,252,252,252,,true,48
ref_ref_ref_F6_theta0,0.005,0.485,0.295,ok,6.158268339717665e-17,48,252,48,48,2,false,false,false,false,false,252,252,252,,true,48
ref_ref_ref_F6_theta0,0.005,0.485,0.2975,ok,6.245004513516506e-17,48,252,48,48,2,false,false,false,false,false,252,252,252,,true,48
ref_ref_ref_F6_theta0,0.005,0.4875,0.2875,ok,5.100942508519908e-16,48,252,48,48,2,false,false,false,false,false,252,252,252,,true,48
ref_ref_ref_F6_theta0,0.005,0.4875,0.29,ok,1.5041413042616155e-16,48,252,48,48,2,false,false,false,false,false,252,252,252,,true,48
ref_ref_ref_F6_theta0,0.005,0.4875,0.2925,ok,4.501607420159814e-16,48,252,48,48,2,false,false,false,false,false,252,252,252,,true,48
ref_ref_ref_F6_theta0,0.005,0.4875,0.295,ok,3.2970814459896434e-16,48,252,48,48,2,false,false,false,false,false,252,252,252,,true,48
ref_ref_ref_F6_theta0,0.005,0.4875,0.2975,ok,4.2934406030425976e-16,48,252,48,48,2,false,false,false,false,false,252,252,252,,true,48
ref_ref_ref_F6_theta0,0.005,0.49,0.2875,ok,2.252804103781369e-16,48,252,48,48,2,false,false,false,false,false,252,252,252,,true,48
ref_ref_ref_F6_theta0,0.005,0.49,0.29,ok,3.2731731393863163e-16,48,252,48,48,2,false,false,false,false,false,252,252,252,,true,48
ref_ref_ref_F6_theta0,0.005,0.4925,0.2875,ok,1.3825920227756213e-16,48,252,48,48,2,false,false,false,false,false,252,252,252,,true,48
ref_ref_ref_F6_theta0,0.005,0.4925,0.29,ok,3.332035340137203e-16,48,252,48,48,2,false,false,false,false,false,252,252,252,,true,48
ref_ref_ref_F6_theta0,0.005,0.495,0.2875,ok,2.7256833990968604e-16,48,252,48,48,2,false,false,false,false,false,252,252,252,,true,48
ref_ref_ref_F6_theta0,0.005,0.495,0.29,ok,2.6861340213612747e-16,48,252,48,48,2,false,false,false,false,false,252,252,252,,true,48
ref_ref_ref_F6_theta0,-0.005,0.485,0.3,ok,1.6073128085295626e-16,48,252,48,48,2,false,false,false,false,false,252,252,252,,true,48
ref_ref_ref_F6_theta0,-0.005,0.485,0.3025,ok,2.888314587501384e-16,48,252,48,48,2,false,false,false,false,false,252,252,252,,true,48
ref_ref_ref_F6_theta0,-0.005,0.4875,0.3,ok,4.468260105538873e-16,48,252,48,48,2,false,false,false,false,false,252,252,252,,true,48
ref_ref_ref_F6_theta0,-0.005,0.4875,0.3025,ok,4.1665244830504594e-16,48,252,48,48,2,false,false,false,false,false,252,252,252,,true,48
ref_ref_ref_F6_theta0,-0.0025,0.485,0.3,ok,3.7238012298709097e-16,48,252,48,48,2,false,false,false,false,false,252,252,252,,true,48
ref_ref_ref_F6_theta0,-0.0025,0.485,0.3025,ok,3.4743440896089743e-16,48,252,48,48,2,false,false,false,false,false,252,252,252,,true,48
ref_ref_ref_F6_theta0,-0.0025,0.4875,0.3,ok,2.7653472811624524e-16,48,252,48,48,2,false,false,false,false,false,252,252,252,,true,48
ref_ref_ref_F6_theta0,-0.0025,0.4875,0.3025,ok,2.9370954806949114e-16,48,252,48,48,2,false,false,false,false,false,252,252,252,,true,48
ref_ref_ref_F6_theta0,0.0,0.485,0.3,ok,NaN,48,204,48,48,6,true,false,false,false,false,204,204,204,,true,48
ref_ref_ref_F6_theta0,0.0,0.485,0.3025,not_hadamard,NaN,,,,,,,,,,,,,,,,
ref_ref_ref_F6_theta0,0.0,0.4875,0.3,ok,NaN,48,204,48,48,6,true,false,false,false,false,204,204,204,,true,48
ref_ref_ref_F6_theta0,0.0,0.4875,0.3025,not_hadamard,NaN,,,,,,,,,,,,,,,,
ref_ref_ref_F6_theta0,0.0025,0.485,0.3,ok,4.441578142196753e-16,48,252,48,48,2,false,false,false,false,false,252,252,252,,true,48
ref_ref_ref_F6_theta0,0.0025,0.485,0.3025,ok,4.528159957089239e-16,48,252,48,48,2,false,false,false,false,false,252,252,252,,true,48
ref_ref_ref_F6_theta0,0.0025,0.4875,0.3,ok,3.945459226753365e-16,48,252,48,48,2,false,false,false,false,false,252,252,252,,true,48
ref_ref_ref_F6_theta0,0.0025,0.4875,0.3025,ok,3.7544466940182294e-16,48,252,48,48,2,false,false,false,false,false,252,252,252,,true,48
ref_ref_ref_F6_theta0,0.005,0.485,0.3,ok,8.066464163292153e-17,48,252,48,48,2,false,false,false,false,false,252,252,252,,true,48
ref_ref_ref_F6_theta0,0.005,0.485,0.3025,ok,3.331391796911832e-16,48,252,48,48,2,false,false,false,false,false,252,252,252,,true,48
ref_ref_ref_F6_theta0,0.005,0.4875,0.3,ok,3.96627177064765e-16,48,252,48,48,2,false,false,false,false,false,252,252,252,,true,48
ref_ref_ref_F6_theta0,0.005,0.4875,0.3025,ok,2.671474153004283e-16,48,252,48,48,2,false,false,false,false,false,252,252,252,,true,48
ref_ref_ref_F6_theta0,-0.005,0.485,0.305,ok,1.2049774363595733e-16,48,252,48,48,2,false,false,false,false,false,252,252,252,,true,48
ref_ref_ref_F6_theta0,-0.005,0.4875,0.305,ok,2.5447867175859907e-16,48,252,48,48,2,false,false,false,false,false,252,252,252,,true,48
ref_ref_ref_F6_theta0,-0.0025,0.485,0.305,ok,1.1782798750358002e-16,48,252,48,48,2,false,false,false,false,false,252,252,252,,true,48
ref_ref_ref_F6_theta0,-0.0025,0.4875,0.305,ok,2.572137067388435e-16,48,252,48,48,2,false,false,false,false,false,252,252,252,,true,48
ref_ref_ref_F6_theta0,0.0,0.485,0.305,not_hadamard,NaN,,,,,,,,,,,,,,,,
ref_ref_ref_F6_theta0,0.0,0.4875,0.305,not_hadamard,NaN,,,,,,,,,,,,,,,,
ref_ref_ref_F6_theta0,0.0025,0.485,0.305,ok,1.1275702593849246e-17,48,252,48,48,2,false,false,false,false,false,252,252,252,,true,48
ref_ref_ref_F6_theta0,0.0025,0.4875,0.305,ok,2.393733761096971e-16,48,252,48,48,2,false,false,false,false,false,252,252,252,,true,48
ref_ref_ref_F6_theta0,0.005,0.485,0.305,ok,3.719930359840187e-16,48,252,48,48,2,false,false,false,false,false,252,252,252,,true,48
ref_ref_ref_F6_theta0,0.005,0.4875,0.305,ok,2.723515857283587e-16,48,252,48,48,2,false,false,false,false,false,252,252,252,,true,48
ref_ref_ref_F6_theta0,-0.005,0.4975,0.2875,ok,4.728712693649497e-16,48,252,48,48,2,false,false,false,false,false,252,252,252,,true,48
ref_ref_ref_F6_theta0,-0.005,0.4975,0.29,ok,4.128641872824801e-16,48,252,48,48,2,false,false,false,false,false,252,252,252,,true,48
ref_ref_ref_F6_theta0,-0.0025,0.4975,0.2875,ok,1.8778381627448937e-16,48,252,48,48,2,false,false,false,false,false,252,252,252,,true,48
ref_ref_ref_F6_theta0,-0.0025,0.4975,0.29,ok,1.359691542683286e-16,48,252,48,48,2,false,false,false,false,false,252,252,252,,true,48
ref_ref_ref_F6_theta0,0.0,0.4975,0.2875,ok,NaN,48,204,48,48,6,true,false,false,false,false,204,204,204,,true,48
ref_ref_ref_F6_theta0,0.0,0.4975,0.29,not_hadamard,0.0,,,,,,,,,,,,,,,,
ref_ref_ref_F6_theta0,0.0025,0.4975,0.2875,ok,1.3448373122094552e-16,48,252,48,48,2,false,false,false,false,false,252,252,252,,true,48
ref_ref_ref_F6_theta0,0.0025,0.4975,0.29,ok,1.2224878313756025e-16,48,252,48,48,2,false,false,false,false,false,252,252,252,,true,48
ref_ref_ref_F6_theta0,0.005,0.4975,0.2875,ok,2.436097815707937e-16,48,252,48,48,2,false,false,false,false,false,252,252,252,,true,48
ref_ref_ref_F6_theta0,0.005,0.4975,0.29,ok,3.608224830031759e-16,48,252,48,48,2,false,false,false,false,false,252,252,252,,true,48
ref_ref_ref_F6_theta0,-0.005,0.5,0.2875,ok,2.140556689265017e-16,48,252,48,48,2,false,false,false,false,false,252,252,252,,true,48
ref_ref_ref_F6_theta0,-0.005,0.5,0.29,ok,2.454633718507182e-16,48,252,48,48,2,false,false,false,false,false,252,252,252,,true,48
ref_ref_ref_F6_theta0,-0.0025,0.5,0.2875,ok,3.0227556568895864e-16,48,252,48,48,2,false,false,false,false,false,252,252,252,,true,48
ref_ref_ref_F6_theta0,-0.0025,0.5,0.29,ok,4.1704228005887407e-16,48,252,48,48,2,false,false,false,false,false,252,252,252,,true,48
ref_ref_ref_F6_theta0,0.0,0.5,0.2875,ok,NaN,48,204,48,48,6,true,false,false,false,false,204,204,204,,true,48
ref_ref_ref_F6_theta0,0.0,0.5,0.29,not_hadamard,0.0,,,,,,,,,,,,,,,,
ref_ref_ref_F6_theta0,0.0025,0.5,0.2875,ok,1.9476906698048454e-16,48,252,48,48,2,false,false,false,false,false,252,252,252,,true,48
ref_ref_ref_F6_theta0,0.0025,0.5,0.29,ok,5.090999652153757e-16,48,252,48,48,2,false,false,false,false,false,252,252,252,,true,48
ref_ref_ref_F6_theta0,0.005,0.5,0.2875,ok,4.494775313252277e-16,48,252,48,48,2,false,false,false,false,false,252,252,252,,true,48
ref_ref_ref_F6_theta0,0.005,0.5,0.29,ok,2.4283805262168285e-16,48,252,48,48,2,false,false,false,false,false,252,252,252,,true,48
ref_ref_ref_F6_theta0,-0.005,0.5025,0.2875,ok,1.717376241217039e-16,48,252,48,48,2,false,false,false,false,false,252,252,252,,true,48
ref_ref_ref_F6_theta0,-0.005,0.5025,0.29,ok,1.2531201017546844e-16,48,252,48,48,2,false,false,false,false,false,252,252,252,,true,48
ref_ref_ref_F6_theta0,-0.0025,0.5025,0.2875,ok,3.5808517514378134e-16,48,252,48,48,2,false,false,false,false,false,252,252,252,,true,48
ref_ref_ref_F6_theta0,-0.0025,0.5025,0.29,ok,4.013797859382775e-16,48,252,48,48,2,false,false,false,false,false,252,252,252,,true,48
ref_ref_ref_F6_theta0,0.0,0.5025,0.2875,ok,NaN,48,204,48,48,6,true,false,false,false,false,204,204,204,,true,48
ref_ref_ref_F6_theta0,0.0,0.5025,0.29,not_hadamard,0.0,,,,,,,,,,,,,,,,
ref_ref_ref_F6_theta0,0.0025,0.5025,0.2875,ok,3.316363021242753e-16,48,252,48,48,2,false,false,false,false,false,252,252,252,,true,48
ref_ref_ref_F6_theta0,0.0025,0.5025,0.29,ok,4.258843291061624e-16,48,252,48,48,2,false,false,false,false,false,252,252,252,,true,48
ref_ref_ref_F6_theta0,0.005,0.5025,0.2875,ok,2.8284505357266353e-16,48,252,48,48,2,false,false,false,false,false,252,252,252,,true,48
ref_ref_ref_F6_theta0,0.005,0.5025,0.29,ok,5.2909066017292616e-17,48,252,48,48,2,false,false,false,false,false,252,252,252,,true,48
ref_ref_ref_F6_theta0,-0.005,0.505,0.2875,ok,6.314542379669177e-16,48,252,48,48,2,false,false,false,false,false,252,252,252,,true,48
ref_ref_ref_F6_theta0,-0.005,0.505,0.29,ok,1.6389465064336376e-16,48,252,48,48,2,false,false,false,false,false,252,252,252,,true,48
ref_ref_ref_F6_theta0,-0.0025,0.505,0.2875,ok,2.4052677599400386e-16,48,252,48,48,2,false,false,false,false,false,252,252,252,,true,48
ref_ref_ref_F6_theta0,-0.0025,0.505,0.29,ok,2.436097815707937e-16,48,252,48,48,2,false,false,false,false,false,252,252,252,,true,48
ref_ref_ref_F6_theta0,0.0,0.505,0.2875,ok,NaN,48,204,48,48,6,true,false,false,false,false,204,204,204,,true,48
ref_ref_ref_F6_theta0,0.0,0.505,0.29,not_hadamard,0.0,,,,,,,,,,,,,,,,
ref_ref_ref_F6_theta0,0.0025,0.505,0.2875,ok,1.863117442920278e-16,48,252,48,48,2,false,false,false,false,false,252,252,252,,true,48
ref_ref_ref_F6_theta0,0.0025,0.505,0.29,ok,3.7171788867905763e-16,48,252,48,48,2,false,false,false,false,false,252,252,252,,true,48
ref_ref_ref_F6_theta0,0.005,0.505,0.2875,ok,1.5277635887115304e-16,48,252,48,48,2,false,false,false,false,false,252,252,252,,true,48
ref_ref_ref_F6_theta0,0.005,0.505,0.29,ok,3.5437645158249467e-16,48,252,48,48,2,false,false,false,false,false,252,252,252,,true,48
ref_ref_ref_F6_theta0,-0.005,0.5075,0.2875,ok,3.4339200647459257e-16,48,252,48,48,2,false,false,false,false,false,252,252,252,,true,48
ref_ref_ref_F6_theta0,-0.005,0.5075,0.29,ok,2.92505449144803e-16,48,252,48,48,2,false,false,false,false,false,252,252,252,,true,48
ref_ref_ref_F6_theta0,-0.0025,0.5075,0.2875,ok,3.331391796911832e-16,48,252,48,48,2,false,false,false,false,false,252,252,252,,true,48
ref_ref_ref_F6_theta0,-0.0025,0.5075,0.29,ok,1.654962790341804e-16,48,252,48,48,2,false,false,false,false,false,252,252,252,,true,48
ref_ref_ref_F6_theta0,0.0,0.5075,0.2875,ok,NaN,48,204,48,48,6,true,false,false,false,false,204,204,204,,true,48
ref_ref_ref_F6_theta0,0.0,0.5075,0.29,not_hadamard,0.0,,,,,,,,,,,,,,,,
ref_ref_ref_F6_theta0,0.0025,0.5075,0.2875,ok,4.2751080162687936e-16,48,252,48,48,2,false,false,false,false,false,252,252,252,,true,48
ref_ref_ref_F6_theta0,0.0025,0.5075,0.29,ok,1.2206787616331872e-16,48,252,48,48,2,false,false,false,false,false,252,252,252,,true,48
ref_ref_ref_F6_theta0,0.005,0.5075,0.2875,ok,3.9048717921612704e-16,48,252,48,48,2,false,false,false,false,false,252,252,252,,true,48
ref_ref_ref_F6_theta0,0.005,0.5075,0.29,ok,2.250130944603393e-16,48,252,48,48,2,false,false,false,false,false,252,252,252,,true,48
ref_ref_ref_F6_theta0,-0.005,0.51,0.2875,ok,1.148722306938917e-16,48,252,48,48,2,false,false,false,false,false,252,252,252,,true,48
ref_ref_ref_F6_theta0,-0.005,0.51,0.29,ok,2.1702943698679416e-16,48,252,48,48,2,false,false,false,false,false,252,252,252,,true,48
ref_ref_ref_F6_theta0,-0.0025,0.51,0.2875,ok,2.9995201139075744e-16,48,252,48,48,2,false,false,false,false,false,252,252,252,,true,48
ref_ref_ref_F6_theta0,-0.0025,0.51,0.29,ok,2.7321894746634712e-17,48,252,48,48,2,false,false,false,false,false,252,252,252,,true,48
ref_ref_ref_F6_theta0,0.0,0.51,0.2875,ok,NaN,48,204,48,48,6,true,false,false,false,false,204,204,204,,true,48
ref_ref_ref_F6_theta0,0.0,0.51,0.29,not_hadamard,0.0,,,,,,,,,,,,,,,,
ref_ref_ref_F6_theta0,0.0025,0.51,0.2875,ok,4.88995132550241e-16,48,252,48,48,2,false,false,false,false,false,252,252,252,,true,48
ref_ref_ref_F6_theta0,0.0025,0.51,0.29,ok,3.506740932275867e-16,48,252,48,48,2,false,false,false,false,false,252,252,252,,true,48
ref_ref_ref_F6_theta0,0.005,0.51,0.2875,ok,1.138360651264128e-16,48,252,48,48,2,false,false,false,false,false,252,252,252,,true,48
ref_ref_ref_F6_theta0,0.005,0.51,0.29,ok,2.6702488643616295e-16,48,252,48,48,2,false,false,false,false,false,252,252,252,,true,48
ref_ref_ref_F6_theta0,-0.005,0.5125,0.2875,ok,1.3138454796114772e-16,48,252,48,48,2,false,false,false,false,false,252,252,252,,true,48
ref_ref_ref_F6_theta0,-0.005,0.5125,0.29,ok,1.1118819697665798e-16,48,252,48,48,2,false,false,false,false,false,252,252,252,,true,48
ref_ref_ref_F6_theta0,-0.005,0.5125,0.2925,ok,2.719383085366572e-16,48,252,48,48,2,false,false,false,false,false,252,252,252,,true,48
ref_ref_ref_F6_theta0,-0.005,0.5125,0.295,ok,3.33889208332681e-16,48,252,48,48,2,false,false,false,false,false,252,252,252,,true,48
ref_ref_ref_F6_theta0,-0.005,0.5125,0.2975,ok,2.459700868878209e-16,48,252,48,48,2,false,false,false,false,false,252,252,252,,true,48
ref_ref_ref_F6_theta0,-0.0025,0.5125,0.2875,ok,2.2237639395331597e-16,48,252,48,48,2,false,false,false,false,false,252,252,252,,true,48
ref_ref_ref_F6_theta0,-0.0025,0.5125,0.29,ok,4.163336342344337e-17,48,252,48,48,2,false,false,false,false,false,252,252,252,,true,48
ref_ref_ref_F6_theta0,-0.0025,0.5125,0.2925,ok,2.2887833992611187e-16,48,252,48,48,2,false,false,false,false,false,252,252,252,,true,48
ref_ref_ref_F6_theta0,-0.0025,0.5125,0.295,ok,1.1393267739201204e-16,48,252,48,48,2,false,false,false,false,false,252,252,252,,true,48
ref_ref_ref_F6_theta0,-0.0025,0.5125,0.2975,ok,1.4526172914154867e-16,48,252,48,48,2,false,false,false,false,false,252,252,252,,true,48
ref_ref_ref_F6_theta0,0.0,0.5125,0.2875,ok,NaN,48,204,48,48,6,true,false,false,false,false,204,204,204,,true,48
ref_ref_ref_F6_theta0,0.0,0.5125,0.29,not_hadamard,0.0,,,,,,,,,,,,,,,,
ref_ref_ref_F6_theta0,0.0,0.5125,0.2925,ok,0.0,48,204,48,48,6,true,false,false,false,false,204,204,204,,true,48
ref_ref_ref_F6_theta0,0.0,0.5125,0.295,not_hadamard,NaN,,,,,,,,,,,,,,,,
ref_ref_ref_F6_theta0,0.0,0.5125,0.2975,ok,0.0,48,204,48,48,6,true,false,false,false,false,204,204,204,,true,48
ref_ref_ref_F6_theta0,0.0025,0.5125,0.2875,ok,3.3832472766854943e-16,48,252,48,48,2,false,false,false,false,false,252,252,252,,true,48
ref_ref_ref_F6_theta0,0.0025,0.5125,0.29,ok,1.7569803131016064e-16,48,252,48,48,2,false,false,false,false,false,252,252,252,,true,48
ref_ref_ref_F6_theta0,0.0025,0.5125,0.2925,ok,1.1903493128180395e-16,48,252,48,48,2,false,false,false,false,false,252,252,252,,true,48
ref_ref_ref_F6_theta0,0.0025,0.5125,0.295,ok,2.660652454469916e-16,48,252,48,48,2,false,false,false,false,false,252,252,252,,true,48
ref_ref_ref_F6_theta0,0.0025,0.5125,0.2975,ok,1.316169637592278e-16,48,252,48,48,2,false,false,false,false,false,252,252,252,,true,48
ref_ref_ref_F6_theta0,0.005,0.5125,0.2875,ok,1.3472894910096233e-16,48,252,48,48,2,false,false,false,false,false,252,252,252,,true,48
ref_ref_ref_F6_theta0,0.005,0.5125,0.29,ok,1.1631705747361534e-16,48,252,48,48,2,false,false,false,false,false,252,252,252,,true,48
ref_ref_ref_F6_theta0,0.005,0.5125,0.2925,ok,2.6945789820192466e-16,48,252,48,48,2,false,false,false,false,false,252,252,252,,true,48
ref_ref_ref_F6_theta0,0.005,0.5125,0.295,ok,1.1265022314309467e-16,48,252,48,48,2,false,false,false,false,false,252,252,252,,true,48
ref_ref_ref_F6_theta0,0.005,0.5125,0.2975,ok,2.406596702041172e-16,48,252,48,48,2,false,false,false,false,false,252,252,252,,true,48
ref_ref_ref_F6_theta0,-0.005,0.5125,0.3,ok,6.331740687315346e-17,48,252,48,48,2,false,false,false,false,false,252,252,252,,true,48
ref_ref_ref_F6_theta0,-0.005,0.5125,0.3025,ok,2.406596702041172e-16,48,252,48,48,2,false,false,false,false,false,252,252,252,,true,48
ref_ref_ref_F6_theta0,-0.0025,0.5125,0.3,ok,1.2336067374247464e-16,48,252,48,48,2,false,false,false,false,false,252,252,252,,true,48
ref_ref_ref_F6_theta0,-0.0025,0.5125,0.3025,ok,1.524787645099992e-16,48,252,48,48,2,false,false,false,false,false,252,252,252,,true,48
ref_ref_ref_F6_theta0,0.0,0.5125,0.3,ok,NaN,48,204,48,48,6,true,false,false,false,false,204,204,204,,true,48
ref_ref_ref_F6_theta0,0.0,0.5125,0.3025,not_hadamard,NaN,,,,,,,,,,,,,,,,
ref_ref_ref_F6_theta0,0.0025,0.5125,0.3,ok,1.1143151226922295e-16,48,252,48,48,2,false,false,false,false,false,252,252,252,,true,48
ref_ref_ref_F6_theta0,0.0025,0.5125,0.3025,ok,3.3219954564955856e-16,48,252,48,48,2,false,false,false,false,false,252,252,252,,true,48
ref_ref_ref_F6_theta0,0.005,0.5125,0.3,ok,6.158268339717665e-17,48,252,48,48,2,false,false,false,false,false,252,252,252,,true,48
ref_ref_ref_F6_theta0,0.005,0.5125,0.3025,ok,1.9583944771967914e-16,48,252,48,48,2,false,false,false,false,false,252,252,252,,true,48
ref_ref_ref_F6_theta0,-0.005,0.5125,0.305,ok,5.204170427930421e-17,48,252,48,48,2,false,false,false,false,false,252,252,252,,true,48
ref_ref_ref_F6_theta0,-0.0025,0.5125,0.305,ok,3.686287386450715e-17,48,252,48,48,2,false,false,false,false,false,252,252,252,,true,48
ref_ref_ref_F6_theta0,0.0,0.5125,0.305,not_hadamard,NaN,,,,,,,,,,,,,,,,
ref_ref_ref_F6_theta0,0.0025,0.5125,0.305,ok,5.551223542284261e-16,48,252,48,48,2,false,false,false,false,false,252,252,252,,true,48
ref_ref_ref_F6_theta0,0.005,0.5125,0.305,ok,1.2571659638300646e-16,48,252,48,48,2,false,false,false,false,false,252,252,252,,true,48
ref_ref_ref_F6_theta0,-0.005,0.515,0.2875,ok,5.903796921905581e-16,48,252,48,48,2,false,false,false,false,false,252,252,252,,true,48
ref_ref_ref_F6_theta0,-0.005,0.515,0.29,ok,4.762913841232587e-16,48,252,48,48,2,false,false,false,false,false,252,252,252,,true,48
ref_ref_ref_F6_theta0,-0.005,0.515,0.2925,ok,5.124463876676117e-16,48,252,48,48,2,false,false,false,false,false,252,252,252,,true,48
ref_ref_ref_F6_theta0,-0.005,0.515,0.295,ok,5.427023548971905e-16,48,252,48,48,2,false,false,false,false,false,252,252,252,,true,48
ref_ref_ref_F6_theta0,-0.005,0.515,0.2975,ok,2.6107588313450947e-16,48,252,48,48,2,false,false,false,false,false,252,252,252,,true,48
ref_ref_ref_F6_theta0,-0.0025,0.515,0.2875,ok,4.544745832475265e-16,48,252,48,48,2,false,false,false,false,false,252,252,252,,true,48
ref_ref_ref_F6_theta0,-0.0025,0.515,0.29,ok,4.762694676445038e-16,48,252,48,48,2,false,false,false,false,false,252,252,252,,true,48
ref_ref_ref_F6_theta0,-0.0025,0.515,0.2925,ok,5.58452321710135e-16,48,252,48,48,2,false,false,false,false,false,252,252,252,,true,48
ref_ref_ref_F6_theta0,-0.0025,0.515,0.295,ok,4.61965199714999e-16,48,252,48,48,2,false,false,false,false,false,252,252,252,,true,48
ref_ref_ref_F6_theta0,-0.0025,0.515,0.2975,ok,4.703892311715619e-16,48,252,48,48,2,false,false,false,false,false,252,252,252,,true,48
ref_ref_ref_F6_theta0,0.0,0.515,0.2875,ok,NaN,48,204,48,48,6,true,false,false,false,false,204,204,204,,true,48
ref_ref_ref_F6_theta0,0.0,0.515,0.29,not_hadamard,0.0,,,,,,,,,,,,,,,,
ref_ref_ref_F6_theta0,0.0,0.515,0.2925,ok,0.0,48,204,48,48,6,true,false,false,false,false,204,204,204,,true,48
ref_ref_ref_F6_theta0,0.0,0.515,0.295,not_hadamard,NaN,,,,,,,,,,,,,,,,
ref_ref_ref_F6_theta0,0.0,0.515,0.2975,ok,0.0,48,204,48,48,6,true,false,false,false,false,204,204,204,,true,48
ref_ref_ref_F6_theta0,0.0025,0.515,0.2875,ok,5.265866262886798e-16,48,252,48,48,2,false,false,false,false,false,252,252,252,,true,48
ref_ref_ref_F6_theta0,0.0025,0.515,0.29,ok,3.0296760513240513e-16,48,252,48,48,2,false,false,false,false,false,252,252,252,,true,48
ref_ref_ref_F6_theta0,0.0025,0.515,0.2925,ok,5.998872494778984e-16,48,252,48,48,2,false,false,false,false,false,252,252,252,,true,48
ref_ref_ref_F6_theta0,0.0025,0.515,0.295,ok,5.054481224295933e-16,48,252,48,48,2,false,false,false,false,false,252,252,252,,true,48
ref_ref_ref_F6_theta0,0.0025,0.515,0.2975,ok,3.681112747895638e-16,48,252,48,48,2,false,false,false,false,false,252,252,252,,true,48
ref_ref_ref_F6_theta0,0.005,0.515,0.2875,ok,5.874190961389823e-16,48,252,48,48,2,false,false,false,false,false,252,252,252,,true,48
ref_ref_ref_F6_theta0,0.005,0.515,0.29,ok,3.981341548655808e-16,48,252,48,48,2,false,false,false,false,false,252,252,252,,true,48
ref_ref_ref_F6_theta0,0.005,0.515,0.2925,ok,2.7582103268031233e-16,48,252,48,48,2,false,false,false,false,false,252,252,252,,true,48
ref_ref_ref_F6_theta0,0.005,0.515,0.295,ok,4.1080361655775567e-16,48,252,48,48,2,false,false,false,false,false,252,252,252,,true,48
ref_ref_ref_F6_theta0,0.005,0.515,0.2975,ok,3.581605385275468e-16,48,252,48,48,2,false,false,false,false,false,252,252,252,,true,48
ref_ref_ref_F6_theta0,-0.005,0.515,0.3,ok,3.473781053520972e-16,48,252,48,48,2,false,false,false,false,false,252,252,252,,true,48
ref_ref_ref_F6_theta0,-0.005,0.515,0.3025,ok,5.475086571271559e-16,48,252,48,48,2,false,false,false,false,false,252,252,252,,true,48
ref_ref_ref_F6_theta0,-0.0025,0.515,0.3,ok,4.838860251187905e-16,48,252,48,48,2,false,false,false,false,false,252,252,252,,true,48
ref_ref_ref_F6_theta0,-0.0025,0.515,0.3025,ok,3.134057744843473e-16,48,252,48,48,2,false,false,false,false,false,252,252,252,,true,48
ref_ref_ref_F6_theta0,0.0,0.515,0.3,ok,NaN,48,204,48,48,6,true,false,false,false,false,204,204,204,,true,48
ref_ref_ref_F6_theta0,0.0,0.515,0.3025,not_hadamard,NaN,,,,,,,,,,,,,,,,
ref_ref_ref_F6_theta0,0.0025,0.515,0.3,ok,4.640703455071467e-16,48,252,48,48,2,false,false,false,false,false,252,252,252,,true,48
ref_ref_ref_F6_theta0,0.0025,0.515,0.3025,ok,3.5648567431323386e-16,48,252,48,48,2,false,false,false,false,false,252,252,252,,true,48
ref_ref_ref_F6_theta0,0.005,0.515,0.3,ok,2.7256833990968604e-16,48,252,48,48,2,false,false,false,false,false,252,252,252,,true,48
ref_ref_ref_F6_theta0,0.005,0.515,0.3025,ok,4.3480438185728597e-16,48,252,48,48,2,false,false,false,false,false,252,252,252,,true,48
ref_ref_ref_F6_theta0,-0.005,0.515,0.305,ok,6.183017822721088e-16,48,252,48,48,2,false,false,false,false,false,252,252,252,,true,48
ref_ref_ref_F6_theta0,-0.0025,0.515,0.305,ok,2.374544343394632e-16,48,252,48,48,2,false,false,false,false,false,252,252,252,,true,48
ref_ref_ref_F6_theta0,0.0,0.515,0.305,not_hadamard,NaN,,,,,,,,,,,,,,,,
ref_ref_ref_F6_theta0,0.0025,0.515,0.305,ok,5.986788078484565e-16,48,252,48,48,2,false,false,false,false,false,252,252,252,,true,48
ref_ref_ref_F6_theta0,0.005,0.515,0.305,ok,2.5847379792054426e-16,48,252,48,48,2,false,false,false,false,false,252,252,252,,true,48
ref_ref_ref_Dita,0.9503166181245092,0.7803981633974483,0.385,ok,1.8126919730826845e-14,72,252,72,72,2,false,false,false,false,false,252,252,252,,true,72
ref_ref_ref_Dita,0.9503166181245092,0.7803981633974483,0.3875,ok,3.252631367853617e-14,72,252,72,72,2,false,false,false,false,false,252,252,252,,true,72
ref_ref_ref_Dita,0.9503166181245092,0.7828981633974483,0.385,ok,5.142681999221479e-14,72,252,72,72,2,false,false,false,false,false,252,252,252,,true,72
ref_ref_ref_Dita,0.9503166181245092,0.7828981633974483,0.3875,ok,5.08943720684796e-14,72,252,72,72,2,false,false,false,false,false,252,252,252,,true,72
ref_ref_ref_Dita,0.9503166181245092,0.7853981633974483,0.385,ok,3.526596831064619e-15,72,252,72,72,2,false,false,false,false,false,252,252,252,,true,72
ref_ref_ref_Dita,0.9503166181245092,0.7853981633974483,0.3875,ok,4.0766960127363074e-14,72,252,72,72,2,false,false,false,false,false,252,252,252,,true,72
ref_ref_ref_Dita,0.9503166181245092,0.7878981633974482,0.385,ok,3.6030474763077717e-13,72,252,72,72,2,false,false,false,false,false,252,252,252,,true,72
ref_ref_ref_Dita,0.9503166181245092,0.7878981633974482,0.3875,ok,3.241070369718422e-13,72,252,72,72,2,false,false,false,false,false,252,252,252,,true,72
ref_ref_ref_Dita,0.9503166181245092,0.7903981633974483,0.385,ok,5.520959605417898e-13,72,252,72,72,2,false,false,false,false,false,252,252,252,,true,72
ref_ref_ref_Dita,0.9503166181245092,0.7903981633974483,0.3875,ok,5.792565410410524e-13,72,252,72,72,2,false,false,false,false,false,252,252,252,,true,72
ref_ref_ref_Dita,0.9528166181245092,0.7803981633974483,0.385,ok,4.8062271541339243e-14,72,252,72,72,2,false,false,false,false,false,252,252,252,,true,72
ref_ref_ref_Dita,0.9528166181245092,0.7803981633974483,0.3875,ok,4.620782372656675e-14,72,252,72,72,2,false,false,false,false,false,252,252,252,,true,72
ref_ref_ref_Dita,0.9528166181245092,0.7828981633974483,0.385,ok,8.128296022170897e-14,72,252,72,72,2,false,false,false,false,false,252,252,252,,true,72
ref_ref_ref_Dita,0.9528166181245092,0.7828981633974483,0.3875,ok,6.223114492724887e-14,72,252,72,72,2,false,false,false,false,false,252,252,252,,true,72
ref_ref_ref_Dita,0.9528166181245092,0.7853981633974483,0.385,ok,1.165475095027377e-13,72,252,72,72,2,false,false,false,false,false,252,252,252,,true,72
ref_ref_ref_Dita,0.9528166181245092,0.7853981633974483,0.3875,ok,5.800902023471521e-14,72,252,72,72,2,false,false,false,false,false,252,252,252,,true,72
ref_ref_ref_Dita,0.9528166181245092,0.7878981633974482,0.385,ok,5.806382461546596e-13,72,252,72,72,2,false,false,false,false,false,252,252,252,,true,72
ref_ref_ref_Dita,0.9528166181245092,0.7878981633974482,0.3875,ok,7.446309609242287e-13,72,252,72,72,2,false,false,false,false,false,252,252,252,,true,72
ref_ref_ref_Dita,0.9528166181245092,0.7903981633974483,0.385,ok,9.331693653062176e-14,72,252,72,72,2,false,false,false,false,false,252,252,252,,true,72
ref_ref_ref_Dita,0.9528166181245092,0.7903981633974483,0.3875,ok,1.1899281087408277e-13,72,252,72,72,2,false,false,false,false,false,252,252,252,,true,72
ref_ref_ref_Dita,0.9553166181245092,0.7803981633974483,0.385,ok,1.9039596577983028e-14,72,252,72,72,2,false,false,false,false,false,252,252,252,,true,72
ref_ref_ref_Dita,0.9553166181245092,0.7803981633974483,0.3875,ok,4.6254614716507335e-14,72,252,72,72,2,false,false,false,false,false,252,252,252,,true,72
ref_ref_ref_Dita,0.9553166181245092,0.7828981633974483,0.385,ok,4.450665185072457e-14,72,252,72,72,2,false,false,false,false,false,252,252,252,,true,72
ref_ref_ref_Dita,0.9553166181245092,0.7828981633974483,0.3875,ok,2.876399099841871e-14,72,252,72,72,2,false,false,false,false,false,252,252,252,,true,72
ref_ref_ref_Dita,0.9553166181245092,0.7853981633974483,0.385,ok,1.8535968653463695,72,240,72,72,6,true,false,false,false,false,240,240,240,,true,72
ref_ref_ref_Dita,0.9553166181245092,0.7853981633974483,0.3875,ok,1.8517132791314812,72,240,72,72,6,true,false,false,false,false,240,240,240,,true,72
ref_ref_ref_Dita,0.9553166181245092,0.7878981633974482,0.385,ok,5.3264099447165203e-14,72,252,72,72,2,false,false,false,false,false,252,252,252,,true,72
ref_ref_ref_Dita,0.9553166181245092,0.7878981633974482,0.3875,ok,3.458571926821213e-14,72,252,72,72,2,false,false,false,false,false,252,252,252,,true,72
ref_ref_ref_Dita,0.9553166181245092,0.7903981633974483,0.385,ok,1.7481342028335054e-14,72,252,72,72,2,false,false,false,false,false,252,252,252,,true,72
ref_ref_ref_Dita,0.9553166181245092,0.7903981633974483,0.3875,ok,9.136939886271682e-15,72,252,72,72,2,false,false,false,false,false,252,252,252,,true,72
ref_ref_ref_Dita,0.9578166181245091,0.7803981633974483,0.385,ok,1.4307070693613955e-13,72,252,72,72,2,false,false,false,false,false,252,252,252,,true,72
ref_ref_ref_Dita,0.9578166181245091,0.7803981633974483,0.3875,ok,1.4118025710180404e-13,72,252,72,72,2,false,false,false,false,false,252,252,252,,true,72
ref_ref_ref_Dita,0.9578166181245091,0.7828981633974483,0.385,ok,6.395582424474157e-13,72,252,72,72,2,false,false,false,false,false,252,252,252,,true,72
ref_ref_ref_Dita,0.9578166181245091,0.7828981633974483,0.3875,ok,5.301927796771949e-13,72,252,72,72,2,false,false,false,false,false,252,252,252,,true,72
ref_ref_ref_Dita,0.9578166181245091,0.7853981633974483,0.385,ok,1.0948634227520036e-13,72,252,72,72,2,false,false,false,false,false,252,252,252,,true,72
ref_ref_ref_Dita,0.9578166181245091,0.7853981633974483,0.3875,ok,1.0510786924358176e-13,72,252,72,72,2,false,false,false,false,false,252,252,252,,true,72
ref_ref_ref_Dita,0.9578166181245091,0.7878981633974482,0.385,ok,1.9504580605101426e-13,72,252,72,72,2,false,false,false,false,false,252,252,252,,true,72
ref_ref_ref_Dita,0.9578166181245091,0.7878981633974482,0.3875,ok,1.7015474532893135e-13,72,252,72,72,2,false,false,false,false,false,252,252,252,,true,72
ref_ref_ref_Dita,0.9578166181245091,0.7903981633974483,0.385,ok,1.3430532712986718e-13,72,252,72,72,2,false,false,false,false,false,252,252,252,,true,72
ref_ref_ref_Dita,0.9578166181245091,0.7903981633974483,0.3875,ok,1.3425842160877802e-13,72,252,72,72,2,false,false,false,false,false,252,252,252,,true,72
ref_ref_ref_Dita,0.9603166181245092,0.7803981633974483,0.385,ok,2.1640058120622769e-13,72,252,72,72,2,false,false,false,false,false,252,252,252,,true,72
ref_ref_ref_Dita,0.9603166181245092,0.7803981633974483,0.3875,ok,1.3870031842898487e-13,72,252,72,72,2,false,false,false,false,false,252,252,252,,true,72
ref_ref_ref_Dita,0.9603166181245092,0.7828981633974483,0.385,ok,3.1236217036765633e-13,72,252,72,72,2,false,false,false,false,false,252,252,252,,true,72
ref_ref_ref_Dita,0.9603166181245092,0.7828981633974483,0.3875,ok,3.2865326338330397e-13,72,252,72,72,2,false,false,false,false,false,252,252,252,,true,72
ref_ref_ref_Dita,0.9603166181245092,0.7853981633974483,0.385,ok,1.0199089059015935e-13,72,252,72,72,2,false,false,false,false,false,252,252,252,,true,72
ref_ref_ref_Dita,0.9603166181245092,0.7853981633974483,0.3875,ok,1.0039909544041012e-13,72,252,72,72,2,false,false,false,false,false,252,252,252,,true,72
ref_ref_ref_Dita,0.9603166181245092,0.7878981633974482,0.385,ok,6.367842859290975e-14,72,252,72,72,2,false,false,false,false,false,252,252,252,,true,72
ref_ref_ref_Dita,0.9603166181245092,0.7878981633974482,0.3875,ok,3.086439976433354e-14,72,252,72,72,2,false,false,false,false,false,252,252,252,,true,72
ref_ref_ref_Dita,0.9603166181245092,0.7903981633974483,0.385,ok,7.290708735776194e-14,72,252,72,72,2,false,false,false,false,false,252,252,252,,true,72
ref_ref_ref_Dita,0.9603166181245092,0.7903981633974483,0.3875,ok,6.917838776255599e-14,72,252,72,72,2,false,false,false,false,false,252,252,252,,true,72
ref_ref_ref_Dita,0.9503166181245092,0.7803981633974483,0.41250000000000003,ok,2.2927919915864497e-14,72,252,72,72,2,false,false,false,false,false,252,252,252,,true,72
ref_ref_ref_Dita,0.9503166181245092,0.7828981633974483,0.41250000000000003,ok,5.701943760822738e-14,72,252,72,72,2,false,false,false,false,false,252,252,252,,true,72
ref_ref_ref_Dita,0.9503166181245092,0.7853981633974483,0.41250000000000003,ok,1.7217407965198575e-14,72,252,72,72,2,false,false,false,false,false,252,252,252,,true,72
ref_ref_ref_Dita,0.9503166181245092,0.7878981633974482,0.41250000000000003,ok,4.1443055166736953e-13,72,252,72,72,2,false,false,false,false,false,252,252,252,,true,72
ref_ref_ref_Dita,0.9503166181245092,0.7903981633974483,0.41250000000000003,ok,5.766924166303006e-13,72,252,72,72,2,false,false,false,false,false,252,252,252,,true,72
ref_ref_ref_Dita,0.9528166181245092,0.7803981633974483,0.41250000000000003,ok,5.1703743041205365e-14,72,252,72,72,2,false,false,false,false,false,252,252,252,,true,72
ref_ref_ref_Dita,0.9528166181245092,0.7828981633974483,0.41250000000000003,ok,4.9161949211500587e-14,72,252,72,72,2,false,false,false,false,false,252,252,252,,true,72
ref_ref_ref_Dita,0.9528166181245092,0.7853981633974483,0.41250000000000003,ok,6.887974321364093e-14,72,252,72,72,2,false,false,false,false,false,252,252,252,,true,72
ref_ref_ref_Dita,0.9528166181245092,0.7878981633974482,0.41250000000000003,ok,4.644285986365459e-13,72,252,72,72,2,false,false,false,false,false,252,252,252,,true,72
ref_ref_ref_Dita,0.9528166181245092,0.7903981633974483,0.41250000000000003,ok,1.1393555269116972e-13,72,252,72,72,2,false,false,false,false,false,252,252,252,,true,72
ref_ref_ref_Dita,0.9553166181245092,0.7803981633974483,0.41250000000000003,ok,3.020806478518691e-14,72,252,72,72,2,false,false,false,false,false,252,252,252,,true,72
ref_ref_ref_Dita,0.9553166181245092,0.7828981633974483,0.41250000000000003,ok,6.035948814479572e-14,72,252,72,72,2,false,false,false,false,false,252,252,252,,true,72
ref_ref_ref_Dita,0.9553166181245092,0.7853981633974483,0.41250000000000003,ok,1.8322428690672206,72,240,72,72,6,true,false,false,false,false,240,240,240,,true,72
ref_ref_ref_Dita,0.9553166181245092,0.7878981633974482,0.41250000000000003,ok,9.826571384756204e-14,72,252,72,72,2,false,false,false,false,false,252,252,252,,true,72
ref_ref_ref_Dita,0.9553166181245092,0.7903981633974483,0.41250000000000003,ok,1.1228631233025556e-14,72,252,72,72,2,false,false,false,false,false,252,252,252,,true,72
ref_ref_ref_Dita,0.9578166181245091,0.7803981633974483,0.41250000000000003,ok,1.0876089506773168e-13,72,252,72,72,2,false,false,false,false,false,252,252,252,,true,72
ref_ref_ref_Dita,0.9578166181245091,0.7828981633974483,0.41250000000000003,ok,4.4028217385407845e-13,72,252,72,72,2,false,false,false,false,false,252,252,252,,true,72
ref_ref_ref_Dita,0.9578166181245091,0.7853981633974483,0.41250000000000003,ok,5.756964050450547e-14,72,252,72,72,2,false,false,false,false,false,252,252,252,,true,72
ref_ref_ref_Dita,0.9578166181245091,0.7878981633974482,0.41250000000000003,ok,1.8006383421287145e-13,72,252,72,72,2,false,false,false,false,false,252,252,252,,true,72
ref_ref_ref_Dita,0.9578166181245091,0.7903981633974483,0.41250000000000003,ok,1.2650429908635854e-13,72,252,72,72,2,false,false,false,false,false,252,252,252,,true,72
ref_ref_ref_Dita,0.9603166181245092,0.7803981633974483,0.41250000000000003,ok,1.8536628864964766e-13,72,252,72,72,2,false,false,false,false,false,252,252,252,,true,72
ref_ref_ref_Dita,0.9603166181245092,0.7828981633974483,0.41250000000000003,ok,2.500268099499642e-13,72,252,72,72,2,false,false,false,false,false,252,252,252,,true,72
ref_ref_ref_Dita,0.9603166181245092,0.7853981633974483,0.41250000000000003,ok,7.652280151274428e-14,72,252,72,72,2,false,false,false,false,false,252,252,252,,true,72
ref_ref_ref_Dita,0.9603166181245092,0.7878981633974482,0.41250000000000003,ok,4.444914834987631e-14,72,252,72,72,2,false,false,false,false,false,252,252,252,,true,72
ref_ref_ref_Dita,0.9603166181245092,0.7903981633974483,0.41250000000000003,ok,6.824774911429387e-14,72,252,72,72,2,false,false,false,false,false,252,252,252,,true,72
ref_ref_ref_Dita,0.9503166181245092,0.7803981633974483,0.41500000000000004,ok,2.6156298400281462e-14,72,252,72,72,2,false,false,false,false,false,252,252,252,,true,72
ref_ref_ref_Dita,0.9503166181245092,0.7828981633974483,0.41500000000000004,ok,5.799743873536481e-14,72,252,72,72,2,false,false,false,false,false,252,252,252,,true,72
ref_ref_ref_Dita,0.9503166181245092,0.7853981633974483,0.41500000000000004,ok,7.654905232329678e-15,72,252,72,72,2,false,false,false,false,false,252,252,252,,true,72
ref_ref_ref_Dita,0.9503166181245092,0.7878981633974482,0.41500000000000004,ok,3.1283066835863616e-13,72,252,72,72,2,false,false,false,false,false,252,252,252,,true,72
ref_ref_ref_Dita,0.9503166181245092,0.7903981633974483,0.41500000000000004,ok,5.628173321799867e-13,72,252,72,72,2,false,false,false,false,false,252,252,252,,true,72
ref_ref_ref_Dita,0.9528166181245092,0.7803981633974483,0.41500000000000004,ok,4.589506754056752e-14,72,252,72,72,2,false,false,false,false,false,252,252,252,,true,72
ref_ref_ref_Dita,0.9528166181245092,0.7828981633974483,0.41500000000000004,ok,7.903805514022015e-14,72,252,72,72,2,false,false,false,false,false,252,252,252,,true,72
ref_ref_ref_Dita,0.9528166181245092,0.7853981633974483,0.41500000000000004,ok,7.253385344755791e-14,72,252,72,72,2,false,false,false,false,false,252,252,252,,true,72
ref_ref_ref_Dita,0.9528166181245092,0.7878981633974482,0.41500000000000004,ok,5.743765186573422e-13,72,252,72,72,2,false,false,false,false,false,252,252,252,,true,72
ref_ref_ref_Dita,0.9528166181245092,0.7903981633974483,0.41500000000000004,ok,9.492465293156011e-14,72,252,72,72,2,false,false,false,false,false,252,252,252,,true,72
