name,theta,phi,lambda,status,z4_dev,n_pool,n_raw,n_conjugate,n_verified,max_clique,found_third,found_fourth,found_fourth_1e6,found_fourth_1e8,found_fourth_1e10,n_tracked,n_certified,n_distinct,n_distinct_real,pool_complete_flag,n_dedup_certified
F6_cyclic,0.0,0.0,0.0,not_hadamard,NaN,,,,,,,,,,,,,,,,
F6_theta0,0.0,0.5,0.3,ok,NaN,48,204,48,48,6,true,false,false,false,false,204,204,204,,true,48
Dita,0.9553166181245092,0.7853981633974483,0.4,ok,1.84212198800577,72,240,72,72,6,true,false,false,false,false,240,240,240,,true,72
theta_0,0.0,0.7853981633974483,0.5235987755982988,not_hadamard,NaN,,,,,,,,,,,,,,,,
theta_pi2,1.5707963267948966,0.7853981633974483,0.5235987755982988,ok,1.1102230246251565e-16,56,252,56,56,2,false,false,false,false,false,252,252,252,,true,56
theta_pi3,1.0471975511965976,0.7853981633974483,0.5235987755982988,ok,3.608224830031759e-15,56,252,56,56,2,false,false,false,false,false,252,252,252,,true,56
theta_pi4,0.7853981633974483,0.7853981633974483,0.5235987755982988,ok,4.076197102228689e-15,56,252,56,56,2,false,false,false,false,false,252,252,252,,true,56
theta_pi6,0.5235987755982988,0.7853981633974483,0.5235987755982988,ok,4.965068306494546e-16,52,252,52,52,2,false,false,false,false,false,252,252,252,,true,52
lambda_kpi6_k=0,0.3,0.5,0.0,ok,7.850462293418876e-16,52,244,52,52,2,false,false,false,false,false,244,244,244,,true,52
lambda_kpi6_k=1,0.3,0.5,0.5235987755982988,ok,3.859759734048396e-17,48,252,48,48,2,false,false,false,false,false,252,252,252,,true,48
lambda_kpi6_k=2,0.3,0.5,1.0471975511965976,ok,0.0,48,252,48,48,2,false,false,false,false,false,252,252,252,,true,48
lambda_kpi6_k=3,0.3,0.5,1.5707963267948966,ok,4.002966042486721e-16,48,252,48,48,2,false,false,false,false,false,252,252,252,,true,48
lambda_kpi6_k=4,0.3,0.5,2.0943951023931953,ok,5.33167196845001e-16,48,252,48,48,2,false,false,false,false,false,252,252,252,,true,48
lambda_kpi6_k=5,0.3,0.5,2.6179938779914944,ok,5.095246377785861e-16,48,252,48,48,2,false,false,false,false,false,252,252,252,,true,48
lambda_kpi6_k=6,0.3,0.5,3.141592653589793,ok,1.1102230246251565e-16,52,244,52,52,2,false,false,false,false,false,244,244,244,,true,52
lambda_kpi6_k=7,0.3,0.5,3.665191429188092,ok,2.2224949237026596e-16,48,252,48,48,2,false,false,false,false,false,252,252,252,,true,48
lambda_kpi6_k=8,0.3,0.5,4.1887902047863905,ok,1.1102230246251565e-16,48,252,48,48,2,false,false,false,false,false,252,252,252,,true,48
lambda_kpi6_k=9,0.3,0.5,4.71238898038469,ok,2.482534153247273e-16,48,252,48,48,2,false,false,false,false,false,252,252,252,,true,48
lambda_kpi6_k=10,0.3,0.5,5.235987755982989,ok,1.0824674490095276e-15,48,252,48,48,2,false,false,false,false,false,252,252,252,,true,48
lambda_kpi6_k=11,0.3,0.5,5.759586531581287,ok,1.1443916996305594e-16,48,252,48,48,2,false,false,false,false,false,252,252,252,,true,48
degen_circulant_match,0.05,1.1362830906,5.3498731204,ok,1.323831442916169e-13,48,252,48,48,2,false,false,false,false,false,252,252,252,,true,48
degen_circulant_match,0.05,0.9190264725,5.3498731204,ok,9.983715658101297e-14,48,252,48,48,2,false,false,false,false,false,252,252,252,,true,48
degen_circulant_match,0.7017698543,0.9190264725,0.05,ok,7.044726106794863e-14,60,252,60,60,2,false,false,false,false,false,252,252,252,,true,60
degen_circulant_match,0.7017698543,0.9190264725,6.2331853072,ok,6.305998978694486e-14,60,252,60,60,2,false,false,false,false,false,252,252,252,,true,60
degen_circulant_match,0.7017698543,0.9190264725,3.583248747,ok,4.544732904141015e-14,56,252,56,56,2,false,false,false,false,false,252,252,252,,true,56
degen_circulant_match,0.9653166181,0.7903981634,0.403,ok,3.781283367737843e-15,72,252,72,72,2,false,false,false,false,false,252,252,252,,true,72
degen_circulant_match,0.7017698543,0.9190264725,2.6999365602,ok,2.914203267236168e-14,52,252,52,52,2,false,false,false,false,false,252,252,252,,true,52
degen_circulant_match,0.7017698543,0.9190264725,5.3498731204,ok,2.692605570269597e-14,56,252,56,56,2,false,false,false,false,false,252,252,252,,true,56
degen_circulant_match,0.05,0.4845132362,5.3498731204,ok,2.5938621214166617e-14,48,252,48,48,2,false,false,false,false,false,252,252,252,,true,48
degen_circulant_match,0.9653166181,0.7953981634,0.41,ok,1.570170961344192e-14,72,252,72,72,2,false,false,false,false,false,252,252,252,,true,72
degen_circulant_match,0.7017698543,0.9190264725,0.9333121867,ok,1.5974581633810142e-14,56,252,56,56,2,false,false,false,false,false,252,252,252,,true,56
degen_circulant_match,0.7017698543,0.9190264725,1.8166243735,ok,1.4500741035693413e-14,52,252,52,52,2,false,false,false,false,false,252,252,252,,true,52
degen_circulant_match,0.9753166181,0.8053981634,0.42,ok,1.3802979191555656e-14,60,252,60,60,2,false,false,false,false,false,252,252,252,,true,60
degen_circulant_match,0.9353166181,0.7753981634,0.394,ok,1.2682809978676727e-14,60,252,60,60,2,false,false,false,false,false,252,252,252,,true,60
degen_circulant_match,0.9253166181,0.7553981634,0.37,ok,1.2127884439125666e-14,60,252,60,60,2,false,false,false,false,false,252,252,252,,true,60
degen_circulant_match,0.9453166181,0.7753981634,0.39,ok,1.1067759820254966e-14,72,252,72,72,2,false,false,false,false,false,252,252,252,,true,72
degen_circulant_match,0.9753166181,0.7953981634,0.406,ok,1.0894337445702242e-14,60,252,60,60,2,false,false,false,false,false,252,252,252,,true,60
degen_circulant_match,0.05,0.7017698543,5.3498731204,ok,1.0695084443661336e-14,48,252,48,48,2,false,false,false,false,false,252,252,252,,true,48
degen_circulant_match,0.2672566181,1.1362830906,5.3498731204,ok,1.0480881692492569e-14,48,252,48,48,2,false,false,false,false,false,252,252,252,,true,48
degen_circulant_match,0.2672566181,0.9190264725,5.3498731204,ok,1.037806173935944e-14,48,252,48,48,2,false,false,false,false,false,252,252,252,,true,48
degen_circulant_match,1.0053166181,0.8103981634,0.415,ok,9.664043439843456e-15,60,252,60,60,2,false,false,false,false,false,252,252,252,,true,60
degen_circulant_match,0.05,1.1362830906,2.6999365602,ok,9.600059397877365e-15,48,252,48,48,2,false,false,false,false,false,252,252,252,,true,48
degen_circulant_match,0.05,1.5707963268,5.3498731204,ok,9.128167018299422e-15,48,252,48,48,2,false,false,false,false,false,252,252,252,,true,48
degen_circulant_match,0.2672566181,1.1362830906,2.6999365602,ok,8.992977828545382e-15,48,252,48,48,2,false,false,false,false,false,252,252,252,,true,48
degen_circulant_match,0.05,1.3535397087,5.3498731204,ok,8.888720382515246e-15,48,252,48,48,2,false,false,false,false,false,252,252,252,,true,48
degen_circulant_match,1.1362830906,2.4398227992,4.4665609337,ok,8.644112981583505e-15,56,252,56,56,2,false,false,false,false,false,252,252,252,,true,56
degen_circulant_match,0.9253166181,0.7703981634,0.391,ok,8.353275540596474e-15,60,252,60,60,2,false,false,false,false,false,252,252,252,,true,60
degen_circulant_match,0.9053166181,0.7603981634,0.385,ok,8.34515588764179e-15,60,252,60,60,2,false,false,false,false,false,252,252,252,,true,60
degen_circulant_match,0.05,2.8743360355,5.3498731204,ok,7.893716934925325e-15,48,252,48,48,2,false,false,false,false,false,252,252,252,,true,48
degen_circulant_match,0.9853166181,0.8003981634,0.409,ok,7.444291678311382e-15,60,252,60,60,2,false,false,false,false,false,252,252,252,,true,60
degen_circulant_match,1.5707963268,0.05,0.05,ok,7.132750926740045e-15,48,252,48,48,2,false,false,false,false,false,252,252,252,,true,48
degen_circulant_match,0.2672566181,0.9190264725,2.6999365602,ok,6.841172296658325e-15,48,252,48,48,2,false,false,false,false,false,252,252,252,,true,48
degen_circulant_match,0.2672566181,0.9190264725,1.8166243735,ok,6.8168055347189735e-15,48,252,48,48,2,false,false,false,false,false,252,252,252,,true,48
degen_circulant_match,0.9353166181,0.7653981634,0.38,ok,5.8716000160507385e-15,68,252,68,68,2,false,false,false,false,false,252,252,252,,true,68
degen_circulant_match,0.05,0.9190264725,1.8166243735,ok,5.512120354514498e-15,48,252,48,48,2,false,false,false,false,false,252,252,252,,true,48
degen_circulant_match,0.05,2.4398227992,5.3498731204,ok,5.417387826669829e-15,48,252,48,48,2,false,false,false,false,false,252,252,252,,true,48
degen_circulant_match,0.9453166181,0.7803981634,0.397,ok,5.9009163182103526e-15,72,252,72,72,2,false,false,false,false,false,252,252,252,,true,72
degen_circulant_match,0.05,1.1362830906,1.8166243735,ok,5.1034043367087296e-15,48,252,48,48,2,false,false,false,false,false,252,252,252,,true,48
degen_circulant_match,1.5707963268,0.05,5.3498731204,ok,5.085257766256917e-15,48,252,48,48,2,false,false,false,false,false,252,252,252,,true,48
degen_circulant_match,0.05,2.6570794174,5.3498731204,ok,5.026748538604307e-15,48,252,48,48,2,false,false,false,false,false,252,252,252,,true,48
degen_circulant_match,1.5707963268,0.05,4.4665609337,ok,4.868869119156276e-15,48,252,48,48,2,false,false,false,false,false,252,252,252,,true,48
degen_circulant_match,1.5707963268,0.05,3.583248747,ok,4.765237078709019e-15,48,252,48,48,2,false,false,false,false,false,252,252,252,,true,48
degen_circulant_match,0.4845132362,0.9190264725,2.6999365602,ok,4.751962059186864e-15,52,252,52,52,2,false,false,false,false,false,252,252,252,,true,52
degen_circulant_match,0.2672566181,1.1362830906,1.8166243735,ok,4.47545209131181e-15,48,252,48,48,2,false,false,false,false,false,252,252,252,,true,48
degen_circulant_match,0.7017698543,2.2225661811,1.8166243735,ok,2.9358000080253692e-15,52,252,52,52,2,false,false,false,false,false,252,252,252,,true,52
degen_circulant_match,0.4845132362,0.9190264725,5.3498731204,ok,4.324172596470543e-15,48,252,48,48,2,false,false,false,false,false,252,252,252,,true,48
degen_circulant_match,1.5707963268,0.05,1.8166243735,ok,4.324172596470543e-15,48,252,48,48,2,false,false,false,false,false,252,252,252,,true,48
degen_circulant_match,0.2672566181,0.7017698543,5.3498731204,ok,4.2276033262255756e-15,48,252,48,48,2,false,false,false,false,false,252,252,252,,true,48
degen_circulant_match,1.1362830906,0.7017698543,3.583248747,ok,4.119810118670014e-15,60,252,60,60,2,false,false,false,false,false,252,252,252,,true,60
degen_circulant_match,0.2672566181,0.4845132362,5.3498731204,ok,3.911074787101517e-15,48,252,48,48,2,false,false,false,false,false,252,252,252,,true,48
degen_circulant_match,0.05,0.2672566181,5.3498731204,ok,3.723801229870909e-15,48,252,48,48,2,false,false,false,false,false,252,252,252,,true,48
degen_circulant_match,0.9153166181,0.7653981634,0.388,ok,3.6299369564111875e-15,60,252,60,60,2,false,false,false,false,false,252,252,252,,true,60
degen_circulant_match,0.2672566181,1.7880529449,5.3498731204,ok,3.602669438238049e-15,48,252,48,48,2,false,false,false,false,false,252,252,252,,true,48
degen_circulant_match,0.2672566181,0.9190264725,6.2331853072,ok,3.374899952755061e-15,52,252,52,52,2,false,false,false,false,false,252,252,252,,true,52
degen_circulant_match,0.2672566181,1.5707963268,5.3498731204,ok,3.261317043637671e-15,56,252,56,56,2,false,false,false,false,false,252,252,252,,true,56
degen_circulant_match,1.3535397087,3.0915926536,3.583248747,ok,3.1401849173675502e-15,48,252,48,48,2,false,false,false,false,false,252,252,252,,true,48
degen_circulant_match,1.5707963268,0.05,6.2331853072,ok,3.112970120408428e-15,48,192,48,48,6,true,false,false,false,false,192,192,192,,true,48
degen_circulant_match,0.4845132362,1.1362830906,5.3498731204,ok,2.9310728916085627e-15,48,252,48,48,2,false,false,false,false,false,252,252,252,,true,48
degen_circulant_match,0.9190264725,0.9190264725,0.05,ok,2.780549076845816e-15,64,252,64,64,2,false,false,false,false,false,252,252,252,,true,64
degen_circulant_match,0.2672566181,0.9190264725,0.05,ok,2.6252505225196554e-15,52,252,52,52,2,false,false,false,false,false,252,252,252,,true,52
degen_circulant_match,1.5707963268,0.05,0.9333121867,ok,2.488113585276671e-15,48,252,48,48,2,false,false,false,false,false,252,252,252,,true,48
degen_circulant_match,0.9190264725,0.9190264725,5.3498731204,ok,2.374845942191531e-15,56,252,56,56,2,false,false,false,false,false,252,252,252,,true,56
degen_circulant_match,1.1362830906,0.7017698543,0.9333121867,ok,2.3525204118543076e-15,56,252,56,56,2,false,false,false,false,false,252,252,252,,true,56
degen_circulant_match,1.1362830906,2.8743360355,0.9333121867,ok,2.3461261221551412e-15,52,252,52,52,2,false,false,false,false,false,252,252,252,,true,52
degen_circulant_match,0.9190264725,2.2225661811,1.8166243735,ok,1.1157603309187458e-15,56,252,56,56,2,false,false,false,false,false,252,252,252,,true,56
degen_circulant_match,1.1362830906,0.7017698543,6.2331853072,ok,2.2965537556748906e-15,60,252,60,60,2,false,false,false,false,false,252,252,252,,true,60
degen_circulant_match,0.2672566181,1.3535397087,5.3498731204,ok,2.248030287623391e-15,48,252,48,48,2,false,false,false,false,false,252,252,252,,true,48
degen_circulant_match,0.2672566181,0.4845132362,2.6999365602,ok,2.237726045655905e-15,48,252,48,48,2,false,false,false,false,false,252,252,252,,true,48
degen_circulant_match,0.05,3.0915926536,5.3498731204,ok,2.2037297810228127e-15,48,252,48,48,2,false,false,false,false,false,252,252,252,,true,48
degen_circulant_match,1.3535397087,0.2672566181,0.05,ok,2.1828308872686455e-15,52,252,52,52,2,false,false,false,false,false,252,252,252,,true,52
degen_circulant_match,0.2672566181,0.7017698543,2.6999365602,ok,2.1812421540521875e-15,48,252,48,48,2,false,false,false,false,false,252,252,252,,true,48
degen_circulant_match,0.05,0.4845132362,1.8166243735,ok,2.1355566272775288e-15,48,252,48,48,2,false,false,false,false,false,252,252,252,,true,48
degen_circulant_match,0.2672566181,1.1362830906,0.05,ok,2.06083980778777e-15,48,252,48,48,2,false,false,false,false,false,252,252,252,,true,48
degen_circulant_match,1.3535397087,0.2672566181,4.4665609337,ok,2.0539125955565396e-15,48,252,48,48,2,false,false,false,false,false,252,252,252,,true,48
degen_circulant_match,0.05,1.1362830906,0.05,ok,2.0013416855710288e-15,48,252,48,48,2,false,false,false,false,false,252,252,252,,true,48
degen_circulant_match,0.2672566181,1.1362830906,6.2331853072,ok,1.9929972195927004e-15,48,252,48,48,2,false,false,false,false,false,252,252,252,,true,48
degen_circulant_match,0.2672566181,3.0915926536,5.3498731204,ok,1.9860273225978185e-15,48,252,48,48,2,false,false,false,false,false,252,252,252,,true,48
degen_circulant_match,0.9190264725,0.9190264725,2.6999365602,ok,1.976695897494813e-15,56,252,56,56,2,false,false,false,false,false,252,252,252,,true,56
degen_circulant_match,0.05,1.1362830906,6.2331853072,ok,1.968574870557028e-15,48,252,48,48,2,false,false,false,false,false,252,252,252,,true,48
ref_F6_theta0,-0.005,0.495,0.295,ok,3.602058373448744e-16,48,252,48,48,2,false,false,false,false,false,252,252,252,,true,48
ref_F6_theta0,-0.005,0.495,0.2975,ok,4.454364896433646e-16,48,252,48,48,2,false,false,false,false,false,252,252,252,,true,48
ref_F6_theta0,-0.005,0.495,0.3,ok,3.643177433780108e-16,48,252,48,48,2,false,false,false,false,false,252,252,252,,true,48
ref_F6_theta0,-0.005,0.495,0.3025,ok,3.420925715524491e-16,48,252,48,48,2,false,false,false,false,false,252,252,252,,true,48
ref_F6_theta0,-0.005,0.495,0.305,ok,4.742874840267547e-16,48,252,48,48,2,false,false,false,false,false,252,252,252,,true,48
ref_F6_theta0,-0.005,0.4975,0.295,ok,4.802842833929604e-16,48,252,48,48,2,false,false,false,false,false,252,252,252,,true,48
ref_F6_theta0,-0.005,0.4975,0.2975,ok,5.007863054547156e-16,48,252,48,48,2,false,false,false,false,false,252,252,252,,true,48
ref_F6_theta0,-0.005,0.4975,0.3,ok,2.6861340213612747e-16,48,252,48,48,2,false,false,false,false,false,252,252,252,,true,48
ref_F6_theta0,-0.005,0.4975,0.3025,ok,3.1998478078500002e-16,48,252,48,48,2,false,false,false,false,false,252,252,252,,true,48
ref_F6_theta0,-0.005,0.4975,0.305,ok,1.942890293094024e-16,48,252,48,48,2,false,false,false,false,false,252,252,252,,true,48
ref_F6_theta0,-0.005,0.5,0.295,ok,4.748993638164653e-16,48,252,48,48,2,false,false,false,false,false,252,252,252,,true,48
ref_F6_theta0,-0.005,0.5,0.2975,ok,4.553442605056512e-16,48,252,48,48,2,false,false,false,false,false,252,252,252,,true,48
ref_F6_theta0,-0.005,0.5,0.3,ok,1.179739509965479e-16,48,252,48,48,2,false,false,false,false,false,252,252,252,,true,48
ref_F6_theta0,-0.005,0.5,0.3025,ok,2.498242727604723e-16,48,252,48,48,2,false,false,false,false,false,252,252,252,,true,48
ref_F6_theta0,-0.005,0.5,0.305,ok,3.0458232109741235e-16,48,252,48,48,2,false,false,false,false,false,252,252,252,,true,48
ref_F6_theta0,-0.005,0.5025,0.295,ok,4.163336342344337e-16,48,252,48,48,2,false,false,false,false,false,252,252,252,,true,48
ref_F6_theta0,-0.005,0.5025,0.2975,ok,2.7336071744532853e-16,48,252,48,48,2,false,false,false,false,false,252,252,252,,true,48
ref_F6_theta0,-0.005,0.5025,0.3,ok,2.362426527663472e-16,48,252,48,48,2,false,false,false,false,false,252,252,252,,true,48
ref_F6_theta0,-0.005,0.5025,0.3025,ok,3.5917678924862097e-16,48,252,48,48,2,false,false,false,false,false,252,252,252,,true,48
ref_F6_theta0,-0.005,0.5025,0.305,ok,2.274820487634993e-16,48,252,48,48,2,false,false,false,false,false,252,252,252,,true,48
ref_F6_theta0,-0.005,0.505,0.295,ok,2.362426527663472e-16,48,252,48,48,2,false,false,false,false,false,252,252,252,,true,48
ref_F6_theta0,-0.005,0.505,0.2975,ok,4.496122486144364e-16,48,252,48,48,2,false,false,false,false,false,252,252,252,,true,48
ref_F6_theta0,-0.005,0.505,0.3,ok,3.3306690738754696e-16,48,252,48,48,2,false,false,false,false,false,252,252,252,,true,48
ref_F6_theta0,-0.005,0.505,0.3025,ok,1.2750217548429532e-16,48,252,48,48,2,false,false,false,false,false,252,252,252,,true,48
ref_F6_theta0,-0.005,0.505,0.305,ok,8.066464163292153e-17,48,252,48,48,2,false,false,false,false,false,252,252,252,,true,48
ref_F6_theta0,-0.0025,0.495,0.295,ok,1.114694823076339e-16,48,252,48,48,2,false,false,false,false,false,252,252,252,,true,48
ref_F6_theta0,-0.0025,0.495,0.2975,ok,1.0408340855860843e-16,48,252,48,48,2,false,false,false,false,false,252,252,252,,true,48
ref_F6_theta0,-0.0025,0.495,0.3,ok,2.970713952610282e-16,48,252,48,48,2,false,false,false,false,false,252,252,252,,true,48
ref_F6_theta0,-0.0025,0.495,0.3025,ok,3.9246561195588496e-16,48,252,48,48,2,false,false,false,false,false,252,252,252,,true,48
ref_F6_theta0,-0.0025,0.495,0.305,ok,3.438498603147524e-16,48,252,48,48,2,false,false,false,false,false,252,252,252,,true,48
ref_F6_theta0,-0.0025,0.4975,0.295,ok,1.2016325714715203e-16,48,252,48,48,2,false,false,false,false,false,252,252,252,,true,48
ref_F6_theta0,-0.0025,0.4975,0.2975,ok,2.7319588568493803e-16,48,252,48,48,2,false,false,false,false,false,252,252,252,,true,48
ref_F6_theta0,-0.0025,0.4975,0.3,ok,1.2716910427015165e-16,48,252,48,48,2,false,false,false,false,false,252,252,252,,true,48
ref_F6_theta0,-0.0025,0.4975,0.3025,ok,2.2898349882893854e-16,48,252,48,48,2,false,false,false,false,false,252,252,252,,true,48
ref_F6_theta0,-0.0025,0.4975,0.305,ok,2.6138691071574667e-16,48,252,48,48,2,false,false,false,false,false,252,252,252,,true,48
ref_F6_theta0,-0.0025,0.5,0.295,ok,5.095750210681871e-16,48,252,48,48,2,false,false,false,false,false,252,252,252,,true,48
ref_F6_theta0,-0.0025,0.5,0.2975,ok,1.9038590148845458e-16,48,252,48,48,2,false,false,false,false,false,252,252,252,,true,48
ref_F6_theta0,-0.0025,0.5,0.3,ok,3.064479364047678e-16,48,252,48,48,2,false,false,false,false,false,252,252,252,,true,48
ref_F6_theta0,-0.0025,0.5,0.3025,ok,5.499545385658448e-16,48,252,48,48,2,false,false,false,false,false,252,252,252,,true,48
ref_F6_theta0,-0.0025,0.5,0.305,ok,3.646884804887415e-16,48,252,48,48,2,false,false,false,false,false,252,252,252,,true,48
ref_F6_theta0,-0.0025,0.5025,0.295,ok,3.946495907847236e-16,48,252,48,48,2,false,false,false,false,false,252,252,252,,true,48
ref_F6_theta0,-0.0025,0.5025,0.2975,ok,4.3465490659472564e-16,48,252,48,48,2,false,false,false,false,false,252,252,252,,true,48
ref_F6_theta0,-0.0025,0.5025,0.3,ok,2.841006929054924e-16,48,252,48,48,2,false,false,false,false,false,252,252,252,,true,48
ref_F6_theta0,-0.0025,0.5025,0.3025,ok,4.3549355301756203e-16,48,252,48,48,2,false,false,false,false,false,252,252,252,,true,48
ref_F6_theta0,-0.0025,0.5025,0.305,ok,2.7885679876327174e-16,48,252,48,48,2,false,false,false,false,false,252,252,252,,true,48
ref_F6_theta0,-0.0025,0.505,0.295,ok,1.1443916996305594e-16,48,252,48,48,2,false,false,false,false,false,252,252,252,,true,48
ref_F6_theta0,-0.0025,0.505,0.2975,ok,8.283304597789254e-17,48,252,48,48,2,false,false,false,false,false,252,252,252,,true,48
ref_F6_theta0,-0.0025,0.505,0.3,ok,1.6010520344437088e-16,48,252,48,48,2,false,false,false,false,false,252,252,252,,true,48
ref_F6_theta0,-0.0025,0.505,0.3025,ok,4.451458968355501e-16,48,252,48,48,2,false,false,false,false,false,252,252,252,,true,48
ref_F6_theta0,-0.0025,0.505,0.305,ok,3.982928500778424e-16,48,252,48,48,2,false,false,false,false,false,252,252,252,,true,48
ref_F6_theta0,0.0,0.495,0.295,not_hadamard,NaN,,,,,,,,,,,,,,,,
ref_F6_theta0,0.0,0.495,0.2975,ok,0.0,48,204,48,48,6,true,false,false,false,false,204,204,204,,true,48
ref_F6_theta0,0.0,0.495,0.3,ok,NaN,48,204,48,48,6,true,false,false,false,false,204,204,204,,true,48
ref_F6_theta0,0.0,0.495,0.3025,not_hadamard,NaN,,,,,,,,,,,,,,,,
ref_F6_theta0,0.0,0.495,0.305,not_hadamard,NaN,,,,,,,,,,,,,,,,
ref_F6_theta0,0.0,0.4975,0.295,not_hadamard,NaN,,,,,,,,,,,,,,,,
ref_F6_theta0,0.0,0.4975,0.2975,ok,0.0,48,204,48,48,6,true,false,false,false,false,204,204,204,,true,48
ref_F6_theta0,0.0,0.4975,0.3,ok,NaN,48,204,48,48,6,true,false,false,false,false,204,204,204,,true,48
ref_F6_theta0,0.0,0.4975,0.3025,not_hadamard,NaN,,,,,,,,,,,,,,,,
ref_F6_theta0,0.0,0.4975,0.305,not_hadamard,NaN,,,,,,,,,,,,,,,,
ref_F6_theta0,0.0,0.5,0.295,not_hadamard,NaN,,,,,,,,,,,,,,,,
ref_F6_theta0,0.0,0.5,0.2975,ok,0.0,48,204,48,48,6,true,false,false,false,false,204,204,204,,true,48
ref_F6_theta0,0.0,0.5,0.3025,not_hadamard,NaN,,,,,,,,,,,,,,,,
ref_F6_theta0,0.0,0.5,0.305,not_hadamard,NaN,,,,,,,,,,,,,,,,
ref_F6_theta0,0.0,0.5025,0.295,not_hadamard,NaN,,,,,,,,,,,,,,,,
ref_F6_theta0,0.0,0.5025,0.2975,ok,0.0,48,204,48,48,6,true,false,false,false,false,204,204,204,,true,48
ref_F6_theta0,0.0,0.5025,0.3,ok,NaN,48,204,48,48,6,true,false,false,false,false,204,204,204,,true,48
ref_F6_theta0,0.0,0.5025,0.3025,not_hadamard,NaN,,,,,,,,,,,,,,,,
ref_F6_theta0,0.0,0.5025,0.305,not_hadamard,NaN,,,,,,,,,,,,,,,,
ref_F6_theta0,0.0,0.505,0.295,not_hadamard,NaN,,,,,,,,,,,,,,,,
ref_F6_theta0,0.0,0.505,0.2975,ok,0.0,48,204,48,48,6,true,false,false,false,false,204,204,204,,true,48
ref_F6_theta0,0.0,0.505,0.3,ok,NaN,48,204,48,48,6,true,false,false,false,false,204,204,204,,true,48
ref_F6_theta0,0.0,0.505,0.3025,not_hadamard,NaN,,,,,,,,,,,,,,,,
ref_F6_theta0,0.0,0.505,0.305,not_hadamard,NaN,,,,,,,,,,,,,,,,
ref_F6_theta0,0.0025,0.495,0.295,ok,1.1476166043854938e-16,48,252,48,48,2,false,false,false,false,false,252,252,252,,true,48
ref_F6_theta0,0.0025,0.495,0.2975,ok,1.40620311228444e-16,48,252,48,48,2,false,false,false,false,false,252,252,252,,true,48
ref_F6_theta0,0.0025,0.495,0.3,ok,3.6303648056182207e-16,48,252,48,48,2,false,false,false,false,false,252,252,252,,true,48
ref_F6_theta0,0.0025,0.495,0.3025,ok,2.962040335230398e-16,48,252,48,48,2,false,false,false,false,false,252,252,252,,true,48
ref_F6_theta0,0.0025,0.495,0.305,ok,3.5135859424753843e-16,48,252,48,48,2,false,false,false,false,false,252,252,252,,true,48
ref_F6_theta0,0.0025,0.4975,0.295,ok,5.204170427930421e-18,48,252,48,48,2,false,false,false,false,false,252,252,252,,true,48
ref_F6_theta0,0.0025,0.4975,0.2975,ok,3.976702226780677e-16,48,252,48,48,2,false,false,false,false,false,252,252,252,,true,48
ref_F6_theta0,0.0025,0.4975,0.3,ok,1.1606129787721124e-16,48,252,48,48,2,false,false,false,false,false,252,252,252,,true,48
ref_F6_theta0,0.0025,0.4975,0.3025,ok,2.9249033840775796e-16,48,252,48,48,2,false,false,false,false,false,252,252,252,,true,48
ref_F6_theta0,0.0025,0.4975,0.305,ok,5.551115123125783e-17,48,252,48,48,2,false,false,false,false,false,252,252,252,,true,48
ref_F6_theta0,0.0025,0.5,0.295,ok,4.0635897424756706e-16,48,252,48,48,2,false,false,false,false,false,252,252,252,,true,48
ref_F6_theta0,0.0025,0.5,0.2975,ok,5.004677228193088e-16,48,252,48,48,2,false,false,false,false,false,252,252,252,,true,48
ref_F6_theta0,0.0025,0.5,0.3,ok,2.3410131871968674e-16,48,252,48,48,2,false,false,false,false,false,252,252,252,,true,48
ref_F6_theta0,0.0025,0.5,0.3025,ok,4.374171977530407e-16,48,252,48,48,2,false,false,false,false,false,252,252,252,,true,48
ref_F6_theta0,0.0025,0.5,0.305,ok,2.5110122314764283e-16,48,252,48,48,2,false,false,false,false,false,252,252,252,,true,48
ref_F6_theta0,0.0025,0.5025,0.295,ok,5.200672700511352e-16,48,252,48,48,2,false,false,false,false,false,252,252,252,,true,48
ref_F6_theta0,0.0025,0.5025,0.2975,ok,3.9621085140699207e-16,48,252,48,48,2,false,false,false,false,false,252,252,252,,true,48
ref_F6_theta0,0.0025,0.5025,0.3,ok,4.58886824403168e-16,48,252,48,48,2,false,false,false,false,false,252,252,252,,true,48
ref_F6_theta0,0.0025,0.5025,0.3025,ok,4.451458968355501e-16,48,252,48,48,2,false,false,false,false,false,252,252,252,,true,48
ref_F6_theta0,0.0025,0.5025,0.305,ok,4.173767755102859e-16,48,252,48,48,2,false,false,false,false,false,252,252,252,,true,48
ref_F6_theta0,0.0025,0.505,0.295,ok,1.1275702593849246e-16,48,252,48,48,2,false,false,false,false,false,252,252,252,,true,48
ref_F6_theta0,0.0025,0.505,0.2975,ok,4.620303356474345e-16,48,252,48,48,2,false,false,false,false,false,252,252,252,,true,48
ref_F6_theta0,0.0025,0.505,0.3,ok,3.0579422069452627e-16,48,252,48,48,2,false,false,false,false,false,252,252,252,,true,48
ref_F6_theta0,0.0025,0.505,0.3025,ok,3.131175874138137e-16,48,252,48,48,2,false,false,false,false,false,252,252,252,,true,48
ref_F6_theta0,0.0025,0.505,0.305,ok,4.0621269054865794e-16,48,252,48,48,2,false,false,false,false,false,252,252,252,,true,48
ref_F6_theta0,0.005,0.495,0.295,ok,3.824937419959358e-16,48,252,48,48,2,false,false,false,false,false,252,252,252,,true,48
ref_F6_theta0,0.005,0.495,0.2975,ok,4.183247086752942e-16,48,252,48,48,2,false,false,false,false,false,252,252,252,,true,48
ref_F6_theta0,0.005,0.495,0.3,ok,2.4052677599400386e-16,48,252,48,48,2,false,false,false,false,false,252,252,252,,true,48
ref_F6_theta0,0.005,0.495,0.3025,ok,1.690643557859147e-16,48,252,48,48,2,false,false,false,false,false,252,252,252,,true,48
ref_F6_theta0,0.005,0.495,0.305,ok,4.4010809801917363e-16,48,252,48,48,2,false,false,false,false,false,252,252,252,,true,48
ref_F6_theta0,0.005,0.4975,0.295,ok,2.9330808976182685e-16,48,252,48,48,2,false,false,false,false,false,252,252,252,,true,48
ref_F6_theta0,0.005,0.4975,0.2975,ok,3.6592798287239617e-16,48,252,48,48,2,false,false,false,false,false,252,252,252,,true,48
ref_F6_theta0,0.005,0.4975,0.3,ok,5.372408077913202e-16,48,252,48,48,2,false,false,false,false,false,252,252,252,,true,48
ref_F6_theta0,0.005,0.4975,0.3025,ok,3.6285588749352064e-16,48,252,48,48,2,false,false,false,false,false,252,252,252,,true,48
ref_F6_theta0,0.005,0.4975,0.305,ok,4.2212723424310983e-16,48,252,48,48,2,false,false,false,false,false,252,252,252,,true,48
ref_F6_theta0,0.005,0.5,0.295,ok,3.5219586238439883e-16,48,252,48,48,2,false,false,false,false,false,252,252,252,,true,48
ref_F6_theta0,0.005,0.5,0.2975,ok,1.2374124362662212e-16,48,252,48,48,2,false,false,false,false,false,252,252,252,,true,48
ref_F6_theta0,0.005,0.5,0.3,ok,1.93421667571414e-16,48,252,48,48,2,false,false,false,false,false,252,252,252,,true,48
ref_F6_theta0,0.005,0.5,0.3025,ok,2.8370154810741227e-16,48,252,48,48,2,false,false,false,false,false,252,252,252,,true,48
ref_F6_theta0,0.005,0.5,0.305,ok,1.6971944417402975e-16,48,252,48,48,2,false,false,false,false,false,252,252,252,,true,48
ref_F6_theta0,0.005,0.5025,0.295,ok,1.1280038568858133e-16,48,252,48,48,2,false,false,false,false,false,252,252,252,,true,48
ref_F6_theta0,0.005,0.5025,0.2975,ok,2.3418766925686896e-16,48,252,48,48,2,false,false,false,false,false,252,252,252,,true,48
ref_F6_theta0,0.005,0.5025,0.3,ok,1.1827010838541083e-16,48,252,48,48,2,false,false,false,false,false,252,252,252,,true,48
ref_F6_theta0,0.005,0.5025,0.3025,ok,9.194034422677078e-17,48,252,48,48,2,false,false,false,false,false,252,252,252,,true,48
ref_F6_theta0,0.005,0.5025,0.305,ok,5.811323644522304e-17,48,252,48,48,2,false,false,false,false,false,252,252,252,,true,48
ref_F6_theta0,0.005,0.505,0.295,ok,1.3357370765021415e-16,48,252,48,48,2,false,false,false,false,false,252,252,252,,true,48
ref_F6_theta0,0.005,0.505,0.2975,ok,2.359479019930958e-16,48,252,48,48,2,false,false,false,false,false,252,252,252,,true,48
ref_F6_theta0,0.005,0.505,0.3,ok,2.301959097388395e-16,48,252,48,48,2,false,false,false,false,false,252,252,252,,true,48
ref_F6_theta0,0.005,0.505,0.3025,ok,1.5525775109992423e-16,48,252,48,48,2,false,false,false,false,false,252,252,252,,true,48
ref_F6_theta0,0.005,0.505,0.305,ok,3.7008202122742386e-16,48,252,48,48,2,false,false,false,false,false,252,252,252,,true,48
ref_Dita,0.9503166181245092,0.7803981633974483,0.395,ok,2.240478477256787e-14,72,252,72,72,2,false,false,false,false,false,252,252,252,,true,72
ref_Dita,0.9503166181245092,0.7803981633974483,0.3975,ok,1.4271872719387392e-14,72,252,72,72,2,false,false,false,false,false,252,252,252,,true,72
ref_Dita,0.9503166181245092,0.7803981633974483,0.4,ok,2.237505704858713e-14,72,252,72,72,2,false,false,false,false,false,252,252,252,,true,72
ref_Dita,0.9503166181245092,0.7803981633974483,0.4025,ok,2.2272081132311986e-14,72,252,72,72,2,false,false,false,false,false,252,252,252,,true,72
ref_Dita,0.9503166181245092,0.7803981633974483,0.405,ok,2.7737139790692837e-14,72,252,72,72,2,false,false,false,false,false,252,252,252,,true,72
ref_Dita,0.9503166181245092,0.7828981633974483,0.395,ok,4.9259133049110474e-14,72,252,72,72,2,false,false,false,false,false,252,252,252,,true,72
ref_Dita,0.9503166181245092,0.7828981633974483,0.3975,ok,3.988065752268887e-14,72,252,72,72,2,false,false,false,false,false,252,252,252,,true,72
ref_Dita,0.9503166181245092,0.7828981633974483,0.4,ok,6.645563554897603e-14,72,252,72,72,2,false,false,false,false,false,252,252,252,,true,72
ref_Dita,0.9503166181245092,0.7828981633974483,0.4025,ok,5.644236715469322e-14,72,252,72,72,2,false,false,false,false,false,252,252,252,,true,72
ref_Dita,0.9503166181245092,0.7828981633974483,0.405,ok,7.337725940075908e-14,72,252,72,72,2,false,false,false,false,false,252,252,252,,true,72
ref_Dita,0.9503166181245092,0.7853981633974483,0.395,ok,5.108015364035023e-14,72,252,72,72,2,false,false,false,false,false,252,252,252,,true,72
ref_Dita,0.9503166181245092,0.7853981633974483,0.3975,ok,2.783451125024807e-14,72,252,72,72,2,false,false,false,false,false,252,252,252,,true,72
ref_Dita,0.9503166181245092,0.7853981633974483,0.4,ok,5.45160204212049e-14,72,252,72,72,2,false,false,false,false,false,252,252,252,,true,72
ref_Dita,0.9503166181245092,0.7853981633974483,0.4025,ok,3.1359624550092875e-14,72,252,72,72,2,false,false,false,false,false,252,252,252,,true,72
ref_Dita,0.9503166181245092,0.7853981633974483,0.405,ok,2.3961277670048557e-14,72,252,72,72,2,false,false,false,false,false,252,252,252,,true,72
ref_Dita,0.9503166181245092,0.7878981633974482,0.395,ok,4.2947815021334933e-13,72,252,72,72,2,false,false,false,false,false,252,252,252,,true,72
ref_Dita,0.9503166181245092,0.7878981633974482,0.3975,ok,3.612472775637763e-13,72,252,72,72,2,false,false,false,false,false,252,252,252,,true,72
ref_Dita,0.9503166181245092,0.7878981633974482,0.4,ok,3.8454516537837244e-13,72,252,72,72,2,false,false,false,false,false,252,252,252,,true,72
ref_Dita,0.9503166181245092,0.7878981633974482,0.4025,ok,4.074077563693208e-13,72,252,72,72,2,false,false,false,false,false,252,252,252,,true,72
ref_Dita,0.9503166181245092,0.7878981633974482,0.405,ok,2.9847216054148387e-13,72,252,72,72,2,false,false,false,false,false,252,252,252,,true,72
ref_Dita,0.9503166181245092,0.7903981633974483,0.395,ok,6.104018406272663e-13,72,252,72,72,2,false,false,false,false,false,252,252,252,,true,72
ref_Dita,0.9503166181245092,0.7903981633974483,0.3975,ok,5.681364754651766e-13,72,252,72,72,2,false,false,false,false,false,252,252,252,,true,72
ref_Dita,0.9503166181245092,0.7903981633974483,0.4,ok,5.53511117001686e-13,72,252,72,72,2,false,false,false,false,false,252,252,252,,true,72
ref_Dita,0.9503166181245092,0.7903981633974483,0.4025,ok,5.061239373547294e-13,72,252,72,72,2,false,false,false,false,false,252,252,252,,true,72
ref_Dita,0.9503166181245092,0.7903981633974483,0.405,ok,4.92138462167421e-13,72,252,72,72,2,false,false,false,false,false,252,252,252,,true,72
ref_Dita,0.9528166181245092,0.7803981633974483,0.395,ok,6.731513925673993e-14,72,252,72,72,2,false,false,false,false,false,252,252,252,,true,72
ref_Dita,0.9528166181245092,0.7803981633974483,0.3975,ok,6.039705091564286e-14,72,252,72,72,2,false,false,false,false,false,252,252,252,,true,72
ref_Dita,0.9528166181245092,0.7803981633974483,0.4,ok,5.5980457087707756e-14,72,252,72,72,2,false,false,false,false,false,252,252,252,,true,72
ref_Dita,0.9528166181245092,0.7803981633974483,0.4025,ok,8.159263089600367e-14,72,252,72,72,2,false,false,false,false,false,252,252,252,,true,72
ref_Dita,0.9528166181245092,0.7803981633974483,0.405,ok,5.713281468985069e-14,72,252,72,72,2,false,false,false,false,false,252,252,252,,true,72
ref_Dita,0.9528166181245092,0.7828981633974483,0.395,ok,5.900811876289297e-14,72,252,72,72,2,false,false,false,false,false,252,252,252,,true,72
ref_Dita,0.9528166181245092,0.7828981633974483,0.3975,ok,5.703186608903486e-14,72,252,72,72,2,false,false,false,false,false,252,252,252,,true,72
ref_Dita,0.9528166181245092,0.7828981633974483,0.4,ok,6.94066115391413e-14,72,252,72,72,2,false,false,false,false,false,252,252,252,,true,72
ref_Dita,0.9528166181245092,0.7828981633974483,0.4025,ok,6.89133773878141e-14,72,252,72,72,2,false,false,false,false,false,252,252,252,,true,72
ref_Dita,0.9528166181245092,0.7828981633974483,0.405,ok,7.77270303217299e-14,72,252,72,72,2,false,false,false,false,false,252,252,252,,true,72
ref_Dita,0.9528166181245092,0.7853981633974483,0.395,ok,7.378098185908578e-14,72,252,72,72,2,false,false,false,false,false,252,252,252,,true,72
ref_Dita,0.9528166181245092,0.7853981633974483,0.3975,ok,2.0653839718085604e-13,72,252,72,72,2,false,false,false,false,false,252,252,252,,true,72
ref_Dita,0.9528166181245092,0.7853981633974483,0.4,ok,1.9082783214548202e-13,72,252,72,72,2,false,false,false,false,false,252,252,252,,true,72
ref_Dita,0.9528166181245092,0.7853981633974483,0.4025,ok,1.204900451200906e-13,72,252,72,72,2,false,false,false,false,false,252,252,252,,true,72
ref_Dita,0.9528166181245092,0.7853981633974483,0.405,ok,4.4371435136905685e-14,72,252,72,72,2,false,false,false,false,false,252,252,252,,true,72
ref_Dita,0.9528166181245092,0.7878981633974482,0.395,ok,5.756949063076461e-13,72,252,72,72,2,false,false,false,false,false,252,252,252,,true,72
ref_Dita,0.9528166181245092,0.7878981633974482,0.3975,ok,6.147776769163778e-13,72,252,72,72,2,false,false,false,false,false,252,252,252,,true,72
ref_Dita,0.9528166181245092,0.7878981633974482,0.4,ok,6.987376808106141e-13,72,252,72,72,2,false,false,false,false,false,252,252,252,,true,72
ref_Dita,0.9528166181245092,0.7878981633974482,0.4025,ok,5.286072978020344e-13,72,252,72,72,2,false,false,false,false,false,252,252,252,,true,72
ref_Dita,0.9528166181245092,0.7878981633974482,0.405,ok,6.267570351510085e-13,72,252,72,72,2,false,false,false,false,false,252,252,252,,true,72
ref_Dita,0.9528166181245092,0.7903981633974483,0.395,ok,1.15622412463556e-13,72,252,72,72,2,false,false,false,false,false,252,252,252,,true,72
ref_Dita,0.9528166181245092,0.7903981633974483,0.3975,ok,1.0642731334556176e-13,72,252,72,72,2,false,false,false,false,false,252,252,252,,true,72
ref_Dita,0.9528166181245092,0.7903981633974483,0.4,ok,1.1519434636957555e-13,72,252,72,72,2,false,false,false,false,false,252,252,252,,true,72
ref_Dita,0.9528166181245092,0.7903981633974483,0.4025,ok,7.909160568055224e-14,72,252,72,72,2,false,false,false,false,false,252,252,252,,true,72
ref_Dita,0.9528166181245092,0.7903981633974483,0.405,ok,8.328101049135604e-14,72,252,72,72,2,false,false,false,false,false,252,252,252,,true,72
ref_Dita,0.9553166181245092,0.7803981633974483,0.395,ok,2.743711301705117e-14,72,252,72,72,2,false,false,false,false,false,252,252,252,,true,72
ref_Dita,0.9553166181245092,0.7803981633974483,0.3975,ok,3.593557153916988e-14,72,252,72,72,2,false,false,false,false,false,252,252,252,,true,72
ref_Dita,0.9553166181245092,0.7803981633974483,0.4,ok,3.7937313343472334e-14,72,252,72,72,2,false,false,false,false,false,252,252,252,,true,72
ref_Dita,0.9553166181245092,0.7803981633974483,0.4025,ok,2.1172974786154356e-14,72,252,72,72,2,false,false,false,false,false,252,252,252,,true,72
ref_Dita,0.9553166181245092,0.7803981633974483,0.405,ok,7.090319201244595e-14,72,252,72,72,2,false,false,false,false,false,252,252,252,,true,72
ref_Dita,0.9553166181245092,0.7828981633974483,0.395,ok,3.2272943992214547e-14,72,252,72,72,2,false,false,false,false,false,252,252,252,,true,72
ref_Dita,0.9553166181245092,0.7828981633974483,0.3975,ok,4.885990497765102e-14,72,252,72,72,2,false,false,false,false,false,252,252,252,,true,72
ref_Dita,0.9553166181245092,0.7828981633974483,0.4,ok,5.030535564027029e-14,72,252,72,72,2,false,false,false,false,false,252,252,252,,true,72
ref_Dita,0.9553166181245092,0.7828981633974483,0.4025,ok,3.41981131627673e-14,72,252,72,72,2,false,false,false,false,false,252,252,252,,true,72
ref_Dita,0.9553166181245092,0.7828981633974483,0.405,ok,8.640887982266066e-14,72,252,72,72,2,false,false,false,false,false,252,252,252,,true,72
ref_Dita,0.9553166181245092,0.7853981633974483,0.395,ok,1.8459931287262346,72,240,72,72,6,true,false,false,false,false,240,240,240,,true,72
ref_Dita,0.9553166181245092,0.7853981633974483,0.3975,ok,1.8440633210608792,72,240,72,72,6,true,false,false,false,false,240,240,240,,true,72
ref_Dita,0.9553166181245092,0.7853981633974483,0.4025,ok,1.8401691416942323,72,240,72,72,6,true,false,false,false,false,240,240,240,,true,72
ref_Dita,0.9553166181245092,0.7853981633974483,0.405,ok,1.8382047943315494,72,240,72,72,6,true,false,false,false,false,240,240,240,,true,72
ref_Dita,0.9553166181245092,0.7878981633974482,0.395,ok,1.2619803103439326e-13,72,252,72,72,2,false,false,false,false,false,252,252,252,,true,72
ref_Dita,0.9553166181245092,0.7878981633974482,0.3975,ok,6.445272572083738e-14,72,252,72,72,2,false,false,false,false,false,252,252,252,,true,72
ref_Dita,0.9553166181245092,0.7878981633974482,0.4,ok,4.603584987571682e-14,72,252,72,72,2,false,false,false,false,false,252,252,252,,true,72
ref_Dita,0.9553166181245092,0.7878981633974482,0.4025,ok,6.642994210153217e-14,72,252,72,72,2,false,false,false,false,false,252,252,252,,true,72
ref_Dita,0.9553166181245092,0.7878981633974482,0.405,ok,6.38334794171476e-14,72,252,72,72,2,false,false,false,false,false,252,252,252,,true,72
ref_Dita,0.9553166181245092,0.7903981633974483,0.395,ok,2.9533184559716366e-14,72,252,72,72,2,false,false,false,false,false,252,252,252,,true,72
ref_Dita,0.9553166181245092,0.7903981633974483,0.3975,ok,2.0415126816682278e-14,72,252,72,72,2,false,false,false,false,false,252,252,252,,true,72
ref_Dita,0.9553166181245092,0.7903981633974483,0.4,ok,2.3713074747970842e-14,72,252,72,72,2,false,false,false,false,false,252,252,252,,true,72
ref_Dita,0.9553166181245092,0.7903981633974483,0.4025,ok,3.575538706997593e-14,72,252,72,72,2,false,false,false,false,false,252,252,252,,true,72
ref_Dita,0.9553166181245092,0.7903981633974483,0.405,ok,4.774694794679333e-14,72,252,72,72,2,false,false,false,false,false,252,252,252,,true,72
ref_Dita,0.9578166181245091,0.7803981633974483,0.395,ok,1.270502674150885e-13,72,252,72,72,2,false,false,false,false,false,252,252,252,,true,72
ref_Dita,0.9578166181245091,0.7803981633974483,0.3975,ok,1.3587397255100268e-13,72,252,72,72,2,false,false,false,false,false,252,252,252,,true,72
ref_Dita,0.9578166181245091,0.7803981633974483,0.4,ok,1.519334428889627e-13,72,252,72,72,2,false,false,false,false,false,252,252,252,,true,72
ref_Dita,0.9578166181245091,0.7803981633974483,0.4025,ok,1.0332174727239073e-13,72,252,72,72,2,false,false,false,false,false,252,252,252,,true,72
ref_Dita,0.9578166181245091,0.7803981633974483,0.405,ok,1.4359802454828445e-13,72,252,72,72,2,false,false,false,false,false,252,252,252,,true,72
ref_Dita,0.9578166181245091,0.7828981633974483,0.395,ok,5.701279644684624e-13,72,252,72,72,2,false,false,false,false,false,252,252,252,,true,72
ref_Dita,0.9578166181245091,0.7828981633974483,0.3975,ok,4.875169825966845e-13,72,252,72,72,2,false,false,false,false,false,252,252,252,,true,72
ref_Dita,0.9578166181245091,0.7828981633974483,0.4,ok,6.771727866551313e-13,72,252,72,72,2,false,false,false,false,false,252,252,252,,true,72
ref_Dita,0.9578166181245091,0.7828981633974483,0.4025,ok,6.104386415807057e-13,72,252,72,72,2,false,false,false,false,false,252,252,252,,true,72
ref_Dita,0.9578166181245091,0.7828981633974483,0.405,ok,4.815805162688986e-13,72,252,72,72,2,false,false,false,false,false,252,252,252,,true,72
ref_Dita,0.9578166181245091,0.7853981633974483,0.395,ok,3.575073291317833e-14,72,252,72,72,2,false,false,false,false,false,252,252,252,,true,72
ref_Dita,0.9578166181245091,0.7853981633974483,0.3975,ok,5.907325514783815e-14,72,252,72,72,2,false,false,false,false,false,252,252,252,,true,72
ref_Dita,0.9578166181245091,0.7853981633974483,0.4,ok,3.612509455030443e-14,72,252,72,72,2,false,false,false,false,false,252,252,252,,true,72
ref_Dita,0.9578166181245091,0.7853981633974483,0.4025,ok,5.494605801960651e-14,72,252,72,72,2,false,false,false,false,false,252,252,252,,true,72
ref_Dita,0.9578166181245091,0.7853981633974483,0.405,ok,1.0927945026566189e-13,72,252,72,72,2,false,false,false,false,false,252,252,252,,true,72
ref_Dita,0.9578166181245091,0.7878981633974482,0.395,ok,2.0577680521854865e-13,72,252,72,72,2,false,false,false,false,false,252,252,252,,true,72
ref_Dita,0.9578166181245091,0.7878981633974482,0.3975,ok,1.7698814573216845e-13,72,252,72,72,2,false,false,false,false,false,252,252,252,,true,72
ref_Dita,0.9578166181245091,0.7878981633974482,0.4,ok,1.8593401892273915e-13,72,252,72,72,2,false,false,false,false,false,252,252,252,,true,72
ref_Dita,0.9578166181245091,0.7878981633974482,0.4025,ok,2.1361066065841226e-13,72,252,72,72,2,false,false,false,false,false,252,252,252,,true,72
ref_Dita,0.9578166181245091,0.7878981633974482,0.405,ok,2.0528035734218008e-13,72,252,72,72,2,false,false,false,false,false,252,252,252,,true,72
ref_Dita,0.9578166181245091,0.7903981633974483,0.395,ok,1.3778207686883196e-13,72,252,72,72,2,false,false,false,false,false,252,252,252,,true,72
ref_Dita,0.9578166181245091,0.7903981633974483,0.3975,ok,1.40229035165607e-13,72,252,72,72,2,false,false,false,false,false,252,252,252,,true,72
ref_Dita,0.9578166181245091,0.7903981633974483,0.4,ok,1.3048370489580965e-13,72,252,72,72,2,false,false,false,false,false,252,252,252,,true,72
ref_Dita,0.9578166181245091,0.7903981633974483,0.4025,ok,1.4507709543246508e-13,72,252,72,72,2,false,false,false,false,false,252,252,252,,true,72
ref_Dita,0.9578166181245091,0.7903981633974483,0.405,ok,1.352673153134208e-13,72,252,72,72,2,false,false,false,false,false,252,252,252,,true,72
ref_Dita,0.9603166181245092,0.7803981633974483,0.395,ok,2.2476146377443943e-13,72,252,72,72,2,false,false,false,false,false,252,252,252,,true,72
ref_Dita,0.9603166181245092,0.7803981633974483,0.3975,ok,1.3303909560541846e-13,72,252,72,72,2,false,false,false,false,false,252,252,252,,true,72
ref_Dita,0.9603166181245092,0.7803981633974483,0.4,ok,7.211639937522858e-14,72,252,72,72,2,false,false,false,false,false,252,252,252,,true,72
ref_Dita,0.9603166181245092,0.7803981633974483,0.4025,ok,1.1997088703010512e-13,72,252,72,72,2,false,false,false,false,false,252,252,252,,true,72
ref_Dita,0.9603166181245092,0.7803981633974483,0.405,ok,1.3430326216304894e-13,72,252,72,72,2,false,false,false,false,false,252,252,252,,true,72
ref_Dita,0.9603166181245092,0.7828981633974483,0.395,ok,2.3825148128427005e-13,72,252,72,72,2,false,false,false,false,false,252,252,252,,true,72
ref_Dita,0.9603166181245092,0.7828981633974483,0.3975,ok,3.0413604839340103e-13,72,252,72,72,2,false,false,false,false,false,252,252,252,,true,72
ref_Dita,0.9603166181245092,0.7828981633974483,0.4,ok,2.5430973720587015e-13,72,252,72,72,2,false,false,false,false,false,252,252,252,,true,72
ref_Dita,0.9603166181245092,0.7828981633974483,0.4025,ok,3.072706844161799e-13,72,252,72,72,2,false,false,false,false,false,252,252,252,,true,72
ref_Dita,0.9603166181245092,0.7828981633974483,0.405,ok,3.002739741235482e-13,72,252,72,72,2,false,false,false,false,false,252,252,252,,true,72
ref_Dita,0.9603166181245092,0.7853981633974483,0.395,ok,7.367348308771929e-14,72,252,72,72,2,false,false,false,false,false,252,252,252,,true,72
ref_Dita,0.9603166181245092,0.7853981633974483,0.3975,ok,9.438365007757697e-14,72,252,72,72,2,false,false,false,false,false,252,252,252,,true,72
ref_Dita,0.9603166181245092,0.7853981633974483,0.4,ok,8.92721490656624e-14,72,252,72,72,2,false,false,false,false,false,252,252,252,,true,72
ref_Dita,0.9603166181245092,0.7853981633974483,0.4025,ok,7.80549164771072e-14,72,252,72,72,2,false,false,false,false,false,252,252,252,,true,72
ref_Dita,0.9603166181245092,0.7853981633974483,0.405,ok,1.2298069285898168e-13,72,252,72,72,2,false,false,false,false,false,252,252,252,,true,72
ref_Dita,0.9603166181245092,0.7878981633974482,0.395,ok,2.659210119228589e-14,72,252,72,72,2,false,false,false,false,false,252,252,252,,true,72
ref_Dita,0.9603166181245092,0.7878981633974482,0.3975,ok,3.0790229696328004e-14,72,252,72,72,2,false,false,false,false,false,252,252,252,,true,72
ref_Dita,0.9603166181245092,0.7878981633974482,0.4,ok,3.0198882599229825e-14,72,252,72,72,2,false,false,false,false,false,252,252,252,,true,72
ref_Dita,0.9603166181245092,0.7878981633974482,0.4025,ok,3.4476491916861314e-14,72,252,72,72,2,false,false,false,false,false,252,252,252,,true,72
ref_Dita,0.9603166181245092,0.7878981633974482,0.405,ok,1.901044192554124e-14,72,252,72,72,2,false,false,false,false,false,252,252,252,,true,72
ref_Dita,0.9603166181245092,0.7903981633974483,0.395,ok,6.472324100164062e-14,72,252,72,72,2,false,false,false,false,false,252,252,252,,true,72
ref_Dita,0.9603166181245092,0.7903981633974483,0.3975,ok,7.131901957782417e-14,72,252,72,72,2,false,false,false,false,false,252,252,252,,true,72
ref_Dita,0.9603166181245092,0.7903981633974483,0.4,ok,6.549835985557051e-14,72,252,72,72,2,false,false,false,false,false,252,252,252,,true,72
ref_Dita,0.9603166181245092,0.7903981633974483,0.4025,ok,6.257217360762893e-14,72,252,72,72,2,false,false,false,false,false,252,252,252,,true,72
ref_Dita,0.9603166181245092,0.7903981633974483,0.405,ok,6.173838338188165e-14,72,252,72,72,2,false,false,false,false,false,252,252,252,,true,72
ref_degen_circulant_match,1.5657963268000001,0.045000000000000005,6.2281853072,ok,2.575143099812927e-15,48,252,48,48,2,false,false,false,false,false,252,252,252,,true,48
ref_degen_circulant_match,1.5657963268000001,0.045000000000000005,6.2306853072,ok,3.2368285245694686e-15,48,252,48,48,2,false,false,false,false,false,252,252,252,,true,48
ref_degen_circulant_match,1.5657963268000001,0.045000000000000005,6.2331853072,ok,2.124706989126661e-15,48,252,48,48,2,false,false,false,false,false,252,252,252,,true,48
ref_degen_circulant_match,1.5657963268000001,0.045000000000000005,6.235685307200001,ok,7.021666937153402e-16,48,252,48,48,2,false,false,false,false,false,252,252,252,,true,48
ref_degen_circulant_match,1.5657963268000001,0.045000000000000005,6.2381853072,ok,1.5433697402820017e-15,48,252,48,48,2,false,false,false,false,false,252,252,252,,true,48
ref_degen_circulant_match,1.5657963268000001,0.0475,6.2281853072,ok,3.37661150723213e-15,48,252,48,48,2,false,false,false,false,false,252,252,252,,true,48
ref_degen_circulant_match,1.5657963268000001,0.0475,6.2306853072,ok,9.104505742017336e-16,48,252,48,48,2,false,false,false,false,false,252,252,252,,true,48
ref_degen_circulant_match,1.5657963268000001,0.0475,6.2331853072,ok,2.5468671054250572e-15,48,252,48,48,2,false,false,false,false,false,252,252,252,,true,48
ref_degen_circulant_match,1.5657963268000001,0.0475,6.235685307200001,ok,1.1116099371267112e-15,48,252,48,48,2,false,false,false,false,false,252,252,252,,true,48
ref_degen_circulant_match,1.5657963268000001,0.0475,6.2381853072,ok,1.0824674490095276e-15,48,252,48,48,2,false,false,false,false,false,252,252,252,,true,48
ref_degen_circulant_match,1.5657963268000001,0.05,6.2281853072,ok,1.6736404963781187e-15,48,252,48,48,2,false,false,false,false,false,252,252,252,,true,48
ref_degen_circulant_match,1.5657963268000001,0.05,6.2306853072,ok,2.482534153247273e-16,48,252,48,48,2,false,false,false,false,false,252,252,252,,true,48
ref_degen_circulant_match,1.5657963268000001,0.05,6.2331853072,ok,1.2123818431320796e-15,48,252,48,48,2,false,false,false,false,false,252,252,252,,true,48
ref_degen_circulant_match,1.5657963268000001,0.05,6.235685307200001,ok,5.389157964038493e-16,48,252,48,48,2,false,false,false,false,false,252,252,252,,true,48
ref_degen_circulant_match,1.5657963268000001,0.05,6.2381853072,ok,1.7886740406278828e-15,48,252,48,48,2,false,false,false,false,false,252,252,252,,true,48
ref_degen_circulant_match,1.5657963268000001,0.052500000000000005,6.2281853072,ok,1.1957467920563633e-15,48,252,48,48,2,false,false,false,false,false,252,252,252,,true,48
ref_degen_circulant_match,1.5657963268000001,0.052500000000000005,6.2306853072,ok,4.7587660856657865e-15,48,252,48,48,2,false,false,false,false,false,252,252,252,,true,48
ref_degen_circulant_match,1.5657963268000001,0.052500000000000005,6.2331853072,ok,3.8363989149992285e-15,48,252,48,48,2,false,false,false,false,false,252,252,252,,true,48
ref_degen_circulant_match,1.5657963268000001,0.052500000000000005,6.235685307200001,ok,1.1350130130534285e-15,48,252,48,48,2,false,false,false,false,false,252,252,252,,true,48
ref_degen_circulant_match,1.5657963268000001,0.052500000000000005,6.2381853072,ok,4.314028144506845e-15,48,252,48,48,2,false,false,false,false,false,252,252,252,,true,48
ref_degen_circulant_match,1.5657963268000001,0.055,6.2281853072,ok,1.6525642683844706e-15,48,252,48,48,2,false,false,false,false,false,252,252,252,,true,48
ref_degen_circulant_match,1.5657963268000001,0.055,6.2306853072,ok,6.804363002006077e-16,48,252,48,48,2,false,false,false,false,false,252,252,252,,true,48
ref_degen_circulant_match,1.5657963268000001,0.055,6.2331853072,ok,4.606610369049108e-15,48,252,48,48,2,false,false,false,false,false,252,252,252,,true,48
ref_degen_circulant_match,1.5657963268000001,0.055,6.235685307200001,ok,2.9567179783608954e-15,48,252,48,48,2,false,false,false,false,false,252,252,252,,true,48
ref_degen_circulant_match,1.5657963268000001,0.055,6.2381853072,ok,1.4133557720257279e-15,48,252,48,48,2,false,false,false,false,false,252,252,252,,true,48
ref_degen_circulant_match,1.5682963268,0.045000000000000005,6.2281853072,ok,1.2994827337208943e-15,48,252,48,48,2,false,false,false,false,false,252,252,252,,true,48
ref_degen_circulant_match,1.5682963268,0.045000000000000005,6.2306853072,ok,4.792319834988991e-15,48,252,48,48,2,false,false,false,false,false,252,252,252,,true,48
ref_degen_circulant_match,1.5682963268,0.045000000000000005,6.2331853072,ok,3.070725159912542e-15,48,252,48,48,2,false,false,false,false,false,252,252,252,,true,48
ref_degen_circulant_match,1.5682963268,0.045000000000000005,6.235685307200001,ok,1.7136679897814678e-15,48,252,48,48,2,false,false,false,false,false,252,252,252,,true,48
ref_degen_circulant_match,1.5682963268,0.045000000000000005,6.2381853072,ok,3.332634513908225e-15,48,252,48,48,2,false,false,false,false,false,252,252,252,,true,48
ref_degen_circulant_match,1.5682963268,0.0475,6.2281853072,ok,8.005932084973442e-16,48,252,48,48,2,false,false,false,false,false,252,252,252,,true,48
ref_degen_circulant_match,1.5682963268,0.0475,6.2306853072,ok,2.3733857464271978e-15,48,252,48,48,2,false,false,false,false,false,252,252,252,,true,48
ref_degen_circulant_match,1.5682963268,0.0475,6.2331853072,ok,2.159233940399377e-15,48,252,48,48,2,false,false,false,false,false,252,252,252,,true,48
ref_degen_circulant_match,1.5682963268,0.0475,6.235685307200001,ok,1.0418512929668255e-15,48,252,48,48,2,false,false,false,false,false,252,252,252,,true,48
ref_degen_circulant_match,1.5682963268,0.0475,6.2381853072,ok,1.8112639828356957e-15,48,252,48,48,2,false,false,false,false,false,252,252,252,,true,48
ref_degen_circulant_match,1.5682963268,0.05,6.2281853072,ok,4.3751803280840456e-15,48,252,48,48,2,false,false,false,false,false,252,252,252,,true,48
ref_degen_circulant_match,1.5682963268,0.05,6.2306853072,ok,2.6646798154688044e-15,48,252,48,48,2,false,false,false,false,false,252,252,252,,true,48
ref_degen_circulant_match,1.5682963268,0.05,6.2331853072,ok,5.661048867003676e-16,48,252,48,48,2,false,false,false,false,false,252,252,252,,true,48
ref_degen_circulant_match,1.5682963268,0.05,6.235685307200001,ok,1.8440363494407352e-15,48,252,48,48,2,false,false,false,false,false,252,252,252,,true,48
ref_degen_circulant_match,1.5682963268,0.05,6.2381853072,ok,1.7832046073691874e-15,48,252,48,48,2,false,false,false,false,false,252,252,252,,true,48
ref_degen_circulant_match,1.5682963268,0.052500000000000005,6.2281853072,ok,1.6326319374041212e-15,48,252,48,48,2,false,false,false,false,false,252,252,252,,true,48
ref_degen_circulant_match,1.5682963268,0.052500000000000005,6.2306853072,ok,3.566996437424606e-15,48,252,48,48,2,false,false,false,false,false,252,252,252,,true,48
ref_degen_circulant_match,1.5682963268,0.052500000000000005,6.2331853072,ok,5.10732759540454e-15,48,252,48,48,2,false,false,false,false,false,252,252,252,,true,48
ref_degen_circulant_match,1.5682963268,0.052500000000000005,6.235685307200001,ok,1.90947278359207e-15,48,252,48,48,2,false,false,false,false,false,252,252,252,,true,48
ref_degen_circulant_match,1.5682963268,0.052500000000000005,6.2381853072,ok,2.524537060921515e-15,48,252,48,48,2,false,false,false,false,false,252,252,252,,true,48
ref_degen_circulant_match,1.5682963268,0.055,6.2281853072,ok,9.682678848994769e-16,48,252,48,48,2,false,false,false,false,false,252,252,252,,true,48
ref_degen_circulant_match,1.5682963268,0.055,6.2306853072,ok,2.0362195688396304e-15,48,252,48,48,2,false,false,false,false,false,252,252,252,,true,48
ref_degen_circulant_match,1.5682963268,0.055,6.2331853072,ok,4.553442605056512e-16,48,252,48,48,2,false,false,false,false,false,252,252,252,,true,48
ref_degen_circulant_match,1.5682963268,0.055,6.235685307200001,ok,3.0038919713337027e-15,48,252,48,48,2,false,false,false,false,false,252,252,252,,true,48
ref_degen_circulant_match,1.5682963268,0.055,6.2381853072,ok,2.5717004936473002e-15,48,252,48,48,2,false,false,false,false,false,252,252,252,,true,48
ref_degen_circulant_match,1.5707963268,0.045000000000000005,6.2281853072,ok,2.5170496906211946e-15,48,252,48,48,2,false,false,false,false,false,252,252,252,,true,48
ref_degen_circulant_match,1.5707963268,0.045000000000000005,6.2306853072,ok,6.206335383118183e-16,48,252,48,48,2,false,false,false,false,false,252,252,252,,true,48
ref_degen_circulant_match,1.5707963268,0.045000000000000005,6.2331853072,ok,3.2487068343022356e-16,48,252,48,48,2,false,false,false,false,false,252,252,252,,true,48
ref_degen_circulant_match,1.5707963268,0.045000000000000005,6.235685307200001,ok,2.6945789820192467e-15,48,252,48,48,2,false,false,false,false,false,252,252,252,,true,48
ref_degen_circulant_match,1.5707963268,0.045000000000000005,6.2381853072,ok,1.2374513654982248e-15,48,192,48,48,6,true,false,false,false,false,192,192,192,,true,48
ref_degen_circulant_match,1.5707963268,0.0475,6.2281853072,ok,1.8452761694870047e-15,48,252,48,48,2,false,false,false,false,false,252,252,252,,true,48
ref_degen_circulant_match,1.5707963268,0.0475,6.2306853072,ok,3.675911382204534e-15,48,252,48,48,2,false,false,false,false,false,252,252,252,,true,48
ref_degen_circulant_match,1.5707963268,0.0475,6.2331853072,ok,1.3092278833360675e-16,48,252,48,48,2,false,false,false,false,false,252,252,252,,true,48
ref_degen_circulant_match,1.5707963268,0.0475,6.235685307200001,ok,3.5560862138150785e-15,48,192,48,48,6,true,false,false,false,false,192,192,192,,true,48
ref_degen_circulant_match,1.5707963268,0.0475,6.2381853072,ok,1.5838319836915702e-15,48,252,48,48,2,false,false,false,false,false,252,252,252,,true,48
ref_degen_circulant_match,1.5707963268,0.05,6.2281853072,ok,1.6136471996107275e-15,48,252,48,48,2,false,false,false,false,false,252,252,252,,true,48
ref_degen_circulant_match,1.5707963268,0.05,6.2306853072,ok,3.2520545972682607e-15,48,252,48,48,2,false,false,false,false,false,252,252,252,,true,48
ref_degen_circulant_match,1.5707963268,0.05,6.235685307200001,ok,2.1342936781203964e-15,48,252,48,48,2,false,false,false,false,false,252,252,252,,true,48
ref_degen_circulant_match,1.5707963268,0.05,6.2381853072,ok,2.7184882531662156e-15,48,252,48,48,2,false,false,false,false,false,252,252,252,,true,48
ref_degen_circulant_match,1.5707963268,0.052500000000000005,6.2281853072,ok,3.763414514908467e-15,48,252,48,48,2,false,false,false,false,false,252,252,252,,true,48
ref_degen_circulant_match,1.5707963268,0.052500000000000005,6.2306853072,ok,2.1059356651110042e-19,48,192,48,48,6,true,false,false,false,false,192,192,192,,true,48
ref_degen_circulant_match,1.5707963268,0.052500000000000005,6.2331853072,ok,1.9969070959495768e-15,48,252,48,48,2,false,false,false,false,false,252,252,252,,true,48
ref_degen_circulant_match,1.5707963268,0.052500000000000005,6.235685307200001,ok,2.7922991936497933e-15,48,252,48,48,2,false,false,false,false,false,252,252,252,,true,48
ref_degen_circulant_match,1.5707963268,0.052500000000000005,6.2381853072,ok,1.5100665727558131e-15,48,252,48,48,2,false,false,false,false,false,252,252,252,,true,48
ref_degen_circulant_match,1.5707963268,0.055,6.2281853072,ok,1.4058321189052861e-15,48,192,48,48,6,true,false,false,false,false,192,192,192,,true,48
ref_degen_circulant_match,1.5707963268,0.055,6.2306853072,ok,1.1105699151271772e-15,48,252,48,48,2,false,false,false,false,false,252,252,252,,true,48
ref_degen_circulant_match,1.5707963268,0.055,6.2331853072,ok,2.4756977713400195e-15,48,252,48,48,2,false,false,false,false,false,252,252,252,,true,48
ref_degen_circulant_match,1.5707963268,0.055,6.235685307200001,ok,2.1868857395626282e-15,48,252,48,48,2,false,false,false,false,false,252,252,252,,true,48
ref_degen_circulant_match,1.5707963268,0.055,6.2381853072,ok,1.5788995281571396e-15,48,252,48,48,2,false,false,false,false,false,252,252,252,,true,48
ref_degen_circulant_match,1.5732963268,0.045000000000000005,6.2281853072,ok,4.320251413638514e-15,48,252,48,48,2,false,false,false,false,false,252,252,252,,true,48
ref_degen_circulant_match,1.5732963268,0.045000000000000005,6.2306853072,ok,3.1186449331649703e-15,48,252,48,48,2,false,false,false,false,false,252,252,252,,true,48
ref_degen_circulant_match,1.5732963268,0.045000000000000005,6.2331853072,ok,3.735060666471903e-15,48,252,48,48,2,false,false,false,false,false,252,252,252,,true,48
ref_degen_circulant_match,1.5732963268,0.045000000000000005,6.235685307200001,ok,2.6604844918946567e-15,48,252,48,48,2,false,false,false,false,false,252,252,252,,true,48
ref_degen_circulant_match,1.5732963268,0.045000000000000005,6.2381853072,ok,2.2452871135843694e-15,48,252,48,48,2,false,false,false,false,false,252,252,252,,true,48
ref_degen_circulant_match,1.5732963268,0.0475,6.2281853072,ok,1.7702748954631059e-15,48,252,48,48,2,false,false,false,false,false,252,252,252,,true,48
ref_degen_circulant_match,1.5732963268,0.0475,6.2306853072,ok,8.433611121722169e-16,48,252,48,48,2,false,false,false,false,false,252,252,252,,true,48
ref_degen_circulant_match,1.5732963268,0.0475,6.2331853072,ok,2.4019399953800686e-15,48,252,48,48,2,false,false,false,false,false,252,252,252,,true,48
ref_degen_circulant_match,1.5732963268,0.0475,6.235685307200001,ok,8.886119947416683e-16,48,252,48,48,2,false,false,false,false,false,252,252,252,,true,48
ref_degen_circulant_match,1.5732963268,0.0475,6.2381853072,ok,1.9076784904469936e-15,48,252,48,48,2,false,false,false,false,false,252,252,252,,true,48
ref_degen_circulant_match,1.5732963268,0.05,6.2281853072,ok,2.192407739396711e-15,48,252,48,48,2,false,false,false,false,false,252,252,252,,true,48
ref_degen_circulant_match,1.5732963268,0.05,6.2306853072,ok,3.142637229273806e-15,48,252,48,48,2,false,false,false,false,false,252,252,252,,true,48
ref_degen_circulant_match,1.5732963268,0.05,6.2331853072,ok,1.1443916996305594e-15,48,252,48,48,2,false,false,false,false,false,252,252,252,,true,48
ref_degen_circulant_match,1.5732963268,0.05,6.235685307200001,ok,1.1379786002407855e-15,48,252,48,48,2,false,false,false,false,false,252,252,252,,true,48
ref_degen_circulant_match,1.5732963268,0.05,6.2381853072,ok,4.348688458596125e-15,48,252,48,48,2,false,false,false,false,false,252,252,252,,true,48
ref_degen_circulant_match,1.5732963268,0.052500000000000005,6.2281853072,ok,1.1443916996305594e-15,48,252,48,48,2,false,false,false,false,false,252,252,252,,true,48
ref_degen_circulant_match,1.5732963268,0.052500000000000005,6.2306853072,ok,1.5565409952966684e-15,48,252,48,48,2,false,false,false,false,false,252,252,252,,true,48
ref_degen_circulant_match,1.5732963268,0.052500000000000005,6.2331853072,ok,5.5283783764744185e-15,48,252,48,48,2,false,false,false,false,false,252,252,252,,true,48
ref_degen_circulant_match,1.5732963268,0.052500000000000005,6.235685307200001,ok,8.688869536365456e-16,48,252,48,48,2,false,false,false,false,false,252,252,252,,true,48
ref_degen_circulant_match,1.5732963268,0.052500000000000005,6.2381853072,ok,7.771561172376096e-16,48,252,48,48,2,false,false,false,false,false,252,252,252,,true,48
ref_degen_circulant_match,1.5732963268,0.055,6.2281853072,ok,1.2325475812854657e-15,48,252,48,48,2,false,false,false,false,false,252,252,252,,true,48
ref_degen_circulant_match,1.5732963268,0.055,6.2306853072,ok,8.886119947416683e-16,48,252,48,48,2,false,false,false,false,false,252,252,252,,true,48
ref_degen_circulant_match,1.5732963268,0.055,6.2331853072,ok,9.930136612989092e-16,48,252,48,48,2,false,false,false,false,false,252,252,252,,true,48
ref_degen_circulant_match,1.5732963268,0.055,6.235685307200001,ok,3.91933887746806e-15,48,252,48,48,2,false,false,false,false,false,252,252,252,,true,48
ref_degen_circulant_match,1.5732963268,0.055,6.2381853072,ok,2.7755575615628914e-16,48,252,48,48,2,false,false,false,false,false,252,252,252,,true,48
ref_degen_circulant_match,1.5757963268,0.045000000000000005,6.2281853072,ok,9.586729210015212e-16,48,252,48,48,2,false,false,false,false,false,252,252,252,,true,48
ref_degen_circulant_match,1.5757963268,0.045000000000000005,6.2306853072,ok,3.2200131361303066e-15,48,252,48,48,2,false,false,false,false,false,252,252,252,,true,48
ref_degen_circulant_match,1.5757963268,0.045000000000000005,6.2331853072,ok,2.6577322408464374e-15,48,252,48,48,2,false,false,false,false,false,252,252,252,,true,48
ref_degen_circulant_match,1.5757963268,0.045000000000000005,6.235685307200001,ok,3.360603099725814e-15,48,252,48,48,2,false,false,false,false,false,252,252,252,,true,48
ref_degen_circulant_match,1.5757963268,0.045000000000000005,6.2381853072,ok,1.336885555457667e-15,48,252,48,48,2,false,false,false,false,false,252,252,252,,true,48
ref_degen_circulant_match,1.5757963268,0.0475,6.2281853072,ok,2.1283409918167222e-15,48,252,48,48,2,false,false,false,false,false,252,252,252,,true,48
ref_degen_circulant_match,1.5757963268,0.0475,6.2306853072,ok,2.2206195148221764e-15,48,252,48,48,2,false,false,false,false,false,252,252,252,,true,48
ref_degen_circulant_match,1.5757963268,0.0475,6.2331853072,ok,2.7426104336560064e-15,48,252,48,48,2,false,false,false,false,false,252,252,252,,true,48
ref_degen_circulant_match,1.5757963268,0.0475,6.235685307200001,ok,1.4228624520802642e-15,48,252,48,48,2,false,false,false,false,false,252,252,252,,true,48
ref_degen_circulant_match,1.5757963268,0.0475,6.2381853072,ok,1.6653345369377348e-15,48,252,48,48,2,false,false,false,false,false,252,252,252,,true,48
ref_degen_circulant_match,1.5757963268,0.05,6.2281853072,ok,2.0154829293996907e-15,48,252,48,48,2,false,false,false,false,false,252,252,252,,true,48
ref_degen_circulant_match,1.5757963268,0.05,6.2306853072,ok,3.1086244689504383e-15,48,252,48,48,2,false,false,false,false,false,252,252,252,,true,48
ref_degen_circulant_match,1.5757963268,0.05,6.2331853072,ok,8.688869536365456e-16,48,252,48,48,2,false,false,false,false,false,252,252,252,,true,48
ref_degen_circulant_match,1.5757963268,0.05,6.235685307200001,ok,2.7755575615628914e-16,48,252,48,48,2,false,false,false,false,false,252,252,252,,true,48
ref_degen_circulant_match,1.5757963268,0.05,6.2381853072,ok,2.1355566272775288e-15,48,252,48,48,2,false,false,false,false,false,252,252,252,,true,48
ref_degen_circulant_match,1.5757963268,0.052500000000000005,6.2281853072,ok,4.10866902397151e-15,48,252,48,48,2,false,false,false,false,false,252,252,252,,true,48
ref_degen_circulant_match,1.5757963268,0.052500000000000005,6.2306853072,ok,1.4043333874306805e-15,48,252,48,48,2,false,false,false,false,false,252,252,252,,true,48
ref_degen_circulant_match,1.5757963268,0.052500000000000005,6.2331853072,ok,1.790180836524724e-15,48,252,48,48,2,false,false,false,false,false,252,252,252,,true,48
ref_degen_circulant_match,1.5757963268,0.052500000000000005,6.235685307200001,ok,1.4185244467036104e-15,48,252,48,48,2,false,false,false,false,false,252,252,252,,true,48
ref_degen_circulant_match,1.5757963268,0.052500000000000005,6.2381853072,ok,1.0934428697813141e-15,48,252,48,48,2,false,false,false,false,false,252,252,252,,true,48
ref_degen_circulant_match,1.5757963268,0.055,6.2281853072,ok,3.6675188795152034e-15,48,252,48,48,2,false,false,false,false,false,252,252,252,,true,48
ref_degen_circulant_match,1.5757963268,0.055,6.2306853072,ok,1.4228624520802642e-15,48,252,48,48,2,false,false,false,false,false,252,252,252,,true,48
ref_degen_circulant_match,1.5757963268,0.055,6.2331853072,ok,3.1577990563142793e-15,48,252,48,48,2,false,false,false,false,false,252,252,252,,true,48
ref_degen_circulant_match,1.5757963268,0.055,6.235685307200001,ok,2.7307875685720004e-15,48,252,48,48,2,false,false,false,false,false,252,252,252,,true,48
ref_degen_circulant_match,1.5757963268,0.055,6.2381853072,ok,1.0990647210786425e-15,48,252,48,48,2,false,false,false,false,false,252,252,252,,true,48
                                                                                                                                                                                                                                                                                                                                                                                                                                                                                                                                                                                                                                                                                                                                                                                                                                                                                                                                                                                                                                                                                                                                                                                                                                                                                                                                                                                                                                                                                                                                                                                                                                                                                                                                                                                                                                                                                                                                                                                                                                                                                                                                                                                                                                                                                                                                                                                                                                                                                                                                                                                                                                                                                                                                                                                                                                                                                                                                                                                                                                                                                                                                                                                                                                                                                                                                                                                                                                                                                                                                                                                                                                                                                                                                                                                                                                                                                                                                                                                                                                                                                                                                                                                                                                                                                                                                                                                                                                                                                                                                                                                                                                                                                                                                                                                                                                                                                                                                                                                                                                                                                                                                                                                                                                                                                                                                                                                                                                                                                                                                                                                                                                                                                                                                                                                                                                                                                                                                                                                                                                                                                                                                                                                                                                                                                                                                                                                                                                                                                                                                                                                                                                                                                                                                                                                                                                                                                                                                                                                                                                                                                                                                                                                                                                                                                                                                                                                                                                                                                                                                                                                                                                                                                                                                                                                                                                                                                                                                                                                                                                                                                                                                                                                                                                                                                                                                                                                                                                                                                                                                                                                                                                                                                                                                                                                                                                                                                                                                                                                                                                                                                                                                                                                                                                                                                                                                                                                                                                                                                                                                                                                                                                                                                                                                                                                                                                                                                                                                                                                                                                                                                                                                                                                                                                                                                                                                                                                                                                                                                                                                                                                                                                                                                                                                                                                                                                                                                                                                                                                                                                                                                                                                                                                                                                                                                                                                                                                                                                                                                                                                                                                                                                                                                                                                                                                                                                                                                                                                                                                                                                                                                                                                                                                                                                                                                                                                                                                                                                                                                                                                                                                                                                                                                                                                                                                                                                                                                                                                                                                                                                                                                                                                                                                                                                                                                                                                                                                                                                                                                                                                                                                                                                                                                                                                                                                                                                                                                                                                                                                                                                                                                                                                                                                                                                                                                                                                                                                                                                                                                                                                                                                                                                                                                                                                                                                                                                                                                                                                                                                                                                                                                                                                                                                                                                                                                                                                                                                                                                                                                                                                                                                                                                                                                                                                                                                                                                                                                                                                                                                                                                                                                                                                                                                                                                                                                                                                                                                                                                                                                                                                                                                                                                                                                                                                                                                                                                                                                                                                                                                                                                                                                                                                                                                                                                                                                                                                                                                                                                                                                                                                                                                                                                                                                                                                                                                                                                                                                                                                                                                                                                                                                                                                                                                                                                                                                                                                                                                                                                                                                                                                                                                                                                                                                                                                                                                                                                                                                                                                                                                                                                                                                                                                                                                                                                                                                                                                                                                                                                                                                                                                                                                                                                                                                                                                                                                                                                                                                                                                                                                                                                                                                                                                                                                                                                                                                                                                                                                                                                                                                                                                                                                                                                                                                                                                                                                                                                                                                                                                                                                                                                                                                                                                                                                                                                                                                                                                                                                                                                                                                                                                                                                                                                                                                                                                                                                                                                                                                                                                                                                                                                                                                                                                                                                                                                                                                                                                                                                                                                                                                                                                                                                                                                                                                                                                                                                                                                                                                                                                                                                                                                                                                                                                                                                                                                                                                                                                                                                                                                                                                                                                                                                                                                                                                                                                                                                                                                                                                                                                                                                                                                                                                                                                                                                                                                                                                                                                                                                                                                                                                                                                                                                                                                                                                                                                                                                                                                                                                                                                                                                                                                                                                                                                                                                                                                                                                                                                                                                                                                                                                                                                                                                                                                                                                                                                                                                                                                                                                                                                                                                                                                                                                                                                                                                                                                                                                                                                                                                                                                                                                                                                                                                                                                                                                                                                                                                                                                                                                                                                                                                                                                                                                                                                                                                                                                                                                                                                                                                                                                                                                                                                                                                                                                                                                                                                                                                                                                                                                                                                                                                                                                                                                                                                                                                                                                                                                                                                                                                                                                                                                                                                                                                                                                                                                                                                                                                                                                                                                                                                                                                                                                                                                                                                                                                                                                                                                                                                                                                                                                                                                                                                                                                                                                                                                                                                                                                                                                                                                                                                                                                                                                                                                                                                                                                                                                                                                                                                                                                                                                                                                                                                                                                                                                                                                                                                                                                                                                                                                                                                                                                                                                                                                                                                                                                                                                                                                                                                                                                                                                                                                                                                                                                                                                                                                                                                                                                                                                                                                                                                                                                                                                                                                                                                                                                                                                                                                                                                                                                                                                                                                                                                                                                                                                                                                                                                                                                                                                                                                                                                                                                                                                                                                                                                                                                                                                                                                                                                                                                                                                                                                                                                                                                                                                                                                                                                                                                                                                                                                                                                                                                                                                                                                                                                                                                                                                                                                                                                                                                                                                                                                                                                                                                                                                                                                                                                                                                                                                                                                                                                                                                                                                                                                                                                                                                                                                                                                                                                                                                                                                                                                                                                                                                                                                                                                                                                                                                                                                                                                                                                                                                                                                                                                                                                                                                                                                                                                                                                                                                                                                                                                                                                                                                                                                                                                                                                                                                                                                                                                                                                                                                                                                                                                                                                                                                                                                                                                                                                                                                                                                                                                                                                                                                                                                                                                                                                                                                                                                                                                                                                                                                                                                                                                                                                                                                                                                                                                                                                                                                                                                                                                                                                                                                                                                                                                                                                                                                                                                                                                                                                                                                                                                                                                                                                                                                                                                                                                                                                                                                                                                                                                                                                                                                                                                                                                                                                                                                                                                                                                                                                                                                                                                                                                                                                                                                                                                                                                                                                                                                                                                                                                                                                                                                                                                                                                                                                                                                                                                                                                                                                                                                                                                                                                                                                                                                                                                                                                                                                                                                                                                                                                                                                                                                                                                                                                                                                                                                                                                                                                                                                                                                                                                                                                                                                                                                                                                                                                                                                                                                                                                                                                                                                                                                                                                                                                                                                                                                                                                                                                                                                                                                                                                                                                                                                                                                                                                                                                                                                                                                                                                                                                                                                                                                                                                                                                                                                                                                                                                                                                                                                                                                                                                                                                                                                                                                                                                                                                                                                                                                                                                                                                                                                                                                                                                                                                                                                                                                                                                                                                                                                                                                                                                                                                                                                                                                                                                                                                                                                                                                                                                                                                                                                                                                                                                                                                                                                                                                                                                                                                                                                                                                                                                                                                                                                                                                                                                                                                                                                                                                                                                                                                                                                                                                                                                                                                                                                                                                                                                                                                                                                                                                                                                                                                                                                                                                                                                                                                                                                                                                                                                                                                                                                                                                                                                                                                                                                                                                                                                                                                                                                                                                                                                                                                                                                                                                                                                                                                                                                                                                                                                                                                                                                                                                                                                                                                                                                                                                                                                                                                                                                                                                                                                                                                                                                                                                                                                                                                                                                                                                                                                                                                                                                                                                                                                                                                                                                                                                                                                                                                                                                                                                                                                                                                                                                                                                                                                                                                                                                                                                                                                                                                                                                                                                                                                                                                                                                                                                                                                                                                                                                                                                                                                                                                                                                                                                                                                                                                                                                                                                                                                                                                                                                                                                                                                                                                                                                                                                                                                                                                                                                                                                                                                                                                                                                                                                                                                                                                                                                                                                                                                                                                                                                                                                                                                                                                                                                                                                                                                                                                                                                                                                                                                                                                                                                                                                                                                                                                                                                                                                                                                                                                                                                                                                                                                                                                                                                                                                                                                                                                                                                                                                                                                                                                                                                                                                                                                                                                                                                                                                                                                                                                                                                                                                                                                                                                                                                                                                                                                                                                                                                                                                                                                                                                                                                                                                                                                                                                                                                                                                                                                                                                                                                                                                                                                                                                                                                                                                                                                                                                                                                                                                                                                                                                                                                                                                                                                                                                                                                                                                                                                                                                                                                                                                                                                                                                                                                                                                                                                                                                                                                                                                                                                                                                                                                                                                                                                                                                                                                                                                                                                                                                                                                                                                                                                                                                                                                                                                                                                                                                                                                                                                                                                                                                                                                                                                                                                                                                                                                                                                                                                                                                                                                                                                                                                                                                                                                                                                                                                                                                                                                                                                                                                                                                                                                                                                                                                                                                                                                                                                                                                                                                                                                                                                                                                                                                                                                                                                                                                                                                                                                                                                                                                                                                                                                                                                                                                                                                                                                                                                                                                                                                                                                                                                                                                                                                                                                                                                                                                                                                                                                                                                                                                                                                                                                                                                                                                                                                                                                                                                                                                                                                           ref_ref_degen_circulant_match,1.5707963268,0.06,6.230685307200001,ok,6.667118051786499e-16,48,252,48,48,2,false,false,false,false,false,252,252,252,,true,48
ref_ref_degen_circulant_match,1.5707963268,0.06,6.2331853072,ok,1.1060518526157679e-15,48,252,48,48,2,false,false,false,false,false,252,252,252,,true,48
ref_ref_degen_circulant_match,1.5732963268,0.05,6.2231853072000005,ok,1.1443916996305594e-15,48,252,48,48,2,false,false,false,false,false,252,252,252,,true,48
ref_ref_degen_circulant_match,1.5732963268,0.0525,6.2231853072000005,ok,1.5265566588595902e-16,48,252,48,48,2,false,false,false,false,false,252,252,252,,true,48
ref_ref_degen_circulant_match,1.5732963268,0.055,6.2231853072000005,ok,7.270954337185018e-16,48,252,48,48,2,false,false,false,false,false,252,252,252,,true,48
ref_ref_degen_circulant_match,1.5732963268,0.0575,6.2231853072000005,ok,2.9785964866129233e-15,48,252,48,48,2,false,false,false,false,false,252,252,252,,true,48
ref_ref_degen_circulant_match,1.5732963268,0.06,6.2231853072000005,ok,2.6402833231878806e-15,48,252,48,48,2,false,false,false,false,false,252,252,252,,true,48
ref_ref_degen_circulant_match,1.5732963268,0.06,6.2256853072,ok,1.1762602059271538e-15,48,252,48,48,2,false,false,false,false,false,252,252,252,,true,48
ref_ref_degen_circulant_match,1.5732963268,0.06,6.2281853072,ok,6.753223014464259e-16,48,252,48,48,2,false,false,false,false,false,252,252,252,,true,48
ref_ref_degen_circulant_match,1.5732963268,0.06,6.230685307200001,ok,1.5151595604785607e-15,48,252,48,48,2,false,false,false,false,false,252,252,252,,true,48
ref_ref_degen_circulant_match,1.5732963268,0.06,6.2331853072,ok,2.3420180361420893e-15,48,252,48,48,2,false,false,false,false,false,252,252,252,,true,48
ref_ref_degen_circulant_match,1.5757963268,0.05,6.2231853072000005,ok,2.280617143682994e-15,48,252,48,48,2,false,false,false,false,false,252,252,252,,true,48
ref_ref_degen_circulant_match,1.5757963268,0.0525,6.2231853072000005,ok,1.3162699487456049e-15,48,252,48,48,2,false,false,false,false,false,252,252,252,,true,48
ref_ref_degen_circulant_match,1.5757963268,0.055,6.2231853072000005,ok,9.155133597044475e-16,48,252,48,48,2,false,false,false,false,false,252,252,252,,true,48
ref_ref_degen_circulant_match,1.5757963268,0.0575,6.2231853072000005,ok,2.5631488888267375e-15,48,252,48,48,2,false,false,false,false,false,252,252,252,,true,48
ref_ref_degen_circulant_match,1.5757963268,0.06,6.2231853072000005,ok,3.78494878410924e-15,48,252,48,48,2,false,false,false,false,false,252,252,252,,true,48
ref_ref_degen_circulant_match,1.5757963268,0.06,6.2256853072,ok,6.280369834735101e-16,48,252,48,48,2,false,false,false,false,false,252,252,252,,true,48
ref_ref_degen_circulant_match,1.5757963268,0.06,6.2281853072,ok,1.680072297996111e-15,48,252,48,48,2,false,false,false,false,false,252,252,252,,true,48
ref_ref_degen_circulant_match,1.5757963268,0.06,6.230685307200001,ok,3.3306690738754696e-16,48,252,48,48,2,false,false,false,false,false,252,252,252,,true,48
ref_ref_degen_circulant_match,1.5757963268,0.06,6.2331853072,ok,2.278663452567752e-15,48,252,48,48,2,false,false,false,false,false,252,252,252,,true,48
ref_ref_F6_theta0,-0.005,0.49,0.2925,ok,2.543382085403033e-16,48,252,48,48,2,false,false,false,false,false,252,252,252,,true,48
ref_ref_F6_theta0,-0.005,0.49,0.295,ok,4.027183994145517e-16,48,252,48,48,2,false,false,false,false,false,252,252,252,,true,48
ref_ref_F6_theta0,-0.005,0.49,0.2975,ok,4.0079245804287273e-16,48,252,48,48,2,false,false,false,false,false,252,252,252,,true,48
ref_ref_F6_theta0,-0.005,0.49,0.3,ok,2.1684043449710089e-16,48,252,48,48,2,false,false,false,false,false,252,252,252,,true,48
ref_ref_F6_theta0,-0.005,0.49,0.3025,ok,4.0996859776161895e-16,48,252,48,48,2,false,false,false,false,false,252,252,252,,true,48
ref_ref_F6_theta0,-0.005,0.4925,0.2925,ok,1.4088688899021424e-16,48,252,48,48,2,false,false,false,false,false,252,252,252,,true,48
ref_ref_F6_theta0,-0.005,0.4925,0.295,ok,3.3408180067579024e-16,48,252,48,48,2,false,false,false,false,false,252,252,252,,true,48
ref_ref_F6_theta0,-0.005,0.4925,0.2975,ok,1.2049774363595733e-16,48,252,48,48,2,false,false,false,false,false,252,252,252,,true,48
ref_ref_F6_theta0,-0.005,0.4925,0.3,ok,1.1102569054260746e-16,48,252,48,48,2,false,false,false,false,false,252,252,252,,true,48
ref_ref_F6_theta0,-0.005,0.4925,0.3025,ok,2.280617143682994e-16,48,252,48,48,2,false,false,false,false,false,252,252,252,,true,48
ref_ref_F6_theta0,-0.005,0.495,0.2925,ok,4.918575854908408e-16,48,252,48,48,2,false,false,false,false,false,252,252,252,,true,48
ref_ref_F6_theta0,-0.005,0.4975,0.2925,ok,4.644914445067638e-16,48,252,48,48,2,false,false,false,false,false,252,252,252,,true,48
ref_ref_F6_theta0,-0.005,0.5,0.2925,ok,3.2786273695961654e-16,48,252,48,48,2,false,false,false,false,false,252,252,252,,true,48
ref_ref_F6_theta0,-0.0025,0.49,0.2925,ok,2.252804103781369e-16,48,252,48,48,2,false,false,false,false,false,252,252,252,,true,48
ref_ref_F6_theta0,-0.0025,0.49,0.295,ok,2.6237692574149207e-16,48,252,48,48,2,false,false,false,false,false,252,252,252,,true,48
ref_ref_F6_theta0,-0.0025,0.49,0.2975,ok,1.973247953923618e-16,48,252,48,48,2,false,false,false,false,false,252,252,252,,true,48
ref_ref_F6_theta0,-0.0025,0.49,0.3,ok,3.002437522678192e-16,48,252,48,48,2,false,false,false,false,false,252,252,252,,true,48
ref_ref_F6_theta0,-0.0025,0.49,0.3025,ok,3.544297861841223e-16,48,252,48,48,2,false,false,false,false,false,252,252,252,,true,48
ref_ref_F6_theta0,-0.0025,0.4925,0.2925,ok,4.336808689942018e-18,48,252,48,48,2,false,false,false,false,false,252,252,252,,true,48
ref_ref_F6_theta0,-0.0025,0.4925,0.295,ok,1.1476166043854938e-16,48,252,48,48,2,false,false,false,false,false,252,252,252,,true,48
ref_ref_F6_theta0,-0.0025,0.4925,0.2975,ok,1.6581815106213764e-16,48,252,48,48,2,false,false,false,false,false,252,252,252,,true,48
ref_ref_F6_theta0,-0.0025,0.4925,0.3,ok,1.1159342773238595e-16,48,252,48,48,2,false,false,false,false,false,252,252,252,,true,48
ref_ref_F6_theta0,-0.0025,0.4925,0.3025,ok,6.808789643208968e-17,48,252,48,48,2,false,false,false,false,false,252,252,252,,true,48
ref_ref_F6_theta0,-0.0025,0.495,0.2925,ok,1.753621185233336e-16,48,252,48,48,2,false,false,false,false,false,252,252,252,,true,48
ref_ref_F6_theta0,-0.0025,0.4975,0.2925,ok,2.549752159805297e-16,48,252,48,48,2,false,false,false,false,false,252,252,252,,true,48
ref_ref_F6_theta0,-0.0025,0.5,0.2925,ok,3.2731731393863163e-16,48,252,48,48,2,false,false,false,false,false,252,252,252,,true,48
ref_ref_F6_theta0,0.0,0.49,0.2925,ok,0.0,48,204,48,48,6,true,false,false,false,false,204,204,204,,true,48
ref_ref_F6_theta0,0.0,0.49,0.295,not_hadamard,NaN,,,,,,,,,,,,,,,,
ref_ref_F6_theta0,0.0,0.49,0.2975,ok,0.0,48,204,48,48,6,true,false,false,false,false,204,204,204,,true,48
ref_ref_F6_theta0,0.0,0.49,0.3,ok,NaN,48,204,48,48,6,true,false,false,false,false,204,204,204,,true,48
ref_ref_F6_theta0,0.0,0.49,0.3025,not_hadamard,NaN,,,,,,,,,,,,,,,,
ref_ref_F6_theta0,0.0,0.4925,0.2925,ok,0.0,48,204,48,48,6,true,false,false,false,false,204,204,204,,true,48
ref_ref_F6_theta0,0.0,0.4925,0.295,not_hadamard,NaN,,,,,,,,,,,,,,,,
ref_ref_F6_theta0,0.0,0.4925,0.2975,ok,0.0,48,204,48,48,6,true,false,false,false,false,204,204,204,,true,48
ref_ref_F6_theta0,0.0,0.4925,0.3,ok,NaN,48,204,48,48,6,true,false,false,false,false,204,204,204,,true,48
ref_ref_F6_theta0,0.0,0.4925,0.3025,not_hadamard,NaN,,,,,,,,,,,,,,,,
ref_ref_F6_theta0,0.0,0.495,0.2925,ok,0.0,48,204,48,48,6,true,false,false,false,false,204,204,204,,true,48
ref_ref_F6_theta0,0.0,0.4975,0.2925,ok,0.0,48,204,48,48,6,true,false,false,false,false,204,204,204,,true,48
ref_ref_F6_theta0,0.0,0.5,0.2925,ok,0.0,48,204,48,48,6,true,false,false,false,false,204,204,204,,true,48
ref_ref_F6_theta0,0.0025,0.49,0.2925,ok,2.3248571226851995e-16,48,252,48,48,2,false,false,false,false,false,252,252,252,,true,48
ref_ref_F6_theta0,0.0025,0.49,0.295,ok,5.124722620651178e-16,48,252,48,48,2,false,false,false,false,false,252,252,252,,true,48
ref_ref_F6_theta0,0.0025,0.49,0.2975,ok,2.9052345828309734e-16,48,252,48,48,2,false,false,false,false,false,252,252,252,,true,48
ref_ref_F6_theta0,0.0025,0.49,0.3,ok,2.6900836623918867e-16,48,252,48,48,2,false,false,false,false,false,252,252,252,,true,48
ref_ref_F6_theta0,0.0025,0.49,0.3025,ok,2.0122792321330962e-16,48,252,48,48,2,false,false,false,false,false,252,252,252,,true,48
ref_ref_F6_theta0,0.0025,0.4925,0.2925,ok,1.1346537043696617e-16,48,252,48,48,2,false,false,false,false,false,252,252,252,,true,48
ref_ref_F6_theta0,0.0025,0.4925,0.295,ok,2.2247786310271853e-16,48,252,48,48,2,false,false,false,false,false,252,252,252,,true,48
ref_ref_F6_theta0,0.0025,0.4925,0.2975,ok,1.6436504934880247e-16,48,252,48,48,2,false,false,false,false,false,252,252,252,,true,48
ref_ref_F6_theta0,0.0025,0.4925,0.3,ok,3.3307142486596306e-16,48,252,48,48,2,false,false,false,false,false,252,252,252,,true,48
ref_ref_F6_theta0,0.0025,0.4925,0.3025,ok,3.3315837438649417e-16,48,252,48,48,2,false,false,false,false,false,252,252,252,,true,48
degen_circulant_match,2.4398227992,2.2225661811,3.583248747,ok,6.923564775701675e-14,52,252,52,52,2,false,false,false,false,false,252,252,252,,true,52
degen_circulant_match,3.0915926536,2.2225661811,0.9333121867,ok,4.693512974075303e-14,48,252,48,48,2,false,false,false,false,false,252,252,252,,true,48
degen_circulant_match,2.4398227992,2.2225661811,0.05,ok,2.1577510093237072e-14,60,252,60,60,2,false,false,false,false,false,252,252,252,,true,60
degen_circulant_match,2.4398227992,2.2225661811,6.2331853072,ok,1.9790255799147006e-14,60,252,60,60,2,false,false,false,false,false,252,252,252,,true,60
degen_circulant_match,2.4398227992,2.2225661811,4.4665609337,ok,1.8952729732142574e-14,52,252,52,52,2,false,false,false,false,false,252,252,252,,true,52
degen_circulant_match,2.4398227992,2.2225661811,0.9333121867,ok,3.4607808299622865e-14,56,252,56,56,2,false,false,false,false,false,252,252,252,,true,56
degen_circulant_match,3.0915926536,2.005309563,0.9333121867,ok,2.034163702094079e-14,48,252,48,48,2,false,false,false,false,false,252,252,252,,true,48
degen_circulant_match,2.4398227992,2.2225661811,2.6999365602,ok,8.899114524108741e-15,56,252,56,56,2,false,false,false,false,false,252,252,252,,true,56
degen_circulant_match,2.8743360355,2.005309563,0.9333121867,ok,1.570092458683775e-14,48,252,48,48,2,false,false,false,false,false,252,252,252,,true,48
degen_circulant_match,2.6570794174,2.2225661811,3.583248747,ok,1.5726417892782555e-14,52,252,52,52,2,false,false,false,false,false,252,252,252,,true,52
degen_circulant_match,2.6570794174,2.2225661811,0.9333121867,ok,1.2709508105967211e-14,48,252,48,48,2,false,false,false,false,false,252,252,252,,true,48
degen_circulant_match,2.6570794174,2.2225661811,0.05,ok,6.679816236361857e-15,52,252,52,52,2,false,false,false,false,false,252,252,252,,true,52
degen_circulant_match,3.0915926536,0.05,0.9333121867,ok,1.0677783136387645e-14,48,252,48,48,2,false,false,false,false,false,252,252,252,,true,48
degen_circulant_match,2.4398227992,2.2225661811,5.3498731204,ok,9.801609490377453e-15,56,252,56,56,2,false,false,false,false,false,252,252,252,,true,56
degen_circulant_match,3.0915926536,0.2672566181,0.9333121867,ok,8.915719945840662e-15,48,252,48,48,2,false,false,false,false,false,252,252,252,,true,48
degen_circulant_match,2.8743360355,2.2225661811,0.9333121867,ok,8.478499276892386e-15,48,252,48,48,2,false,false,false,false,false,252,252,252,,true,48
degen_circulant_match,2.6570794174,2.2225661811,6.2331853072,ok,8.838813606493752e-15,52,252,52,52,2,false,false,false,false,false,252,252,252,,true,52
degen_circulant_match,3.0915926536,1.7880529449,0.9333121867,ok,7.615353076869676e-15,48,252,48,48,2,false,false,false,false,false,252,252,252,,true,48
degen_circulant_match,2.6570794174,2.2225661811,4.4665609337,ok,4.213000162292041e-15,52,252,52,52,2,false,false,false,false,false,252,252,252,,true,52
degen_circulant_match,3.0915926536,1.3535397087,0.9333121867,ok,5.203855855232738e-15,48,252,48,48,2,false,false,false,false,false,252,252,252,,true,48
degen_circulant_match,3.0915926536,2.6570794174,0.9333121867,ok,5.011092195010838e-15,48,252,48,48,2,false,false,false,false,false,252,252,252,,true,48
degen_circulant_match,2.2225661811,2.2225661811,6.2331853072,ok,6.237289866329941e-15,64,252,64,64,2,false,false,false,false,false,252,252,252,,true,64
degen_circulant_match,2.8743360355,2.005309563,4.4665609337,ok,4.440892098500626e-15,48,252,48,48,2,false,false,false,false,false,252,252,252,,true,48
degen_circulant_match,3.0915926536,0.7017698543,0.9333121867,ok,4.335559509131367e-15,48,252,48,48,2,false,false,false,false,false,252,252,252,,true,48
degen_circulant_match,2.6570794174,2.2225661811,2.6999365602,ok,3.887366295532235e-15,48,252,48,48,2,false,false,false,false,false,252,252,252,,true,48
degen_circulant_match,2.8743360355,2.2225661811,3.583248747,ok,3.942464333787022e-15,48,252,48,48,2,false,false,false,false,false,252,252,252,,true,48
degen_circulant_match,2.2225661811,2.2225661811,3.583248747,ok,4.432557604889171e-15,56,252,56,56,2,false,false,false,false,false,252,252,252,,true,56
degen_circulant_match,3.0915926536,2.2225661811,4.4665609337,ok,3.823424989440341e-15,48,252,48,48,2,false,false,false,false,false,252,252,252,,true,48
degen_circulant_match,1.5707963268,3.0915926536,6.2331853072,ok,3.753576041744627e-15,48,252,48,48,2,false,false,false,false,false,252,252,252,,true,48
ref_ref_F6_theta0,0.0025,0.4925,0.2975,ok,1.6436504934880247e-16,48,252,48,48,2,false,false,false,false,false,252,252,252,,true,48
ref_ref_F6_theta0,0.0025,0.4925,0.3,ok,3.3307142486596306e-16,48,252,48,48,2,false,false,false,false,false,252,252,252,,true,48
ref_ref_F6_theta0,0.0025,0.4925,0.3025,ok,3.3315837438649417e-16,48,252,48,48,2,false,false,false,false,false,252,252,252,,true,48
ref_ref_F6_theta0,0.0025,0.495,0.2925,ok,2.3898924643848303e-16,48,252,48,48,2,false,false,false,false,false,252,252,252,,true,48
ref_ref_F6_theta0,0.0025,0.4975,0.2925,ok,1.7704593234888734e-16,48,252,48,48,2,false,false,false,false,false,252,252,252,,true,48
ref_ref_F6_theta0,0.0025,0.5,0.2925,ok,4.3746771706917264e-16,48,252,48,48,2,false,false,false,false,false,252,252,252,,true,48
ref_ref_F6_theta0,0.005,0.49,0.2925,ok,1.6711069443220838e-16,48,252,48,48,2,false,false,false,false,false,252,252,252,,true,48
ref_ref_F6_theta0,0.005,0.49,0.295,ok,3.23349152113171e-16,48,252,48,48,2,false,false,false,false,false,252,252,252,,true,48
ref_ref_F6_theta0,0.005,0.49,0.2975,ok,2.665440865769156e-16,48,252,48,48,2,false,false,false,false,false,252,252,252,,true,48
ref_ref_F6_theta0,0.005,0.49,0.3,ok,3.667545546255756e-16,48,252,48,48,2,false,false,false,false,false,252,252,252,,true,48
ref_ref_F6_theta0,0.005,0.49,0.3025,ok,4.3172053771445627e-16,48,252,48,48,2,false,false,false,false,false,252,252,252,,true,48
ref_ref_F6_theta0,0.005,0.4925,0.2925,ok,1.9168694409543718e-16,48,252,48,48,2,false,false,false,false,false,252,252,252,,true,48
ref_ref_F6_theta0,0.005,0.4925,0.295,ok,3.2524561712805145e-16,48,252,48,48,2,false,false,false,false,false,252,252,252,,true,48
ref_ref_F6_theta0,0.005,0.4925,0.2975,ok,7.28583859910259e-17,48,252,48,48,2,false,false,false,false,false,252,252,252,,true,48
ref_ref_F6_theta0,0.005,0.4925,0.3,ok,1.1110697347012682e-16,48,252,48,48,2,false,false,false,false,false,252,252,252,,true,48
ref_ref_F6_theta0,0.005,0.4925,0.3025,ok,1.1150912609939193e-16,48,252,48,48,2,false,false,false,false,false,252,252,252,,true,48
ref_ref_F6_theta0,0.005,0.495,0.2925,ok,5.746125861016489e-16,48,252,48,48,2,false,false,false,false,false,252,252,252,,true,48
ref_ref_F6_theta0,0.005,0.4975,0.2925,ok,4.501874806974133e-16,48,252,48,48,2,false,false,false,false,false,252,252,252,,true,48
ref_ref_F6_theta0,0.005,0.5,0.2925,ok,1.4304896245381993e-16,48,252,48,48,2,false,false,false,false,false,252,252,252,,true,48
ref_ref_F6_theta0,-0.005,0.49,0.305,ok,4.350742157313724e-16,48,252,48,48,2,false,false,false,false,false,252,252,252,,true,48
ref_ref_F6_theta0,-0.005,0.4925,0.305,ok,4.442111658486589e-16,48,252,48,48,2,false,false,false,false,false,252,252,252,,true,48
ref_ref_F6_theta0,-0.0025,0.49,0.305,ok,3.767436405390907e-16,48,252,48,48,2,false,false,false,false,false,252,252,252,,true,48
ref_ref_F6_theta0,-0.0025,0.4925,0.305,ok,3.467028338079354e-16,48,252,48,48,2,false,false,false,false,false,252,252,252,,true,48
ref_ref_F6_theta0,0.0,0.49,0.305,not_hadamard,NaN,,,,,,,,,,,,,,,,
ref_ref_F6_theta0,0.0,0.4925,0.305,not_hadamard,NaN,,,,,,,,,,,,,,,,
ref_ref_F6_theta0,0.0025,0.49,0.305,ok,2.2679146054755153e-16,48,252,48,48,2,false,false,false,false,false,252,252,252,,true,48
ref_ref_F6_theta0,0.0025,0.4925,0.305,ok,1.1709383462843448e-17,48,252,48,48,2,false,false,false,false,false,252,252,252,,true,48
ref_ref_F6_theta0,0.005,0.49,0.305,ok,1.6073128085295626e-16,48,252,48,48,2,false,false,false,false,false,252,252,252,,true,48
ref_ref_F6_theta0,0.005,0.4925,0.305,ok,3.4131758931625696e-16,48,252,48,48,2,false,false,false,false,false,252,252,252,,true,48
ref_ref_F6_theta0,-0.005,0.5025,0.2925,ok,3.3738030318740266e-16,48,252,48,48,2,false,false,false,false,false,252,252,252,,true,48
ref_ref_F6_theta0,-0.0025,0.5025,0.2925,ok,4.982493048981751e-16,48,252,48,48,2,false,false,false,false,false,252,252,252,,true,48
ref_ref_F6_theta0,0.0,0.5025,0.2925,ok,0.0,48,204,48,48,6,true,false,false,false,false,204,204,204,,true,48
ref_ref_F6_theta0,0.0025,0.5025,0.2925,ok,4.540638698369293e-16,48,252,48,48,2,false,false,false,false,false,252,252,252,,true,48
ref_ref_F6_theta0,0.005,0.5025,0.2925,ok,1.1159342773238595e-16,48,252,48,48,2,false,false,false,false,false,252,252,252,,true,48
ref_ref_F6_theta0,-0.005,0.505,0.2925,ok,1.594813855221478e-16,48,252,48,48,2,false,false,false,false,false,252,252,252,,true,48
ref_ref_F6_theta0,-0.0025,0.505,0.2925,ok,2.258344978494221e-16,48,252,48,48,2,false,false,false,false,false,252,252,252,,true,48
ref_ref_F6_theta0,0.0,0.505,0.2925,ok,0.0,48,204,48,48,6,true,false,false,false,false,204,204,204,,true,48
ref_ref_F6_theta0,0.0025,0.505,0.2925,ok,1.7637113671854577e-16,48,252,48,48,2,false,false,false,false,false,252,252,252,,true,48
ref_ref_F6_theta0,0.005,0.505,0.2925,ok,1.1768344115781112e-16,48,252,48,48,2,false,false,false,false,false,252,252,252,,true,48
ref_ref_F6_theta0,-0.005,0.5075,0.2925,ok,1.5612511283791264e-17,48,252,48,48,2,false,false,false,false,false,252,252,252,,true,48
ref_ref_F6_theta0,-0.005,0.5075,0.295,ok,1.1983411512519015e-16,48,252,48,48,2,false,false,false,false,false,252,252,252,,true,48
ref_ref_F6_theta0,-0.005,0.5075,0.2975,ok,3.8315011419927443e-16,48,252,48,48,2,false,false,false,false,false,252,252,252,,true,48
ref_ref_F6_theta0,-0.005,0.5075,0.3,ok,4.978656376053436e-16,48,252,48,48,2,false,false,false,false,false,252,252,252,,true,48
ref_ref_F6_theta0,-0.005,0.5075,0.3025,ok,4.1163876911195334e-16,48,252,48,48,2,false,false,false,false,false,252,252,252,,true,48
ref_ref_F6_theta0,-0.0025,0.5075,0.2925,ok,1.3834419720915037e-16,48,252,48,48,2,false,false,false,false,false,252,252,252,,true,48
ref_ref_F6_theta0,-0.0025,0.5075,0.295,ok,4.71653616246048e-16,48,252,48,48,2,false,false,false,false,false,252,252,252,,true,48
ref_ref_F6_theta0,-0.0025,0.5075,0.2975,ok,1.1443916996305594e-16,48,252,48,48,2,false,false,false,false,false,252,252,252,,true,48
ref_ref_F6_theta0,-0.0025,0.5075,0.3,ok,1.1739862079479962e-16,48,252,48,48,2,false,false,false,false,false,252,252,252,,true,48
ref_ref_F6_theta0,-0.0025,0.5075,0.3025,ok,1.0104764247564901e-16,48,252,48,48,2,false,false,false,false,false,252,252,252,,true,48
ref_ref_F6_theta0,0.0,0.5075,0.2925,ok,0.0,48,204,48,48,6,true,false,false,false,false,204,204,204,,true,48
ref_ref_F6_theta0,0.0,0.5075,0.295,not_hadamard,NaN,,,,,,,,,,,,,,,,
ref_ref_F6_theta0,0.0,0.5075,0.2975,ok,0.0,48,204,48,48,6,true,false,false,false,false,204,204,204,,true,48
ref_ref_F6_theta0,0.0,0.5075,0.3,ok,NaN,48,204,48,48,6,true,false,false,false,false,204,204,204,,true,48
ref_ref_F6_theta0,0.0,0.5075,0.3025,not_hadamard,NaN,,,,,,,,,,,,,,,,
ref_ref_F6_theta0,0.0025,0.5075,0.2925,ok,1.2188824373837152e-16,48,252,48,48,2,false,false,false,false,false,252,252,252,,true,48
ref_ref_F6_theta0,0.0025,0.5075,0.295,ok,3.09839107671957e-16,48,252,48,48,2,false,false,false,false,false,252,252,252,,true,48
ref_ref_F6_theta0,0.0025,0.5075,0.2975,ok,1.3423946647151723e-16,48,252,48,48,2,false,false,false,false,false,252,252,252,,true,48
ref_ref_F6_theta0,0.0025,0.5075,0.3,ok,2.06323189150251e-16,48,252,48,48,2,false,false,false,false,false,252,252,252,,true,48
ref_ref_F6_theta0,0.0025,0.5075,0.3025,ok,3.4718855498233325e-16,48,252,48,48,2,false,false,false,false,false,252,252,252,,true,48
ref_ref_F6_theta0,0.005,0.5075,0.2925,ok,1.6566609195578508e-16,48,252,48,48,2,false,false,false,false,false,252,252,252,,true,48
ref_ref_F6_theta0,0.005,0.5075,0.295,ok,1.845749039194856e-16,48,252,48,48,2,false,false,false,false,false,252,252,252,,true,48
ref_ref_F6_theta0,0.005,0.5075,0.2975,ok,2.1035981017731226e-16,48,252,48,48,2,false,false,false,false,false,252,252,252,,true,48
ref_ref_F6_theta0,0.005,0.5075,0.3,ok,2.679923201302601e-16,48,252,48,48,2,false,false,false,false,false,252,252,252,,true,48
ref_ref_F6_theta0,0.005,0.5075,0.3025,ok,3.8166380487792903e-16,48,252,48,48,2,false,false,false,false,false,252,252,252,,true,48
ref_ref_F6_theta0,-0.005,0.5075,0.305,ok,3.6510160036938497e-16,48,252,48,48,2,false,false,false,false,false,252,252,252,,true,48
ref_ref_F6_theta0,-0.0025,0.5075,0.305,ok,3.8173771582427813e-16,48,252,48,48,2,false,false,false,false,false,252,252,252,,true,48
ref_ref_F6_theta0,0.0,0.5075,0.305,not_hadamard,NaN,,,,,,,,,,,,,,,,
ref_ref_F6_theta0,0.0025,0.5075,0.305,ok,1.6176296413483726e-16,48,252,48,48,2,false,false,false,false,false,252,252,252,,true,48
ref_ref_F6_theta0,0.005,0.5075,0.305,ok,4.541796275770473e-16,48,252,48,48,2,false,false,false,false,false,252,252,252,,true,48
ref_ref_F6_theta0,-0.005,0.51,0.2925,ok,2.420187942083452e-16,48,252,48,48,2,false,false,false,false,false,252,252,252,,true,48
ref_ref_F6_theta0,-0.005,0.51,0.295,ok,1.492492406327019e-16,48,252,48,48,2,false,false,false,false,false,252,252,252,,true,48
ref_ref_F6_theta0,-0.005,0.51,0.2975,ok,8.066464163292153e-17,48,252,48,48,2,false,false,false,false,false,252,252,252,,true,48
ref_ref_F6_theta0,-0.005,0.51,0.3,ok,2.3134344078706536e-16,48,252,48,48,2,false,false,false,false,false,252,252,252,,true,48
ref_ref_F6_theta0,-0.005,0.51,0.3025,ok,1.1110697347012682e-16,48,252,48,48,2,false,false,false,false,false,252,252,252,,true,48
ref_ref_F6_theta0,-0.0025,0.51,0.2925,ok,2.47198095326695e-17,48,252,48,48,2,false,false,false,false,false,252,252,252,,true,48
ref_ref_F6_theta0,-0.0025,0.51,0.295,ok,2.530794494087341e-16,48,252,48,48,2,false,false,false,false,false,252,252,252,,true,48
ref_ref_F6_theta0,-0.0025,0.51,0.2975,ok,3.691498078389712e-16,48,252,48,48,2,false,false,false,false,false,252,252,252,,true,48
ref_ref_F6_theta0,-0.0025,0.51,0.3,ok,1.1796119636642288e-16,48,252,48,48,2,false,false,false,false,false,252,252,252,,true,48
ref_ref_F6_theta0,-0.0025,0.51,0.3025,ok,2.3852447794681098e-17,48,252,48,48,2,false,false,false,false,false,252,252,252,,true,48
ref_ref_F6_theta0,0.0,0.51,0.2925,ok,0.0,48,204,48,48,6,true,false,false,false,false,204,204,204,,true,48
ref_ref_F6_theta0,0.0,0.51,0.295,not_hadamard,NaN,,,,,,,,,,,,,,,,
ref_ref_F6_theta0,0.0,0.51,0.2975,ok,0.0,48,204,48,48,6,true,false,false,false,false,204,204,204,,true,48
ref_ref_F6_theta0,0.0,0.51,0.3,ok,NaN,48,204,48,48,6,true,false,false,false,false,204,204,204,,true,48
ref_ref_F6_theta0,0.0,0.51,0.3025,not_hadamard,NaN,,,,,,,,,,,,,,,,
ref_ref_F6_theta0,0.0025,0.51,0.2925,ok,2.3418766925686896e-17,48,252,48,48,2,false,false,false,false,false,252,252,252,,true,48
ref_ref_F6_theta0,0.0025,0.51,0.295,ok,3.5757612259286233e-16,48,252,48,48,2,false,false,false,false,false,252,252,252,,true,48
ref_ref_F6_theta0,0.0025,0.51,0.2975,ok,3.615733457458121e-16,48,252,48,48,2,false,false,false,false,false,252,252,252,,true,48
ref_ref_F6_theta0,0.0025,0.51,0.3,ok,3.473112329615445e-16,48,252,48,48,2,false,false,false,false,false,252,252,252,,true,48
ref_ref_F6_theta0,0.0025,0.51,0.3025,ok,1.8214596497756474e-17,48,252,48,48,2,false,false,false,false,false,252,252,252,,true,48
ref_ref_F6_theta0,0.005,0.51,0.2925,ok,2.543382085403033e-16,48,252,48,48,2,false,false,false,false,false,252,252,252,,true,48
ref_ref_F6_theta0,0.005,0.51,0.295,ok,5.204170427930421e-18,48,252,48,48,2,false,false,false,false,false,252,252,252,,true,48
ref_ref_F6_theta0,0.005,0.51,0.2975,ok,5.553824967135427e-16,48,252,48,48,2,false,false,false,false,false,252,252,252,,true,48
ref_ref_F6_theta0,0.005,0.51,0.3,ok,2.3999603062491533e-16,48,252,48,48,2,false,false,false,false,false,252,252,252,,true,48
ref_ref_F6_theta0,0.005,0.51,0.3025,ok,1.5612511283791264e-17,48,252,48,48,2,false,false,false,false,false,252,252,252,,true,48
ref_ref_F6_theta0,-0.005,0.51,0.305,ok,1.1275702593849246e-17,48,252,48,48,2,false,false,false,false,false,252,252,252,,true,48
ref_ref_F6_theta0,-0.0025,0.51,0.305,ok,6.245004513516506e-17,48,252,48,48,2,false,false,false,false,false,252,252,252,,true,48
ref_ref_F6_theta0,0.0,0.51,0.305,not_hadamard,NaN,,,,,,,,,,,,,,,,
ref_ref_F6_theta0,0.0025,0.51,0.305,ok,3.5274227343709154e-16,48,252,48,48,2,false,false,false,false,false,252,252,252,,true,48
ref_ref_F6_theta0,0.005,0.51,0.305,ok,2.237726045655905e-16,48,252,48,48,2,false,false,false,false,false,252,252,252,,true,48
ref_ref_Dita,0.9503166181245092,0.7803981633974483,0.39,ok,1.902405299018659e-14,72,252,72,72,2,false,false,false,false,false,252,252,252,,true,72
ref_ref_Dita,0.9503166181245092,0.7803981633974483,0.3925,ok,2.2536160088679762e-14,72,252,72,72,2,false,false,false,false,false,252,252,252,,true,72
ref_ref_Dita,0.9503166181245092,0.7828981633974483,0.39,ok,5.933038491635175e-14,72,252,72,72,2,false,false,false,false,false,252,252,252,,true,72
ref_ref_Dita,0.9503166181245092,0.7828981633974483,0.3925,ok,4.753582948840439e-14,72,252,72,72,2,false,false,false,false,false,252,252,252,,true,72
ref_ref_Dita,0.9503166181245092,0.7853981633974483,0.39,ok,2.959322328357903e-14,72,252,72,72,2,false,false,false,false,false,252,252,252,,true,72
ref_ref_Dita,0.9503166181245092,0.7853981633974483,0.3925,ok,3.2502241240501117e-14,72,252,72,72,2,false,false,false,false,false,252,252,252,,true,72
ref_ref_Dita,0.9503166181245092,0.7878981633974482,0.39,ok,2.721929285995455e-13,72,252,72,72,2,false,false,false,false,false,252,252,252,,true,72
ref_ref_Dita,0.9503166181245092,0.7878981633974482,0.3925,ok,3.7064075280525714e-13,72,252,72,72,2,false,false,false,false,false,252,252,252,,true,72
ref_ref_Dita,0.9503166181245092,0.7903981633974483,0.39,ok,4.772351364632402e-13,72,252,72,72,2,false,false,false,false,false,252,252,252,,true,72
ref_ref_Dita,0.9503166181245092,0.7903981633974483,0.3925,ok,5.185323943338501e-13,72,252,72,72,2,false,false,false,false,false,252,252,252,,true,72
ref_ref_Dita,0.9528166181245092,0.7803981633974483,0.39,ok,4.981723002963235e-14,72,252,72,72,2,false,false,false,false,false,252,252,252,,true,72
ref_ref_Dita,0.9528166181245092,0.7803981633974483,0.3925,ok,6.654719781059662e-14,72,252,72,72,2,false,false,false,false,false,252,252,252,,true,72
ref_ref_Dita,0.9528166181245092,0.7828981633974483,0.39,ok,5.929516065173546e-14,72,252,72,72,2,false,false,false,false,false,252,252,252,,true,72
ref_ref_Dita,0.9528166181245092,0.7828981633974483,0.3925,ok,7.643448114795408e-14,72,252,72,72,2,false,false,false,false,false,252,252,252,,true,72
ref_ref_Dita,0.9528166181245092,0.7853981633974483,0.39,ok,5.188211296762561e-14,72,252,72,72,2,false,false,false,false,false,252,252,252,,true,72
ref_ref_Dita,0.9528166181245092,0.7853981633974483,0.3925,ok,8.30820770581538e-14,72,252,72,72,2,false,false,false,false,false,252,252,252,,true,72
ref_ref_Dita,0.9528166181245092,0.7878981633974482,0.39,ok,7.484834131900867e-13,72,252,72,72,2,false,false,false,false,false,252,252,252,,true,72
ref_ref_Dita,0.9528166181245092,0.7878981633974482,0.3925,ok,6.684055467342412e-13,72,252,72,72,2,false,false,false,false,false,252,252,252,,true,72
ref_ref_Dita,0.9528166181245092,0.7903981633974483,0.39,ok,1.1321036237584811e-13,72,252,72,72,2,false,false,false,false,false,252,252,252,,true,72
ref_ref_Dita,0.9528166181245092,0.7903981633974483,0.3925,ok,1.0337505917865097e-13,72,252,72,72,2,false,false,false,false,false,252,252,252,,true,72
ref_ref_Dita,0.9553166181245092,0.7803981633974483,0.39,ok,1.0151713239455631e-14,72,252,72,72,2,false,false,false,false,false,252,252,252,,true,72
ref_ref_Dita,0.9553166181245092,0.7803981633974483,0.3925,ok,2.3037595922550683e-14,72,252,72,72,2,false,false,false,false,false,252,252,252,,true,72
ref_ref_Dita,0.9553166181245092,0.7828981633974483,0.39,ok,4.3300548292552643e-14,72,252,72,72,2,false,false,false,false,false,252,252,252,,true,72
ref_ref_Dita,0.9553166181245092,0.7828981633974483,0.3925,ok,6.257660567502234e-14,72,252,72,72,2,false,false,false,false,false,252,252,252,,true,72
ref_ref_Dita,0.9553166181245092,0.7853981633974483,0.39,ok,1.8498181197146262,72,240,72,72,6,true,false,false,false,false,240,240,240,,true,72
ref_ref_Dita,0.9553166181245092,0.7853981633974483,0.3925,ok,1.847911398940544,72,240,72,72,6,true,false,false,false,false,240,240,240,,true,72
ref_ref_Dita,0.9553166181245092,0.7878981633974482,0.39,ok,3.126652965704923e-14,72,252,72,72,2,false,false,false,false,false,252,252,252,,true,72
ref_ref_Dita,0.9553166181245092,0.7878981633974482,0.3925,ok,1.0419790579527778e-13,72,252,72,72,2,false,false,false,false,false,252,252,252,,true,72
ref_ref_Dita,0.9553166181245092,0.7903981633974483,0.39,ok,2.3080359142651494e-14,72,252,72,72,2,false,false,false,false,false,252,252,252,,true,72
ref_ref_Dita,0.9553166181245092,0.7903981633974483,0.3925,ok,2.0353752350794485e-14,72,252,72,72,2,false,false,false,false,false,252,252,252,,true,72
ref_ref_Dita,0.9578166181245091,0.7803981633974483,0.39,ok,1.548846671810059e-13,72,252,72,72,2,false,false,false,false,false,252,252,252,,true,72
ref_ref_Dita,0.9578166181245091,0.7803981633974483,0.3925,ok,1.3372897869760843e-13,72,252,72,72,2,false,false,false,false,false,252,252,252,,true,72
ref_ref_Dita,0.9578166181245091,0.7828981633974483,0.39,ok,5.077469272994046e-13,72,252,72,72,2,false,false,false,false,false,252,252,252,,true,72
ref_ref_Dita,0.9578166181245091,0.7828981633974483,0.3925,ok,5.200923863288228e-13,72,252,72,72,2,false,false,false,false,false,252,252,252,,true,72
ref_ref_Dita,0.9578166181245091,0.7853981633974483,0.39,ok,4.349807905152361e-14,72,252,72,72,2,false,false,false,false,false,252,252,252,,true,72
ref_ref_Dita,0.9578166181245091,0.7853981633974483,0.3925,ok,3.469531327877487e-14,72,252,72,72,2,false,false,false,false,false,252,252,252,,true,72
ref_ref_Dita,0.9578166181245091,0.7878981633974482,0.39,ok,1.8493596476859186e-13,72,252,72,72,2,false,false,false,false,false,252,252,252,,true,72
ref_ref_Dita,0.9578166181245091,0.7878981633974482,0.3925,ok,1.8553364778450316e-13,72,252,72,72,2,false,false,false,false,false,252,252,252,,true,72
ref_ref_Dita,0.9578166181245091,0.7903981633974483,0.39,ok,1.262851239643479e-13,72,252,72,72,2,false,false,false,false,false,252,252,252,,true,72
ref_ref_Dita,0.9578166181245091,0.7903981633974483,0.3925,ok,1.4447188503164453e-13,72,252,72,72,2,false,false,false,false,false,252,252,252,,true,72
ref_ref_Dita,0.9603166181245092,0.7803981633974483,0.39,ok,2.499088600692065e-13,72,252,72,72,2,false,false,false,false,false,252,252,252,,true,72
ref_ref_Dita,0.9603166181245092,0.7803981633974483,0.3925,ok,1.1758242015161122e-13,72,252,72,72,2,false,false,false,false,false,252,252,252,,true,72
ref_ref_Dita,0.9603166181245092,0.7828981633974483,0.39,ok,2.6088457574362493e-13,72,252,72,72,2,false,false,false,false,false,252,252,252,,true,72
ref_ref_Dita,0.9603166181245092,0.7828981633974483,0.3925,ok,2.0492473611749625e-13,72,252,72,72,2,false,false,false,false,false,252,252,252,,true,72
ref_ref_Dita,0.9603166181245092,0.7853981633974483,0.39,ok,1.099989565014572e-13,72,252,72,72,2,false,false,false,false,false,252,252,252,,true,72
ref_ref_Dita,0.9603166181245092,0.7853981633974483,0.3925,ok,1.1093189349687379e-13,72,252,72,72,2,false,false,false,false,false,252,252,252,,true,72
ref_ref_Dita,0.9603166181245092,0.7878981633974482,0.39,ok,3.1003064931662334e-14,72,252,72,72,2,false,false,false,false,false,252,252,252,,true,72
ref_ref_Dita,0.9603166181245092,0.7878981633974482,0.3925,ok,3.154323174015765e-14,72,252,72,72,2,false,false,false,false,false,252,252,252,,true,72
ref_ref_Dita,0.9603166181245092,0.7903981633974483,0.39,ok,6.616305162583394e-14,72,252,72,72,2,false,false,false,false,false,252,252,252,,true,72
ref_ref_Dita,0.9603166181245092,0.7903981633974483,0.3925,ok,7.800057519991153e-14,72,252,72,72,2,false,false,false,false,false,252,252,252,,true,72
ref_ref_Dita,0.9503166181245092,0.7803981633974483,0.40750000000000003,ok,9.980281320473729e-15,72,252,72,72,2,false,false,false,false,false,252,252,252,,true,72
ref_ref_Dita,0.9503166181245092,0.7828981633974483,0.40750000000000003,ok,4.966061220874334e-14,72,252,72,72,2,false,false,false,false,false,252,252,252,,true,72
ref_ref_Dita,0.9503166181245092,0.7853981633974483,0.40750000000000003,ok,1.7358222487901644e-14,72,252,72,72,2,false,false,false,false,false,252,252,252,,true,72
ref_ref_Dita,0.9503166181245092,0.7878981633974482,0.40750000000000003,ok,3.2250937417309585e-13,72,252,72,72,2,false,false,false,false,false,252,252,252,,true,72
ref_ref_Dita,0.9503166181245092,0.7903981633974483,0.40750000000000003,ok,5.23033832041456e-13,72,252,72,72,2,false,false,false,false,false,252,252,252,,true,72
ref_ref_Dita,0.9528166181245092,0.7803981633974483,0.40750000000000003,ok,4.7503146688786296e-14,72,252,72,72,2,false,false,false,false,false,252,252,252,,true,72
ref_ref_Dita,0.9528166181245092,0.7828981633974483,0.40750000000000003,ok,6.561906480346095e-14,72,252,72,72,2,false,false,false,false,false,252,252,252,,true,72
ref_ref_Dita,0.9528166181245092,0.7853981633974483,0.40750000000000003,ok,9.922667582578195e-14,72,252,72,72,2,false,false,false,false,false,252,252,252,,true,72
ref_ref_Dita,0.9528166181245092,0.7878981633974482,0.40750000000000003,ok,6.86867565671104e-13,72,252,72,72,2,false,false,false,false,false,252,252,252,,true,72
ref_ref_Dita,0.9528166181245092,0.7903981633974483,0.40750000000000003,ok,1.1400428260193532e-13,72,252,72,72,2,false,false,false,false,false,252,252,252,,true,72
ref_ref_Dita,0.9553166181245092,0.7803981633974483,0.40750000000000003,ok,3.2556805121652004e-14,72,252,72,72,2,false,false,false,false,false,252,252,252,,true,72
ref_ref_Dita,0.9553166181245092,0.7828981633974483,0.40750000000000003,ok,3.795761435702083e-14,72,252,72,72,2,false,false,false,false,false,252,252,252,,true,72
ref_ref_Dita,0.9553166181245092,0.7853981633974483,0.40750000000000003,ok,1.8362289581948856,72,240,72,72,6,true,false,false,false,false,240,240,240,,true,72
ref_ref_Dita,0.9553166181245092,0.7878981633974482,0.40750000000000003,ok,3.9080481270251204e-14,72,252,72,72,2,false,false,false,false,false,252,252,252,,true,72
ref_ref_Dita,0.9553166181245092,0.7903981633974483,0.40750000000000003,ok,2.8576114088871286e-14,72,252,72,72,2,false,false,false,false,false,252,252,252,,true,72
ref_ref_Dita,0.9578166181245091,0.7803981633974483,0.40750000000000003,ok,1.3992704160165786e-13,72,252,72,72,2,false,false,false,false,false,252,252,252,,true,72
ref_ref_Dita,0.9578166181245091,0.7828981633974483,0.40750000000000003,ok,5.186205766596563e-13,72,252,72,72,2,false,false,false,false,false,252,252,252,,true,72
ref_ref_Dita,0.9578166181245091,0.7853981633974483,0.40750000000000003,ok,1.1356127197722389e-13,72,252,72,72,2,false,false,false,false,false,252,252,252,,true,72
ref_ref_Dita,0.9578166181245091,0.7878981633974482,0.40750000000000003,ok,1.8223941491119852e-13,72,252,72,72,2,false,false,false,false,false,252,252,252,,true,72
ref_ref_Dita,0.9578166181245091,0.7903981633974483,0.40750000000000003,ok,1.3629433553875583e-13,72,252,72,72,2,false,false,false,false,false,252,252,252,,true,72
ref_ref_Dita,0.9603166181245092,0.7803981633974483,0.40750000000000003,ok,1.3900887866654931e-13,72,252,72,72,2,false,false,false,false,false,252,252,252,,true,72
ref_ref_Dita,0.9603166181245092,0.7828981633974483,0.40750000000000003,ok,3.5535228351564245e-13,72,252,72,72,2,false,false,false,false,false,252,252,252,,true,72
ref_ref_Dita,0.9603166181245092,0.7853981633974483,0.40750000000000003,ok,6.900596545878155e-14,72,252,72,72,2,false,false,false,false,false,252,252,252,,true,72
ref_ref_Dita,0.9603166181245092,0.7878981633974482,0.40750000000000003,ok,3.517515247990014e-14,72,252,72,72,2,false,false,false,false,false,252,252,252,,true,72
ref_ref_Dita,0.9603166181245092,0.7903981633974483,0.40750000000000003,ok,6.519287834107835e-14,72,252,72,72,2,false,false,false,false,false,252,252,252,,true,72
ref_ref_Dita,0.9503166181245092,0.7803981633974483,0.41000000000000003,ok,2.3762922730979778e-14,72,252,72,72,2,false,false,false,false,false,252,252,252,,true,72
ref_ref_Dita,0.9503166181245092,0.7828981633974483,0.41000000000000003,ok,3.967288423202038e-14,72,252,72,72,2,false,false,false,false,false,252,252,252,,true,72
ref_ref_Dita,0.9503166181245092,0.7853981633974483,0.41000000000000003,ok,1.505734221372339e-14,72,252,72,72,2,false,false,false,false,false,252,252,252,,true,72
ref_ref_Dita,0.9503166181245092,0.7878981633974482,0.41000000000000003,ok,3.1721840449814407e-13,72,252,72,72,2,false,false,false,false,false,252,252,252,,true,72
ref_ref_Dita,0.9503166181245092,0.7903981633974483,0.41000000000000003,ok,5.245188961980992e-13,72,252,72,72,2,false,false,false,false,false,252,252,252,,true,72
ref_ref_Dita,0.9528166181245092,0.7803981633974483,0.41000000000000003,ok,5.657879970034654e-14,72,252,72,72,2,false,false,false,false,false,252,252,252,,true,72
ref_ref_Dita,0.9528166181245092,0.7828981633974483,0.41000000000000003,ok,7.798042455544734e-14,72,252,72,72,2,false,false,false,false,false,252,252,252,,true,72
ref_ref_Dita,0.9528166181245092,0.7853981633974483,0.41000000000000003,ok,1.81301085588107e-13,72,252,72,72,2,false,false,false,false,false,252,252,252,,true,72
ref_ref_Dita,0.9528166181245092,0.7878981633974482,0.41000000000000003,ok,6.376931729004836e-13,72,252,72,72,2,false,false,false,false,false,252,252,252,,true,72
ref_ref_Dita,0.9528166181245092,0.7903981633974483,0.41000000000000003,ok,1.1440475225589466e-13,72,252,72,72,2,false,false,false,false,false,252,252,252,,true,72
ref_ref_Dita,0.9553166181245092,0.7803981633974483,0.41000000000000003,ok,3.336529596209542e-14,72,252,72,72,2,false,false,false,false,false,252,252,252,,true,72
ref_ref_Dita,0.9553166181245092,0.7828981633974483,0.41000000000000003,ok,4.476347092238928e-14,72,252,72,72,2,false,false,false,false,false,252,252,252,,true,72
ref_ref_Dita,0.9553166181245092,0.7853981633974483,0.41000000000000003,ok,1.8342416456332102,72,240,72,72,6,true,false,false,false,false,240,240,240,,true,72
ref_ref_Dita,0.9553166181245092,0.7878981633974482,0.41000000000000003,ok,3.457288690261786e-14,72,252,72,72,2,false,false,false,false,false,252,252,252,,true,72
ref_ref_Dita,0.9553166181245092,0.7903981633974483,0.41000000000000003,ok,2.483030610437167e-14,72,252,72,72,2,false,false,false,false,false,252,252,252,,true,72
ref_ref_Dita,0.9578166181245091,0.7803981633974483,0.41000000000000003,ok,1.2644197402436454e-13,72,252,72,72,2,false,false,false,false,false,252,252,252,,true,72
ref_ref_Dita,0.9578166181245091,0.7828981633974483,0.41000000000000003,ok,5.188309889919945e-13,72,252,72,72,2,false,false,false,false,false,252,252,252,,true,72
ref_ref_Dita,0.9578166181245091,0.7853981633974483,0.41000000000000003,ok,6.98380584900418e-14,72,252,72,72,2,false,false,false,false,false,252,252,252,,true,72
ref_ref_Dita,0.9578166181245091,0.7878981633974482,0.41000000000000003,ok,2.0545888201015737e-13,72,252,72,72,2,false,false,false,false,false,252,252,252,,true,72
ref_ref_Dita,0.9578166181245091,0.7903981633974483,0.41000000000000003,ok,1.4942133639483248e-13,72,252,72,72,2,false,false,false,false,false,252,252,252,,true,72
ref_ref_Dita,0.9603166181245092,0.7803981633974483,0.41000000000000003,ok,1.102438605810045e-13,72,252,72,72,2,false,false,false,false,false,252,252,252,,true,72
ref_ref_Dita,0.9603166181245092,0.7828981633974483,0.41000000000000003,ok,2.521554068390859e-13,72,252,72,72,2,false,false,false,false,false,252,252,252,,true,72
ref_ref_Dita,0.9603166181245092,0.7853981633974483,0.41000000000000003,ok,9.519798288991515e-14,72,252,72,72,2,false,false,false,false,false,252,252,252,,true,72
ref_ref_Dita,0.9603166181245092,0.7878981633974482,0.41000000000000003,ok,4.036954729155508e-14,72,252,72,72,2,false,false,false,false,false,252,252,252,,true,72
ref_ref_Dita,0.9603166181245092,0.7903981633974483,0.41000000000000003,ok,6.873571775236974e-14,72,252,72,72,2,false,false,false,false,false,252,252,252,,true,72
ref_ref_degen_circulant_match,1.5657963268000001,0.04000000000000001,6.2331853072,ok,1.790180836524724e-15,48,252,48,48,2,false,false,false,false,false,252,252,252,,true,48
ref_ref_degen_circulant_match,1.5657963268000001,0.04000000000000001,6.2356853072,ok,1.2658490090568385e-15,48,252,48,48,2,false,false,false,false,false,252,252,252,,true,48
ref_ref_degen_circulant_match,1.5657963268000001,0.04000000000000001,6.2381853072,ok,6.4603151832437054e-15,48,252,48,48,2,false,false,false,false,false,252,252,252,,true,48
ref_ref_degen_circulant_match,1.5657963268000001,0.04000000000000001,6.240685307200001,ok,1.247457973265988e-15,48,252,48,48,2,false,false,false,false,false,252,252,252,,true,48
ref_ref_degen_circulant_match,1.5657963268000001,0.04000000000000001,6.2431853072,ok,3.6557370077854216e-15,48,252,48,48,2,false,false,false,false,false,252,252,252,,true,48
ref_ref_degen_circulant_match,1.5657963268000001,0.0425,6.2331853072,ok,8.08254562088053e-16,48,252,48,48,2,false,false,false,false,false,252,252,252,,true,48
ref_ref_degen_circulant_match,1.5657963268000001,0.0425,6.2356853072,ok,2.0628947634617806e-15,48,252,48,48,2,false,false,false,false,false,252,252,252,,true,48
ref_ref_degen_circulant_match,1.5657963268000001,0.0425,6.2381853072,ok,2.882306612438861e-15,48,252,48,48,2,false,false,false,false,false,252,252,252,,true,48
ref_ref_degen_circulant_match,1.5657963268000001,0.0425,6.240685307200001,ok,2.837048893407221e-15,48,252,48,48,2,false,false,false,false,false,252,252,252,,true,48
ref_ref_degen_circulant_match,1.5657963268000001,0.0425,6.2431853072,ok,4.362572602311011e-15,48,252,48,48,2,false,false,false,false,false,252,252,252,,true,48
ref_ref_degen_circulant_match,1.5657963268000001,0.045000000000000005,6.240685307200001,ok,3.3767255800183394e-15,48,252,48,48,2,false,false,false,false,false,252,252,252,,true,48
ref_ref_degen_circulant_match,1.5657963268000001,0.045000000000000005,6.2431853072,ok,5.299570849890601e-15,48,252,48,48,2,false,false,false,false,false,252,252,252,,true,48
ref_ref_degen_circulant_match,1.5657963268000001,0.04750000000000001,6.240685307200001,ok,2.5100387700340337e-15,48,252,48,48,2,false,false,false,false,false,252,252,252,,true,48
ref_ref_degen_circulant_match,1.5657963268000001,0.04750000000000001,6.2431853072,ok,5.943339845323659e-15,48,252,48,48,2,false,false,false,false,false,252,252,252,,true,48
ref_ref_degen_circulant_match,1.5657963268000001,0.05,6.240685307200001,ok,3.1271632566703707e-15,48,252,48,48,2,false,false,false,false,false,252,252,252,,true,48
ref_ref_degen_circulant_match,1.5657963268000001,0.05,6.2431853072,ok,4.505736441251679e-15,48,252,48,48,2,false,false,false,false,false,252,252,252,,true,48
ref_ref_degen_circulant_match,1.5682963268,0.04000000000000001,6.2331853072,ok,2.687565378447544e-15,48,252,48,48,2,false,false,false,false,false,252,252,252,,true,48
ref_ref_degen_circulant_match,1.5682963268,0.04000000000000001,6.2356853072,ok,3.486171011448121e-15,48,252,48,48,2,false,false,false,false,false,252,252,252,,true,48
ref_ref_degen_circulant_match,1.5682963268,0.04000000000000001,6.2381853072,ok,4.707987101082991e-15,48,252,48,48,2,false,false,false,false,false,252,252,252,,true,48
ref_ref_degen_circulant_match,1.5682963268,0.04000000000000001,6.240685307200001,ok,2.9671216627875123e-15,48,252,48,48,2,false,false,false,false,false,252,252,252,,true,48
ref_ref_degen_circulant_match,1.5682963268,0.04000000000000001,6.2431853072,ok,2.2673094644442363e-15,48,252,48,48,2,false,false,false,false,false,252,252,252,,true,48
ref_ref_degen_circulant_match,1.5682963268,0.0425,6.2331853072,ok,1.30066785273941e-15,48,252,48,48,2,false,false,false,false,false,252,252,252,,true,48
ref_ref_degen_circulant_match,1.5682963268,0.0425,6.2356853072,ok,2.6668472207145996e-15,48,252,48,48,2,false,false,false,false,false,252,252,252,,true,48
ref_ref_degen_circulant_match,1.5682963268,0.0425,6.2381853072,ok,2.1210781103223385e-15,48,252,48,48,2,false,false,false,false,false,252,252,252,,true,48
ref_ref_degen_circulant_match,1.5682963268,0.0425,6.240685307200001,ok,1.0087920413118926e-15,48,252,48,48,2,false,false,false,false,false,252,252,252,,true,48
ref_ref_degen_circulant_match,1.5682963268,0.0425,6.2431853072,ok,2.4851704459978168e-15,48,252,48,48,2,false,false,false,false,false,252,252,252,,true,48
ref_ref_degen_circulant_match,1.5682963268,0.045000000000000005,6.240685307200001,ok,2.1096063413561365e-15,48,252,48,48,2,false,false,false,false,false,252,252,252,,true,48
ref_ref_degen_circulant_match,1.5682963268,0.045000000000000005,6.2431853072,ok,1.247231194744472e-15,48,252,48,48,2,false,false,false,false,false,252,252,252,,true,48
ref_ref_degen_circulant_match,1.5682963268,0.04750000000000001,6.240685307200001,ok,2.1195453136289104e-15,48,252,48,48,2,false,false,false,false,false,252,252,252,,true,48
ref_ref_degen_circulant_match,1.5682963268,0.04750000000000001,6.2431853072,ok,2.5748813241687586e-15,48,252,48,48,2,false,false,false,false,false,252,252,252,,true,48
ref_ref_degen_circulant_match,1.5682963268,0.05,6.240685307200001,ok,1.3665922095022723e-15,48,252,48,48,2,false,false,false,false,false,252,252,252,,true,48
ref_ref_degen_circulant_match,1.5682963268,0.05,6.2431853072,ok,4.898289012213978e-15,48,252,48,48,2,false,false,false,false,false,252,252,252,,true,48
ref_ref_degen_circulant_match,1.5707963268,0.04000000000000001,6.2331853072,ok,1.7244233337941968e-15,48,252,48,48,2,false,false,false,false,false,252,252,252,,true,48
ref_ref_degen_circulant_match,1.5707963268,0.04000000000000001,6.2356853072,ok,3.3807157026244624e-15,48,252,48,48,2,false,false,false,false,false,252,252,252,,true,48
ref_ref_degen_circulant_match,1.5707963268,0.04000000000000001,6.2381853072,ok,5.889482005950448e-15,48,252,48,48,2,false,false,false,false,false,252,252,252,,true,48
ref_ref_degen_circulant_match,1.5707963268,0.04000000000000001,6.240685307200001,ok,1.2828511751091367e-15,48,252,48,48,2,false,false,false,false,false,252,252,252,,true,48
ref_ref_degen_circulant_match,1.5707963268,0.04000000000000001,6.2431853072,ok,6.842273879141969e-15,48,192,48,48,6,true,false,false,false,false,192,192,192,,true,48
ref_ref_degen_circulant_match,1.5707963268,0.0425,6.2331853072,ok,1.5463617361248926e-15,48,252,48,48,2,false,false,false,false,false,252,252,252,,true,48
ref_ref_degen_circulant_match,1.5707963268,0.0425,6.2356853072,ok,4.444013503773866e-15,48,252,48,48,2,false,false,false,false,false,252,252,252,,true,48
ref_ref_degen_circulant_match,1.5707963268,0.0425,6.2381853072,ok,1.4432899320127035e-15,48,252,48,48,2,false,false,false,false,false,252,252,252,,true,48
ref_ref_degen_circulant_match,1.5707963268,0.0425,6.240685307200001,ok,6.479025859499657e-16,48,192,48,48,6,true,false,false,false,false,192,192,192,,true,48
ref_ref_degen_circulant_match,1.5707963268,0.0425,6.2431853072,ok,1.8552687127769033e-15,48,252,48,48,2,false,false,false,false,false,252,252,252,,true,48
ref_ref_degen_circulant_match,1.5707963268,0.045000000000000005,6.240685307200001,ok,1.6250646570963809e-15,48,252,48,48,2,false,false,false,false,false,252,252,252,,true,48
ref_ref_degen_circulant_match,1.5707963268,0.045000000000000005,6.2431853072,ok,2.9884648798526127e-15,48,252,48,48,2,false,false,false,false,false,252,252,252,,true,48
ref_ref_degen_circulant_match,1.5707963268,0.04750000000000001,6.240685307200001,ok,5.1071013354786156e-15,48,252,48,48,2,false,false,false,false,false,252,252,252,,true,48
ref_ref_degen_circulant_match,1.5707963268,0.04750000000000001,6.2431853072,ok,1.942890293094024e-15,48,252,48,48,2,false,false,false,false,false,252,252,252,,true,48
ref_ref_degen_circulant_match,1.5707963268,0.05,6.240685307200001,ok,1.5393713663616246e-15,48,252,48,48,2,false,false,false,false,false,252,252,252,,true,48
ref_ref_degen_circulant_match,1.5707963268,0.05,6.2431853072,ok,3.510833468576701e-15,48,252,48,48,2,false,false,false,false,false,252,252,252,,true,48
ref_ref_degen_circulant_match,1.5732963268,0.04000000000000001,6.2331853072,ok,7.850462293418876e-16,48,252,48,48,2,false,false,false,false,false,252,252,252,,true,48
ref_ref_degen_circulant_match,1.5732963268,0.04000000000000001,6.2356853072,ok,2.7307875685720004e-15,48,252,48,48,2,false,false,false,false,false,252,252,252,,true,48
ref_ref_degen_circulant_match,1.5732963268,0.04000000000000001,6.2381853072,ok,2.7497025155321837e-15,48,252,48,48,2,false,false,false,false,false,252,252,252,,true,48
ref_ref_degen_circulant_match,1.5732963268,0.04000000000000001,6.240685307200001,ok,3.4495446310196564e-15,48,252,48,48,2,false,false,false,false,false,252,252,252,,true,48
ref_ref_degen_circulant_match,1.5732963268,0.04000000000000001,6.2431853072,ok,3.0537440611031887e-15,48,252,48,48,2,false,false,false,false,false,252,252,252,,true,48
ref_ref_degen_circulant_match,1.5732963268,0.0425,6.2331853072,ok,2.7790248428167776e-15,48,252,48,48,2,false,false,false,false,false,252,252,252,,true,48
ref_ref_degen_circulant_match,1.5732963268,0.0425,6.2356853072,ok,4.702298770662282e-15,48,252,48,48,2,false,false,false,false,false,252,252,252,,true,48
ref_ref_degen_circulant_match,1.5732963268,0.0425,6.2381853072,ok,5.107195611665922e-15,48,252,48,48,2,false,false,false,false,false,252,252,252,,true,48
ref_ref_degen_circulant_match,1.5732963268,0.0425,6.240685307200001,ok,1.577923392343183e-15,48,252,48,48,2,false,false,false,false,false,252,252,252,,true,48
ref_ref_degen_circulant_match,1.5732963268,0.0425,6.2431853072,ok,6.390295595418998e-15,48,252,48,48,2,false,false,false,false,false,252,252,252,,true,48
ref_ref_degen_circulant_match,1.5732963268,0.045000000000000005,6.240685307200001,ok,1.1157603309187458e-15,48,252,48,48,2,false,false,false,false,false,252,252,252,,true,48
ref_ref_degen_circulant_match,1.5732963268,0.045000000000000005,6.2431853072,ok,2.558937633260452e-15,48,252,48,48,2,false,false,false,false,false,252,252,252,,true,48
ref_ref_degen_circulant_match,1.5732963268,0.04750000000000001,6.240685307200001,ok,2.1868857395626282e-15,48,252,48,48,2,false,false,false,false,false,252,252,252,,true,48
ref_ref_degen_circulant_match,1.5732963268,0.04750000000000001,6.2431853072,ok,3.5283439685664285e-15,48,252,48,48,2,false,false,false,false,false,252,252,252,,true,48
ref_ref_degen_circulant_match,1.5732963268,0.05,6.240685307200001,ok,7.947987303456224e-16,48,252,48,48,2,false,false,false,false,false,252,252,252,,true,48
ref_ref_degen_circulant_match,1.5732963268,0.05,6.2431853072,ok,1.0948510389028343e-15,48,252,48,48,2,false,false,false,false,false,252,252,252,,true,48
ref_ref_degen_circulant_match,1.5757963268,0.04000000000000001,6.2331853072,ok,1.0778315928076987e-15,48,252,48,48,2,false,false,false,false,false,252,252,252,,true,48
ref_ref_degen_circulant_match,1.5757963268,0.04000000000000001,6.2356853072,ok,4.0150960884508555e-15,48,252,48,48,2,false,false,false,false,false,252,252,252,,true,48
ref_ref_degen_circulant_match,1.5757963268,0.04000000000000001,6.2381853072,ok,2.4019399953800686e-15,48,252,48,48,2,false,false,false,false,false,252,252,252,,true,48
ref_ref_degen_circulant_match,1.5757963268,0.04000000000000001,6.240685307200001,ok,2.7755575615628914e-15,48,252,48,48,2,false,false,false,false,false,252,252,252,,true,48
ref_ref_degen_circulant_match,1.5757963268,0.04000000000000001,6.2431853072,ok,2.132668787380004e-15,48,252,48,48,2,false,false,false,false,false,252,252,252,,true,48
ref_ref_degen_circulant_match,1.5757963268,0.0425,6.2331853072,ok,3.822574869942323e-15,48,252,48,48,2,false,false,false,false,false,252,252,252,,true,48
ref_ref_degen_circulant_match,1.5757963268,0.0425,6.2356853072,ok,2.7420485960113413e-15,48,252,48,48,2,false,false,false,false,false,252,252,252,,true,48
ref_ref_degen_circulant_match,1.5757963268,0.0425,6.2381853072,ok,4.440892098500626e-16,48,252,48,48,2,false,false,false,false,false,252,252,252,,true,48
ref_ref_degen_circulant_match,1.5757963268,0.0425,6.240685307200001,ok,3.624839920960301e-15,48,252,48,48,2,false,false,false,false,false,252,252,252,,true,48
ref_ref_degen_circulant_match,1.5757963268,0.0425,6.2431853072,ok,1.7208456881689926e-15,48,252,48,48,2,false,false,false,false,false,252,252,252,,true,48
ref_ref_degen_circulant_match,1.5757963268,0.045000000000000005,6.240685307200001,ok,3.360603099725814e-15,48,252,48,48,2,false,false,false,false,false,252,252,252,,true,48
ref_ref_degen_circulant_match,1.5757963268,0.045000000000000005,6.2431853072,ok,1.5100665727558131e-15,48,252,48,48,2,false,false,false,false,false,252,252,252,,true,48
ref_ref_degen_circulant_match,1.5757963268,0.04750000000000001,6.240685307200001,ok,3.0247210793422136e-15,48,252,48,48,2,false,false,false,false,false,252,252,252,,true,48
ref_ref_degen_circulant_match,1.5757963268,0.04750000000000001,6.2431853072,ok,1.0934428697813141e-15,48,252,48,48,2,false,false,false,false,false,252,252,252,,true,48
ref_ref_degen_circulant_match,1.5757963268,0.05,6.240685307200001,ok,1.5100665727558131e-15,48,252,48,48,2,false,false,false,false,false,252,252,252,,true,48
ref_ref_degen_circulant_match,1.5757963268,0.05,6.2431853072,ok,1.897149936107019e-15,48,252,48,48,2,false,false,false,false,false,252,252,252,,true,48
ref_ref_degen_circulant_match,1.5657963268000001,0.0425,6.230685307200001,ok,2.277987190955421e-15,48,252,48,48,2,false,false,false,false,false,252,252,252,,true,48
ref_ref_degen_circulant_match,1.5657963268000001,0.0525,6.240685307200001,ok,1.936187655355171e-15,48,252,48,48,2,false,false,false,false,false,252,252,252,,true,48
ref_ref_degen_circulant_match,1.5682963268,0.0425,6.230685307200001,ok,8.671119018262734e-16,48,252,48,48,2,false,false,false,false,false,252,252,252,,true,48
ref_ref_degen_circulant_match,1.5682963268,0.0525,6.240685307200001,ok,4.125789526923561e-15,48,252,48,48,2,false,false,false,false,false,252,252,252,,true,48
ref_ref_degen_circulant_match,1.5707963268,0.0425,6.230685307200001,ok,2.5631488888267375e-15,48,252,48,48,2,false,false,false,false,false,252,252,252,,true,48
ref_ref_degen_circulant_match,1.5707963268,0.0525,6.240685307200001,ok,3.0226828573591784e-15,48,252,48,48,2,false,false,false,false,false,252,252,252,,true,48
ref_ref_degen_circulant_match,1.5732963268,0.0425,6.230685307200001,ok,4.2308820918471275e-15,48,252,48,48,2,false,false,false,false,false,252,252,252,,true,48
ref_ref_degen_circulant_match,1.5732963268,0.0525,6.240685307200001,ok,7.850462293418876e-16,48,252,48,48,2,false,false,false,false,false,252,252,252,,true,48
ref_ref_degen_circulant_match,1.5757963268,0.0425,6.230685307200001,ok,4.087544500863885e-15,48,252,48,48,2,false,false,false,false,false,252,252,252,,true,48
ref_ref_degen_circulant_match,1.5757963268,0.0525,6.240685307200001,ok,3.37661150723213e-15,48,252,48,48,2,false,false,false,false,false,252,252,252,,true,48
ref_ref_degen_circulant_match,1.5657963268000001,0.04750000000000001,6.2256853072,ok,1.0934428697813141e-15,48,252,48,48,2,false,false,false,false,false,252,252,252,,true,48
ref_ref_degen_circulant_match,1.5657963268000001,0.05,6.2256853072,ok,1.1430445635548515e-15,48,252,48,48,2,false,false,false,false,false,252,252,252,,true,48
ref_ref_degen_circulant_match,1.5657963268000001,0.052500000000000005,6.2256853072,ok,1.926964694222131e-15,48,252,48,48,2,false,false,false,false,false,252,252,252,,true,48
ref_ref_degen_circulant_match,1.5657963268000001,0.05500000000000001,6.2256853072,ok,2.4101047098148877e-15,48,252,48,48,2,false,false,false,false,false,252,252,252,,true,48
ref_ref_degen_circulant_match,1.5657963268000001,0.0575,6.2256853072,ok,8.252325904466732e-16,48,252,48,48,2,false,false,false,false,false,252,252,252,,true,48
ref_ref_degen_circulant_match,1.5657963268000001,0.0575,6.2281853071999995,ok,1.2366035645442176e-15,48,252,48,48,2,false,false,false,false,false,252,252,252,,true,48
ref_ref_degen_circulant_match,1.5657963268000001,0.0575,6.2306853072,ok,5.9311918165051156e-15,48,252,48,48,2,false,false,false,false,false,252,252,252,,true,48
ref_ref_degen_circulant_match,1.5657963268000001,0.0575,6.2331853072,ok,5.333271275326765e-15,48,252,48,48,2,false,false,false,false,false,252,252,252,,true,48
ref_ref_degen_circulant_match,1.5657963268000001,0.0575,6.2356853072,ok,1.9736244101964247e-15,48,252,48,48,2,false,false,false,false,false,252,252,252,,true,48
ref_ref_degen_circulant_match,1.5682963268,0.04750000000000001,6.2256853072,ok,1.3506446028928519e-15,48,252,48,48,2,false,false,false,false,false,252,252,252,,true,48
ref_ref_degen_circulant_match,1.5682963268,0.05,6.2256853072,ok,1.531343299291801e-15,48,252,48,48,2,false,false,false,false,false,252,252,252,,true,48
ref_ref_degen_circulant_match,1.5682963268,0.052500000000000005,6.2256853072,ok,4.249413978253322e-15,48,252,48,48,2,false,false,false,false,false,252,252,252,,true,48
ref_ref_degen_circulant_match,1.5682963268,0.05500000000000001,6.2256853072,ok,1.4133557720257279e-15,48,252,48,48,2,false,false,false,false,false,252,252,252,,true,48
ref_ref_degen_circulant_match,1.5682963268,0.0575,6.2256853072,ok,9.777686967753793e-16,48,252,48,48,2,false,false,false,false,false,252,252,252,,true,48
ref_ref_degen_circulant_match,1.5682963268,0.0575,6.2281853071999995,ok,1.8939494505982008e-15,48,252,48,48,2,false,false,false,false,false,252,252,252,,true,48
ref_ref_degen_circulant_match,1.5682963268,0.0575,6.2306853072,ok,2.830524433501838e-15,48,252,48,48,2,false,false,false,false,false,252,252,252,,true,48
ref_ref_degen_circulant_match,1.5682963268,0.0575,6.2331853072,ok,2.5748813241687586e-15,48,252,48,48,2,false,false,false,false,false,252,252,252,,true,48
ref_ref_degen_circulant_match,1.5682963268,0.0575,6.2356853072,ok,8.347371121734955e-15,48,252,48,48,2,false,false,false,false,false,252,252,252,,true,48
ref_ref_degen_circulant_match,1.5707963268,0.04750000000000001,6.2256853072,ok,1.7136679897814678e-15,48,252,48,48,2,false,false,false,false,false,252,252,252,,true,48
ref_ref_degen_circulant_match,1.5707963268,0.05,6.2256853072,ok,4.47545209131181e-16,48,252,48,48,2,false,false,false,false,false,252,252,252,,true,48
ref_ref_degen_circulant_match,1.5707963268,0.052500000000000005,6.2256853072,ok,2.628586363139634e-15,48,252,48,48,2,false,false,false,false,false,252,252,252,,true,48
ref_ref_degen_circulant_match,1.5707963268,0.05500000000000001,6.2256853072,ok,6.4796043696850615e-16,48,252,48,48,2,false,false,false,false,false,252,252,252,,true,48
ref_ref_degen_circulant_match,1.5707963268,0.0575,6.2256853072,ok,9.897510461269767e-16,48,192,48,48,6,true,false,false,false,false,192,192,192,,true,48
ref_ref_degen_circulant_match,1.5707963268,0.0575,6.2281853071999995,ok,1.193247672482743e-15,48,252,48,48,2,false,false,false,false,false,252,252,252,,true,48
ref_ref_degen_circulant_match,1.5707963268,0.0575,6.2306853072,ok,4.213000162292041e-15,48,252,48,48,2,false,false,false,false,false,252,252,252,,true,48
ref_ref_degen_circulant_match,1.5707963268,0.0575,6.2331853072,ok,2.7012892057857038e-15,48,252,48,48,2,false,false,false,false,false,252,252,252,,true,48
ref_ref_degen_circulant_match,1.5707963268,0.0575,6.2356853072,ok,3.3399081181809284e-15,48,252,48,48,2,false,false,false,false,false,252,252,252,,true,48
ref_ref_degen_circulant_match,1.5732963268,0.04750000000000001,6.2256853072,ok,4.38230567549227e-15,48,252,48,48,2,false,false,false,false,false,252,252,252,,true,48
ref_ref_degen_circulant_match,1.5732963268,0.05,6.2256853072,ok,1.577923392343183e-15,48,252,48,48,2,false,false,false,false,false,252,252,252,,true,48
ref_ref_degen_circulant_match,1.5732963268,0.052500000000000005,6.2256853072,ok,4.05369801782883e-15,48,252,48,48,2,false,false,false,false,false,252,252,252,,true,48
ref_ref_degen_circulant_match,1.5732963268,0.05500000000000001,6.2256853072,ok,1.2440567926383356e-15,48,252,48,48,2,false,false,false,false,false,252,252,252,,true,48
ref_ref_degen_circulant_match,1.5732963268,0.0575,6.2256853072,ok,2.198304668706422e-15,48,252,48,48,2,false,false,false,false,false,252,252,252,,true,48
ref_ref_degen_circulant_match,1.5732963268,0.0575,6.2281853071999995,ok,5.389157964038493e-16,48,252,48,48,2,false,false,false,false,false,252,252,252,,true,48
ref_ref_degen_circulant_match,1.5732963268,0.0575,6.2306853072,ok,1.2412670766236366e-15,48,252,48,48,2,false,false,false,false,false,252,252,252,,true,48
ref_ref_degen_circulant_match,1.5732963268,0.0575,6.2331853072,ok,6.497413668604471e-16,48,252,48,48,2,false,false,false,false,false,252,252,252,,true,48
ref_ref_degen_circulant_match,1.5732963268,0.0575,6.2356853072,ok,1.5100665727558131e-15,48,252,48,48,2,false,false,false,false,false,252,252,252,,true,48
ref_ref_degen_circulant_match,1.5757963268,0.04750000000000001,6.2256853072,ok,3.968270857349306e-15,48,252,48,48,2,false,false,false,false,false,252,252,252,,true,48
ref_ref_degen_circulant_match,1.5757963268,0.05,6.2256853072,ok,2.8609792490763985e-16,48,252,48,48,2,false,false,false,false,false,252,252,252,,true,48
ref_ref_degen_circulant_match,1.5757963268,0.052500000000000005,6.2256853072,ok,1.336885555457667e-15,48,252,48,48,2,false,false,false,false,false,252,252,252,,true,48
ref_ref_degen_circulant_match,1.5757963268,0.05500000000000001,6.2256853072,ok,3.2625495577292578e-15,48,252,48,48,2,false,false,false,false,false,252,252,252,,true,48
ref_ref_degen_circulant_match,1.5757963268,0.0575,6.2256853072,ok,1.926964694222131e-15,48,252,48,48,2,false,false,false,false,false,252,252,252,,true,48
ref_ref_degen_circulant_match,1.5757963268,0.0575,6.2281853071999995,ok,6.753223014464259e-16,48,252,48,48,2,false,false,false,false,false,252,252,252,,true,48
ref_ref_degen_circulant_match,1.5757963268,0.0575,6.2306853072,ok,3.599674522208546e-15,48,252,48,48,2,false,false,false,false,false,252,252,252,,true,48
ref_ref_degen_circulant_match,1.5757963268,0.0575,6.2331853072,ok,2.488113585276671e-15,48,252,48,48,2,false,false,false,false,false,252,252,252,,true,48
ref_ref_degen_circulant_match,1.5757963268,0.0575,6.2356853072,ok,3.0967063759893227e-15,48,252,48,48,2,false,false,false,false,false,252,252,252,,true,48
ref_ref_degen_circulant_match,1.5657963268000001,0.05,6.2231853072000005,ok,2.112343365827712e-15,48,252,48,48,2,false,false,false,false,false,252,252,252,,true,48
ref_ref_degen_circulant_match,1.5657963268000001,0.0525,6.2231853072000005,ok,4.213000162292041e-15,48,252,48,48,2,false,false,false,false,false,252,252,252,,true,48
ref_ref_degen_circulant_match,1.5657963268000001,0.055,6.2231853072000005,ok,2.396642123083981e-15,48,252,48,48,2,false,false,false,false,false,252,252,252,,true,48
ref_ref_degen_circulant_match,1.5657963268000001,0.0575,6.2231853072000005,ok,2.9893669801409083e-16,48,252,48,48,2,false,false,false,false,false,252,252,252,,true,48
ref_ref_degen_circulant_match,1.5657963268000001,0.06,6.2231853072000005,ok,1.9565220053615725e-15,48,252,48,48,2,false,false,false,false,false,252,252,252,,true,48
ref_ref_degen_circulant_match,1.5657963268000001,0.06,6.2256853072,ok,2.1812421540521875e-15,48,252,48,48,2,false,false,false,false,false,252,252,252,,true,48
ref_ref_degen_circulant_match,1.5657963268000001,0.06,6.2281853072,ok,1.1325499295668598e-15,48,252,48,48,2,false,false,false,false,false,252,252,252,,true,48
ref_ref_degen_circulant_match,1.5657963268000001,0.06,6.230685307200001,ok,2.544909696872171e-15,48,252,48,48,2,false,false,false,false,false,252,252,252,,true,48
ref_ref_degen_circulant_match,1.5657963268000001,0.06,6.2331853072,ok,2.0810320086913e-15,48,252,48,48,2,false,false,false,false,false,252,252,252,,true,48
ref_ref_degen_circulant_match,1.5682963268,0.05,6.2231853072000005,ok,3.179679517821762e-15,48,252,48,48,2,false,false,false,false,false,252,252,252,,true,48
ref_ref_degen_circulant_match,1.5682963268,0.0525,6.2231853072000005,ok,1.4936523181711914e-15,48,252,48,48,2,false,false,false,false,false,252,252,252,,true,48
ref_ref_degen_circulant_match,1.5682963268,0.055,6.2231853072000005,ok,1.9641850382783467e-15,48,252,48,48,2,false,false,false,false,false,252,252,252,,true,48
ref_ref_degen_circulant_match,1.5682963268,0.0575,6.2231853072000005,ok,1.6930901125533637e-15,48,252,48,48,2,false,false,false,false,false,252,252,252,,true,48
ref_ref_degen_circulant_match,1.5682963268,0.06,6.2231853072000005,ok,1.4545219296763381e-15,48,252,48,48,2,false,false,false,false,false,252,252,252,,true,48
ref_ref_degen_circulant_match,1.5682963268,0.06,6.2256853072,ok,2.1496240870366835e-15,48,252,48,48,2,false,false,false,false,false,252,252,252,,true,48
ref_ref_degen_circulant_match,1.5682963268,0.06,6.2281853072,ok,2.079087616102631e-15,48,252,48,48,2,false,false,false,false,false,252,252,252,,true,48
ref_ref_degen_circulant_match,1.5682963268,0.06,6.230685307200001,ok,2.727541418416779e-15,48,252,48,48,2,false,false,false,false,false,252,252,252,,true,48
ref_ref_degen_circulant_match,1.5682963268,0.06,6.2331853072,ok,2.363628055062491e-15,48,252,48,48,2,false,false,false,false,false,252,252,252,,true,48
ref_ref_degen_circulant_match,1.5707963268,0.05,6.2231853072000005,ok,4.185113772197272e-15,48,252,48,48,2,false,false,false,false,false,252,252,252,,true,48
ref_ref_degen_circulant_match,1.5707963268,0.0525,6.2231853072000005,ok,8.968100940422724e-16,48,252,48,48,2,false,false,false,false,false,252,252,252,,true,48
ref_ref_degen_circulant_match,1.5707963268,0.055,6.2231853072000005,ok,3.29952978311034e-15,48,252,48,48,2,false,false,false,false,false,252,252,252,,true,48
ref_ref_degen_circulant_match,1.5707963268,0.0575,6.2231853072000005,ok,9.992970910418892e-16,48,252,48,48,2,false,false,false,false,false,252,252,252,,true,48
ref_ref_degen_circulant_match,1.5707963268,0.06,6.2231853072000005,ok,1.0004697330912628e-15,48,192,48,48,6,true,false,false,false,false,192,192,192,,true,48
ref_ref_degen_circulant_match,1.5707963268,0.06,6.2256853072,ok,5.613217783960923e-16,48,252,48,48,2,false,false,false,false,false,252,252,252,,true,48
ref_ref_degen_circulant_match,1.5707963268,0.06,6.2281853072,ok,6.620737537031165e-16,48,252,48,48,2,false,false,false,false,false,252,252,252,,true,48
